open_time,open,close
2023-10-19 01:00:00+03:00,0.01956,0.01964
2023-10-19 03:00:00+03:00,0.01964,0.01933
2023-10-19 05:00:00+03:00,0.01933,0.01917
2023-10-19 07:00:00+03:00,0.01916,0.0192
2023-10-19 09:00:00+03:00,0.01921,0.01909
2023-10-19 11:00:00+03:00,0.0191,0.01899
2023-10-19 13:00:00+03:00,0.019,0.01904
2023-10-19 15:00:00+03:00,0.01905,0.01915
2023-10-19 17:00:00+03:00,0.01915,0.01921
2023-10-19 19:00:00+03:00,0.01922,0.01917
2023-10-19 21:00:00+03:00,0.01917,0.01931
2023-10-19 23:00:00+03:00,0.01931,0.01911
2023-10-20 01:00:00+03:00,0.0191,0.01931
2023-10-20 03:00:00+03:00,0.01931,0.01924
2023-10-20 05:00:00+03:00,0.01925,0.01963
2023-10-20 07:00:00+03:00,0.01964,0.01969
2023-10-20 09:00:00+03:00,0.01968,0.01968
2023-10-20 11:00:00+03:00,0.01969,0.01997
2023-10-20 13:00:00+03:00,0.01996,0.01983
2023-10-20 15:00:00+03:00,0.01982,0.01989
2023-10-20 17:00:00+03:00,0.01988,0.0199
2023-10-20 19:00:00+03:00,0.0199,0.01992
2023-10-20 21:00:00+03:00,0.01992,0.01991
2023-10-20 23:00:00+03:00,0.01991,0.01997
2023-10-21 01:00:00+03:00,0.01997,0.02008
2023-10-21 03:00:00+03:00,0.02007,0.02002
2023-10-21 05:00:00+03:00,0.02002,0.02007
2023-10-21 07:00:00+03:00,0.02007,0.02012
2023-10-21 09:00:00+03:00,0.02011,0.02024
2023-10-21 11:00:00+03:00,0.02024,0.02022
2023-10-21 13:00:00+03:00,0.02021,0.02044
2023-10-21 15:00:00+03:00,0.02044,0.02055
2023-10-21 17:00:00+03:00,0.02055,0.02077
2023-10-21 19:00:00+03:00,0.02076,0.0211
2023-10-21 21:00:00+03:00,0.02109,0.02119
2023-10-21 23:00:00+03:00,0.02119,0.02114
2023-10-22 01:00:00+03:00,0.02115,0.02109
2023-10-22 03:00:00+03:00,0.02109,0.02101
2023-10-22 05:00:00+03:00,0.02101,0.02092
2023-10-22 07:00:00+03:00,0.02093,0.02125
2023-10-22 09:00:00+03:00,0.02125,0.02071
2023-10-22 11:00:00+03:00,0.02071,0.0207
2023-10-22 13:00:00+03:00,0.02071,0.02084
2023-10-22 15:00:00+03:00,0.02084,0.0209
2023-10-22 17:00:00+03:00,0.0209,0.02085
2023-10-22 19:00:00+03:00,0.02085,0.0212
2023-10-22 21:00:00+03:00,0.0212,0.02105
2023-10-22 23:00:00+03:00,0.02104,0.02113
2023-10-23 01:00:00+03:00,0.02113,0.02157
2023-10-23 03:00:00+03:00,0.02157,0.02146
2023-10-23 05:00:00+03:00,0.02147,0.02134
2023-10-23 07:00:00+03:00,0.02135,0.02128
2023-10-23 09:00:00+03:00,0.02127,0.02098
2023-10-23 11:00:00+03:00,0.02098,0.02093
2023-10-23 13:00:00+03:00,0.02094,0.02114
2023-10-23 15:00:00+03:00,0.02113,0.02121
2023-10-23 17:00:00+03:00,0.02121,0.0212
2023-10-23 19:00:00+03:00,0.02119,0.02136
2023-10-23 21:00:00+03:00,0.02135,0.02161
2023-10-23 23:00:00+03:00,0.0216,0.0217
2023-10-24 01:00:00+03:00,0.0217,0.0223
2023-10-24 03:00:00+03:00,0.0223,0.02231
2023-10-24 05:00:00+03:00,0.02231,0.02223
2023-10-24 07:00:00+03:00,0.02222,0.02193
2023-10-24 09:00:00+03:00,0.02194,0.02188
2023-10-24 11:00:00+03:00,0.02188,0.02222
2023-10-24 13:00:00+03:00,0.02222,0.02243
2023-10-24 15:00:00+03:00,0.02242,0.02236
2023-10-24 17:00:00+03:00,0.02235,0.02152
2023-10-24 19:00:00+03:00,0.02153,0.02175
2023-10-24 21:00:00+03:00,0.02174,0.02181
2023-10-24 23:00:00+03:00,0.0218,0.02199
2023-10-25 01:00:00+03:00,0.022,0.02204
2023-10-25 03:00:00+03:00,0.02204,0.02273
2023-10-25 05:00:00+03:00,0.02273,0.02249
2023-10-25 07:00:00+03:00,0.0225,0.02245
2023-10-25 09:00:00+03:00,0.02244,0.02204
2023-10-25 11:00:00+03:00,0.02204,0.02225
2023-10-25 13:00:00+03:00,0.02224,0.02225
2023-10-25 15:00:00+03:00,0.02225,0.02248
2023-10-25 17:00:00+03:00,0.02248,0.02271
2023-10-25 19:00:00+03:00,0.0227,0.02245
2023-10-25 21:00:00+03:00,0.02245,0.02246
2023-10-25 23:00:00+03:00,0.02245,0.02242
2023-10-26 01:00:00+03:00,0.02242,0.02253
2023-10-26 03:00:00+03:00,0.02253,0.02254
2023-10-26 05:00:00+03:00,0.02254,0.02271
2023-10-26 07:00:00+03:00,0.02271,0.0224
2023-10-26 09:00:00+03:00,0.02239,0.02271
2023-10-26 11:00:00+03:00,0.02271,0.02254
2023-10-26 13:00:00+03:00,0.02253,0.02222
2023-10-26 15:00:00+03:00,0.02221,0.02212
2023-10-26 17:00:00+03:00,0.02213,0.02149
2023-10-26 19:00:00+03:00,0.02149,0.02171
2023-10-26 21:00:00+03:00,0.02171,0.02175
2023-10-26 23:00:00+03:00,0.02175,0.02194
2023-10-27 01:00:00+03:00,0.02194,0.022
2023-10-27 03:00:00+03:00,0.02199,0.02139
2023-10-27 05:00:00+03:00,0.02139,0.0217
2023-10-27 07:00:00+03:00,0.02171,0.0217
2023-10-27 09:00:00+03:00,0.02171,0.02163
2023-10-27 11:00:00+03:00,0.02162,0.0219
2023-10-27 13:00:00+03:00,0.02191,0.02179
2023-10-27 15:00:00+03:00,0.02179,0.02193
2023-10-27 17:00:00+03:00,0.02192,0.02181
2023-10-27 19:00:00+03:00,0.02182,0.02147
2023-10-27 21:00:00+03:00,0.02148,0.02157
2023-10-27 23:00:00+03:00,0.02158,0.02159
2023-10-28 01:00:00+03:00,0.02159,0.02164
2023-10-28 03:00:00+03:00,0.02165,0.02202
2023-10-28 05:00:00+03:00,0.02202,0.02213
2023-10-28 07:00:00+03:00,0.02214,0.0221
2023-10-28 09:00:00+03:00,0.02211,0.02225
2023-10-28 11:00:00+03:00,0.02226,0.02228
2023-10-28 13:00:00+03:00,0.02228,0.02223
2023-10-28 15:00:00+03:00,0.02224,0.02221
2023-10-28 17:00:00+03:00,0.02222,0.02228
2023-10-28 19:00:00+03:00,0.02229,0.02236
2023-10-28 21:00:00+03:00,0.02236,0.02219
2023-10-28 23:00:00+03:00,0.02218,0.02235
2023-10-29 01:00:00+03:00,0.02236,0.02222
2023-10-29 02:00:00+02:00,0.02223,0.02206
2023-10-29 04:00:00+02:00,0.02205,0.02201
2023-10-29 06:00:00+02:00,0.02201,0.02207
2023-10-29 08:00:00+02:00,0.02207,0.0222
2023-10-29 10:00:00+02:00,0.02219,0.02228
2023-10-29 12:00:00+02:00,0.02229,0.02226
2023-10-29 14:00:00+02:00,0.02227,0.02241
2023-10-29 16:00:00+02:00,0.02241,0.02267
2023-10-29 18:00:00+02:00,0.02267,0.0228
2023-10-29 20:00:00+02:00,0.0228,0.02267
2023-10-29 22:00:00+02:00,0.02267,0.02263
2023-10-30 00:00:00+02:00,0.02263,0.02266
2023-10-30 02:00:00+02:00,0.02267,0.02283
2023-10-30 04:00:00+02:00,0.02284,0.02284
2023-10-30 06:00:00+02:00,0.02284,0.02283
2023-10-30 08:00:00+02:00,0.02283,0.02266
2023-10-30 10:00:00+02:00,0.02265,0.02296
2023-10-30 12:00:00+02:00,0.02296,0.02303
2023-10-30 14:00:00+02:00,0.02305,0.02298
2023-10-30 16:00:00+02:00,0.02297,0.02292
2023-10-30 18:00:00+02:00,0.02292,0.02267
2023-10-30 20:00:00+02:00,0.02268,0.0229
2023-10-30 22:00:00+02:00,0.0229,0.02298
2023-10-31 00:00:00+02:00,0.02298,0.02311
2023-10-31 02:00:00+02:00,0.02311,0.02313
2023-10-31 04:00:00+02:00,0.02313,0.02284
2023-10-31 06:00:00+02:00,0.02284,0.0229
2023-10-31 08:00:00+02:00,0.02291,0.0226
2023-10-31 10:00:00+02:00,0.02261,0.02284
2023-10-31 12:00:00+02:00,0.02285,0.02279
2023-10-31 14:00:00+02:00,0.02279,0.02216
2023-10-31 16:00:00+02:00,0.02216,0.02184
2023-10-31 18:00:00+02:00,0.02183,0.02205
2023-10-31 20:00:00+02:00,0.02206,0.02237
2023-10-31 22:00:00+02:00,0.02236,0.02262
2023-11-01 00:00:00+02:00,0.02261,0.02288
2023-11-01 02:00:00+02:00,0.02287,0.02271
2023-11-01 04:00:00+02:00,0.02272,0.0226
2023-11-01 06:00:00+02:00,0.0226,0.02258
2023-11-01 08:00:00+02:00,0.02259,0.02278
2023-11-01 10:00:00+02:00,0.0228,0.02312
2023-11-01 12:00:00+02:00,0.02313,0.02289
2023-11-01 14:00:00+02:00,0.02289,0.02337
2023-11-01 16:00:00+02:00,0.02338,0.02291
2023-11-01 18:00:00+02:00,0.02291,0.02333
2023-11-01 20:00:00+02:00,0.02333,0.02357
2023-11-01 22:00:00+02:00,0.02356,0.02391
2023-11-02 00:00:00+02:00,0.02391,0.02407
2023-11-02 02:00:00+02:00,0.02406,0.02386
2023-11-02 04:00:00+02:00,0.02385,0.02385
2023-11-02 06:00:00+02:00,0.02386,0.02349
2023-11-02 08:00:00+02:00,0.02348,0.02378
2023-11-02 10:00:00+02:00,0.02379,0.02409
2023-11-02 12:00:00+02:00,0.02409,0.02422
2023-11-02 14:00:00+02:00,0.02422,0.02366
2023-11-02 16:00:00+02:00,0.02367,0.02333
2023-11-02 18:00:00+02:00,0.02334,0.02375
2023-11-02 20:00:00+02:00,0.02374,0.0239
2023-11-02 22:00:00+02:00,0.02391,0.02383
2023-11-03 00:00:00+02:00,0.02383,0.02377
2023-11-03 02:00:00+02:00,0.02378,0.02303
2023-11-03 04:00:00+02:00,0.02304,0.02313
2023-11-03 06:00:00+02:00,0.02313,0.02284
2023-11-03 08:00:00+02:00,0.02285,0.0229
2023-11-03 10:00:00+02:00,0.0229,0.02261
2023-11-03 12:00:00+02:00,0.02261,0.02276
2023-11-03 14:00:00+02:00,0.02277,0.02313
2023-11-03 16:00:00+02:00,0.02313,0.0235
2023-11-03 18:00:00+02:00,0.0235,0.02322
2023-11-03 20:00:00+02:00,0.02323,0.02344
2023-11-03 22:00:00+02:00,0.02344,0.02355
2023-11-04 00:00:00+02:00,0.02355,0.02355
2023-11-04 02:00:00+02:00,0.02355,0.02364
2023-11-04 04:00:00+02:00,0.02363,0.0236
2023-11-04 06:00:00+02:00,0.02361,0.02352
2023-11-04 08:00:00+02:00,0.02352,0.02372
2023-11-04 10:00:00+02:00,0.02373,0.02381
2023-11-04 12:00:00+02:00,0.02381,0.02374
2023-11-04 14:00:00+02:00,0.02374,0.02387
2023-11-04 16:00:00+02:00,0.02387,0.02402
2023-11-04 18:00:00+02:00,0.02402,0.02415
2023-11-04 20:00:00+02:00,0.02414,0.02412
2023-11-04 22:00:00+02:00,0.02411,0.02416
2023-11-05 00:00:00+02:00,0.02415,0.02439
2023-11-05 02:00:00+02:00,0.02438,0.02441
2023-11-05 04:00:00+02:00,0.0244,0.0244
2023-11-05 06:00:00+02:00,0.02439,0.02412
2023-11-05 08:00:00+02:00,0.02413,0.02431
2023-11-05 10:00:00+02:00,0.02431,0.02433
2023-11-05 12:00:00+02:00,0.02433,0.02438
2023-11-05 14:00:00+02:00,0.02438,0.02379
2023-11-05 16:00:00+02:00,0.0238,0.024
2023-11-05 18:00:00+02:00,0.024,0.0245
2023-11-05 20:00:00+02:00,0.02449,0.02427
2023-11-05 22:00:00+02:00,0.02427,0.02399
2023-11-06 00:00:00+02:00,0.02399,0.02437
2023-11-06 02:00:00+02:00,0.02437,0.02399
2023-11-06 04:00:00+02:00,0.02399,0.02415
2023-11-06 06:00:00+02:00,0.02414,0.02381
2023-11-06 08:00:00+02:00,0.02382,0.02392
2023-11-06 10:00:00+02:00,0.02392,0.02418
2023-11-06 12:00:00+02:00,0.02417,0.02434
2023-11-06 14:00:00+02:00,0.02433,0.02436
2023-11-06 16:00:00+02:00,0.02435,0.02436
2023-11-06 18:00:00+02:00,0.02435,0.02432
2023-11-06 20:00:00+02:00,0.02432,0.02464
2023-11-06 22:00:00+02:00,0.02463,0.02479
2023-11-07 00:00:00+02:00,0.02479,0.02486
2023-11-07 02:00:00+02:00,0.02486,0.02459
2023-11-07 04:00:00+02:00,0.0246,0.02462
2023-11-07 06:00:00+02:00,0.02462,0.02449
2023-11-07 08:00:00+02:00,0.02449,0.0246
2023-11-07 10:00:00+02:00,0.0246,0.02422
2023-11-07 12:00:00+02:00,0.02423,0.02421
2023-11-07 14:00:00+02:00,0.02421,0.02421
2023-11-07 16:00:00+02:00,0.02421,0.02392
2023-11-07 18:00:00+02:00,0.02393,0.0241
2023-11-07 20:00:00+02:00,0.02409,0.02442
2023-11-07 22:00:00+02:00,0.02442,0.02452
2023-11-08 00:00:00+02:00,0.02452,0.02431
2023-11-08 02:00:00+02:00,0.02432,0.02432
2023-11-08 04:00:00+02:00,0.02431,0.02425
2023-11-08 06:00:00+02:00,0.02424,0.02419
2023-11-08 08:00:00+02:00,0.02419,0.02503
2023-11-08 10:00:00+02:00,0.02504,0.02498
2023-11-08 12:00:00+02:00,0.02498,0.02498
2023-11-08 14:00:00+02:00,0.02499,0.02508
2023-11-08 16:00:00+02:00,0.02508,0.0252
2023-11-08 18:00:00+02:00,0.02521,0.02576
2023-11-08 20:00:00+02:00,0.02576,0.02557
2023-11-08 22:00:00+02:00,0.02557,0.02561
2023-11-09 00:00:00+02:00,0.0256,0.02557
2023-11-09 02:00:00+02:00,0.02557,0.0263
2023-11-09 04:00:00+02:00,0.02629,0.02611
2023-11-09 06:00:00+02:00,0.02611,0.02601
2023-11-09 08:00:00+02:00,0.02602,0.02617
2023-11-09 10:00:00+02:00,0.02617,0.02609
2023-11-09 12:00:00+02:00,0.02608,0.02603
2023-11-09 14:00:00+02:00,0.02602,0.02593
2023-11-09 16:00:00+02:00,0.02593,0.02614
2023-11-09 18:00:00+02:00,0.02613,0.02481
2023-11-09 20:00:00+02:00,0.02482,0.02436
2023-11-09 22:00:00+02:00,0.02437,0.02471
2023-11-10 00:00:00+02:00,0.0247,0.02556
2023-11-10 02:00:00+02:00,0.02556,0.02571
2023-11-10 04:00:00+02:00,0.02571,0.02577
2023-11-10 06:00:00+02:00,0.02577,0.02587
2023-11-10 08:00:00+02:00,0.02588,0.02577
2023-11-10 10:00:00+02:00,0.02577,0.02587
2023-11-10 12:00:00+02:00,0.02586,0.02609
2023-11-10 14:00:00+02:00,0.0261,0.02512
2023-11-10 16:00:00+02:00,0.02513,0.02503
2023-11-10 18:00:00+02:00,0.02507,0.02561
2023-11-10 20:00:00+02:00,0.02562,0.0257
2023-11-10 22:00:00+02:00,0.02569,0.02605
2023-11-11 00:00:00+02:00,0.02604,0.02617
2023-11-11 02:00:00+02:00,0.02617,0.02561
2023-11-11 04:00:00+02:00,0.02561,0.02524
2023-11-11 06:00:00+02:00,0.02524,0.02547
2023-11-11 08:00:00+02:00,0.02547,0.02551
2023-11-11 10:00:00+02:00,0.02552,0.02574
2023-11-11 12:00:00+02:00,0.02573,0.02581
2023-11-11 14:00:00+02:00,0.02581,0.02593
2023-11-11 16:00:00+02:00,0.02593,0.02623
2023-11-11 18:00:00+02:00,0.02623,0.02629
2023-11-11 20:00:00+02:00,0.02629,0.02668
2023-11-11 22:00:00+02:00,0.02668,0.02645
2023-11-12 00:00:00+02:00,0.02645,0.02647
2023-11-12 02:00:00+02:00,0.02647,0.02605
2023-11-12 04:00:00+02:00,0.02605,0.02691
2023-11-12 06:00:00+02:00,0.02691,0.02682
2023-11-12 08:00:00+02:00,0.02682,0.02692
2023-11-12 10:00:00+02:00,0.02693,0.02673
2023-11-12 12:00:00+02:00,0.02672,0.02675
2023-11-12 14:00:00+02:00,0.02675,0.02634
2023-11-12 16:00:00+02:00,0.02634,0.02654
2023-11-12 18:00:00+02:00,0.02654,0.02639
2023-11-12 20:00:00+02:00,0.02638,0.02641
2023-11-12 22:00:00+02:00,0.02641,0.0267
2023-11-13 00:00:00+02:00,0.0267,0.02642
2023-11-13 02:00:00+02:00,0.02642,0.02683
2023-11-13 04:00:00+02:00,0.02682,0.02595
2023-11-13 06:00:00+02:00,0.02593,0.02624
2023-11-13 08:00:00+02:00,0.02624,0.02623
2023-11-13 10:00:00+02:00,0.02623,0.02661
2023-11-13 12:00:00+02:00,0.0266,0.02606
2023-11-13 14:00:00+02:00,0.02606,0.02617
2023-11-13 16:00:00+02:00,0.02616,0.02617
2023-11-13 18:00:00+02:00,0.02616,0.0262
2023-11-13 20:00:00+02:00,0.02619,0.02644
2023-11-13 22:00:00+02:00,0.02644,0.02551
2023-11-14 00:00:00+02:00,0.0255,0.02553
2023-11-14 02:00:00+02:00,0.02553,0.02548
2023-11-14 04:00:00+02:00,0.02549,0.02559
2023-11-14 06:00:00+02:00,0.02558,0.02592
2023-11-14 08:00:00+02:00,0.02593,0.02591
2023-11-14 10:00:00+02:00,0.02592,0.02563
2023-11-14 12:00:00+02:00,0.02564,0.0253
2023-11-14 14:00:00+02:00,0.0253,0.02584
2023-11-14 16:00:00+02:00,0.02584,0.02564
2023-11-14 18:00:00+02:00,0.02564,0.02545
2023-11-14 20:00:00+02:00,0.02545,0.02491
2023-11-14 22:00:00+02:00,0.02492,0.02524
2023-11-15 00:00:00+02:00,0.02524,0.02532
2023-11-15 02:00:00+02:00,0.02533,0.02535
2023-11-15 04:00:00+02:00,0.02534,0.02504
2023-11-15 06:00:00+02:00,0.02504,0.02545
2023-11-15 08:00:00+02:00,0.02546,0.02554
2023-11-15 10:00:00+02:00,0.02555,0.02561
2023-11-15 12:00:00+02:00,0.02562,0.02611
2023-11-15 14:00:00+02:00,0.02612,0.02591
2023-11-15 16:00:00+02:00,0.02592,0.02602
2023-11-15 18:00:00+02:00,0.02602,0.02588
2023-11-15 20:00:00+02:00,0.02588,0.02632
2023-11-15 22:00:00+02:00,0.02633,0.02611
2023-11-16 00:00:00+02:00,0.02611,0.02629
2023-11-16 02:00:00+02:00,0.0263,0.02626
2023-11-16 04:00:00+02:00,0.02626,0.02648
2023-11-16 06:00:00+02:00,0.02648,0.0266
2023-11-16 08:00:00+02:00,0.02661,0.0267
2023-11-16 10:00:00+02:00,0.02669,0.02628
2023-11-16 12:00:00+02:00,0.02629,0.0264
2023-11-16 14:00:00+02:00,0.0264,0.02606
2023-11-16 16:00:00+02:00,0.02606,0.02562
2023-11-16 18:00:00+02:00,0.02563,0.02557
2023-11-16 20:00:00+02:00,0.02558,0.02536
2023-11-16 22:00:00+02:00,0.02537,0.02524
2023-11-17 00:00:00+02:00,0.02524,0.02534
2023-11-17 02:00:00+02:00,0.02534,0.02579
2023-11-17 04:00:00+02:00,0.02579,0.02565
2023-11-17 06:00:00+02:00,0.02566,0.02572
2023-11-17 08:00:00+02:00,0.02572,0.02625
2023-11-17 10:00:00+02:00,0.02625,0.02609
2023-11-17 12:00:00+02:00,0.02609,0.02561
2023-11-17 14:00:00+02:00,0.02561,0.02538
2023-11-17 16:00:00+02:00,0.02538,0.02433
2023-11-17 18:00:00+02:00,0.02432,0.0252
2023-11-17 20:00:00+02:00,0.02521,0.02516
2023-11-17 22:00:00+02:00,0.02516,0.02528
2023-11-18 00:00:00+02:00,0.02529,0.02574
2023-11-18 02:00:00+02:00,0.02574,0.02695
2023-11-18 04:00:00+02:00,0.02695,0.02703
2023-11-18 06:00:00+02:00,0.02702,0.02706
2023-11-18 08:00:00+02:00,0.02706,0.02656
2023-11-18 10:00:00+02:00,0.02656,0.02647
2023-11-18 12:00:00+02:00,0.02647,0.02664
2023-11-18 14:00:00+02:00,0.02664,0.02621
2023-11-18 16:00:00+02:00,0.02622,0.02648
2023-11-18 18:00:00+02:00,0.02649,0.02661
2023-11-18 20:00:00+02:00,0.02661,0.02676
2023-11-18 22:00:00+02:00,0.02677,0.02663
2023-11-19 00:00:00+02:00,0.02664,0.02682
2023-11-19 02:00:00+02:00,0.02683,0.02583
2023-11-19 04:00:00+02:00,0.02584,0.02598
2023-11-19 06:00:00+02:00,0.02597,0.02564
2023-11-19 08:00:00+02:00,0.02564,0.02585
2023-11-19 10:00:00+02:00,0.02585,0.02576
2023-11-19 12:00:00+02:00,0.02577,0.02564
2023-11-19 14:00:00+02:00,0.02565,0.02566
2023-11-19 16:00:00+02:00,0.02566,0.02571
2023-11-19 18:00:00+02:00,0.02572,0.02592
2023-11-19 20:00:00+02:00,0.02593,0.0262
2023-11-19 22:00:00+02:00,0.02622,0.02629
2023-11-20 00:00:00+02:00,0.02629,0.02655
2023-11-20 02:00:00+02:00,0.02655,0.02629
2023-11-20 04:00:00+02:00,0.02628,0.02613
2023-11-20 06:00:00+02:00,0.02613,0.02618
2023-11-20 08:00:00+02:00,0.02618,0.02631
2023-11-20 10:00:00+02:00,0.02632,0.02639
2023-11-20 12:00:00+02:00,0.02639,0.02618
2023-11-20 14:00:00+02:00,0.02618,0.02611
2023-11-20 16:00:00+02:00,0.02611,0.02625
2023-11-20 18:00:00+02:00,0.02624,0.02642
2023-11-20 20:00:00+02:00,0.02642,0.02618
2023-11-20 22:00:00+02:00,0.02618,0.02606
2023-11-21 00:00:00+02:00,0.02606,0.02627
2023-11-21 02:00:00+02:00,0.02626,0.02639
2023-11-21 04:00:00+02:00,0.0264,0.02601
2023-11-21 06:00:00+02:00,0.02601,0.02597
2023-11-21 08:00:00+02:00,0.02597,0.02575
2023-11-21 10:00:00+02:00,0.02575,0.02574
2023-11-21 12:00:00+02:00,0.02575,0.0256
2023-11-21 14:00:00+02:00,0.0256,0.0255
2023-11-21 16:00:00+02:00,0.02551,0.02535
2023-11-21 18:00:00+02:00,0.02535,0.02466
2023-11-21 20:00:00+02:00,0.02465,0.02454
2023-11-21 22:00:00+02:00,0.02455,0.02458
2023-11-22 00:00:00+02:00,0.02459,0.02305
2023-11-22 02:00:00+02:00,0.02304,0.02321
2023-11-22 04:00:00+02:00,0.02321,0.02362
2023-11-22 06:00:00+02:00,0.02363,0.02368
2023-11-22 08:00:00+02:00,0.02369,0.02375
2023-11-22 10:00:00+02:00,0.02375,0.0242
2023-11-22 12:00:00+02:00,0.02421,0.02397
2023-11-22 14:00:00+02:00,0.02397,0.02416
2023-11-22 16:00:00+02:00,0.02416,0.02391
2023-11-22 18:00:00+02:00,0.0239,0.02427
2023-11-22 20:00:00+02:00,0.02426,0.02477
2023-11-22 22:00:00+02:00,0.02478,0.02488
2023-11-23 00:00:00+02:00,0.02488,0.02484
2023-11-23 02:00:00+02:00,0.02483,0.02493
2023-11-23 04:00:00+02:00,0.02492,0.02468
2023-11-23 06:00:00+02:00,0.02468,0.02471
2023-11-23 08:00:00+02:00,0.02471,0.02478
2023-11-23 10:00:00+02:00,0.02477,0.02493
2023-11-23 12:00:00+02:00,0.02492,0.0245
2023-11-23 14:00:00+02:00,0.02451,0.02425
2023-11-23 16:00:00+02:00,0.02425,0.02414
2023-11-23 18:00:00+02:00,0.02414,0.02443
2023-11-23 20:00:00+02:00,0.02444,0.02419
2023-11-23 22:00:00+02:00,0.0242,0.02451
2023-11-24 00:00:00+02:00,0.02451,0.02447
2023-11-24 02:00:00+02:00,0.02448,0.02455
2023-11-24 04:00:00+02:00,0.02454,0.02461
2023-11-24 06:00:00+02:00,0.02462,0.02462
2023-11-24 08:00:00+02:00,0.02461,0.02465
2023-11-24 10:00:00+02:00,0.02465,0.02475
2023-11-24 12:00:00+02:00,0.02474,0.02494
2023-11-24 14:00:00+02:00,0.02494,0.02491
2023-11-24 16:00:00+02:00,0.0249,0.02524
2023-11-24 18:00:00+02:00,0.02524,0.02506
2023-11-24 20:00:00+02:00,0.02505,0.02507
2023-11-24 22:00:00+02:00,0.02507,0.02507
2023-11-25 00:00:00+02:00,0.02507,0.02502
2023-11-25 02:00:00+02:00,0.02502,0.02532
2023-11-25 04:00:00+02:00,0.02532,0.02529
2023-11-25 06:00:00+02:00,0.02529,0.02541
2023-11-25 08:00:00+02:00,0.02541,0.02556
2023-11-25 10:00:00+02:00,0.02555,0.02531
2023-11-25 12:00:00+02:00,0.02531,0.02514
2023-11-25 14:00:00+02:00,0.02513,0.02529
2023-11-25 16:00:00+02:00,0.02529,0.02538
2023-11-25 18:00:00+02:00,0.02538,0.02538
2023-11-25 20:00:00+02:00,0.02538,0.02532
2023-11-25 22:00:00+02:00,0.02531,0.02542
2023-11-26 00:00:00+02:00,0.02541,0.02544
2023-11-26 02:00:00+02:00,0.02544,0.02518
2023-11-26 04:00:00+02:00,0.0252,0.02531
2023-11-26 06:00:00+02:00,0.0253,0.0254
2023-11-26 08:00:00+02:00,0.0254,0.02534
2023-11-26 10:00:00+02:00,0.02533,0.02534
2023-11-26 12:00:00+02:00,0.02533,0.02527
2023-11-26 14:00:00+02:00,0.02526,0.02526
2023-11-26 16:00:00+02:00,0.02525,0.02483
2023-11-26 18:00:00+02:00,0.02483,0.02481
2023-11-26 20:00:00+02:00,0.02481,0.02504
2023-11-26 22:00:00+02:00,0.02504,0.0252
2023-11-27 00:00:00+02:00,0.0252,0.02513
2023-11-27 02:00:00+02:00,0.02514,0.02514
2023-11-27 04:00:00+02:00,0.02515,0.02468
2023-11-27 06:00:00+02:00,0.02468,0.0247
2023-11-27 08:00:00+02:00,0.0247,0.02446
2023-11-27 10:00:00+02:00,0.02445,0.02433
2023-11-27 12:00:00+02:00,0.02433,0.02413
2023-11-27 14:00:00+02:00,0.02413,0.0241
2023-11-27 16:00:00+02:00,0.02409,0.02376
2023-11-27 18:00:00+02:00,0.02376,0.02396
2023-11-27 20:00:00+02:00,0.02395,0.02376
2023-11-27 22:00:00+02:00,0.02376,0.02391
2023-11-28 00:00:00+02:00,0.02391,0.0241
2023-11-28 02:00:00+02:00,0.0241,0.02389
2023-11-28 04:00:00+02:00,0.02389,0.0239
2023-11-28 06:00:00+02:00,0.0239,0.02338
2023-11-28 08:00:00+02:00,0.02338,0.02355
2023-11-28 10:00:00+02:00,0.02354,0.02363
2023-11-28 12:00:00+02:00,0.02365,0.02397
2023-11-28 14:00:00+02:00,0.02399,0.02407
2023-11-28 16:00:00+02:00,0.02408,0.02415
2023-11-28 18:00:00+02:00,0.02415,0.02448
2023-11-28 20:00:00+02:00,0.02448,0.02438
2023-11-28 22:00:00+02:00,0.02438,0.02439
2023-11-29 00:00:00+02:00,0.02439,0.02429
2023-11-29 02:00:00+02:00,0.02429,0.02427
2023-11-29 04:00:00+02:00,0.02427,0.02422
2023-11-29 06:00:00+02:00,0.02422,0.02414
2023-11-29 08:00:00+02:00,0.02413,0.02425
2023-11-29 10:00:00+02:00,0.02425,0.02429
2023-11-29 12:00:00+02:00,0.02429,0.02407
2023-11-29 14:00:00+02:00,0.02406,0.02447
2023-11-29 16:00:00+02:00,0.02446,0.02433
2023-11-29 18:00:00+02:00,0.02433,0.02433
2023-11-29 20:00:00+02:00,0.02432,0.02448
2023-11-29 22:00:00+02:00,0.02448,0.02446
2023-11-30 00:00:00+02:00,0.02447,0.02466
2023-11-30 02:00:00+02:00,0.02466,0.02473
2023-11-30 04:00:00+02:00,0.02472,0.02531
2023-11-30 06:00:00+02:00,0.02531,0.02595
2023-11-30 08:00:00+02:00,0.02595,0.02564
2023-11-30 10:00:00+02:00,0.02564,0.02591
2023-11-30 12:00:00+02:00,0.02591,0.02585
2023-11-30 14:00:00+02:00,0.02584,0.02568
2023-11-30 16:00:00+02:00,0.02568,0.02563
2023-11-30 18:00:00+02:00,0.02562,0.0259
2023-11-30 20:00:00+02:00,0.02589,0.02563
2023-11-30 22:00:00+02:00,0.02563,0.02575
2023-12-01 00:00:00+02:00,0.02575,0.02606
2023-12-01 02:00:00+02:00,0.02605,0.02561
2023-12-01 04:00:00+02:00,0.02561,0.02554
2023-12-01 06:00:00+02:00,0.02553,0.02553
2023-12-01 08:00:00+02:00,0.02552,0.02563
2023-12-01 10:00:00+02:00,0.02564,0.0258
2023-12-01 12:00:00+02:00,0.02579,0.02577
2023-12-01 14:00:00+02:00,0.02577,0.02551
2023-12-01 16:00:00+02:00,0.0255,0.02541
2023-12-01 18:00:00+02:00,0.02541,0.02564
2023-12-01 20:00:00+02:00,0.02564,0.02584
2023-12-01 22:00:00+02:00,0.02584,0.02574
2023-12-02 00:00:00+02:00,0.02575,0.02589
2023-12-02 02:00:00+02:00,0.02589,0.02565
2023-12-02 04:00:00+02:00,0.02565,0.02584
2023-12-02 06:00:00+02:00,0.02584,0.02592
2023-12-02 08:00:00+02:00,0.02592,0.02591
2023-12-02 10:00:00+02:00,0.02591,0.02614
2023-12-02 12:00:00+02:00,0.02613,0.02606
2023-12-02 14:00:00+02:00,0.02607,0.02611
2023-12-02 16:00:00+02:00,0.0261,0.02604
2023-12-02 18:00:00+02:00,0.02604,0.02612
2023-12-02 20:00:00+02:00,0.02612,0.02636
2023-12-02 22:00:00+02:00,0.02635,0.02644
2023-12-03 00:00:00+02:00,0.02644,0.02637
2023-12-03 02:00:00+02:00,0.02637,0.02631
2023-12-03 04:00:00+02:00,0.02631,0.02609
2023-12-03 06:00:00+02:00,0.0261,0.02603
2023-12-03 08:00:00+02:00,0.02604,0.02607
2023-12-03 10:00:00+02:00,0.02608,0.02609
2023-12-03 12:00:00+02:00,0.02609,0.02606
2023-12-03 14:00:00+02:00,0.02606,0.02596
2023-12-03 16:00:00+02:00,0.02596,0.02579
2023-12-03 18:00:00+02:00,0.02579,0.02575
2023-12-03 20:00:00+02:00,0.02576,0.02561
2023-12-03 22:00:00+02:00,0.02561,0.026
2023-12-04 00:00:00+02:00,0.02599,0.0261
2023-12-04 02:00:00+02:00,0.0261,0.02679
2023-12-04 04:00:00+02:00,0.02678,0.02691
2023-12-04 06:00:00+02:00,0.02691,0.02733
2023-12-04 08:00:00+02:00,0.02732,0.02732
2023-12-04 10:00:00+02:00,0.02732,0.02701
2023-12-04 12:00:00+02:00,0.02699,0.02647
2023-12-04 14:00:00+02:00,0.02648,0.02697
2023-12-04 16:00:00+02:00,0.02697,0.02648
2023-12-04 18:00:00+02:00,0.02649,0.02677
2023-12-04 20:00:00+02:00,0.02678,0.02707
2023-12-04 22:00:00+02:00,0.02707,0.02702
2023-12-05 00:00:00+02:00,0.02703,0.02728
2023-12-05 02:00:00+02:00,0.02728,0.02773
2023-12-05 04:00:00+02:00,0.02772,0.02803
2023-12-05 06:00:00+02:00,0.02803,0.02999
2023-12-05 08:00:00+02:00,0.02999,0.02879
2023-12-05 10:00:00+02:00,0.02879,0.02912
2023-12-05 12:00:00+02:00,0.02912,0.02856
2023-12-05 14:00:00+02:00,0.02856,0.02833
2023-12-05 16:00:00+02:00,0.02833,0.02896
2023-12-05 18:00:00+02:00,0.02896,0.02867
2023-12-05 20:00:00+02:00,0.02867,0.02849
2023-12-05 22:00:00+02:00,0.02848,0.02839
2023-12-06 00:00:00+02:00,0.02838,0.02846
2023-12-06 02:00:00+02:00,0.02847,0.02847
2023-12-06 04:00:00+02:00,0.02847,0.02806
2023-12-06 06:00:00+02:00,0.02806,0.02761
2023-12-06 08:00:00+02:00,0.02762,0.02769
2023-12-06 10:00:00+02:00,0.02768,0.02775
2023-12-06 12:00:00+02:00,0.02776,0.02713
2023-12-06 14:00:00+02:00,0.02713,0.02744
2023-12-06 16:00:00+02:00,0.02744,0.02755
2023-12-06 18:00:00+02:00,0.02754,0.02756
2023-12-06 20:00:00+02:00,0.02756,0.02768
2023-12-06 22:00:00+02:00,0.02768,0.0274
2023-12-07 00:00:00+02:00,0.02739,0.02721
2023-12-07 02:00:00+02:00,0.02722,0.02714
2023-12-07 04:00:00+02:00,0.02715,0.02714
2023-12-07 06:00:00+02:00,0.02714,0.02734
2023-12-07 08:00:00+02:00,0.02734,0.02743
2023-12-07 10:00:00+02:00,0.02742,0.0268
2023-12-07 12:00:00+02:00,0.0268,0.0268
2023-12-07 14:00:00+02:00,0.02679,0.02703
2023-12-07 16:00:00+02:00,0.02702,0.02743
2023-12-07 18:00:00+02:00,0.02743,0.02821
2023-12-07 20:00:00+02:00,0.02821,0.02777
2023-12-07 22:00:00+02:00,0.02777,0.02806
2023-12-08 00:00:00+02:00,0.02805,0.02815
2023-12-08 02:00:00+02:00,0.02815,0.02803
2023-12-08 04:00:00+02:00,0.02803,0.02798
2023-12-08 06:00:00+02:00,0.02798,0.02796
2023-12-08 08:00:00+02:00,0.02796,0.02774
2023-12-08 10:00:00+02:00,0.02773,0.02793
2023-12-08 12:00:00+02:00,0.02794,0.02823
2023-12-08 14:00:00+02:00,0.02823,0.02812
2023-12-08 16:00:00+02:00,0.02813,0.02818
2023-12-08 18:00:00+02:00,0.02818,0.02842
2023-12-08 20:00:00+02:00,0.02842,0.0286
2023-12-08 22:00:00+02:00,0.02859,0.02867
2023-12-09 00:00:00+02:00,0.02866,0.02872
2023-12-09 02:00:00+02:00,0.02873,0.02895
2023-12-09 04:00:00+02:00,0.02895,0.02894
2023-12-09 06:00:00+02:00,0.02894,0.02923
2023-12-09 08:00:00+02:00,0.02922,0.0292
2023-12-09 10:00:00+02:00,0.0292,0.02897
2023-12-09 12:00:00+02:00,0.02897,0.02898
2023-12-09 14:00:00+02:00,0.02898,0.02914
2023-12-09 16:00:00+02:00,0.02913,0.02901
2023-12-09 18:00:00+02:00,0.02901,0.02861
2023-12-09 20:00:00+02:00,0.0286,0.0289
2023-12-09 22:00:00+02:00,0.0289,0.02915
2023-12-10 00:00:00+02:00,0.02914,0.02849
2023-12-10 02:00:00+02:00,0.02849,0.029
2023-12-10 04:00:00+02:00,0.02899,0.02911
2023-12-10 06:00:00+02:00,0.02911,0.02925
2023-12-10 08:00:00+02:00,0.02925,0.02899
2023-12-10 10:00:00+02:00,0.02899,0.02781
2023-12-10 12:00:00+02:00,0.02782,0.02809
2023-12-10 14:00:00+02:00,0.0281,0.02822
2023-12-10 16:00:00+02:00,0.02821,0.02836
2023-12-10 18:00:00+02:00,0.02835,0.02804
2023-12-10 20:00:00+02:00,0.02803,0.02826
2023-12-10 22:00:00+02:00,0.02825,0.02836
2023-12-11 00:00:00+02:00,0.02835,0.02839
2023-12-11 02:00:00+02:00,0.02839,0.02786
2023-12-11 04:00:00+02:00,0.02787,0.02632
2023-12-11 06:00:00+02:00,0.02633,0.02641
2023-12-11 08:00:00+02:00,0.0264,0.02613
2023-12-11 10:00:00+02:00,0.02612,0.02639
2023-12-11 12:00:00+02:00,0.0264,0.02662
2023-12-11 14:00:00+02:00,0.02661,0.02624
2023-12-11 16:00:00+02:00,0.02623,0.0263
2023-12-11 18:00:00+02:00,0.02628,0.0259
2023-12-11 20:00:00+02:00,0.02589,0.0257
2023-12-11 22:00:00+02:00,0.02569,0.02603
2023-12-12 00:00:00+02:00,0.02603,0.02609
2023-12-12 02:00:00+02:00,0.02609,0.02619
2023-12-12 04:00:00+02:00,0.02619,0.0264
2023-12-12 06:00:00+02:00,0.0264,0.02615
2023-12-12 08:00:00+02:00,0.02615,0.02639
2023-12-12 10:00:00+02:00,0.0264,0.02617
2023-12-12 12:00:00+02:00,0.02617,0.02596
2023-12-12 14:00:00+02:00,0.02596,0.02633
2023-12-12 16:00:00+02:00,0.02634,0.02597
2023-12-12 18:00:00+02:00,0.02596,0.02557
2023-12-12 20:00:00+02:00,0.02557,0.02604
2023-12-12 22:00:00+02:00,0.02605,0.02578
2023-12-13 00:00:00+02:00,0.02577,0.02623
2023-12-13 02:00:00+02:00,0.02623,0.02557
2023-12-13 04:00:00+02:00,0.02557,0.02526
2023-12-13 06:00:00+02:00,0.02526,0.02544
2023-12-13 08:00:00+02:00,0.02545,0.02529
2023-12-13 10:00:00+02:00,0.0253,0.02551
2023-12-13 12:00:00+02:00,0.02552,0.02526
2023-12-13 14:00:00+02:00,0.02526,0.02575
2023-12-13 16:00:00+02:00,0.02576,0.02614
2023-12-13 18:00:00+02:00,0.02614,0.02598
2023-12-13 20:00:00+02:00,0.02599,0.02653
2023-12-13 22:00:00+02:00,0.02654,0.02685
2023-12-14 00:00:00+02:00,0.02686,0.02682
2023-12-14 02:00:00+02:00,0.02683,0.02686
2023-12-14 04:00:00+02:00,0.02685,0.02657
2023-12-14 06:00:00+02:00,0.02657,0.02674
2023-12-14 08:00:00+02:00,0.02675,0.02677
2023-12-14 10:00:00+02:00,0.02678,0.02693
2023-12-14 12:00:00+02:00,0.02693,0.02717
2023-12-14 14:00:00+02:00,0.02718,0.02697
2023-12-14 16:00:00+02:00,0.02697,0.02689
2023-12-14 18:00:00+02:00,0.02689,0.02724
2023-12-14 20:00:00+02:00,0.02723,0.0288
2023-12-14 22:00:00+02:00,0.02879,0.02873
2023-12-15 00:00:00+02:00,0.02873,0.02861
2023-12-15 02:00:00+02:00,0.02862,0.02836
2023-12-15 04:00:00+02:00,0.02837,0.02823
2023-12-15 06:00:00+02:00,0.02823,0.02778
2023-12-15 08:00:00+02:00,0.02777,0.02813
2023-12-15 10:00:00+02:00,0.02813,0.02824
2023-12-15 12:00:00+02:00,0.02825,0.02804
2023-12-15 14:00:00+02:00,0.02804,0.02789
2023-12-15 16:00:00+02:00,0.02788,0.02759
2023-12-15 18:00:00+02:00,0.02758,0.02757
2023-12-15 20:00:00+02:00,0.02757,0.0278
2023-12-15 22:00:00+02:00,0.0278,0.02766
2023-12-16 00:00:00+02:00,0.02766,0.02713
2023-12-16 02:00:00+02:00,0.02714,0.02731
2023-12-16 04:00:00+02:00,0.02731,0.02788
2023-12-16 06:00:00+02:00,0.02788,0.02763
2023-12-16 08:00:00+02:00,0.02763,0.02767
2023-12-16 10:00:00+02:00,0.02766,0.02825
2023-12-16 12:00:00+02:00,0.02825,0.02808
2023-12-16 14:00:00+02:00,0.02807,0.02824
2023-12-16 16:00:00+02:00,0.02825,0.02831
2023-12-16 18:00:00+02:00,0.02831,0.02832
2023-12-16 20:00:00+02:00,0.02831,0.02771
2023-12-16 22:00:00+02:00,0.02772,0.02772
2023-12-17 00:00:00+02:00,0.02771,0.02784
2023-12-17 02:00:00+02:00,0.02783,0.0283
2023-12-17 04:00:00+02:00,0.02831,0.02796
2023-12-17 06:00:00+02:00,0.02796,0.02768
2023-12-17 08:00:00+02:00,0.02767,0.02742
2023-12-17 10:00:00+02:00,0.02742,0.02787
2023-12-17 12:00:00+02:00,0.02787,0.02837
2023-12-17 14:00:00+02:00,0.02838,0.02822
2023-12-17 16:00:00+02:00,0.02822,0.02918
2023-12-17 18:00:00+02:00,0.02917,0.0295
2023-12-17 20:00:00+02:00,0.02949,0.02937
2023-12-17 22:00:00+02:00,0.02936,0.02947
2023-12-18 00:00:00+02:00,0.02946,0.02869
2023-12-18 02:00:00+02:00,0.02869,0.0276
2023-12-18 04:00:00+02:00,0.0276,0.02747
2023-12-18 06:00:00+02:00,0.02747,0.02744
2023-12-18 08:00:00+02:00,0.02745,0.02757
2023-12-18 10:00:00+02:00,0.02757,0.02684
2023-12-18 12:00:00+02:00,0.02683,0.02671
2023-12-18 14:00:00+02:00,0.02671,0.02723
2023-12-18 16:00:00+02:00,0.02724,0.02703
2023-12-18 18:00:00+02:00,0.02704,0.02714
2023-12-18 20:00:00+02:00,0.02715,0.02727
2023-12-18 22:00:00+02:00,0.02727,0.02795
2023-12-19 00:00:00+02:00,0.02796,0.02851
2023-12-19 02:00:00+02:00,0.02851,0.02911
2023-12-19 04:00:00+02:00,0.02912,0.02904
2023-12-19 06:00:00+02:00,0.02903,0.0296
2023-12-19 08:00:00+02:00,0.02959,0.02977
2023-12-19 10:00:00+02:00,0.02977,0.02961
2023-12-19 12:00:00+02:00,0.02961,0.02883
2023-12-19 14:00:00+02:00,0.02883,0.02876
2023-12-19 16:00:00+02:00,0.02876,0.02859
2023-12-19 18:00:00+02:00,0.02858,0.02797
2023-12-19 20:00:00+02:00,0.02798,0.0286
2023-12-19 22:00:00+02:00,0.0286,0.02863
2023-12-20 00:00:00+02:00,0.02863,0.02844
2023-12-20 02:00:00+02:00,0.02843,0.02855
2023-12-20 04:00:00+02:00,0.02855,0.029
2023-12-20 06:00:00+02:00,0.02899,0.02998
2023-12-20 08:00:00+02:00,0.02999,0.03008
2023-12-20 10:00:00+02:00,0.03008,0.02963
2023-12-20 12:00:00+02:00,0.02963,0.03003
2023-12-20 14:00:00+02:00,0.03002,0.03024
2023-12-20 16:00:00+02:00,0.03023,0.0304
2023-12-20 18:00:00+02:00,0.0304,0.03048
2023-12-20 20:00:00+02:00,0.03047,0.03005
2023-12-20 22:00:00+02:00,0.03005,0.03012
2023-12-21 00:00:00+02:00,0.03012,0.03041
2023-12-21 02:00:00+02:00,0.03042,0.0305
2023-12-21 04:00:00+02:00,0.0305,0.03059
2023-12-21 06:00:00+02:00,0.0306,0.03024
2023-12-21 08:00:00+02:00,0.03024,0.03049
2023-12-21 10:00:00+02:00,0.0305,0.03043
2023-12-21 12:00:00+02:00,0.03044,0.03034
2023-12-21 14:00:00+02:00,0.03033,0.03007
2023-12-21 16:00:00+02:00,0.03007,0.02964
2023-12-21 18:00:00+02:00,0.02965,0.02964
2023-12-21 20:00:00+02:00,0.02965,0.02999
2023-12-21 22:00:00+02:00,0.02999,0.03004
2023-12-22 00:00:00+02:00,0.03004,0.03012
2023-12-22 02:00:00+02:00,0.03013,0.03035
2023-12-22 04:00:00+02:00,0.03034,0.03002
2023-12-22 06:00:00+02:00,0.03002,0.03002
2023-12-22 08:00:00+02:00,0.03002,0.02953
2023-12-22 10:00:00+02:00,0.02953,0.02938
2023-12-22 12:00:00+02:00,0.02938,0.02985
2023-12-22 14:00:00+02:00,0.02985,0.02998
2023-12-22 16:00:00+02:00,0.02997,0.03009
2023-12-22 18:00:00+02:00,0.03008,0.03026
2023-12-22 20:00:00+02:00,0.03027,0.03008
2023-12-22 22:00:00+02:00,0.03008,0.03036
2023-12-23 00:00:00+02:00,0.03037,0.03054
2023-12-23 02:00:00+02:00,0.03054,0.02983
2023-12-23 04:00:00+02:00,0.02982,0.02949
2023-12-23 06:00:00+02:00,0.02948,0.02978
2023-12-23 08:00:00+02:00,0.02979,0.02947
2023-12-23 10:00:00+02:00,0.02947,0.02985
2023-12-23 12:00:00+02:00,0.02985,0.02974
2023-12-23 14:00:00+02:00,0.02973,0.02995
2023-12-23 16:00:00+02:00,0.02995,0.03018
2023-12-23 18:00:00+02:00,0.03018,0.03013
2023-12-23 20:00:00+02:00,0.03012,0.03031
2023-12-23 22:00:00+02:00,0.03032,0.03027
2023-12-24 00:00:00+02:00,0.03027,0.03051
2023-12-24 02:00:00+02:00,0.03051,0.03106
2023-12-24 04:00:00+02:00,0.03107,0.0311
2023-12-24 06:00:00+02:00,0.03111,0.03099
2023-12-24 08:00:00+02:00,0.03099,0.03153
2023-12-24 10:00:00+02:00,0.03152,0.03163
2023-12-24 12:00:00+02:00,0.03164,0.03149
2023-12-24 14:00:00+02:00,0.03149,0.03161
2023-12-24 16:00:00+02:00,0.0316,0.03171
2023-12-24 18:00:00+02:00,0.03172,0.03161
2023-12-24 20:00:00+02:00,0.03162,0.03188
2023-12-24 22:00:00+02:00,0.03189,0.03126
2023-12-25 00:00:00+02:00,0.03127,0.0309
2023-12-25 02:00:00+02:00,0.0309,0.03097
2023-12-25 04:00:00+02:00,0.03096,0.03086
2023-12-25 06:00:00+02:00,0.03087,0.03145
2023-12-25 08:00:00+02:00,0.03144,0.03175
2023-12-25 10:00:00+02:00,0.03175,0.03134
2023-12-25 12:00:00+02:00,0.03135,0.03119
2023-12-25 14:00:00+02:00,0.03119,0.0317
2023-12-25 16:00:00+02:00,0.0317,0.03165
2023-12-25 18:00:00+02:00,0.03165,0.03158
2023-12-25 20:00:00+02:00,0.03159,0.03132
2023-12-25 22:00:00+02:00,0.03133,0.03153
2023-12-26 00:00:00+02:00,0.03153,0.03163
2023-12-26 02:00:00+02:00,0.03164,0.03142
2023-12-26 04:00:00+02:00,0.03143,0.03189
2023-12-26 06:00:00+02:00,0.0319,0.03073
2023-12-26 08:00:00+02:00,0.03073,0.0309
2023-12-26 10:00:00+02:00,0.03089,0.03043
2023-12-26 12:00:00+02:00,0.03043,0.03144
2023-12-26 14:00:00+02:00,0.03143,0.03126
2023-12-26 16:00:00+02:00,0.03126,0.03071
2023-12-26 18:00:00+02:00,0.03072,0.02959
2023-12-26 20:00:00+02:00,0.0296,0.02966
2023-12-26 22:00:00+02:00,0.02966,0.02992
2023-12-27 00:00:00+02:00,0.02992,0.03034
2023-12-27 02:00:00+02:00,0.03034,0.03003
2023-12-27 04:00:00+02:00,0.03003,0.02909
2023-12-27 06:00:00+02:00,0.02909,0.02964
2023-12-27 08:00:00+02:00,0.02964,0.02969
2023-12-27 10:00:00+02:00,0.02968,0.03001
2023-12-27 12:00:00+02:00,0.03,0.03044
2023-12-27 14:00:00+02:00,0.03044,0.03043
2023-12-27 16:00:00+02:00,0.03042,0.03068
2023-12-27 18:00:00+02:00,0.03068,0.03081
2023-12-27 20:00:00+02:00,0.03081,0.03103
2023-12-27 22:00:00+02:00,0.03103,0.03112
2023-12-28 00:00:00+02:00,0.03112,0.03121
2023-12-28 02:00:00+02:00,0.03121,0.03138
2023-12-28 04:00:00+02:00,0.03138,0.0312
2023-12-28 06:00:00+02:00,0.0312,0.03086
2023-12-28 08:00:00+02:00,0.03085,0.03092
2023-12-28 10:00:00+02:00,0.03093,0.03077
2023-12-28 12:00:00+02:00,0.03078,0.03093
2023-12-28 14:00:00+02:00,0.03092,0.03029
2023-12-28 16:00:00+02:00,0.0303,0.02977
2023-12-28 18:00:00+02:00,0.02976,0.0299
2023-12-28 20:00:00+02:00,0.0299,0.02997
2023-12-28 22:00:00+02:00,0.02997,0.02957
2023-12-29 00:00:00+02:00,0.02957,0.0298
2023-12-29 02:00:00+02:00,0.0298,0.02905
2023-12-29 04:00:00+02:00,0.02903,0.02941
2023-12-29 06:00:00+02:00,0.02941,0.02949
2023-12-29 08:00:00+02:00,0.02949,0.02914
2023-12-29 10:00:00+02:00,0.02915,0.02979
2023-12-29 12:00:00+02:00,0.02979,0.02988
2023-12-29 14:00:00+02:00,0.02989,0.03017
2023-12-29 16:00:00+02:00,0.03017,0.02968
2023-12-29 18:00:00+02:00,0.02969,0.02919
2023-12-29 20:00:00+02:00,0.02919,0.02951
2023-12-29 22:00:00+02:00,0.0295,0.02935
2023-12-30 00:00:00+02:00,0.02934,0.02949
2023-12-30 02:00:00+02:00,0.0295,0.02991
2023-12-30 04:00:00+02:00,0.02991,0.02965
2023-12-30 06:00:00+02:00,0.02964,0.03003
2023-12-30 08:00:00+02:00,0.03003,0.02982
2023-12-30 10:00:00+02:00,0.02982,0.02906
2023-12-30 12:00:00+02:00,0.02906,0.02926
2023-12-30 14:00:00+02:00,0.02925,0.02889
2023-12-30 16:00:00+02:00,0.0289,0.02911
2023-12-30 18:00:00+02:00,0.02911,0.0292
2023-12-30 20:00:00+02:00,0.0292,0.0289
2023-12-30 22:00:00+02:00,0.0289,0.02898
2023-12-31 00:00:00+02:00,0.02899,0.02882
2023-12-31 02:00:00+02:00,0.02882,0.0288
2023-12-31 04:00:00+02:00,0.0288,0.0286
2023-12-31 06:00:00+02:00,0.02859,0.02885
2023-12-31 08:00:00+02:00,0.02886,0.02903
2023-12-31 10:00:00+02:00,0.02903,0.02918
2023-12-31 12:00:00+02:00,0.02919,0.02873
2023-12-31 14:00:00+02:00,0.02872,0.0288
2023-12-31 16:00:00+02:00,0.0288,0.02887
2023-12-31 18:00:00+02:00,0.02887,0.02898
2023-12-31 20:00:00+02:00,0.02898,0.02888
2023-12-31 22:00:00+02:00,0.02887,0.02887
2024-01-01 00:00:00+02:00,0.02886,0.02855
2024-01-01 02:00:00+02:00,0.02856,0.02886
2024-01-01 04:00:00+02:00,0.02887,0.02864
2024-01-01 06:00:00+02:00,0.02863,0.02815
2024-01-01 08:00:00+02:00,0.02815,0.02844
2024-01-01 10:00:00+02:00,0.02844,0.02855
2024-01-01 12:00:00+02:00,0.02855,0.02857
2024-01-01 14:00:00+02:00,0.02858,0.02877
2024-01-01 16:00:00+02:00,0.02877,0.02893
2024-01-01 18:00:00+02:00,0.02893,0.0292
2024-01-01 20:00:00+02:00,0.0292,0.02963
2024-01-01 22:00:00+02:00,0.02963,0.02956
2024-01-02 00:00:00+02:00,0.02956,0.02979
2024-01-02 02:00:00+02:00,0.0298,0.03009
2024-01-02 04:00:00+02:00,0.03008,0.03022
2024-01-02 06:00:00+02:00,0.03023,0.02998
2024-01-02 08:00:00+02:00,0.02999,0.03005
2024-01-02 10:00:00+02:00,0.03005,0.03022
2024-01-02 12:00:00+02:00,0.03021,0.03016
2024-01-02 14:00:00+02:00,0.03016,0.03016
2024-01-02 16:00:00+02:00,0.03016,0.02958
2024-01-02 18:00:00+02:00,0.02957,0.02954
2024-01-02 20:00:00+02:00,0.02954,0.02927
2024-01-02 22:00:00+02:00,0.02927,0.02917
2024-01-03 00:00:00+02:00,0.02918,0.02933
2024-01-03 02:00:00+02:00,0.02934,0.03016
2024-01-03 04:00:00+02:00,0.03017,0.0299
2024-01-03 06:00:00+02:00,0.02991,0.03011
2024-01-03 08:00:00+02:00,0.03011,0.0298
2024-01-03 10:00:00+02:00,0.02979,0.03038
2024-01-03 12:00:00+02:00,0.03039,0.029
2024-01-03 14:00:00+02:00,0.02901,0.02591
2024-01-03 16:00:00+02:00,0.02592,0.02667
2024-01-03 18:00:00+02:00,0.02668,0.02654
2024-01-03 20:00:00+02:00,0.02654,0.02639
2024-01-03 22:00:00+02:00,0.02639,0.02687
2024-01-04 00:00:00+02:00,0.02689,0.02673
2024-01-04 02:00:00+02:00,0.02673,0.026
2024-01-04 04:00:00+02:00,0.02601,0.0266
2024-01-04 06:00:00+02:00,0.02661,0.02699
2024-01-04 08:00:00+02:00,0.027,0.02685
2024-01-04 10:00:00+02:00,0.02685,0.02702
2024-01-04 12:00:00+02:00,0.02702,0.02681
2024-01-04 14:00:00+02:00,0.02681,0.02695
2024-01-04 16:00:00+02:00,0.02694,0.02733
2024-01-04 18:00:00+02:00,0.02733,0.02788
2024-01-04 20:00:00+02:00,0.02789,0.02769
2024-01-04 22:00:00+02:00,0.0277,0.02776
2024-01-05 00:00:00+02:00,0.02777,0.02773
2024-01-05 02:00:00+02:00,0.02774,0.02675
2024-01-05 04:00:00+02:00,0.02675,0.02643
2024-01-05 06:00:00+02:00,0.02644,0.02644
2024-01-05 08:00:00+02:00,0.02644,0.02646
2024-01-05 10:00:00+02:00,0.02646,0.02665
2024-01-05 12:00:00+02:00,0.02665,0.02596
2024-01-05 14:00:00+02:00,0.02596,0.02607
2024-01-05 16:00:00+02:00,0.02606,0.02538
2024-01-05 18:00:00+02:00,0.02538,0.02551
2024-01-05 20:00:00+02:00,0.02551,0.02559
2024-01-05 22:00:00+02:00,0.0256,0.02592
2024-01-06 00:00:00+02:00,0.02593,0.02631
2024-01-06 02:00:00+02:00,0.02631,0.02583
2024-01-06 04:00:00+02:00,0.02582,0.02576
2024-01-06 06:00:00+02:00,0.02577,0.02509
2024-01-06 08:00:00+02:00,0.0251,0.02501
2024-01-06 10:00:00+02:00,0.02501,0.02509
2024-01-06 12:00:00+02:00,0.02509,0.02512
2024-01-06 14:00:00+02:00,0.02512,0.02512
2024-01-06 16:00:00+02:00,0.02512,0.02586
2024-01-06 18:00:00+02:00,0.02585,0.0257
2024-01-06 20:00:00+02:00,0.02571,0.02564
2024-01-06 22:00:00+02:00,0.02564,0.02551
2024-01-07 00:00:00+02:00,0.02552,0.02566
2024-01-07 02:00:00+02:00,0.02565,0.02564
2024-01-07 04:00:00+02:00,0.02564,0.0261
2024-01-07 06:00:00+02:00,0.02609,0.02595
2024-01-07 08:00:00+02:00,0.02596,0.02612
2024-01-07 10:00:00+02:00,0.02613,0.02563
2024-01-07 12:00:00+02:00,0.02563,0.02581
2024-01-07 14:00:00+02:00,0.0258,0.026
2024-01-07 16:00:00+02:00,0.02599,0.0254
2024-01-07 18:00:00+02:00,0.0254,0.02524
2024-01-07 20:00:00+02:00,0.02523,0.02527
2024-01-07 22:00:00+02:00,0.02528,0.02487
2024-01-08 00:00:00+02:00,0.02487,0.02401
2024-01-08 02:00:00+02:00,0.02402,0.02335
2024-01-08 04:00:00+02:00,0.02335,0.02275
2024-01-08 06:00:00+02:00,0.02274,0.0233
2024-01-08 08:00:00+02:00,0.0233,0.02365
2024-01-08 10:00:00+02:00,0.02364,0.02344
2024-01-08 12:00:00+02:00,0.02345,0.02421
2024-01-08 14:00:00+02:00,0.02421,0.02428
2024-01-08 16:00:00+02:00,0.02428,0.02445
2024-01-08 18:00:00+02:00,0.02444,0.02469
2024-01-08 20:00:00+02:00,0.02468,0.02529
2024-01-08 22:00:00+02:00,0.02529,0.02524
2024-01-09 00:00:00+02:00,0.02523,0.02548
2024-01-09 02:00:00+02:00,0.02549,0.02497
2024-01-09 04:00:00+02:00,0.02496,0.02501
2024-01-09 06:00:00+02:00,0.02501,0.02513
2024-01-09 08:00:00+02:00,0.02513,0.02497
2024-01-09 10:00:00+02:00,0.02498,0.02428
2024-01-09 12:00:00+02:00,0.02428,0.02442
2024-01-09 14:00:00+02:00,0.02443,0.02409
2024-01-09 16:00:00+02:00,0.02407,0.02374
2024-01-09 18:00:00+02:00,0.02373,0.02354
2024-01-09 20:00:00+02:00,0.02354,0.02343
2024-01-09 22:00:00+02:00,0.02344,0.02326
2024-01-10 00:00:00+02:00,0.02327,0.02402
2024-01-10 02:00:00+02:00,0.02402,0.02417
2024-01-10 04:00:00+02:00,0.02416,0.0241
2024-01-10 06:00:00+02:00,0.02409,0.02414
2024-01-10 08:00:00+02:00,0.02415,0.02396
2024-01-10 10:00:00+02:00,0.02396,0.02431
2024-01-10 12:00:00+02:00,0.02431,0.02412
2024-01-10 14:00:00+02:00,0.02412,0.02354
2024-01-10 16:00:00+02:00,0.02355,0.02416
2024-01-10 18:00:00+02:00,0.02416,0.02422
2024-01-10 20:00:00+02:00,0.02424,0.02441
2024-01-10 22:00:00+02:00,0.02441,0.02556
2024-01-11 00:00:00+02:00,0.02556,0.026
2024-01-11 02:00:00+02:00,0.026,0.02616
2024-01-11 04:00:00+02:00,0.02615,0.0265
2024-01-11 06:00:00+02:00,0.0265,0.02624
2024-01-11 08:00:00+02:00,0.02624,0.02633
2024-01-11 10:00:00+02:00,0.02633,0.02633
2024-01-11 12:00:00+02:00,0.02633,0.02664
2024-01-11 14:00:00+02:00,0.02664,0.02672
2024-01-11 16:00:00+02:00,0.02672,0.02611
2024-01-11 18:00:00+02:00,0.02609,0.02609
2024-01-11 20:00:00+02:00,0.02609,0.02634
2024-01-11 22:00:00+02:00,0.02635,0.02603
2024-01-12 00:00:00+02:00,0.02603,0.02622
2024-01-12 02:00:00+02:00,0.02622,0.0261
2024-01-12 04:00:00+02:00,0.0261,0.02623
2024-01-12 06:00:00+02:00,0.02623,0.02629
2024-01-12 08:00:00+02:00,0.02628,0.02614
2024-01-12 10:00:00+02:00,0.02614,0.02612
2024-01-12 12:00:00+02:00,0.02612,0.02641
2024-01-12 14:00:00+02:00,0.02641,0.02646
2024-01-12 16:00:00+02:00,0.02646,0.0257
2024-01-12 18:00:00+02:00,0.02571,0.02526
2024-01-12 20:00:00+02:00,0.02525,0.02523
2024-01-12 22:00:00+02:00,0.02522,0.02479
2024-01-13 00:00:00+02:00,0.0248,0.02454
2024-01-13 02:00:00+02:00,0.02455,0.02423
2024-01-13 04:00:00+02:00,0.02423,0.02429
2024-01-13 06:00:00+02:00,0.0243,0.02481
2024-01-13 08:00:00+02:00,0.02482,0.02475
2024-01-13 10:00:00+02:00,0.02475,0.02467
2024-01-13 12:00:00+02:00,0.02467,0.02458
2024-01-13 14:00:00+02:00,0.02457,0.02463
2024-01-13 16:00:00+02:00,0.02464,0.02491
2024-01-13 18:00:00+02:00,0.0249,0.02498
2024-01-13 20:00:00+02:00,0.02497,0.02511
2024-01-13 22:00:00+02:00,0.02511,0.02518
2024-01-14 00:00:00+02:00,0.02518,0.02508
2024-01-14 02:00:00+02:00,0.02507,0.02493
2024-01-14 04:00:00+02:00,0.02492,0.02474
2024-01-14 06:00:00+02:00,0.02473,0.02481
2024-01-14 08:00:00+02:00,0.02481,0.02498
2024-01-14 10:00:00+02:00,0.02499,0.02524
2024-01-14 12:00:00+02:00,0.02523,0.02481
2024-01-14 14:00:00+02:00,0.02482,0.02498
2024-01-14 16:00:00+02:00,0.02498,0.02496
2024-01-14 18:00:00+02:00,0.02497,0.02494
2024-01-14 20:00:00+02:00,0.02494,0.02445
2024-01-14 22:00:00+02:00,0.02445,0.02468
2024-01-15 00:00:00+02:00,0.02469,0.02408
2024-01-15 02:00:00+02:00,0.02408,0.02457
2024-01-15 04:00:00+02:00,0.02457,0.02482
2024-01-15 06:00:00+02:00,0.02483,0.02486
2024-01-15 08:00:00+02:00,0.02487,0.02476
2024-01-15 10:00:00+02:00,0.02477,0.02486
2024-01-15 12:00:00+02:00,0.02485,0.02482
2024-01-15 14:00:00+02:00,0.02483,0.02481
2024-01-15 16:00:00+02:00,0.02481,0.02433
2024-01-15 18:00:00+02:00,0.02433,0.02469
2024-01-15 20:00:00+02:00,0.02469,0.02494
2024-01-15 22:00:00+02:00,0.02494,0.02477
2024-01-16 00:00:00+02:00,0.02477,0.02481
2024-01-16 02:00:00+02:00,0.02481,0.02484
2024-01-16 04:00:00+02:00,0.02485,0.02503
2024-01-16 06:00:00+02:00,0.02503,0.02484
2024-01-16 08:00:00+02:00,0.02485,0.02538
2024-01-16 10:00:00+02:00,0.02539,0.02542
2024-01-16 12:00:00+02:00,0.02542,0.02535
2024-01-16 14:00:00+02:00,0.02535,0.02506
2024-01-16 16:00:00+02:00,0.02504,0.02524
2024-01-16 18:00:00+02:00,0.02524,0.02539
2024-01-16 20:00:00+02:00,0.02538,0.02565
2024-01-16 22:00:00+02:00,0.02565,0.02579
2024-01-17 00:00:00+02:00,0.02579,0.02568
2024-01-17 02:00:00+02:00,0.02567,0.02557
2024-01-17 04:00:00+02:00,0.02557,0.02557
2024-01-17 06:00:00+02:00,0.02557,0.02523
2024-01-17 08:00:00+02:00,0.02524,0.02506
2024-01-17 10:00:00+02:00,0.02506,0.02566
2024-01-17 12:00:00+02:00,0.02566,0.02571
2024-01-17 14:00:00+02:00,0.0257,0.02542
2024-01-17 16:00:00+02:00,0.02542,0.02531
2024-01-17 18:00:00+02:00,0.02532,0.02528
2024-01-17 20:00:00+02:00,0.02528,0.02549
2024-01-17 22:00:00+02:00,0.02549,0.02539
2024-01-18 00:00:00+02:00,0.02538,0.02551
2024-01-18 02:00:00+02:00,0.02552,0.02517
2024-01-18 04:00:00+02:00,0.02518,0.02498
2024-01-18 06:00:00+02:00,0.02498,0.02523
2024-01-18 08:00:00+02:00,0.02523,0.0255
2024-01-18 10:00:00+02:00,0.02549,0.02521
2024-01-18 12:00:00+02:00,0.0252,0.02506
2024-01-18 14:00:00+02:00,0.02506,0.02495
2024-01-18 16:00:00+02:00,0.02495,0.02499
2024-01-18 18:00:00+02:00,0.02499,0.02424
2024-01-18 20:00:00+02:00,0.02423,0.02375
2024-01-18 22:00:00+02:00,0.02375,0.02409
2024-01-19 00:00:00+02:00,0.02409,0.02425
2024-01-19 02:00:00+02:00,0.02425,0.02392
2024-01-19 04:00:00+02:00,0.02392,0.02395
2024-01-19 06:00:00+02:00,0.02395,0.0242
2024-01-19 08:00:00+02:00,0.0242,0.02423
2024-01-19 10:00:00+02:00,0.02422,0.02442
2024-01-19 12:00:00+02:00,0.02441,0.0244
2024-01-19 14:00:00+02:00,0.02439,0.02435
2024-01-19 16:00:00+02:00,0.02434,0.02386
2024-01-19 18:00:00+02:00,0.02385,0.02369
2024-01-19 20:00:00+02:00,0.02368,0.02411
2024-01-19 22:00:00+02:00,0.02411,0.02427
2024-01-20 00:00:00+02:00,0.02426,0.02423
2024-01-20 02:00:00+02:00,0.02423,0.02434
2024-01-20 04:00:00+02:00,0.02434,0.02425
2024-01-20 06:00:00+02:00,0.02424,0.02415
2024-01-20 08:00:00+02:00,0.02414,0.02408
2024-01-20 10:00:00+02:00,0.02408,0.02386
2024-01-20 12:00:00+02:00,0.02385,0.02401
2024-01-20 14:00:00+02:00,0.024,0.02414
2024-01-20 16:00:00+02:00,0.02414,0.0241
2024-01-20 18:00:00+02:00,0.0241,0.02415
2024-01-20 20:00:00+02:00,0.02415,0.02419
2024-01-20 22:00:00+02:00,0.02419,0.02433
2024-01-21 00:00:00+02:00,0.02432,0.02452
2024-01-21 02:00:00+02:00,0.02452,0.02434
2024-01-21 04:00:00+02:00,0.02434,0.02447
2024-01-21 06:00:00+02:00,0.02446,0.02458
2024-01-21 08:00:00+02:00,0.02457,0.02465
2024-01-21 10:00:00+02:00,0.02465,0.02462
2024-01-21 12:00:00+02:00,0.02461,0.02454
2024-01-21 14:00:00+02:00,0.02453,0.02462
2024-01-21 16:00:00+02:00,0.02462,0.02452
2024-01-21 18:00:00+02:00,0.02451,0.02464
2024-01-21 20:00:00+02:00,0.02463,0.0247
2024-01-21 22:00:00+02:00,0.02469,0.02464
2024-01-22 00:00:00+02:00,0.02463,0.02438
2024-01-22 02:00:00+02:00,0.02439,0.02381
2024-01-22 04:00:00+02:00,0.0238,0.02379
2024-01-22 06:00:00+02:00,0.02378,0.02404
2024-01-22 08:00:00+02:00,0.02405,0.0239
2024-01-22 10:00:00+02:00,0.0239,0.02354
2024-01-22 12:00:00+02:00,0.02354,0.02354
2024-01-22 14:00:00+02:00,0.02354,0.02365
2024-01-22 16:00:00+02:00,0.02365,0.02329
2024-01-22 18:00:00+02:00,0.0233,0.02321
2024-01-22 20:00:00+02:00,0.02321,0.02296
2024-01-22 22:00:00+02:00,0.02297,0.02318
2024-01-23 00:00:00+02:00,0.02318,0.02295
2024-01-23 02:00:00+02:00,0.02295,0.02302
2024-01-23 04:00:00+02:00,0.02302,0.02326
2024-01-23 06:00:00+02:00,0.02326,0.02342
2024-01-23 08:00:00+02:00,0.0234,0.02287
2024-01-23 10:00:00+02:00,0.02286,0.02183
2024-01-23 12:00:00+02:00,0.02183,0.02191
2024-01-23 14:00:00+02:00,0.0219,0.02169
2024-01-23 16:00:00+02:00,0.0217,0.02217
2024-01-23 18:00:00+02:00,0.02217,0.02211
2024-01-23 20:00:00+02:00,0.02212,0.02187
2024-01-23 22:00:00+02:00,0.02188,0.02201
2024-01-24 00:00:00+02:00,0.02201,0.02253
2024-01-24 02:00:00+02:00,0.02253,0.02213
2024-01-24 04:00:00+02:00,0.02214,0.02208
2024-01-24 06:00:00+02:00,0.02209,0.02224
2024-01-24 08:00:00+02:00,0.02225,0.02257
2024-01-24 10:00:00+02:00,0.02259,0.02274
2024-01-24 12:00:00+02:00,0.02274,0.02278
2024-01-24 14:00:00+02:00,0.02279,0.02261
2024-01-24 16:00:00+02:00,0.02262,0.02275
2024-01-24 18:00:00+02:00,0.02276,0.02283
2024-01-24 20:00:00+02:00,0.02283,0.02269
2024-01-24 22:00:00+02:00,0.02269,0.02269
2024-01-25 00:00:00+02:00,0.02269,0.02293
2024-01-25 02:00:00+02:00,0.02294,0.02282
2024-01-25 04:00:00+02:00,0.02282,0.02295
2024-01-25 06:00:00+02:00,0.02296,0.02308
2024-01-25 08:00:00+02:00,0.02309,0.02394
2024-01-25 10:00:00+02:00,0.02394,0.02359
2024-01-25 12:00:00+02:00,0.02359,0.0236
2024-01-25 14:00:00+02:00,0.0236,0.02339
2024-01-25 16:00:00+02:00,0.02339,0.02302
2024-01-25 18:00:00+02:00,0.02302,0.02289
2024-01-25 20:00:00+02:00,0.02288,0.02301
2024-01-25 22:00:00+02:00,0.02301,0.02304
2024-01-26 00:00:00+02:00,0.02304,0.02314
2024-01-26 02:00:00+02:00,0.02314,0.02299
2024-01-26 04:00:00+02:00,0.02299,0.02333
2024-01-26 06:00:00+02:00,0.02332,0.02324
2024-01-26 08:00:00+02:00,0.02324,0.02306
2024-01-26 10:00:00+02:00,0.02306,0.02317
2024-01-26 12:00:00+02:00,0.02316,0.02372
2024-01-26 14:00:00+02:00,0.02373,0.02363
2024-01-26 16:00:00+02:00,0.02363,0.02384
2024-01-26 18:00:00+02:00,0.02383,0.02463
2024-01-26 20:00:00+02:00,0.02463,0.02436
2024-01-26 22:00:00+02:00,0.02437,0.02429
2024-01-27 00:00:00+02:00,0.02429,0.0243
2024-01-27 02:00:00+02:00,0.02431,0.02429
2024-01-27 04:00:00+02:00,0.02429,0.02422
2024-01-27 06:00:00+02:00,0.02423,0.02412
2024-01-27 08:00:00+02:00,0.02412,0.02399
2024-01-27 10:00:00+02:00,0.02399,0.02412
2024-01-27 12:00:00+02:00,0.02412,0.0241
2024-01-27 14:00:00+02:00,0.02409,0.02418
2024-01-27 16:00:00+02:00,0.02418,0.02443
2024-01-27 18:00:00+02:00,0.02443,0.02445
2024-01-27 20:00:00+02:00,0.02445,0.02449
2024-01-27 22:00:00+02:00,0.02449,0.02472
2024-01-28 00:00:00+02:00,0.02472,0.02498
2024-01-28 02:00:00+02:00,0.02498,0.02504
2024-01-28 04:00:00+02:00,0.02504,0.02496
2024-01-28 06:00:00+02:00,0.02496,0.02494
2024-01-28 08:00:00+02:00,0.02494,0.02449
2024-01-28 10:00:00+02:00,0.02448,0.0246
2024-01-28 12:00:00+02:00,0.02459,0.02442
2024-01-28 14:00:00+02:00,0.02441,0.02433
2024-01-28 16:00:00+02:00,0.02433,0.02427
2024-01-28 18:00:00+02:00,0.02427,0.02422
2024-01-28 20:00:00+02:00,0.02422,0.02396
2024-01-28 22:00:00+02:00,0.02396,0.02415
2024-01-29 00:00:00+02:00,0.02414,0.024
2024-01-29 02:00:00+02:00,0.024,0.02415
2024-01-29 04:00:00+02:00,0.02415,0.02421
2024-01-29 06:00:00+02:00,0.0242,0.0241
2024-01-29 08:00:00+02:00,0.0241,0.02412
2024-01-29 10:00:00+02:00,0.02411,0.0243
2024-01-29 12:00:00+02:00,0.02431,0.02432
2024-01-29 14:00:00+02:00,0.02432,0.0242
2024-01-29 16:00:00+02:00,0.0242,0.0247
2024-01-29 18:00:00+02:00,0.0247,0.02476
2024-01-29 20:00:00+02:00,0.02475,0.02468
2024-01-29 22:00:00+02:00,0.02468,0.02475
2024-01-30 00:00:00+02:00,0.02475,0.02474
2024-01-30 02:00:00+02:00,0.02475,0.02471
2024-01-30 04:00:00+02:00,0.02471,0.02461
2024-01-30 06:00:00+02:00,0.0246,0.02462
2024-01-30 08:00:00+02:00,0.02461,0.02465
2024-01-30 10:00:00+02:00,0.02464,0.02476
2024-01-30 12:00:00+02:00,0.02475,0.02492
2024-01-30 14:00:00+02:00,0.02492,0.0245
2024-01-30 16:00:00+02:00,0.0245,0.02473
2024-01-30 18:00:00+02:00,0.02474,0.02492
2024-01-30 20:00:00+02:00,0.02493,0.02479
2024-01-30 22:00:00+02:00,0.0248,0.02469
2024-01-31 00:00:00+02:00,0.0247,0.0243
2024-01-31 02:00:00+02:00,0.02431,0.02402
2024-01-31 04:00:00+02:00,0.02402,0.0241
2024-01-31 06:00:00+02:00,0.02411,0.02425
2024-01-31 08:00:00+02:00,0.02424,0.02414
2024-01-31 10:00:00+02:00,0.02414,0.02361
2024-01-31 12:00:00+02:00,0.02361,0.0237
2024-01-31 14:00:00+02:00,0.02369,0.02359
2024-01-31 16:00:00+02:00,0.02358,0.0237
2024-01-31 18:00:00+02:00,0.02369,0.02401
2024-01-31 20:00:00+02:00,0.02401,0.02391
2024-01-31 22:00:00+02:00,0.0239,0.02341
2024-02-01 00:00:00+02:00,0.0234,0.02349
2024-02-01 02:00:00+02:00,0.02349,0.02302
2024-02-01 04:00:00+02:00,0.02301,0.02332
2024-02-01 06:00:00+02:00,0.02331,0.02323
2024-02-01 08:00:00+02:00,0.02323,0.02324
2024-02-01 10:00:00+02:00,0.02324,0.02331
2024-02-01 12:00:00+02:00,0.02331,0.02325
2024-02-01 14:00:00+02:00,0.02325,0.0233
2024-02-01 16:00:00+02:00,0.0233,0.02341
2024-02-01 18:00:00+02:00,0.02341,0.02348
2024-02-01 20:00:00+02:00,0.02348,0.02347
2024-02-01 22:00:00+02:00,0.02346,0.02353
2024-02-02 00:00:00+02:00,0.02352,0.02353
2024-02-02 02:00:00+02:00,0.02352,0.02357
2024-02-02 04:00:00+02:00,0.02356,0.02352
2024-02-02 06:00:00+02:00,0.02352,0.02353
2024-02-02 08:00:00+02:00,0.02353,0.0236
2024-02-02 10:00:00+02:00,0.02359,0.02344
2024-02-02 12:00:00+02:00,0.02344,0.02356
2024-02-02 14:00:00+02:00,0.02355,0.02334
2024-02-02 16:00:00+02:00,0.02334,0.02388
2024-02-02 18:00:00+02:00,0.02388,0.02378
2024-02-02 20:00:00+02:00,0.02378,0.0238
2024-02-02 22:00:00+02:00,0.02381,0.02374
2024-02-03 00:00:00+02:00,0.02374,0.02381
2024-02-03 02:00:00+02:00,0.02381,0.02395
2024-02-03 04:00:00+02:00,0.02394,0.02381
2024-02-03 06:00:00+02:00,0.02381,0.0239
2024-02-03 08:00:00+02:00,0.02389,0.02388
2024-02-03 10:00:00+02:00,0.02389,0.02395
2024-02-03 12:00:00+02:00,0.02396,0.02386
2024-02-03 14:00:00+02:00,0.02387,0.02409
2024-02-03 16:00:00+02:00,0.02409,0.02424
2024-02-03 18:00:00+02:00,0.02424,0.02414
2024-02-03 20:00:00+02:00,0.02413,0.02475
2024-02-03 22:00:00+02:00,0.02476,0.02437
2024-02-04 00:00:00+02:00,0.02438,0.02418
2024-02-04 02:00:00+02:00,0.02417,0.024
2024-02-04 04:00:00+02:00,0.024,0.02404
2024-02-04 06:00:00+02:00,0.02405,0.02381
2024-02-04 08:00:00+02:00,0.02381,0.02375
2024-02-04 10:00:00+02:00,0.02376,0.02388
2024-02-04 12:00:00+02:00,0.02389,0.02404
2024-02-04 14:00:00+02:00,0.02404,0.02398
2024-02-04 16:00:00+02:00,0.02398,0.02395
2024-02-04 18:00:00+02:00,0.02396,0.02393
2024-02-04 20:00:00+02:00,0.02394,0.02377
2024-02-04 22:00:00+02:00,0.02376,0.02392
2024-02-05 00:00:00+02:00,0.02392,0.02369
2024-02-05 02:00:00+02:00,0.02369,0.02356
2024-02-05 04:00:00+02:00,0.02357,0.02395
2024-02-05 06:00:00+02:00,0.02394,0.02388
2024-02-05 08:00:00+02:00,0.02387,0.02395
2024-02-05 10:00:00+02:00,0.02395,0.02389
2024-02-05 12:00:00+02:00,0.02389,0.02402
2024-02-05 14:00:00+02:00,0.02402,0.02409
2024-02-05 16:00:00+02:00,0.0241,0.02371
2024-02-05 18:00:00+02:00,0.02371,0.02379
2024-02-05 20:00:00+02:00,0.0238,0.02388
2024-02-05 22:00:00+02:00,0.02389,0.02372
2024-02-06 00:00:00+02:00,0.02371,0.02382
2024-02-06 02:00:00+02:00,0.02381,0.02365
2024-02-06 04:00:00+02:00,0.02366,0.02384
2024-02-06 06:00:00+02:00,0.02383,0.02375
2024-02-06 08:00:00+02:00,0.02375,0.02385
2024-02-06 10:00:00+02:00,0.02385,0.02389
2024-02-06 12:00:00+02:00,0.02389,0.02366
2024-02-06 14:00:00+02:00,0.02365,0.02364
2024-02-06 16:00:00+02:00,0.02364,0.0238
2024-02-06 18:00:00+02:00,0.0238,0.02391
2024-02-06 20:00:00+02:00,0.02392,0.02409
2024-02-06 22:00:00+02:00,0.0241,0.02409
2024-02-07 00:00:00+02:00,0.02408,0.02401
2024-02-07 02:00:00+02:00,0.02401,0.02425
2024-02-07 04:00:00+02:00,0.02425,0.02407
2024-02-07 06:00:00+02:00,0.02406,0.02406
2024-02-07 08:00:00+02:00,0.02405,0.02392
2024-02-07 10:00:00+02:00,0.02392,0.02404
2024-02-07 12:00:00+02:00,0.02404,0.02393
2024-02-07 14:00:00+02:00,0.02394,0.02397
2024-02-07 16:00:00+02:00,0.02398,0.024
2024-02-07 18:00:00+02:00,0.02401,0.02423
2024-02-07 20:00:00+02:00,0.02423,0.0242
2024-02-07 22:00:00+02:00,0.0242,0.02442
2024-02-08 00:00:00+02:00,0.02442,0.02443
2024-02-08 02:00:00+02:00,0.02443,0.02442
2024-02-08 04:00:00+02:00,0.02442,0.02431
2024-02-08 06:00:00+02:00,0.02431,0.02434
2024-02-08 08:00:00+02:00,0.02435,0.0243
2024-02-08 10:00:00+02:00,0.0243,0.02439
2024-02-08 12:00:00+02:00,0.02439,0.02436
2024-02-08 14:00:00+02:00,0.02436,0.02445
2024-02-08 16:00:00+02:00,0.02445,0.02459
2024-02-08 18:00:00+02:00,0.02458,0.02421
2024-02-08 20:00:00+02:00,0.02422,0.02418
2024-02-08 22:00:00+02:00,0.02419,0.02433
2024-02-09 00:00:00+02:00,0.02433,0.02438
2024-02-09 02:00:00+02:00,0.02439,0.0245
2024-02-09 04:00:00+02:00,0.02449,0.02454
2024-02-09 06:00:00+02:00,0.02454,0.02459
2024-02-09 08:00:00+02:00,0.02459,0.02457
2024-02-09 10:00:00+02:00,0.02456,0.02472
2024-02-09 12:00:00+02:00,0.02472,0.02487
2024-02-09 14:00:00+02:00,0.02487,0.02494
2024-02-09 16:00:00+02:00,0.02494,0.02471
2024-02-09 18:00:00+02:00,0.02472,0.02484
2024-02-09 20:00:00+02:00,0.02483,0.02484
2024-02-09 22:00:00+02:00,0.02484,0.02493
2024-02-10 00:00:00+02:00,0.02493,0.02488
2024-02-10 02:00:00+02:00,0.02489,0.025
2024-02-10 04:00:00+02:00,0.02499,0.0251
2024-02-10 06:00:00+02:00,0.0251,0.02491
2024-02-10 08:00:00+02:00,0.02491,0.02478
2024-02-10 10:00:00+02:00,0.02478,0.0246
2024-02-10 12:00:00+02:00,0.02461,0.02462
2024-02-10 14:00:00+02:00,0.02463,0.02456
2024-02-10 16:00:00+02:00,0.02457,0.02469
2024-02-10 18:00:00+02:00,0.02469,0.02467
2024-02-10 20:00:00+02:00,0.02468,0.02476
2024-02-10 22:00:00+02:00,0.02477,0.02476
2024-02-11 00:00:00+02:00,0.02476,0.02464
2024-02-11 02:00:00+02:00,0.02464,0.02474
2024-02-11 04:00:00+02:00,0.02474,0.02488
2024-02-11 06:00:00+02:00,0.02489,0.02481
2024-02-11 08:00:00+02:00,0.02481,0.02507
2024-02-11 10:00:00+02:00,0.02508,0.02505
2024-02-11 12:00:00+02:00,0.02505,0.02498
2024-02-11 14:00:00+02:00,0.02497,0.02504
2024-02-11 16:00:00+02:00,0.02504,0.02493
2024-02-11 18:00:00+02:00,0.02492,0.02486
2024-02-11 20:00:00+02:00,0.02485,0.02483
2024-02-11 22:00:00+02:00,0.02483,0.02466
2024-02-12 00:00:00+02:00,0.02466,0.02464
2024-02-12 02:00:00+02:00,0.02465,0.02492
2024-02-12 04:00:00+02:00,0.02491,0.02485
2024-02-12 06:00:00+02:00,0.02486,0.02491
2024-02-12 08:00:00+02:00,0.02491,0.02495
2024-02-12 10:00:00+02:00,0.02495,0.02463
2024-02-12 12:00:00+02:00,0.02462,0.02453
2024-02-12 14:00:00+02:00,0.02452,0.02461
2024-02-12 16:00:00+02:00,0.02461,0.02506
2024-02-12 18:00:00+02:00,0.02506,0.02527
2024-02-12 20:00:00+02:00,0.02528,0.02507
2024-02-12 22:00:00+02:00,0.02508,0.02516
2024-02-13 00:00:00+02:00,0.02517,0.02525
2024-02-13 02:00:00+02:00,0.02526,0.02531
2024-02-13 04:00:00+02:00,0.0253,0.02494
2024-02-13 06:00:00+02:00,0.02494,0.02515
2024-02-13 08:00:00+02:00,0.02514,0.02516
2024-02-13 10:00:00+02:00,0.02515,0.02528
2024-02-13 12:00:00+02:00,0.02527,0.0251
2024-02-13 14:00:00+02:00,0.02511,0.02477
2024-02-13 16:00:00+02:00,0.02475,0.02467
2024-02-13 18:00:00+02:00,0.02466,0.02471
2024-02-13 20:00:00+02:00,0.02471,0.02481
2024-02-13 22:00:00+02:00,0.02482,0.02489
2024-02-14 00:00:00+02:00,0.02488,0.02488
2024-02-14 02:00:00+02:00,0.02488,0.02472
2024-02-14 04:00:00+02:00,0.02472,0.02497
2024-02-14 06:00:00+02:00,0.02498,0.02531
2024-02-14 08:00:00+02:00,0.02532,0.02536
2024-02-14 10:00:00+02:00,0.02537,0.02577
2024-02-14 12:00:00+02:00,0.02578,0.02581
2024-02-14 14:00:00+02:00,0.02581,0.02626
2024-02-14 16:00:00+02:00,0.02627,0.02603
2024-02-14 18:00:00+02:00,0.02604,0.0265
2024-02-14 20:00:00+02:00,0.02651,0.02708
2024-02-14 22:00:00+02:00,0.02708,0.02666
2024-02-15 00:00:00+02:00,0.02667,0.02655
2024-02-15 02:00:00+02:00,0.02656,0.02667
2024-02-15 04:00:00+02:00,0.02665,0.02709
2024-02-15 06:00:00+02:00,0.02709,0.02659
2024-02-15 08:00:00+02:00,0.02659,0.0269
2024-02-15 10:00:00+02:00,0.02689,0.02727
2024-02-15 12:00:00+02:00,0.02727,0.02729
2024-02-15 14:00:00+02:00,0.02728,0.02776
2024-02-15 16:00:00+02:00,0.02775,0.02732
2024-02-15 18:00:00+02:00,0.02732,0.02733
2024-02-15 20:00:00+02:00,0.02733,0.02803
2024-02-15 22:00:00+02:00,0.02803,0.02769
2024-02-16 00:00:00+02:00,0.02769,0.02794
2024-02-16 02:00:00+02:00,0.02795,0.0279
2024-02-16 04:00:00+02:00,0.02789,0.02778
2024-02-16 06:00:00+02:00,0.02779,0.02801
2024-02-16 08:00:00+02:00,0.02801,0.02774
2024-02-16 10:00:00+02:00,0.02775,0.02825
2024-02-16 12:00:00+02:00,0.02824,0.02852
2024-02-16 14:00:00+02:00,0.02852,0.02814
2024-02-16 16:00:00+02:00,0.02815,0.02773
2024-02-16 18:00:00+02:00,0.02772,0.02776
2024-02-16 20:00:00+02:00,0.02776,0.02778
2024-02-16 22:00:00+02:00,0.02778,0.02815
2024-02-17 00:00:00+02:00,0.02814,0.028
2024-02-17 02:00:00+02:00,0.028,0.02751
2024-02-17 04:00:00+02:00,0.02751,0.02777
2024-02-17 06:00:00+02:00,0.02778,0.02806
2024-02-17 08:00:00+02:00,0.02806,0.02805
2024-02-17 10:00:00+02:00,0.02804,0.02786
2024-02-17 12:00:00+02:00,0.02785,0.02773
2024-02-17 14:00:00+02:00,0.02772,0.0273
2024-02-17 16:00:00+02:00,0.02729,0.02717
2024-02-17 18:00:00+02:00,0.02716,0.02733
2024-02-17 20:00:00+02:00,0.02732,0.02735
2024-02-17 22:00:00+02:00,0.02735,0.02762
2024-02-18 00:00:00+02:00,0.02762,0.02755
2024-02-18 02:00:00+02:00,0.02754,0.0274
2024-02-18 04:00:00+02:00,0.0274,0.02767
2024-02-18 06:00:00+02:00,0.02768,0.02828
2024-02-18 08:00:00+02:00,0.02827,0.0283
2024-02-18 10:00:00+02:00,0.02829,0.02893
2024-02-18 12:00:00+02:00,0.02894,0.02903
2024-02-18 14:00:00+02:00,0.02903,0.02878
2024-02-18 16:00:00+02:00,0.02878,0.0288
2024-02-18 18:00:00+02:00,0.02881,0.02877
2024-02-18 20:00:00+02:00,0.02877,0.02866
2024-02-18 22:00:00+02:00,0.02865,0.0286
2024-02-19 00:00:00+02:00,0.0286,0.02865
2024-02-19 02:00:00+02:00,0.02865,0.02852
2024-02-19 04:00:00+02:00,0.02852,0.02848
2024-02-19 06:00:00+02:00,0.02849,0.02858
2024-02-19 08:00:00+02:00,0.02858,0.02892
2024-02-19 10:00:00+02:00,0.02891,0.02884
2024-02-19 12:00:00+02:00,0.02885,0.02904
2024-02-19 14:00:00+02:00,0.02904,0.02901
2024-02-19 16:00:00+02:00,0.02901,0.02926
2024-02-19 18:00:00+02:00,0.02926,0.02905
2024-02-19 20:00:00+02:00,0.02906,0.02951
2024-02-19 22:00:00+02:00,0.02951,0.03005
2024-02-20 00:00:00+02:00,0.03005,0.03053
2024-02-20 02:00:00+02:00,0.03052,0.02995
2024-02-20 04:00:00+02:00,0.02995,0.03011
2024-02-20 06:00:00+02:00,0.03011,0.03049
2024-02-20 08:00:00+02:00,0.03049,0.03096
2024-02-20 10:00:00+02:00,0.03096,0.03032
2024-02-20 12:00:00+02:00,0.03032,0.03144
2024-02-20 14:00:00+02:00,0.03143,0.03164
2024-02-20 16:00:00+02:00,0.03164,0.03007
2024-02-20 18:00:00+02:00,0.03008,0.03027
2024-02-20 20:00:00+02:00,0.03027,0.03105
2024-02-20 22:00:00+02:00,0.03104,0.03191
2024-02-21 00:00:00+02:00,0.03192,0.03181
2024-02-21 02:00:00+02:00,0.03182,0.0318
2024-02-21 04:00:00+02:00,0.03179,0.03171
2024-02-21 06:00:00+02:00,0.03171,0.03082
2024-02-21 08:00:00+02:00,0.03081,0.03006
2024-02-21 10:00:00+02:00,0.03006,0.02934
2024-02-21 12:00:00+02:00,0.02933,0.02914
2024-02-21 14:00:00+02:00,0.02914,0.02943
2024-02-21 16:00:00+02:00,0.02943,0.02917
2024-02-21 18:00:00+02:00,0.02917,0.0287
2024-02-21 20:00:00+02:00,0.02871,0.02871
2024-02-21 22:00:00+02:00,0.02871,0.02949
2024-02-22 00:00:00+02:00,0.0295,0.02977
2024-02-22 02:00:00+02:00,0.02978,0.02963
2024-02-22 04:00:00+02:00,0.02963,0.02973
2024-02-22 06:00:00+02:00,0.02973,0.02935
2024-02-22 08:00:00+02:00,0.02934,0.03041
2024-02-22 10:00:00+02:00,0.03041,0.03072
2024-02-22 12:00:00+02:00,0.03072,0.0304
2024-02-22 14:00:00+02:00,0.03039,0.02978
2024-02-22 16:00:00+02:00,0.02979,0.03026
2024-02-22 18:00:00+02:00,0.03025,0.0305
2024-02-22 20:00:00+02:00,0.03049,0.03026
2024-02-22 22:00:00+02:00,0.03026,0.03025
2024-02-23 00:00:00+02:00,0.03026,0.03009
2024-02-23 02:00:00+02:00,0.0301,0.02994
2024-02-23 04:00:00+02:00,0.02994,0.02941
2024-02-23 06:00:00+02:00,0.02941,0.02938
2024-02-23 08:00:00+02:00,0.02937,0.02929
2024-02-23 10:00:00+02:00,0.02929,0.02929
2024-02-23 12:00:00+02:00,0.02928,0.02966
2024-02-23 14:00:00+02:00,0.02966,0.02945
2024-02-23 16:00:00+02:00,0.02945,0.02906
2024-02-23 18:00:00+02:00,0.02907,0.02954
2024-02-23 20:00:00+02:00,0.02955,0.02977
2024-02-23 22:00:00+02:00,0.02978,0.0296
2024-02-24 00:00:00+02:00,0.0296,0.02947
2024-02-24 02:00:00+02:00,0.02948,0.02864
2024-02-24 04:00:00+02:00,0.02864,0.0294
2024-02-24 06:00:00+02:00,0.0294,0.03004
2024-02-24 08:00:00+02:00,0.03005,0.03141
2024-02-24 10:00:00+02:00,0.03141,0.03215
2024-02-24 12:00:00+02:00,0.03215,0.03111
2024-02-24 14:00:00+02:00,0.03111,0.03132
2024-02-24 16:00:00+02:00,0.03133,0.0307
2024-02-24 18:00:00+02:00,0.0307,0.03099
2024-02-24 20:00:00+02:00,0.03099,0.03117
2024-02-24 22:00:00+02:00,0.03118,0.03118
2024-02-25 00:00:00+02:00,0.03117,0.03071
2024-02-25 02:00:00+02:00,0.03071,0.03154
2024-02-25 04:00:00+02:00,0.03155,0.03188
2024-02-25 06:00:00+02:00,0.03189,0.03251
2024-02-25 08:00:00+02:00,0.0325,0.03256
2024-02-25 10:00:00+02:00,0.03256,0.03334
2024-02-25 12:00:00+02:00,0.03333,0.03259
2024-02-25 14:00:00+02:00,0.03258,0.03193
2024-02-25 16:00:00+02:00,0.03192,0.03165
2024-02-25 18:00:00+02:00,0.03164,0.03206
2024-02-25 20:00:00+02:00,0.03206,0.03201
2024-02-25 22:00:00+02:00,0.032,0.03235
2024-02-26 00:00:00+02:00,0.03234,0.03242
2024-02-26 02:00:00+02:00,0.03242,0.0329
2024-02-26 04:00:00+02:00,0.03289,0.03319
2024-02-26 06:00:00+02:00,0.03319,0.0327
2024-02-26 08:00:00+02:00,0.03269,0.03226
2024-02-26 10:00:00+02:00,0.03223,0.03129
2024-02-26 12:00:00+02:00,0.03129,0.03221
2024-02-26 14:00:00+02:00,0.03222,0.03162
2024-02-26 16:00:00+02:00,0.03162,0.03281
2024-02-26 18:00:00+02:00,0.03281,0.03332
2024-02-26 20:00:00+02:00,0.03333,0.03327
2024-02-26 22:00:00+02:00,0.03327,0.03332
2024-02-27 00:00:00+02:00,0.03331,0.03304
2024-02-27 02:00:00+02:00,0.03305,0.03319
2024-02-27 04:00:00+02:00,0.03318,0.03251
2024-02-27 06:00:00+02:00,0.03252,0.03313
2024-02-27 08:00:00+02:00,0.03314,0.03354
2024-02-27 10:00:00+02:00,0.03353,0.03469
2024-02-27 12:00:00+02:00,0.0347,0.03477
2024-02-27 14:00:00+02:00,0.03477,0.03384
2024-02-27 16:00:00+02:00,0.03384,0.0337
2024-02-27 18:00:00+02:00,0.0337,0.03431
2024-02-27 20:00:00+02:00,0.03431,0.03401
2024-02-27 22:00:00+02:00,0.03402,0.03407
2024-02-28 00:00:00+02:00,0.03408,0.03395
2024-02-28 02:00:00+02:00,0.03395,0.03392
2024-02-28 04:00:00+02:00,0.03392,0.03385
2024-02-28 06:00:00+02:00,0.03385,0.03418
2024-02-28 08:00:00+02:00,0.03418,0.03406
2024-02-28 10:00:00+02:00,0.03407,0.03417
2024-02-28 12:00:00+02:00,0.03418,0.03407
2024-02-28 14:00:00+02:00,0.03409,0.03504
2024-02-28 16:00:00+02:00,0.03505,0.03561
2024-02-28 18:00:00+02:00,0.03561,0.03416
2024-02-28 20:00:00+02:00,0.03416,0.03388
2024-02-28 22:00:00+02:00,0.03389,0.03464
2024-02-29 00:00:00+02:00,0.03463,0.03451
2024-02-29 02:00:00+02:00,0.03452,0.03446
2024-02-29 04:00:00+02:00,0.03446,0.03473
2024-02-29 06:00:00+02:00,0.03474,0.03479
2024-02-29 08:00:00+02:00,0.03479,0.03562
2024-02-29 10:00:00+02:00,0.03563,0.03618
2024-02-29 12:00:00+02:00,0.03617,0.03571
2024-02-29 14:00:00+02:00,0.03571,0.03628
2024-02-29 16:00:00+02:00,0.03628,0.0361
2024-02-29 18:00:00+02:00,0.03611,0.03473
2024-02-29 20:00:00+02:00,0.03472,0.03541
2024-02-29 22:00:00+02:00,0.0354,0.03752
2024-03-01 00:00:00+02:00,0.03752,0.03707
2024-03-01 02:00:00+02:00,0.03708,0.03784
2024-03-01 04:00:00+02:00,0.03783,0.0374
2024-03-01 06:00:00+02:00,0.0374,0.03779
2024-03-01 08:00:00+02:00,0.03779,0.03755
2024-03-01 10:00:00+02:00,0.03756,0.03845
2024-03-01 12:00:00+02:00,0.03845,0.03839
2024-03-01 14:00:00+02:00,0.03838,0.03794
2024-03-01 16:00:00+02:00,0.03793,0.03734
2024-03-01 18:00:00+02:00,0.03734,0.03783
2024-03-01 20:00:00+02:00,0.03784,0.03757
2024-03-01 22:00:00+02:00,0.03757,0.03803
2024-03-02 00:00:00+02:00,0.03802,0.03816
2024-03-02 02:00:00+02:00,0.03817,0.03736
2024-03-02 04:00:00+02:00,0.03736,0.03769
2024-03-02 06:00:00+02:00,0.0377,0.03723
2024-03-02 08:00:00+02:00,0.03724,0.03757
2024-03-02 10:00:00+02:00,0.03758,0.03731
2024-03-02 12:00:00+02:00,0.0373,0.03737
2024-03-02 14:00:00+02:00,0.03738,0.03814
2024-03-02 16:00:00+02:00,0.03814,0.03804
2024-03-02 18:00:00+02:00,0.03805,0.03995
2024-03-02 20:00:00+02:00,0.03994,0.03942
2024-03-02 22:00:00+02:00,0.03943,0.03956
2024-03-03 00:00:00+02:00,0.03956,0.04018
2024-03-03 02:00:00+02:00,0.04017,0.03974
2024-03-03 04:00:00+02:00,0.03974,0.03998
2024-03-03 06:00:00+02:00,0.03997,0.0397
2024-03-03 08:00:00+02:00,0.0397,0.03838
2024-03-03 10:00:00+02:00,0.03839,0.04194
2024-03-03 12:00:00+02:00,0.04194,0.0405
2024-03-03 14:00:00+02:00,0.04049,0.0411
2024-03-03 16:00:00+02:00,0.0411,0.04175
2024-03-03 18:00:00+02:00,0.04175,0.04144
2024-03-03 20:00:00+02:00,0.04145,0.04093
2024-03-03 22:00:00+02:00,0.04092,0.04173
2024-03-04 00:00:00+02:00,0.04173,0.04198
2024-03-04 02:00:00+02:00,0.042,0.04118
2024-03-04 04:00:00+02:00,0.04117,0.04088
2024-03-04 06:00:00+02:00,0.04088,0.0409
2024-03-04 08:00:00+02:00,0.0409,0.04094
2024-03-04 10:00:00+02:00,0.04094,0.04131
2024-03-04 12:00:00+02:00,0.0413,0.04144
2024-03-04 14:00:00+02:00,0.04145,0.04147
2024-03-04 16:00:00+02:00,0.04148,0.04121
2024-03-04 18:00:00+02:00,0.0412,0.03941
2024-03-04 20:00:00+02:00,0.03942,0.04135
2024-03-04 22:00:00+02:00,0.04135,0.04112
2024-03-05 00:00:00+02:00,0.04112,0.04097
2024-03-05 02:00:00+02:00,0.04098,0.04087
2024-03-05 04:00:00+02:00,0.04087,0.03991
2024-03-05 06:00:00+02:00,0.0399,0.04053
2024-03-05 08:00:00+02:00,0.04053,0.04003
2024-03-05 10:00:00+02:00,0.04003,0.04054
2024-03-05 12:00:00+02:00,0.04054,0.04028
2024-03-05 14:00:00+02:00,0.04028,0.04116
2024-03-05 16:00:00+02:00,0.04115,0.03988
2024-03-05 18:00:00+02:00,0.03988,0.03958
2024-03-05 20:00:00+02:00,0.03958,0.03408
2024-03-05 22:00:00+02:00,0.03406,0.03603
2024-03-06 00:00:00+02:00,0.03604,0.0377
2024-03-06 02:00:00+02:00,0.0377,0.03671
2024-03-06 04:00:00+02:00,0.0367,0.03664
2024-03-06 06:00:00+02:00,0.03664,0.03888
2024-03-06 08:00:00+02:00,0.03888,0.04002
2024-03-06 10:00:00+02:00,0.04003,0.03915
2024-03-06 12:00:00+02:00,0.03915,0.04116
2024-03-06 14:00:00+02:00,0.04115,0.03975
2024-03-06 16:00:00+02:00,0.03975,0.04027
2024-03-06 18:00:00+02:00,0.04028,0.04123
2024-03-06 20:00:00+02:00,0.04121,0.04074
2024-03-06 22:00:00+02:00,0.04074,0.04148
2024-03-07 00:00:00+02:00,0.04148,0.0426
2024-03-07 02:00:00+02:00,0.04261,0.04265
2024-03-07 04:00:00+02:00,0.04266,0.04212
2024-03-07 06:00:00+02:00,0.04211,0.04415
2024-03-07 08:00:00+02:00,0.04414,0.04421
2024-03-07 10:00:00+02:00,0.04422,0.05035
2024-03-07 12:00:00+02:00,0.05034,0.0556
2024-03-07 14:00:00+02:00,0.05559,0.05133
2024-03-07 16:00:00+02:00,0.05132,0.04874
2024-03-07 18:00:00+02:00,0.04874,0.04819
2024-03-07 20:00:00+02:00,0.04819,0.04959
2024-03-07 22:00:00+02:00,0.04959,0.04999
2024-03-08 00:00:00+02:00,0.05,0.04919
2024-03-08 02:00:00+02:00,0.04919,0.05045
2024-03-08 04:00:00+02:00,0.05046,0.05024
2024-03-08 06:00:00+02:00,0.05023,0.05107
2024-03-08 08:00:00+02:00,0.05108,0.0511
2024-03-08 10:00:00+02:00,0.05111,0.05198
2024-03-08 12:00:00+02:00,0.05199,0.05074
2024-03-08 14:00:00+02:00,0.05074,0.04994
2024-03-08 16:00:00+02:00,0.04995,0.04902
2024-03-08 18:00:00+02:00,0.04905,0.0497
2024-03-08 20:00:00+02:00,0.0497,0.04981
2024-03-08 22:00:00+02:00,0.04981,0.04976
2024-03-09 00:00:00+02:00,0.04977,0.04964
2024-03-09 02:00:00+02:00,0.04963,0.04918
2024-03-09 04:00:00+02:00,0.04917,0.04945
2024-03-09 06:00:00+02:00,0.04944,0.05028
2024-03-09 08:00:00+02:00,0.05028,0.05069
2024-03-09 10:00:00+02:00,0.05069,0.05021
2024-03-09 12:00:00+02:00,0.05021,0.04972
2024-03-09 14:00:00+02:00,0.0497,0.04953
2024-03-09 16:00:00+02:00,0.04953,0.04965
2024-03-09 18:00:00+02:00,0.04965,0.04977
2024-03-09 20:00:00+02:00,0.04977,0.05013
2024-03-09 22:00:00+02:00,0.05014,0.04989
2024-03-10 00:00:00+02:00,0.04988,0.05069
2024-03-10 02:00:00+02:00,0.0507,0.04941
2024-03-10 04:00:00+02:00,0.04941,0.05031
2024-03-10 06:00:00+02:00,0.05031,0.04978
2024-03-10 08:00:00+02:00,0.04978,0.05025
2024-03-10 10:00:00+02:00,0.05026,0.04915
2024-03-10 12:00:00+02:00,0.04915,0.04981
2024-03-10 14:00:00+02:00,0.0498,0.04836
2024-03-10 16:00:00+02:00,0.04835,0.04963
2024-03-10 18:00:00+02:00,0.04962,0.05065
2024-03-10 20:00:00+02:00,0.05065,0.05066
2024-03-10 22:00:00+02:00,0.05067,0.05023
2024-03-11 00:00:00+02:00,0.05023,0.05019
2024-03-11 02:00:00+02:00,0.0502,0.04945
2024-03-11 04:00:00+02:00,0.04945,0.05123
2024-03-11 06:00:00+02:00,0.05123,0.05062
2024-03-11 08:00:00+02:00,0.05062,0.0513
2024-03-11 10:00:00+02:00,0.05131,0.05248
2024-03-11 12:00:00+02:00,0.05249,0.05152
2024-03-11 14:00:00+02:00,0.05152,0.05182
2024-03-11 16:00:00+02:00,0.05181,0.05183
2024-03-11 18:00:00+02:00,0.05184,0.05213
2024-03-11 20:00:00+02:00,0.05212,0.05235
2024-03-11 22:00:00+02:00,0.05236,0.05231
2024-03-12 00:00:00+02:00,0.0523,0.05235
2024-03-12 02:00:00+02:00,0.05235,0.05205
2024-03-12 04:00:00+02:00,0.05204,0.05152
2024-03-12 06:00:00+02:00,0.05153,0.05197
2024-03-12 08:00:00+02:00,0.05197,0.05209
2024-03-12 10:00:00+02:00,0.0521,0.05279
2024-03-12 12:00:00+02:00,0.0528,0.05437
2024-03-12 14:00:00+02:00,0.05437,0.05243
2024-03-12 16:00:00+02:00,0.05243,0.05346
2024-03-12 18:00:00+02:00,0.05347,0.05407
2024-03-12 20:00:00+02:00,0.05406,0.05583
2024-03-12 22:00:00+02:00,0.05582,0.05443
2024-03-13 00:00:00+02:00,0.05443,0.05828
2024-03-13 02:00:00+02:00,0.05829,0.05636
2024-03-13 04:00:00+02:00,0.05635,0.05605
2024-03-13 06:00:00+02:00,0.05605,0.05619
2024-03-13 08:00:00+02:00,0.05618,0.05633
2024-03-13 10:00:00+02:00,0.05634,0.05603
2024-03-13 12:00:00+02:00,0.05604,0.05604
2024-03-13 14:00:00+02:00,0.05605,0.05558
2024-03-13 16:00:00+02:00,0.05559,0.05549
2024-03-13 18:00:00+02:00,0.05549,0.0559
2024-03-13 20:00:00+02:00,0.0559,0.05654
2024-03-13 22:00:00+02:00,0.05655,0.05698
2024-03-14 00:00:00+02:00,0.05699,0.05843
2024-03-14 02:00:00+02:00,0.05844,0.05719
2024-03-14 04:00:00+02:00,0.05718,0.05736
2024-03-14 06:00:00+02:00,0.05736,0.05676
2024-03-14 08:00:00+02:00,0.05676,0.05732
2024-03-14 10:00:00+02:00,0.05731,0.05685
2024-03-14 12:00:00+02:00,0.05684,0.05656
2024-03-14 14:00:00+02:00,0.05656,0.0538
2024-03-14 16:00:00+02:00,0.05377,0.05432
2024-03-14 18:00:00+02:00,0.05433,0.05557
2024-03-14 20:00:00+02:00,0.05558,0.05371
2024-03-14 22:00:00+02:00,0.0537,0.05579
2024-03-15 00:00:00+02:00,0.0558,0.05666
2024-03-15 02:00:00+02:00,0.05667,0.05521
2024-03-15 04:00:00+02:00,0.05519,0.05169
2024-03-15 06:00:00+02:00,0.0517,0.05104
2024-03-15 08:00:00+02:00,0.05103,0.05226
2024-03-15 10:00:00+02:00,0.05226,0.05028
2024-03-15 12:00:00+02:00,0.05027,0.04961
2024-03-15 14:00:00+02:00,0.0496,0.05071
2024-03-15 16:00:00+02:00,0.05071,0.05045
2024-03-15 18:00:00+02:00,0.05045,0.05048
2024-03-15 20:00:00+02:00,0.05049,0.05087
2024-03-15 22:00:00+02:00,0.05087,0.05065
2024-03-16 00:00:00+02:00,0.05065,0.05126
2024-03-16 02:00:00+02:00,0.05126,0.05073
2024-03-16 04:00:00+02:00,0.05074,0.05453
2024-03-16 06:00:00+02:00,0.05454,0.0523
2024-03-16 08:00:00+02:00,0.0523,0.05281
2024-03-16 10:00:00+02:00,0.05282,0.05184
2024-03-16 12:00:00+02:00,0.05185,0.05092
2024-03-16 14:00:00+02:00,0.05091,0.04867
2024-03-16 16:00:00+02:00,0.04868,0.04942
2024-03-16 18:00:00+02:00,0.04941,0.0473
2024-03-16 20:00:00+02:00,0.04731,0.04652
2024-03-16 22:00:00+02:00,0.04652,0.04641
2024-03-17 00:00:00+02:00,0.04641,0.0463
2024-03-17 02:00:00+02:00,0.04631,0.04604
2024-03-17 04:00:00+02:00,0.04605,0.04708
2024-03-17 06:00:00+02:00,0.04709,0.04605
2024-03-17 08:00:00+02:00,0.04605,0.04514
2024-03-17 10:00:00+02:00,0.04512,0.04599
2024-03-17 12:00:00+02:00,0.04599,0.04651
2024-03-17 14:00:00+02:00,0.04651,0.0471
2024-03-17 16:00:00+02:00,0.04709,0.04977
2024-03-17 18:00:00+02:00,0.04975,0.04968
2024-03-17 20:00:00+02:00,0.04968,0.05
2024-03-17 22:00:00+02:00,0.05,0.04953
2024-03-18 00:00:00+02:00,0.04952,0.05029
2024-03-18 02:00:00+02:00,0.05028,0.04917
2024-03-18 04:00:00+02:00,0.04919,0.04955
2024-03-18 06:00:00+02:00,0.04956,0.04998
2024-03-18 08:00:00+02:00,0.04998,0.04889
2024-03-18 10:00:00+02:00,0.0489,0.04767
2024-03-18 12:00:00+02:00,0.04765,0.04861
2024-03-18 14:00:00+02:00,0.04861,0.04726
2024-03-18 16:00:00+02:00,0.04726,0.04703
2024-03-18 18:00:00+02:00,0.04703,0.04637
2024-03-18 20:00:00+02:00,0.04637,0.04605
2024-03-18 22:00:00+02:00,0.04605,0.04662
2024-03-19 00:00:00+02:00,0.04662,0.04632
2024-03-19 02:00:00+02:00,0.04631,0.04333
2024-03-19 04:00:00+02:00,0.04333,0.04333
2024-03-19 06:00:00+02:00,0.04331,0.04245
2024-03-19 08:00:00+02:00,0.04246,0.04216
2024-03-19 10:00:00+02:00,0.04217,0.04181
2024-03-19 12:00:00+02:00,0.04179,0.04172
2024-03-19 14:00:00+02:00,0.04172,0.04239
2024-03-19 16:00:00+02:00,0.04239,0.04384
2024-03-19 18:00:00+02:00,0.04385,0.04421
2024-03-19 20:00:00+02:00,0.0442,0.04419
2024-03-19 22:00:00+02:00,0.04419,0.04273
2024-03-20 00:00:00+02:00,0.04273,0.04127
2024-03-20 02:00:00+02:00,0.04126,0.04059
2024-03-20 04:00:00+02:00,0.0406,0.04085
2024-03-20 06:00:00+02:00,0.04086,0.04019
2024-03-20 08:00:00+02:00,0.04018,0.04212
2024-03-20 10:00:00+02:00,0.04213,0.04185
2024-03-20 12:00:00+02:00,0.04183,0.04224
2024-03-20 14:00:00+02:00,0.04223,0.04208
2024-03-20 16:00:00+02:00,0.04207,0.04165
2024-03-20 18:00:00+02:00,0.04164,0.04193
2024-03-20 20:00:00+02:00,0.04193,0.04434
2024-03-20 22:00:00+02:00,0.04433,0.04551
2024-03-21 00:00:00+02:00,0.04551,0.04571
2024-03-21 02:00:00+02:00,0.0457,0.04606
2024-03-21 04:00:00+02:00,0.04606,0.04572
2024-03-21 06:00:00+02:00,0.04573,0.04517
2024-03-21 08:00:00+02:00,0.04517,0.04526
2024-03-21 10:00:00+02:00,0.04525,0.0457
2024-03-21 12:00:00+02:00,0.0457,0.04561
2024-03-21 14:00:00+02:00,0.04562,0.04514
2024-03-21 16:00:00+02:00,0.04514,0.04542
2024-03-21 18:00:00+02:00,0.04543,0.04507
2024-03-21 20:00:00+02:00,0.04508,0.04466
2024-03-21 22:00:00+02:00,0.04467,0.04493
2024-03-22 00:00:00+02:00,0.04492,0.0447
2024-03-22 02:00:00+02:00,0.04469,0.04364
2024-03-22 04:00:00+02:00,0.04365,0.04472
2024-03-22 06:00:00+02:00,0.04472,0.04492
2024-03-22 08:00:00+02:00,0.04492,0.04456
2024-03-22 10:00:00+02:00,0.04457,0.0442
2024-03-22 12:00:00+02:00,0.04419,0.04278
2024-03-22 14:00:00+02:00,0.04278,0.04182
2024-03-22 16:00:00+02:00,0.0418,0.04279
2024-03-22 18:00:00+02:00,0.04279,0.04266
2024-03-22 20:00:00+02:00,0.04266,0.04279
2024-03-22 22:00:00+02:00,0.0428,0.04223
2024-03-23 00:00:00+02:00,0.04224,0.0428
2024-03-23 02:00:00+02:00,0.0428,0.04363
2024-03-23 04:00:00+02:00,0.04363,0.04302
2024-03-23 06:00:00+02:00,0.04301,0.04327
2024-03-23 08:00:00+02:00,0.04326,0.04382
2024-03-23 10:00:00+02:00,0.04382,0.04331
2024-03-23 12:00:00+02:00,0.04332,0.04345
2024-03-23 14:00:00+02:00,0.04345,0.04353
2024-03-23 16:00:00+02:00,0.04354,0.04402
2024-03-23 18:00:00+02:00,0.04402,0.04375
2024-03-23 20:00:00+02:00,0.04375,0.04373
2024-03-23 22:00:00+02:00,0.04373,0.04363
2024-03-24 00:00:00+02:00,0.04363,0.04292
2024-03-24 02:00:00+02:00,0.04291,0.04354
2024-03-24 04:00:00+02:00,0.04353,0.04268
2024-03-24 06:00:00+02:00,0.04268,0.04306
2024-03-24 08:00:00+02:00,0.04306,0.04304
2024-03-24 10:00:00+02:00,0.04305,0.04337
2024-03-24 12:00:00+02:00,0.04337,0.04348
2024-03-24 14:00:00+02:00,0.04348,0.04359
2024-03-24 16:00:00+02:00,0.04359,0.04392
2024-03-24 18:00:00+02:00,0.04392,0.0437
2024-03-24 20:00:00+02:00,0.0437,0.04456
2024-03-24 22:00:00+02:00,0.04456,0.04475
2024-03-25 00:00:00+02:00,0.04475,0.04454
2024-03-25 02:00:00+02:00,0.04455,0.04485
2024-03-25 04:00:00+02:00,0.04484,0.04559
2024-03-25 06:00:00+02:00,0.04559,0.04557
2024-03-25 08:00:00+02:00,0.04556,0.04486
2024-03-25 10:00:00+02:00,0.04486,0.04555
2024-03-25 12:00:00+02:00,0.04555,0.04527
2024-03-25 14:00:00+02:00,0.04527,0.04589
2024-03-25 16:00:00+02:00,0.04588,0.04735
2024-03-25 18:00:00+02:00,0.04734,0.05016
2024-03-25 20:00:00+02:00,0.05016,0.05094
2024-03-25 22:00:00+02:00,0.05093,0.05192
2024-03-26 00:00:00+02:00,0.05192,0.05064
2024-03-26 02:00:00+02:00,0.05064,0.05203
2024-03-26 04:00:00+02:00,0.05202,0.05399
2024-03-26 06:00:00+02:00,0.05399,0.0553
2024-03-26 08:00:00+02:00,0.05529,0.05731
2024-03-26 10:00:00+02:00,0.0573,0.06355
2024-03-26 12:00:00+02:00,0.06355,0.06123
2024-03-26 14:00:00+02:00,0.06124,0.05815
2024-03-26 16:00:00+02:00,0.05816,0.05728
2024-03-26 18:00:00+02:00,0.05728,0.05542
2024-03-26 20:00:00+02:00,0.05541,0.05549
2024-03-26 22:00:00+02:00,0.0555,0.05696
2024-03-27 00:00:00+02:00,0.05696,0.05676
2024-03-27 02:00:00+02:00,0.05677,0.05834
2024-03-27 04:00:00+02:00,0.05833,0.06121
2024-03-27 06:00:00+02:00,0.06121,0.05959
2024-03-27 08:00:00+02:00,0.05959,0.05837
2024-03-27 10:00:00+02:00,0.05837,0.06081
2024-03-27 12:00:00+02:00,0.06082,0.05989
2024-03-27 14:00:00+02:00,0.05989,0.05919
2024-03-27 16:00:00+02:00,0.05918,0.05782
2024-03-27 18:00:00+02:00,0.05782,0.05798
2024-03-27 20:00:00+02:00,0.05799,0.05701
2024-03-27 22:00:00+02:00,0.05701,0.05764
2024-03-28 00:00:00+02:00,0.05764,0.05677
2024-03-28 02:00:00+02:00,0.05676,0.05441
2024-03-28 04:00:00+02:00,0.0544,0.05376
2024-03-28 06:00:00+02:00,0.05375,0.05454
2024-03-28 08:00:00+02:00,0.05455,0.05518
2024-03-28 10:00:00+02:00,0.05518,0.05623
2024-03-28 12:00:00+02:00,0.05623,0.05526
2024-03-28 14:00:00+02:00,0.05527,0.05536
2024-03-28 16:00:00+02:00,0.05535,0.05597
2024-03-28 18:00:00+02:00,0.05597,0.05593
2024-03-28 20:00:00+02:00,0.05594,0.0556
2024-03-28 22:00:00+02:00,0.0556,0.05555
2024-03-29 00:00:00+02:00,0.05554,0.05537
2024-03-29 03:00:00+03:00,0.05537,0.05449
2024-03-29 05:00:00+03:00,0.05449,0.05291
2024-03-29 07:00:00+03:00,0.05291,0.05348
2024-03-29 09:00:00+03:00,0.05349,0.05263
2024-03-29 11:00:00+03:00,0.05262,0.05319
2024-03-29 13:00:00+03:00,0.05319,0.054
2024-03-29 15:00:00+03:00,0.054,0.05381
2024-03-29 17:00:00+03:00,0.05381,0.05321
2024-03-29 19:00:00+03:00,0.05321,0.05383
2024-03-29 21:00:00+03:00,0.05382,0.05353
2024-03-29 23:00:00+03:00,0.05351,0.05304
2024-03-30 01:00:00+03:00,0.05304,0.05384
2024-03-30 03:00:00+03:00,0.05385,0.05413
2024-03-30 05:00:00+03:00,0.05413,0.05335
2024-03-30 07:00:00+03:00,0.05335,0.05398
2024-03-30 09:00:00+03:00,0.05397,0.05352
2024-03-30 11:00:00+03:00,0.05353,0.05419
2024-03-30 13:00:00+03:00,0.05419,0.0541
2024-03-30 15:00:00+03:00,0.05409,0.05453
2024-03-30 17:00:00+03:00,0.05453,0.05592
2024-03-30 19:00:00+03:00,0.05591,0.05637
2024-03-30 21:00:00+03:00,0.05637,0.0559
2024-03-30 23:00:00+03:00,0.05589,0.056
2024-03-31 01:00:00+03:00,0.05599,0.05427
2024-03-31 03:00:00+03:00,0.05427,0.0549
2024-03-31 05:00:00+03:00,0.05489,0.05584
2024-03-31 07:00:00+03:00,0.05585,0.06
2024-03-31 09:00:00+03:00,0.06001,0.0579
2024-03-31 11:00:00+03:00,0.0579,0.05917
2024-03-31 13:00:00+03:00,0.05917,0.06217
2024-03-31 15:00:00+03:00,0.06217,0.06146
2024-03-31 17:00:00+03:00,0.06146,0.05959
2024-03-31 19:00:00+03:00,0.05959,0.06196
2024-03-31 21:00:00+03:00,0.06197,0.0609
2024-03-31 23:00:00+03:00,0.0609,0.06137
2024-04-01 01:00:00+03:00,0.06138,0.05968
2024-04-01 03:00:00+03:00,0.05967,0.06152
2024-04-01 05:00:00+03:00,0.06151,0.06596
2024-04-01 07:00:00+03:00,0.06596,0.0655
2024-04-01 09:00:00+03:00,0.06549,0.06427
2024-04-01 11:00:00+03:00,0.06428,0.06337
2024-04-01 13:00:00+03:00,0.06336,0.06313
2024-04-01 15:00:00+03:00,0.06313,0.0662
2024-04-01 17:00:00+03:00,0.06621,0.06326
2024-04-01 19:00:00+03:00,0.06326,0.06438
2024-04-01 21:00:00+03:00,0.06439,0.06627
2024-04-01 23:00:00+03:00,0.06626,0.06592
2024-04-02 01:00:00+03:00,0.06591,0.06746
2024-04-02 03:00:00+03:00,0.06747,0.06226
2024-04-02 05:00:00+03:00,0.06227,0.05992
2024-04-02 07:00:00+03:00,0.05992,0.05892
2024-04-02 09:00:00+03:00,0.05891,0.05787
2024-04-02 11:00:00+03:00,0.05788,0.05711
2024-04-02 13:00:00+03:00,0.05711,0.05707
2024-04-02 15:00:00+03:00,0.05706,0.05701
2024-04-02 17:00:00+03:00,0.05702,0.05689
2024-04-02 19:00:00+03:00,0.05692,0.05724
2024-04-02 21:00:00+03:00,0.05725,0.05672
2024-04-02 23:00:00+03:00,0.05672,0.05595
2024-04-03 01:00:00+03:00,0.05596,0.05581
2024-04-03 03:00:00+03:00,0.05581,0.05436
2024-04-03 05:00:00+03:00,0.05435,0.05421
2024-04-03 07:00:00+03:00,0.0542,0.05371
2024-04-03 09:00:00+03:00,0.05371,0.05454
2024-04-03 11:00:00+03:00,0.05454,0.05599
2024-04-03 13:00:00+03:00,0.056,0.05479
2024-04-03 15:00:00+03:00,0.05478,0.05372
2024-04-03 17:00:00+03:00,0.05374,0.05408
2024-04-03 19:00:00+03:00,0.05407,0.05349
2024-04-03 21:00:00+03:00,0.05349,0.0526
2024-04-03 23:00:00+03:00,0.05261,0.05352
2024-04-04 01:00:00+03:00,0.05352,0.05328
2024-04-04 03:00:00+03:00,0.05328,0.05314
2024-04-04 05:00:00+03:00,0.05313,0.05212
2024-04-04 07:00:00+03:00,0.05214,0.0528
2024-04-04 09:00:00+03:00,0.0528,0.05343
2024-04-04 11:00:00+03:00,0.05343,0.05406
2024-04-04 13:00:00+03:00,0.05406,0.05429
2024-04-04 15:00:00+03:00,0.05427,0.05578
2024-04-04 17:00:00+03:00,0.05577,0.05601
2024-04-04 19:00:00+03:00,0.05601,0.05766
2024-04-04 21:00:00+03:00,0.05765,0.0566
2024-04-04 23:00:00+03:00,0.05661,0.0558
2024-04-05 01:00:00+03:00,0.0558,0.05613
2024-04-05 03:00:00+03:00,0.05612,0.05475
2024-04-05 05:00:00+03:00,0.05476,0.05463
2024-04-05 07:00:00+03:00,0.05462,0.05366
2024-04-05 09:00:00+03:00,0.05366,0.05363
2024-04-05 11:00:00+03:00,0.05364,0.05286
2024-04-05 13:00:00+03:00,0.05287,0.05227
2024-04-05 15:00:00+03:00,0.05228,0.05427
2024-04-05 17:00:00+03:00,0.05426,0.05484
2024-04-05 19:00:00+03:00,0.05483,0.05498
2024-04-05 21:00:00+03:00,0.055,0.0558
2024-04-05 23:00:00+03:00,0.0558,0.05524
2024-04-06 01:00:00+03:00,0.05525,0.05517
2024-04-06 03:00:00+03:00,0.05516,0.05612
2024-04-06 05:00:00+03:00,0.05611,0.05635
2024-04-06 07:00:00+03:00,0.05635,0.05669
2024-04-06 09:00:00+03:00,0.05668,0.05622
2024-04-06 11:00:00+03:00,0.05622,0.05652
2024-04-06 13:00:00+03:00,0.05652,0.05658
2024-04-06 15:00:00+03:00,0.05659,0.05766
2024-04-06 17:00:00+03:00,0.05766,0.05797
2024-04-06 19:00:00+03:00,0.05797,0.0603
2024-04-06 21:00:00+03:00,0.06031,0.06098
2024-04-06 23:00:00+03:00,0.06098,0.05873
2024-04-07 01:00:00+03:00,0.05874,0.05892
2024-04-07 03:00:00+03:00,0.05893,0.05994
2024-04-07 05:00:00+03:00,0.05994,0.06213
2024-04-07 07:00:00+03:00,0.06212,0.0617
2024-04-07 09:00:00+03:00,0.06169,0.06575
2024-04-07 11:00:00+03:00,0.06576,0.06582
2024-04-07 13:00:00+03:00,0.06583,0.06392
2024-04-07 15:00:00+03:00,0.06393,0.06427
2024-04-07 17:00:00+03:00,0.06427,0.06484
2024-04-07 19:00:00+03:00,0.06483,0.06568
2024-04-07 21:00:00+03:00,0.06568,0.06517
2024-04-07 23:00:00+03:00,0.06518,0.06439
2024-04-08 01:00:00+03:00,0.06439,0.06372
2024-04-08 03:00:00+03:00,0.06372,0.06286
2024-04-08 05:00:00+03:00,0.06287,0.06213
2024-04-08 07:00:00+03:00,0.06214,0.06236
2024-04-08 09:00:00+03:00,0.06237,0.06402
2024-04-08 11:00:00+03:00,0.06403,0.06427
2024-04-08 13:00:00+03:00,0.06427,0.06381
2024-04-08 15:00:00+03:00,0.06382,0.06298
2024-04-08 17:00:00+03:00,0.06297,0.06233
2024-04-08 19:00:00+03:00,0.06233,0.06242
2024-04-08 21:00:00+03:00,0.06241,0.0628
2024-04-08 23:00:00+03:00,0.06279,0.06272
2024-04-09 01:00:00+03:00,0.06272,0.0625
2024-04-09 03:00:00+03:00,0.0625,0.06221
2024-04-09 05:00:00+03:00,0.06221,0.06218
2024-04-09 07:00:00+03:00,0.06218,0.06234
2024-04-09 09:00:00+03:00,0.06234,0.06031
2024-04-09 11:00:00+03:00,0.06031,0.06077
2024-04-09 13:00:00+03:00,0.06076,0.06152
2024-04-09 15:00:00+03:00,0.06152,0.06081
2024-04-09 17:00:00+03:00,0.06081,0.06137
2024-04-09 19:00:00+03:00,0.06137,0.06083
2024-04-09 21:00:00+03:00,0.06084,0.06097
2024-04-09 23:00:00+03:00,0.06095,0.0605
2024-04-10 01:00:00+03:00,0.06049,0.05981
2024-04-10 03:00:00+03:00,0.0598,0.0611
2024-04-10 05:00:00+03:00,0.0611,0.05971
2024-04-10 07:00:00+03:00,0.05971,0.06002
2024-04-10 09:00:00+03:00,0.06001,0.05987
2024-04-10 11:00:00+03:00,0.05987,0.05915
2024-04-10 13:00:00+03:00,0.05914,0.0592
2024-04-10 15:00:00+03:00,0.0592,0.05752
2024-04-10 17:00:00+03:00,0.05753,0.05865
2024-04-10 19:00:00+03:00,0.05864,0.0596
2024-04-10 21:00:00+03:00,0.0596,0.05991
2024-04-10 23:00:00+03:00,0.05992,0.05975
2024-04-11 01:00:00+03:00,0.05974,0.05975
2024-04-11 03:00:00+03:00,0.05975,0.05915
2024-04-11 05:00:00+03:00,0.05915,0.05966
2024-04-11 07:00:00+03:00,0.05968,0.06003
2024-04-11 09:00:00+03:00,0.06003,0.06007
2024-04-11 11:00:00+03:00,0.06008,0.05994
2024-04-11 13:00:00+03:00,0.05995,0.05871
2024-04-11 15:00:00+03:00,0.05872,0.05904
2024-04-11 17:00:00+03:00,0.05904,0.05865
2024-04-11 19:00:00+03:00,0.05866,0.05882
2024-04-11 21:00:00+03:00,0.05882,0.05797
2024-04-11 23:00:00+03:00,0.05796,0.05801
2024-04-12 01:00:00+03:00,0.05801,0.05834
2024-04-12 03:00:00+03:00,0.05835,0.05805
2024-04-12 05:00:00+03:00,0.05805,0.05845
2024-04-12 07:00:00+03:00,0.05845,0.05866
2024-04-12 09:00:00+03:00,0.05865,0.05766
2024-04-12 11:00:00+03:00,0.05766,0.05766
2024-04-12 13:00:00+03:00,0.05767,0.05775
2024-04-12 15:00:00+03:00,0.05776,0.05499
2024-04-12 17:00:00+03:00,0.05499,0.05484
2024-04-12 19:00:00+03:00,0.05484,0.05155
2024-04-12 21:00:00+03:00,0.05154,0.0472
2024-04-12 23:00:00+03:00,0.0472,0.0471
2024-04-13 01:00:00+03:00,0.0471,0.0481
2024-04-13 03:00:00+03:00,0.0481,0.04504
2024-04-13 05:00:00+03:00,0.04503,0.04697
2024-04-13 07:00:00+03:00,0.04697,0.04742
2024-04-13 09:00:00+03:00,0.04741,0.0476
2024-04-13 11:00:00+03:00,0.04759,0.04749
2024-04-13 13:00:00+03:00,0.04749,0.04777
2024-04-13 15:00:00+03:00,0.04777,0.04807
2024-04-13 17:00:00+03:00,0.04807,0.04736
2024-04-13 19:00:00+03:00,0.04734,0.04297
2024-04-13 21:00:00+03:00,0.04297,0.04078
2024-04-13 23:00:00+03:00,0.04078,0.03784
2024-04-14 01:00:00+03:00,0.03784,0.04017
2024-04-14 03:00:00+03:00,0.04017,0.03959
2024-04-14 05:00:00+03:00,0.03959,0.03945
2024-04-14 07:00:00+03:00,0.03945,0.04188
2024-04-14 09:00:00+03:00,0.04189,0.04285
2024-04-14 11:00:00+03:00,0.04285,0.04197
2024-04-14 13:00:00+03:00,0.04197,0.04087
2024-04-14 15:00:00+03:00,0.04086,0.04085
2024-04-14 17:00:00+03:00,0.04085,0.04112
2024-04-14 19:00:00+03:00,0.04112,0.04105
2024-04-14 21:00:00+03:00,0.04106,0.04157
2024-04-14 23:00:00+03:00,0.04157,0.041
2024-04-15 01:00:00+03:00,0.04101,0.04372
2024-04-15 03:00:00+03:00,0.04371,0.04301
2024-04-15 05:00:00+03:00,0.043,0.04274
2024-04-15 07:00:00+03:00,0.04274,0.0439
2024-04-15 09:00:00+03:00,0.04389,0.04556
2024-04-15 11:00:00+03:00,0.04555,0.04568
2024-04-15 13:00:00+03:00,0.04568,0.04561
2024-04-15 15:00:00+03:00,0.04561,0.04545
2024-04-15 17:00:00+03:00,0.04546,0.04486
2024-04-15 19:00:00+03:00,0.04485,0.04336
2024-04-15 21:00:00+03:00,0.04335,0.043
2024-04-15 23:00:00+03:00,0.04301,0.04302
2024-04-16 01:00:00+03:00,0.04302,0.04287
2024-04-16 03:00:00+03:00,0.04288,0.04206
2024-04-16 05:00:00+03:00,0.04206,0.04172
2024-04-16 07:00:00+03:00,0.04172,0.0416
2024-04-16 09:00:00+03:00,0.04161,0.04293
2024-04-16 11:00:00+03:00,0.04294,0.04241
2024-04-16 13:00:00+03:00,0.04242,0.04278
2024-04-16 15:00:00+03:00,0.04278,0.04153
2024-04-16 17:00:00+03:00,0.04153,0.04054
2024-04-16 19:00:00+03:00,0.04055,0.04181
2024-04-16 21:00:00+03:00,0.0418,0.04156
2024-04-16 23:00:00+03:00,0.04154,0.04277
2024-04-17 01:00:00+03:00,0.04277,0.04259
2024-04-17 03:00:00+03:00,0.0426,0.04245
2024-04-17 05:00:00+03:00,0.04246,0.04241
2024-04-17 07:00:00+03:00,0.0424,0.04252
2024-04-17 09:00:00+03:00,0.04251,0.04277
2024-04-17 11:00:00+03:00,0.04277,0.04263
2024-04-17 13:00:00+03:00,0.04264,0.04154
2024-04-17 15:00:00+03:00,0.04155,0.04191
2024-04-17 17:00:00+03:00,0.04191,0.04083
2024-04-17 19:00:00+03:00,0.04083,0.04221
2024-04-17 21:00:00+03:00,0.04222,0.04302
2024-04-17 23:00:00+03:00,0.04303,0.0432
2024-04-18 01:00:00+03:00,0.04319,0.0426
2024-04-18 03:00:00+03:00,0.04259,0.04338
2024-04-18 05:00:00+03:00,0.04338,0.04328
2024-04-18 07:00:00+03:00,0.04327,0.04277
2024-04-18 09:00:00+03:00,0.04277,0.04182
2024-04-18 11:00:00+03:00,0.04182,0.04221
2024-04-18 13:00:00+03:00,0.0422,0.04321
2024-04-18 15:00:00+03:00,0.0432,0.0433
2024-04-18 17:00:00+03:00,0.04331,0.0453
2024-04-18 19:00:00+03:00,0.0453,0.0447
2024-04-18 21:00:00+03:00,0.04469,0.04499
2024-04-18 23:00:00+03:00,0.04499,0.04528
2024-04-19 01:00:00+03:00,0.04528,0.04571
2024-04-19 03:00:00+03:00,0.04571,0.04354
2024-04-19 05:00:00+03:00,0.04353,0.04449
2024-04-19 07:00:00+03:00,0.04449,0.04435
2024-04-19 09:00:00+03:00,0.04434,0.04562
2024-04-19 11:00:00+03:00,0.04563,0.04591
2024-04-19 13:00:00+03:00,0.04591,0.04617
2024-04-19 15:00:00+03:00,0.04617,0.04686
2024-04-19 17:00:00+03:00,0.04687,0.04694
2024-04-19 19:00:00+03:00,0.04694,0.04687
2024-04-19 21:00:00+03:00,0.04687,0.04682
2024-04-19 23:00:00+03:00,0.04681,0.04663
2024-04-20 01:00:00+03:00,0.04662,0.04612
2024-04-20 03:00:00+03:00,0.04612,0.04716
2024-04-20 05:00:00+03:00,0.04715,0.04746
2024-04-20 07:00:00+03:00,0.04747,0.04941
2024-04-20 09:00:00+03:00,0.04941,0.04995
2024-04-20 11:00:00+03:00,0.04995,0.04881
2024-04-20 13:00:00+03:00,0.04879,0.04759
2024-04-20 15:00:00+03:00,0.04759,0.04787
2024-04-20 17:00:00+03:00,0.04786,0.04897
2024-04-20 19:00:00+03:00,0.04898,0.04946
2024-04-20 21:00:00+03:00,0.04945,0.04894
2024-04-20 23:00:00+03:00,0.04893,0.04885
2024-04-21 01:00:00+03:00,0.04885,0.0488
2024-04-21 03:00:00+03:00,0.04879,0.04845
2024-04-21 05:00:00+03:00,0.04845,0.04847
2024-04-21 07:00:00+03:00,0.04847,0.04841
2024-04-21 09:00:00+03:00,0.04842,0.0487
2024-04-21 11:00:00+03:00,0.04869,0.04886
2024-04-21 13:00:00+03:00,0.04885,0.04901
2024-04-21 15:00:00+03:00,0.04901,0.04832
2024-04-21 17:00:00+03:00,0.04831,0.049
2024-04-21 19:00:00+03:00,0.049,0.04823
2024-04-21 21:00:00+03:00,0.04823,0.04802
2024-04-21 23:00:00+03:00,0.04802,0.04807
2024-04-22 01:00:00+03:00,0.04806,0.04821
2024-04-22 03:00:00+03:00,0.0482,0.04847
2024-04-22 05:00:00+03:00,0.04847,0.04952
2024-04-22 07:00:00+03:00,0.04953,0.0506
2024-04-22 09:00:00+03:00,0.0506,0.05033
2024-04-22 11:00:00+03:00,0.05033,0.05053
2024-04-22 13:00:00+03:00,0.05052,0.05024
2024-04-22 15:00:00+03:00,0.05024,0.05056
2024-04-22 17:00:00+03:00,0.05055,0.05249
2024-04-22 19:00:00+03:00,0.05249,0.05384
2024-04-22 21:00:00+03:00,0.05384,0.05207
2024-04-22 23:00:00+03:00,0.05208,0.05193
2024-04-23 01:00:00+03:00,0.05195,0.05295
2024-04-23 03:00:00+03:00,0.05294,0.05435
2024-04-23 05:00:00+03:00,0.05434,0.05411
2024-04-23 07:00:00+03:00,0.05411,0.0539
2024-04-23 09:00:00+03:00,0.05391,0.05336
2024-04-23 11:00:00+03:00,0.05335,0.05378
2024-04-23 13:00:00+03:00,0.05378,0.05311
2024-04-23 15:00:00+03:00,0.0531,0.05369
2024-04-23 17:00:00+03:00,0.05369,0.05495
2024-04-23 19:00:00+03:00,0.05495,0.0543
2024-04-23 21:00:00+03:00,0.05429,0.05433
2024-04-23 23:00:00+03:00,0.05433,0.05375
2024-04-24 01:00:00+03:00,0.05374,0.05422
2024-04-24 03:00:00+03:00,0.05422,0.05486
2024-04-24 05:00:00+03:00,0.05485,0.05384
2024-04-24 07:00:00+03:00,0.05384,0.05407
2024-04-24 09:00:00+03:00,0.05407,0.05378
2024-04-24 11:00:00+03:00,0.05377,0.0541
2024-04-24 13:00:00+03:00,0.05411,0.05471
2024-04-24 15:00:00+03:00,0.05471,0.05266
2024-04-24 17:00:00+03:00,0.05266,0.05049
2024-04-24 19:00:00+03:00,0.05048,0.05187
2024-04-24 21:00:00+03:00,0.05188,0.0508
2024-04-24 23:00:00+03:00,0.05079,0.05075
2024-04-25 01:00:00+03:00,0.05074,0.05038
2024-04-25 03:00:00+03:00,0.05039,0.05111
2024-04-25 05:00:00+03:00,0.05111,0.0505
2024-04-25 07:00:00+03:00,0.05051,0.05065
2024-04-25 09:00:00+03:00,0.05065,0.04994
2024-04-25 11:00:00+03:00,0.04994,0.05091
2024-04-25 13:00:00+03:00,0.05092,0.05096
2024-04-25 15:00:00+03:00,0.05096,0.05125
2024-04-25 17:00:00+03:00,0.05126,0.05267
2024-04-25 19:00:00+03:00,0.05267,0.05284
2024-04-25 21:00:00+03:00,0.05285,0.05313
2024-04-25 23:00:00+03:00,0.05313,0.05399
2024-04-26 01:00:00+03:00,0.05398,0.05336
2024-04-26 03:00:00+03:00,0.05334,0.05218
2024-04-26 05:00:00+03:00,0.05218,0.05158
2024-04-26 07:00:00+03:00,0.05158,0.05247
2024-04-26 09:00:00+03:00,0.05246,0.05132
2024-04-26 11:00:00+03:00,0.05133,0.05189
2024-04-26 13:00:00+03:00,0.05188,0.051
2024-04-26 15:00:00+03:00,0.051,0.05225
2024-04-26 17:00:00+03:00,0.05225,0.05105
2024-04-26 19:00:00+03:00,0.05105,0.05115
2024-04-26 21:00:00+03:00,0.05115,0.05086
2024-04-26 23:00:00+03:00,0.05086,0.05101
2024-04-27 01:00:00+03:00,0.051,0.05027
2024-04-27 03:00:00+03:00,0.05028,0.04814
2024-04-27 05:00:00+03:00,0.04813,0.04862
2024-04-27 07:00:00+03:00,0.04861,0.04923
2024-04-27 09:00:00+03:00,0.04924,0.0497
2024-04-27 11:00:00+03:00,0.0497,0.05013
2024-04-27 13:00:00+03:00,0.05013,0.04952
2024-04-27 15:00:00+03:00,0.04951,0.05087
2024-04-27 17:00:00+03:00,0.05087,0.05059
2024-04-27 19:00:00+03:00,0.05058,0.05258
2024-04-27 21:00:00+03:00,0.05258,0.05322
2024-04-27 23:00:00+03:00,0.05322,0.0547
2024-04-28 01:00:00+03:00,0.0547,0.05437
2024-04-28 03:00:00+03:00,0.05436,0.05461
2024-04-28 05:00:00+03:00,0.05462,0.05411
2024-04-28 07:00:00+03:00,0.05412,0.05385
2024-04-28 09:00:00+03:00,0.05385,0.05434
2024-04-28 11:00:00+03:00,0.05436,0.05403
2024-04-28 13:00:00+03:00,0.05402,0.05327
2024-04-28 15:00:00+03:00,0.05327,0.05345
2024-04-28 17:00:00+03:00,0.05344,0.05309
2024-04-28 19:00:00+03:00,0.05309,0.05351
2024-04-28 21:00:00+03:00,0.05352,0.05349
2024-04-28 23:00:00+03:00,0.05351,0.05373
2024-04-29 01:00:00+03:00,0.05373,0.05226
2024-04-29 03:00:00+03:00,0.05226,0.05309
2024-04-29 05:00:00+03:00,0.0531,0.05142
2024-04-29 07:00:00+03:00,0.05144,0.05171
2024-04-29 09:00:00+03:00,0.05172,0.05094
2024-04-29 11:00:00+03:00,0.05095,0.05095
2024-04-29 13:00:00+03:00,0.05096,0.05069
2024-04-29 15:00:00+03:00,0.05068,0.05045
2024-04-29 17:00:00+03:00,0.05045,0.05245
2024-04-29 19:00:00+03:00,0.05246,0.05299
2024-04-29 21:00:00+03:00,0.05299,0.05348
2024-04-29 23:00:00+03:00,0.05348,0.05266
2024-04-30 01:00:00+03:00,0.05267,0.05351
2024-04-30 03:00:00+03:00,0.05352,0.05276
2024-04-30 05:00:00+03:00,0.05275,0.05292
2024-04-30 07:00:00+03:00,0.05293,0.05297
2024-04-30 09:00:00+03:00,0.05298,0.05256
2024-04-30 11:00:00+03:00,0.05255,0.05021
2024-04-30 13:00:00+03:00,0.0502,0.04861
2024-04-30 15:00:00+03:00,0.0486,0.04779
2024-04-30 17:00:00+03:00,0.04778,0.04667
2024-04-30 19:00:00+03:00,0.04667,0.04604
2024-04-30 21:00:00+03:00,0.04603,0.04616
2024-04-30 23:00:00+03:00,0.04617,0.0472
2024-05-01 01:00:00+03:00,0.0472,0.04707
2024-05-01 03:00:00+03:00,0.04706,0.04628
2024-05-01 05:00:00+03:00,0.04627,0.04633
2024-05-01 07:00:00+03:00,0.04633,0.04587
2024-05-01 09:00:00+03:00,0.04588,0.04364
2024-05-01 11:00:00+03:00,0.04363,0.04327
2024-05-01 13:00:00+03:00,0.04327,0.04378
2024-05-01 15:00:00+03:00,0.04378,0.0434
2024-05-01 17:00:00+03:00,0.04342,0.04305
2024-05-01 19:00:00+03:00,0.04304,0.04405
2024-05-01 21:00:00+03:00,0.04405,0.04488
2024-05-01 23:00:00+03:00,0.04488,0.04581
2024-05-02 01:00:00+03:00,0.04581,0.04608
2024-05-02 03:00:00+03:00,0.0461,0.04484
2024-05-02 05:00:00+03:00,0.04484,0.04504
2024-05-02 07:00:00+03:00,0.04503,0.04477
2024-05-02 09:00:00+03:00,0.04477,0.04487
2024-05-02 11:00:00+03:00,0.04486,0.04498
2024-05-02 13:00:00+03:00,0.04499,0.04625
2024-05-02 15:00:00+03:00,0.04625,0.04563
2024-05-02 17:00:00+03:00,0.04564,0.04685
2024-05-02 19:00:00+03:00,0.04686,0.04655
2024-05-02 21:00:00+03:00,0.04655,0.0465
2024-05-02 23:00:00+03:00,0.04649,0.04666
2024-05-03 01:00:00+03:00,0.04666,0.04643
2024-05-03 03:00:00+03:00,0.04643,0.04701
2024-05-03 05:00:00+03:00,0.04701,0.04718
2024-05-03 07:00:00+03:00,0.04718,0.04758
2024-05-03 09:00:00+03:00,0.04758,0.04698
2024-05-03 11:00:00+03:00,0.04697,0.04724
2024-05-03 13:00:00+03:00,0.04725,0.04677
2024-05-03 15:00:00+03:00,0.04677,0.04877
2024-05-03 17:00:00+03:00,0.04877,0.04871
2024-05-03 19:00:00+03:00,0.04872,0.04943
2024-05-03 21:00:00+03:00,0.04943,0.04989
2024-05-03 23:00:00+03:00,0.04988,0.04977
2024-05-04 01:00:00+03:00,0.04978,0.04951
2024-05-04 03:00:00+03:00,0.0495,0.04952
2024-05-04 05:00:00+03:00,0.04952,0.04948
2024-05-04 07:00:00+03:00,0.04948,0.04984
2024-05-04 09:00:00+03:00,0.04983,0.04931
2024-05-04 11:00:00+03:00,0.0493,0.0495
2024-05-04 13:00:00+03:00,0.0495,0.04971
2024-05-04 15:00:00+03:00,0.04971,0.05001
2024-05-04 17:00:00+03:00,0.05,0.05026
2024-05-04 19:00:00+03:00,0.05027,0.05001
2024-05-04 21:00:00+03:00,0.05,0.05012
2024-05-04 23:00:00+03:00,0.05012,0.04971
2024-05-05 01:00:00+03:00,0.0497,0.04945
2024-05-05 03:00:00+03:00,0.04944,0.04866
2024-05-05 05:00:00+03:00,0.04866,0.04861
2024-05-05 07:00:00+03:00,0.04861,0.04818
2024-05-05 09:00:00+03:00,0.04818,0.04894
2024-05-05 11:00:00+03:00,0.04893,0.04897
2024-05-05 13:00:00+03:00,0.04897,0.0489
2024-05-05 15:00:00+03:00,0.04889,0.04907
2024-05-05 17:00:00+03:00,0.04906,0.05
2024-05-05 19:00:00+03:00,0.05,0.05019
2024-05-05 21:00:00+03:00,0.05019,0.04984
2024-05-05 23:00:00+03:00,0.04985,0.0496
2024-05-06 01:00:00+03:00,0.04959,0.04938
2024-05-06 03:00:00+03:00,0.04938,0.04942
2024-05-06 05:00:00+03:00,0.04942,0.04897
2024-05-06 07:00:00+03:00,0.04897,0.04946
2024-05-06 09:00:00+03:00,0.04947,0.05013
2024-05-06 11:00:00+03:00,0.05014,0.05056
2024-05-06 13:00:00+03:00,0.05056,0.04944
2024-05-06 15:00:00+03:00,0.04943,0.04852
2024-05-06 17:00:00+03:00,0.04852,0.04832
2024-05-06 19:00:00+03:00,0.04831,0.04773
2024-05-06 21:00:00+03:00,0.04773,0.04786
2024-05-06 23:00:00+03:00,0.04784,0.04804
2024-05-07 01:00:00+03:00,0.04805,0.04747
2024-05-07 03:00:00+03:00,0.04748,0.04795
2024-05-07 05:00:00+03:00,0.04795,0.04712
2024-05-07 07:00:00+03:00,0.04712,0.04707
2024-05-07 09:00:00+03:00,0.04707,0.04711
2024-05-07 11:00:00+03:00,0.04711,0.0482
2024-05-07 13:00:00+03:00,0.0482,0.04773
2024-05-07 15:00:00+03:00,0.04773,0.04764
2024-05-07 17:00:00+03:00,0.04766,0.04807
2024-05-07 19:00:00+03:00,0.04807,0.04789
2024-05-07 21:00:00+03:00,0.04789,0.04716
2024-05-07 23:00:00+03:00,0.04717,0.0471
2024-05-08 01:00:00+03:00,0.04711,0.046
2024-05-08 03:00:00+03:00,0.046,0.04601
2024-05-08 05:00:00+03:00,0.046,0.04628
2024-05-08 07:00:00+03:00,0.04628,0.0459
2024-05-08 09:00:00+03:00,0.04589,0.04546
2024-05-08 11:00:00+03:00,0.04546,0.04585
2024-05-08 13:00:00+03:00,0.04586,0.04542
2024-05-08 15:00:00+03:00,0.04542,0.04626
2024-05-08 17:00:00+03:00,0.04627,0.04612
2024-05-08 19:00:00+03:00,0.04612,0.04613
2024-05-08 21:00:00+03:00,0.04614,0.04576
2024-05-08 23:00:00+03:00,0.04577,0.04492
2024-05-09 01:00:00+03:00,0.04491,0.04442
2024-05-09 03:00:00+03:00,0.04442,0.04443
2024-05-09 05:00:00+03:00,0.04443,0.04474
2024-05-09 07:00:00+03:00,0.04473,0.04502
2024-05-09 09:00:00+03:00,0.04502,0.04471
2024-05-09 11:00:00+03:00,0.0447,0.04422
2024-05-09 13:00:00+03:00,0.04422,0.04433
2024-05-09 15:00:00+03:00,0.04432,0.04455
2024-05-09 17:00:00+03:00,0.04456,0.04588
2024-05-09 19:00:00+03:00,0.04587,0.04586
2024-05-09 21:00:00+03:00,0.04585,0.04618
2024-05-09 23:00:00+03:00,0.04617,0.04606
2024-05-10 01:00:00+03:00,0.04607,0.04627
2024-05-10 03:00:00+03:00,0.04626,0.04655
2024-05-10 05:00:00+03:00,0.04655,0.04656
2024-05-10 07:00:00+03:00,0.04655,0.04653
2024-05-10 09:00:00+03:00,0.04653,0.04665
2024-05-10 11:00:00+03:00,0.04665,0.04649
2024-05-10 13:00:00+03:00,0.04649,0.04702
2024-05-10 15:00:00+03:00,0.04701,0.04675
2024-05-10 17:00:00+03:00,0.04673,0.04424
2024-05-10 19:00:00+03:00,0.04423,0.04384
2024-05-10 21:00:00+03:00,0.04383,0.0438
2024-05-10 23:00:00+03:00,0.04381,0.04401
2024-05-11 01:00:00+03:00,0.04402,0.04421
2024-05-11 03:00:00+03:00,0.04421,0.04489
2024-05-11 05:00:00+03:00,0.0449,0.04438
2024-05-11 07:00:00+03:00,0.04438,0.04452
2024-05-11 09:00:00+03:00,0.04451,0.04456
2024-05-11 11:00:00+03:00,0.04457,0.04421
2024-05-11 13:00:00+03:00,0.04421,0.04383
2024-05-11 15:00:00+03:00,0.04383,0.0445
2024-05-11 17:00:00+03:00,0.04449,0.04444
2024-05-11 19:00:00+03:00,0.04444,0.04434
2024-05-11 21:00:00+03:00,0.04435,0.04416
2024-05-11 23:00:00+03:00,0.04415,0.04387
2024-05-12 01:00:00+03:00,0.04387,0.04349
2024-05-12 03:00:00+03:00,0.04349,0.04347
2024-05-12 05:00:00+03:00,0.04346,0.04333
2024-05-12 07:00:00+03:00,0.04333,0.0433
2024-05-12 09:00:00+03:00,0.0433,0.04295
2024-05-12 11:00:00+03:00,0.04293,0.04307
2024-05-12 13:00:00+03:00,0.04306,0.04328
2024-05-12 15:00:00+03:00,0.04328,0.04324
2024-05-12 17:00:00+03:00,0.04324,0.04319
2024-05-12 19:00:00+03:00,0.04319,0.0431
2024-05-12 21:00:00+03:00,0.04311,0.04275
2024-05-12 23:00:00+03:00,0.04276,0.04241
2024-05-13 01:00:00+03:00,0.04241,0.04239
2024-05-13 03:00:00+03:00,0.04239,0.0419
2024-05-13 05:00:00+03:00,0.0419,0.04113
2024-05-13 07:00:00+03:00,0.04112,0.04135
2024-05-13 09:00:00+03:00,0.04136,0.04285
2024-05-13 11:00:00+03:00,0.04286,0.04341
2024-05-13 13:00:00+03:00,0.04341,0.04282
2024-05-13 15:00:00+03:00,0.04281,0.04286
2024-05-13 17:00:00+03:00,0.04285,0.04335
2024-05-13 19:00:00+03:00,0.04334,0.04281
2024-05-13 21:00:00+03:00,0.0428,0.04304
2024-05-13 23:00:00+03:00,0.04303,0.04316
2024-05-14 01:00:00+03:00,0.04317,0.04273
2024-05-14 03:00:00+03:00,0.04272,0.04236
2024-05-14 05:00:00+03:00,0.04236,0.04264
2024-05-14 07:00:00+03:00,0.04264,0.04339
2024-05-14 09:00:00+03:00,0.04339,0.04295
2024-05-14 11:00:00+03:00,0.04296,0.04251
2024-05-14 13:00:00+03:00,0.0425,0.04225
2024-05-14 15:00:00+03:00,0.04224,0.04209
2024-05-14 17:00:00+03:00,0.04209,0.04223
2024-05-14 19:00:00+03:00,0.04224,0.0415
2024-05-14 21:00:00+03:00,0.0415,0.04151
2024-05-14 23:00:00+03:00,0.0415,0.04145
2024-05-15 01:00:00+03:00,0.04144,0.04111
2024-05-15 03:00:00+03:00,0.04111,0.04162
2024-05-15 05:00:00+03:00,0.04163,0.04209
2024-05-15 07:00:00+03:00,0.04209,0.04187
2024-05-15 09:00:00+03:00,0.04188,0.04183
2024-05-15 11:00:00+03:00,0.04184,0.04196
2024-05-15 13:00:00+03:00,0.04196,0.04166
2024-05-15 15:00:00+03:00,0.04166,0.04338
2024-05-15 17:00:00+03:00,0.04339,0.04343
2024-05-15 19:00:00+03:00,0.04343,0.04376
2024-05-15 21:00:00+03:00,0.04375,0.04465
2024-05-15 23:00:00+03:00,0.04465,0.04429
2024-05-16 01:00:00+03:00,0.0443,0.04438
2024-05-16 03:00:00+03:00,0.04438,0.04511
2024-05-16 05:00:00+03:00,0.0451,0.04566
2024-05-16 07:00:00+03:00,0.04565,0.0453
2024-05-16 09:00:00+03:00,0.04529,0.04552
2024-05-16 11:00:00+03:00,0.04551,0.04562
2024-05-16 13:00:00+03:00,0.04561,0.04519
2024-05-16 15:00:00+03:00,0.04519,0.04459
2024-05-16 17:00:00+03:00,0.04458,0.04398
2024-05-16 19:00:00+03:00,0.04397,0.04375
2024-05-16 21:00:00+03:00,0.04374,0.04359
2024-05-16 23:00:00+03:00,0.04358,0.0436
2024-05-17 01:00:00+03:00,0.0436,0.04369
2024-05-17 03:00:00+03:00,0.04369,0.04354
2024-05-17 05:00:00+03:00,0.04355,0.04369
2024-05-17 07:00:00+03:00,0.04369,0.04375
2024-05-17 09:00:00+03:00,0.04375,0.04458
2024-05-17 11:00:00+03:00,0.04458,0.04437
2024-05-17 13:00:00+03:00,0.04437,0.04452
2024-05-17 15:00:00+03:00,0.04451,0.04465
2024-05-17 17:00:00+03:00,0.04465,0.04555
2024-05-17 19:00:00+03:00,0.04555,0.04513
2024-05-17 21:00:00+03:00,0.04512,0.04497
2024-05-17 23:00:00+03:00,0.04496,0.04488
2024-05-18 01:00:00+03:00,0.04487,0.04485
2024-05-18 03:00:00+03:00,0.04484,0.04493
2024-05-18 05:00:00+03:00,0.04493,0.04526
2024-05-18 07:00:00+03:00,0.04526,0.04508
2024-05-18 09:00:00+03:00,0.04508,0.04522
2024-05-18 11:00:00+03:00,0.04522,0.04549
2024-05-18 13:00:00+03:00,0.04549,0.04528
2024-05-18 15:00:00+03:00,0.04527,0.04472
2024-05-18 17:00:00+03:00,0.04472,0.04484
2024-05-18 19:00:00+03:00,0.04483,0.04489
2024-05-18 21:00:00+03:00,0.04489,0.04493
2024-05-18 23:00:00+03:00,0.04493,0.04481
2024-05-19 01:00:00+03:00,0.04481,0.04505
2024-05-19 03:00:00+03:00,0.04505,0.04537
2024-05-19 05:00:00+03:00,0.04537,0.04552
2024-05-19 07:00:00+03:00,0.04552,0.04516
2024-05-19 09:00:00+03:00,0.04515,0.04504
2024-05-19 11:00:00+03:00,0.04503,0.04461
2024-05-19 13:00:00+03:00,0.04461,0.04429
2024-05-19 15:00:00+03:00,0.04428,0.04368
2024-05-19 17:00:00+03:00,0.04367,0.04365
2024-05-19 19:00:00+03:00,0.04364,0.04326
2024-05-19 21:00:00+03:00,0.04327,0.04304
2024-05-19 23:00:00+03:00,0.04304,0.04287
2024-05-20 01:00:00+03:00,0.04286,0.04304
2024-05-20 03:00:00+03:00,0.04305,0.04292
2024-05-20 05:00:00+03:00,0.04291,0.0434
2024-05-20 07:00:00+03:00,0.04341,0.0443
2024-05-20 09:00:00+03:00,0.04431,0.0438
2024-05-20 11:00:00+03:00,0.0438,0.04377
2024-05-20 13:00:00+03:00,0.04378,0.04352
2024-05-20 15:00:00+03:00,0.04352,0.04367
2024-05-20 17:00:00+03:00,0.04366,0.04426
2024-05-20 19:00:00+03:00,0.04426,0.04484
2024-05-20 21:00:00+03:00,0.04483,0.04633
2024-05-20 23:00:00+03:00,0.04633,0.04677
2024-05-21 01:00:00+03:00,0.04676,0.0473
2024-05-21 03:00:00+03:00,0.0473,0.04713
2024-05-21 05:00:00+03:00,0.04712,0.04658
2024-05-21 07:00:00+03:00,0.04657,0.04697
2024-05-21 09:00:00+03:00,0.04697,0.04694
2024-05-21 11:00:00+03:00,0.04694,0.04701
2024-05-21 13:00:00+03:00,0.047,0.04689
2024-05-21 15:00:00+03:00,0.04689,0.0472
2024-05-21 17:00:00+03:00,0.0472,0.0464
2024-05-21 19:00:00+03:00,0.04642,0.04697
2024-05-21 21:00:00+03:00,0.04696,0.04603
2024-05-21 23:00:00+03:00,0.04603,0.04629
2024-05-22 01:00:00+03:00,0.04627,0.04665
2024-05-22 03:00:00+03:00,0.04665,0.04658
2024-05-22 05:00:00+03:00,0.04658,0.0462
2024-05-22 07:00:00+03:00,0.04619,0.0462
2024-05-22 09:00:00+03:00,0.04619,0.04653
2024-05-22 11:00:00+03:00,0.04653,0.04649
2024-05-22 13:00:00+03:00,0.04649,0.04682
2024-05-22 15:00:00+03:00,0.04683,0.04685
2024-05-22 17:00:00+03:00,0.04685,0.04776
2024-05-22 19:00:00+03:00,0.04776,0.04764
2024-05-22 21:00:00+03:00,0.04764,0.04816
2024-05-22 23:00:00+03:00,0.04816,0.04819
2024-05-23 01:00:00+03:00,0.04818,0.04766
2024-05-23 03:00:00+03:00,0.04767,0.04767
2024-05-23 05:00:00+03:00,0.04766,0.04833
2024-05-23 07:00:00+03:00,0.04834,0.04785
2024-05-23 09:00:00+03:00,0.04784,0.04791
2024-05-23 11:00:00+03:00,0.0479,0.04701
2024-05-23 13:00:00+03:00,0.047,0.04757
2024-05-23 15:00:00+03:00,0.04757,0.04547
2024-05-23 17:00:00+03:00,0.04546,0.04575
2024-05-23 19:00:00+03:00,0.04574,0.04505
2024-05-23 21:00:00+03:00,0.04505,0.04493
2024-05-23 23:00:00+03:00,0.04493,0.04633
2024-05-24 01:00:00+03:00,0.04634,0.04586
2024-05-24 03:00:00+03:00,0.04586,0.04617
2024-05-24 05:00:00+03:00,0.04618,0.04628
2024-05-24 07:00:00+03:00,0.04628,0.04543
2024-05-24 09:00:00+03:00,0.04543,0.04524
2024-05-24 11:00:00+03:00,0.04525,0.04538
2024-05-24 13:00:00+03:00,0.04538,0.04554
2024-05-24 15:00:00+03:00,0.04554,0.04538
2024-05-24 17:00:00+03:00,0.04539,0.04596
2024-05-24 19:00:00+03:00,0.04595,0.04595
2024-05-24 21:00:00+03:00,0.04595,0.04614
2024-05-24 23:00:00+03:00,0.04614,0.04605
2024-05-25 01:00:00+03:00,0.04606,0.04627
2024-05-25 03:00:00+03:00,0.04627,0.04602
2024-05-25 05:00:00+03:00,0.04601,0.0459
2024-05-25 07:00:00+03:00,0.04591,0.04626
2024-05-25 09:00:00+03:00,0.04627,0.04601
2024-05-25 11:00:00+03:00,0.046,0.04616
2024-05-25 13:00:00+03:00,0.04617,0.04617
2024-05-25 15:00:00+03:00,0.04617,0.04574
2024-05-25 17:00:00+03:00,0.04575,0.0463
2024-05-25 19:00:00+03:00,0.04631,0.04596
2024-05-25 21:00:00+03:00,0.04596,0.04604
2024-05-25 23:00:00+03:00,0.04604,0.04597
2024-05-26 01:00:00+03:00,0.04597,0.04622
2024-05-26 03:00:00+03:00,0.04622,0.04629
2024-05-26 05:00:00+03:00,0.0463,0.04634
2024-05-26 07:00:00+03:00,0.04633,0.0462
2024-05-26 09:00:00+03:00,0.0462,0.04611
2024-05-26 11:00:00+03:00,0.04611,0.04573
2024-05-26 13:00:00+03:00,0.04572,0.04611
2024-05-26 15:00:00+03:00,0.04611,0.04582
2024-05-26 17:00:00+03:00,0.04582,0.04583
2024-05-26 19:00:00+03:00,0.04584,0.04568
2024-05-26 21:00:00+03:00,0.04567,0.04598
2024-05-26 23:00:00+03:00,0.04599,0.0455
2024-05-27 01:00:00+03:00,0.04551,0.04525
2024-05-27 03:00:00+03:00,0.04526,0.04572
2024-05-27 05:00:00+03:00,0.04573,0.04567
2024-05-27 07:00:00+03:00,0.04565,0.04515
2024-05-27 09:00:00+03:00,0.04515,0.04496
2024-05-27 11:00:00+03:00,0.04496,0.04528
2024-05-27 13:00:00+03:00,0.04527,0.04533
2024-05-27 15:00:00+03:00,0.04532,0.04586
2024-05-27 17:00:00+03:00,0.04586,0.04641
2024-05-27 19:00:00+03:00,0.0464,0.04634
2024-05-27 21:00:00+03:00,0.04635,0.04572
2024-05-27 23:00:00+03:00,0.04572,0.04636
2024-05-28 01:00:00+03:00,0.04636,0.04637
2024-05-28 03:00:00+03:00,0.04638,0.04555
2024-05-28 05:00:00+03:00,0.04553,0.04559
2024-05-28 07:00:00+03:00,0.04559,0.04502
2024-05-28 09:00:00+03:00,0.04503,0.04473
2024-05-28 11:00:00+03:00,0.04473,0.04555
2024-05-28 13:00:00+03:00,0.04555,0.04575
2024-05-28 15:00:00+03:00,0.04575,0.04536
2024-05-28 17:00:00+03:00,0.04537,0.04548
2024-05-28 19:00:00+03:00,0.04548,0.04497
2024-05-28 21:00:00+03:00,0.04496,0.04518
2024-05-28 23:00:00+03:00,0.04518,0.04531
2024-05-29 01:00:00+03:00,0.04531,0.04512
2024-05-29 03:00:00+03:00,0.04512,0.04494
2024-05-29 05:00:00+03:00,0.04495,0.04517
2024-05-29 07:00:00+03:00,0.04516,0.04553
2024-05-29 09:00:00+03:00,0.04553,0.04511
2024-05-29 11:00:00+03:00,0.04511,0.04551
2024-05-29 13:00:00+03:00,0.04551,0.04535
2024-05-29 15:00:00+03:00,0.04535,0.04497
2024-05-29 17:00:00+03:00,0.04497,0.04438
2024-05-29 19:00:00+03:00,0.04438,0.04437
2024-05-29 21:00:00+03:00,0.04437,0.04392
2024-05-29 23:00:00+03:00,0.04393,0.04395
2024-05-30 01:00:00+03:00,0.04394,0.04376
2024-05-30 03:00:00+03:00,0.04376,0.04408
2024-05-30 05:00:00+03:00,0.04408,0.04431
2024-05-30 07:00:00+03:00,0.04432,0.0442
2024-05-30 09:00:00+03:00,0.0442,0.04285
2024-05-30 11:00:00+03:00,0.04284,0.04316
2024-05-30 13:00:00+03:00,0.04315,0.04334
2024-05-30 15:00:00+03:00,0.04333,0.04399
2024-05-30 17:00:00+03:00,0.04399,0.04432
2024-05-30 19:00:00+03:00,0.04431,0.04468
2024-05-30 21:00:00+03:00,0.04468,0.04422
2024-05-30 23:00:00+03:00,0.04422,0.04378
2024-05-31 01:00:00+03:00,0.04378,0.04333
2024-05-31 03:00:00+03:00,0.04333,0.04292
2024-05-31 05:00:00+03:00,0.04292,0.04315
2024-05-31 07:00:00+03:00,0.04314,0.04284
2024-05-31 09:00:00+03:00,0.04283,0.04283
2024-05-31 11:00:00+03:00,0.04283,0.0426
2024-05-31 13:00:00+03:00,0.0426,0.04295
2024-05-31 15:00:00+03:00,0.04296,0.04289
2024-05-31 17:00:00+03:00,0.0429,0.04264
2024-05-31 19:00:00+03:00,0.04263,0.04282
2024-05-31 21:00:00+03:00,0.04281,0.04309
2024-05-31 23:00:00+03:00,0.04308,0.04309
2024-06-01 01:00:00+03:00,0.04309,0.04288
2024-06-01 03:00:00+03:00,0.04288,0.04278
2024-06-01 05:00:00+03:00,0.04278,0.043
2024-06-01 07:00:00+03:00,0.043,0.04295
2024-06-01 09:00:00+03:00,0.04294,0.04288
2024-06-01 11:00:00+03:00,0.04287,0.04278
2024-06-01 13:00:00+03:00,0.04279,0.04275
2024-06-01 15:00:00+03:00,0.04274,0.04296
2024-06-01 17:00:00+03:00,0.04296,0.04287
2024-06-01 19:00:00+03:00,0.04288,0.043
2024-06-01 21:00:00+03:00,0.04299,0.04288
2024-06-01 23:00:00+03:00,0.04287,0.04317
2024-06-02 01:00:00+03:00,0.04318,0.04302
2024-06-02 03:00:00+03:00,0.04302,0.04321
2024-06-02 05:00:00+03:00,0.04321,0.04332
2024-06-02 07:00:00+03:00,0.04332,0.04314
2024-06-02 09:00:00+03:00,0.04313,0.04307
2024-06-02 11:00:00+03:00,0.04308,0.043
2024-06-02 13:00:00+03:00,0.043,0.04339
2024-06-02 15:00:00+03:00,0.0434,0.04348
2024-06-02 17:00:00+03:00,0.04348,0.04381
2024-06-02 19:00:00+03:00,0.04381,0.04298
2024-06-02 21:00:00+03:00,0.04297,0.04351
2024-06-02 23:00:00+03:00,0.04351,0.0438
2024-06-03 01:00:00+03:00,0.04379,0.04351
2024-06-03 03:00:00+03:00,0.04349,0.0441
2024-06-03 05:00:00+03:00,0.0441,0.04385
2024-06-03 07:00:00+03:00,0.04385,0.0438
2024-06-03 09:00:00+03:00,0.04381,0.04419
2024-06-03 11:00:00+03:00,0.04419,0.04401
2024-06-03 13:00:00+03:00,0.04402,0.04388
2024-06-03 15:00:00+03:00,0.04388,0.04398
2024-06-03 17:00:00+03:00,0.04398,0.0436
2024-06-03 19:00:00+03:00,0.04361,0.04321
2024-06-03 21:00:00+03:00,0.0432,0.04315
2024-06-03 23:00:00+03:00,0.04316,0.04271
2024-06-04 01:00:00+03:00,0.04272,0.04241
2024-06-04 03:00:00+03:00,0.04241,0.04273
2024-06-04 05:00:00+03:00,0.04273,0.04253
2024-06-04 07:00:00+03:00,0.04252,0.04262
2024-06-04 09:00:00+03:00,0.04262,0.04251
2024-06-04 11:00:00+03:00,0.04252,0.04209
2024-06-04 13:00:00+03:00,0.04209,0.04248
2024-06-04 15:00:00+03:00,0.04249,0.04268
2024-06-04 17:00:00+03:00,0.0427,0.04286
2024-06-04 19:00:00+03:00,0.04287,0.04316
2024-06-04 21:00:00+03:00,0.04316,0.04304
2024-06-04 23:00:00+03:00,0.04303,0.043
2024-06-05 01:00:00+03:00,0.043,0.04334
2024-06-05 03:00:00+03:00,0.04335,0.04379
2024-06-05 05:00:00+03:00,0.04379,0.04358
2024-06-05 07:00:00+03:00,0.04357,0.04371
2024-06-05 09:00:00+03:00,0.04371,0.0438
2024-06-05 11:00:00+03:00,0.0438,0.04336
2024-06-05 13:00:00+03:00,0.04338,0.04342
2024-06-05 15:00:00+03:00,0.04342,0.04324
2024-06-05 17:00:00+03:00,0.04324,0.04398
2024-06-05 19:00:00+03:00,0.04399,0.04456
2024-06-05 21:00:00+03:00,0.04457,0.04486
2024-06-05 23:00:00+03:00,0.04487,0.04494
2024-06-06 01:00:00+03:00,0.04493,0.0454
2024-06-06 03:00:00+03:00,0.0454,0.04541
2024-06-06 05:00:00+03:00,0.04541,0.04498
2024-06-06 07:00:00+03:00,0.04499,0.04462
2024-06-06 09:00:00+03:00,0.04461,0.04491
2024-06-06 11:00:00+03:00,0.04491,0.04504
2024-06-06 13:00:00+03:00,0.04505,0.04522
2024-06-06 15:00:00+03:00,0.04521,0.04535
2024-06-06 17:00:00+03:00,0.04534,0.04574
2024-06-06 19:00:00+03:00,0.04573,0.04529
2024-06-06 21:00:00+03:00,0.0453,0.04438
2024-06-06 23:00:00+03:00,0.04438,0.04444
2024-06-07 01:00:00+03:00,0.04444,0.04435
2024-06-07 03:00:00+03:00,0.04434,0.04402
2024-06-07 05:00:00+03:00,0.04403,0.04402
2024-06-07 07:00:00+03:00,0.04402,0.04461
2024-06-07 09:00:00+03:00,0.04461,0.0446
2024-06-07 11:00:00+03:00,0.0446,0.04457
2024-06-07 13:00:00+03:00,0.04456,0.04518
2024-06-07 15:00:00+03:00,0.0452,0.0452
2024-06-07 17:00:00+03:00,0.04521,0.04492
2024-06-07 19:00:00+03:00,0.04492,0.04332
2024-06-07 21:00:00+03:00,0.04331,0.04043
2024-06-07 23:00:00+03:00,0.04044,0.04079
2024-06-08 01:00:00+03:00,0.04078,0.0408
2024-06-08 03:00:00+03:00,0.0408,0.0409
2024-06-08 05:00:00+03:00,0.04089,0.04059
2024-06-08 07:00:00+03:00,0.04058,0.04034
2024-06-08 09:00:00+03:00,0.04034,0.04048
2024-06-08 11:00:00+03:00,0.04048,0.03978
2024-06-08 13:00:00+03:00,0.03978,0.03896
2024-06-08 15:00:00+03:00,0.03895,0.039
2024-06-08 17:00:00+03:00,0.03899,0.03878
2024-06-08 19:00:00+03:00,0.03878,0.03861
2024-06-08 21:00:00+03:00,0.0386,0.0385
2024-06-08 23:00:00+03:00,0.0385,0.03847
2024-06-09 01:00:00+03:00,0.03846,0.03897
2024-06-09 03:00:00+03:00,0.03896,0.03941
2024-06-09 05:00:00+03:00,0.03941,0.03924
2024-06-09 07:00:00+03:00,0.03924,0.03966
2024-06-09 09:00:00+03:00,0.03965,0.0396
2024-06-09 11:00:00+03:00,0.0396,0.03987
2024-06-09 13:00:00+03:00,0.03987,0.03954
2024-06-09 15:00:00+03:00,0.03954,0.0398
2024-06-09 17:00:00+03:00,0.03981,0.03967
2024-06-09 19:00:00+03:00,0.03967,0.03997
2024-06-09 21:00:00+03:00,0.03997,0.03974
2024-06-09 23:00:00+03:00,0.03975,0.03977
2024-06-10 01:00:00+03:00,0.03977,0.03984
2024-06-10 03:00:00+03:00,0.03983,0.03998
2024-06-10 05:00:00+03:00,0.03998,0.03993
2024-06-10 07:00:00+03:00,0.03992,0.03979
2024-06-10 09:00:00+03:00,0.03979,0.03916
2024-06-10 11:00:00+03:00,0.03916,0.04015
2024-06-10 13:00:00+03:00,0.04015,0.04016
2024-06-10 15:00:00+03:00,0.04015,0.0396
2024-06-10 17:00:00+03:00,0.0396,0.04016
2024-06-10 19:00:00+03:00,0.04017,0.03999
2024-06-10 21:00:00+03:00,0.03999,0.03971
2024-06-10 23:00:00+03:00,0.03972,0.03946
2024-06-11 01:00:00+03:00,0.03946,0.03918
2024-06-11 03:00:00+03:00,0.03918,0.03848
2024-06-11 05:00:00+03:00,0.03847,0.03848
2024-06-11 07:00:00+03:00,0.03847,0.03826
2024-06-11 09:00:00+03:00,0.03825,0.03778
2024-06-11 11:00:00+03:00,0.03777,0.03779
2024-06-11 13:00:00+03:00,0.03778,0.03791
2024-06-11 15:00:00+03:00,0.03792,0.03708
2024-06-11 17:00:00+03:00,0.03707,0.03666
2024-06-11 19:00:00+03:00,0.03666,0.03694
2024-06-11 21:00:00+03:00,0.03694,0.03719
2024-06-11 23:00:00+03:00,0.03719,0.03737
2024-06-12 01:00:00+03:00,0.03737,0.03691
2024-06-12 03:00:00+03:00,0.03691,0.03669
2024-06-12 05:00:00+03:00,0.03668,0.03741
2024-06-12 07:00:00+03:00,0.0374,0.03725
2024-06-12 09:00:00+03:00,0.03725,0.03741
2024-06-12 11:00:00+03:00,0.03741,0.03776
2024-06-12 13:00:00+03:00,0.03777,0.03783
2024-06-12 15:00:00+03:00,0.03783,0.03983
2024-06-12 17:00:00+03:00,0.03983,0.03964
2024-06-12 19:00:00+03:00,0.03963,0.04014
2024-06-12 21:00:00+03:00,0.04013,0.03864
2024-06-12 23:00:00+03:00,0.03863,0.03966
2024-06-13 01:00:00+03:00,0.03966,0.03966
2024-06-13 03:00:00+03:00,0.03966,0.03935
2024-06-13 05:00:00+03:00,0.03935,0.03884
2024-06-13 07:00:00+03:00,0.03885,0.03902
2024-06-13 09:00:00+03:00,0.03902,0.03879
2024-06-13 11:00:00+03:00,0.03879,0.03861
2024-06-13 13:00:00+03:00,0.03863,0.03842
2024-06-13 15:00:00+03:00,0.03842,0.03843
2024-06-13 17:00:00+03:00,0.03845,0.03724
2024-06-13 19:00:00+03:00,0.03723,0.03786
2024-06-13 21:00:00+03:00,0.03785,0.03759
2024-06-13 23:00:00+03:00,0.03759,0.03747
2024-06-14 01:00:00+03:00,0.03747,0.03737
2024-06-14 03:00:00+03:00,0.03736,0.03765
2024-06-14 05:00:00+03:00,0.03765,0.03744
2024-06-14 07:00:00+03:00,0.03745,0.03771
2024-06-14 09:00:00+03:00,0.03772,0.03797
2024-06-14 11:00:00+03:00,0.03797,0.03765
2024-06-14 13:00:00+03:00,0.03766,0.03759
2024-06-14 15:00:00+03:00,0.0376,0.03718
2024-06-14 17:00:00+03:00,0.03718,0.03637
2024-06-14 19:00:00+03:00,0.03637,0.03487
2024-06-14 21:00:00+03:00,0.03487,0.03449
2024-06-14 23:00:00+03:00,0.03449,0.03523
2024-06-15 01:00:00+03:00,0.03524,0.03482
2024-06-15 03:00:00+03:00,0.03483,0.03461
2024-06-15 05:00:00+03:00,0.03462,0.03484
2024-06-15 07:00:00+03:00,0.03485,0.03498
2024-06-15 09:00:00+03:00,0.03499,0.03517
2024-06-15 11:00:00+03:00,0.03517,0.03513
2024-06-15 13:00:00+03:00,0.03513,0.03497
2024-06-15 15:00:00+03:00,0.03496,0.03517
2024-06-15 17:00:00+03:00,0.03518,0.0351
2024-06-15 19:00:00+03:00,0.03509,0.0351
2024-06-15 21:00:00+03:00,0.03509,0.03469
2024-06-15 23:00:00+03:00,0.03469,0.03469
2024-06-16 01:00:00+03:00,0.03469,0.03452
2024-06-16 03:00:00+03:00,0.03452,0.0344
2024-06-16 05:00:00+03:00,0.03441,0.03428
2024-06-16 07:00:00+03:00,0.03427,0.03459
2024-06-16 09:00:00+03:00,0.03459,0.03466
2024-06-16 11:00:00+03:00,0.03466,0.03472
2024-06-16 13:00:00+03:00,0.03472,0.03466
2024-06-16 15:00:00+03:00,0.03465,0.03493
2024-06-16 17:00:00+03:00,0.03494,0.0351
2024-06-16 19:00:00+03:00,0.03509,0.03486
2024-06-16 21:00:00+03:00,0.03486,0.03488
2024-06-16 23:00:00+03:00,0.03489,0.0348
2024-06-17 01:00:00+03:00,0.0348,0.03506
2024-06-17 03:00:00+03:00,0.03505,0.03422
2024-06-17 05:00:00+03:00,0.03423,0.03403
2024-06-17 07:00:00+03:00,0.03404,0.03381
2024-06-17 09:00:00+03:00,0.03382,0.03333
2024-06-17 11:00:00+03:00,0.03332,0.03245
2024-06-17 13:00:00+03:00,0.03244,0.03234
2024-06-17 15:00:00+03:00,0.03234,0.03185
2024-06-17 17:00:00+03:00,0.03185,0.03154
2024-06-17 19:00:00+03:00,0.03154,0.0322
2024-06-17 21:00:00+03:00,0.0322,0.03259
2024-06-17 23:00:00+03:00,0.0326,0.03226
2024-06-18 01:00:00+03:00,0.03226,0.03194
2024-06-18 03:00:00+03:00,0.03193,0.02876
2024-06-18 05:00:00+03:00,0.02875,0.02951
2024-06-18 07:00:00+03:00,0.0295,0.02972
2024-06-18 09:00:00+03:00,0.02972,0.02993
2024-06-18 11:00:00+03:00,0.02993,0.02986
2024-06-18 13:00:00+03:00,0.02987,0.02982
2024-06-18 15:00:00+03:00,0.02981,0.02859
2024-06-18 17:00:00+03:00,0.02858,0.02892
2024-06-18 19:00:00+03:00,0.02891,0.02854
2024-06-18 21:00:00+03:00,0.02855,0.02885
2024-06-18 23:00:00+03:00,0.02883,0.02917
2024-06-19 01:00:00+03:00,0.02917,0.02939
2024-06-19 03:00:00+03:00,0.02939,0.02971
2024-06-19 05:00:00+03:00,0.02971,0.03034
2024-06-19 07:00:00+03:00,0.03034,0.03061
2024-06-19 09:00:00+03:00,0.03062,0.03079
2024-06-19 11:00:00+03:00,0.03079,0.03054
2024-06-19 13:00:00+03:00,0.03054,0.03024
2024-06-19 15:00:00+03:00,0.03024,0.0303
2024-06-19 17:00:00+03:00,0.03029,0.03001
2024-06-19 19:00:00+03:00,0.03001,0.03052
2024-06-19 21:00:00+03:00,0.03053,0.03067
2024-06-19 23:00:00+03:00,0.03067,0.03121
2024-06-20 01:00:00+03:00,0.0312,0.03085
2024-06-20 03:00:00+03:00,0.03085,0.03124
2024-06-20 05:00:00+03:00,0.03122,0.03117
2024-06-20 07:00:00+03:00,0.03117,0.03175
2024-06-20 09:00:00+03:00,0.03176,0.03291
2024-06-20 11:00:00+03:00,0.03292,0.03308
2024-06-20 13:00:00+03:00,0.03308,0.03308
2024-06-20 15:00:00+03:00,0.03308,0.0323
2024-06-20 17:00:00+03:00,0.03229,0.03169
2024-06-20 19:00:00+03:00,0.0317,0.03204
2024-06-20 21:00:00+03:00,0.03203,0.03207
2024-06-20 23:00:00+03:00,0.03208,0.03187
2024-06-21 01:00:00+03:00,0.03187,0.03175
2024-06-21 03:00:00+03:00,0.03175,0.03216
2024-06-21 05:00:00+03:00,0.03216,0.03172
2024-06-21 07:00:00+03:00,0.03173,0.03181
2024-06-21 09:00:00+03:00,0.0318,0.03135
2024-06-21 11:00:00+03:00,0.03135,0.03175
2024-06-21 13:00:00+03:00,0.03174,0.03141
2024-06-21 15:00:00+03:00,0.0314,0.03107
2024-06-21 17:00:00+03:00,0.03106,0.03126
2024-06-21 19:00:00+03:00,0.03126,0.03077
2024-06-21 21:00:00+03:00,0.03078,0.03117
2024-06-21 23:00:00+03:00,0.03116,0.03124
2024-06-22 01:00:00+03:00,0.03123,0.03108
2024-06-22 03:00:00+03:00,0.03108,0.03073
2024-06-22 05:00:00+03:00,0.03073,0.03097
2024-06-22 07:00:00+03:00,0.03097,0.03101
2024-06-22 09:00:00+03:00,0.03101,0.03087
2024-06-22 11:00:00+03:00,0.03087,0.0307
2024-06-22 13:00:00+03:00,0.0307,0.03063
2024-06-22 15:00:00+03:00,0.03063,0.03064
2024-06-22 17:00:00+03:00,0.03065,0.0308
2024-06-22 19:00:00+03:00,0.0308,0.03062
2024-06-22 21:00:00+03:00,0.03062,0.03063
2024-06-22 23:00:00+03:00,0.03063,0.0305
2024-06-23 01:00:00+03:00,0.0305,0.03027
2024-06-23 03:00:00+03:00,0.03028,0.03061
2024-06-23 05:00:00+03:00,0.0306,0.03079
2024-06-23 07:00:00+03:00,0.03079,0.03066
2024-06-23 09:00:00+03:00,0.03067,0.0306
2024-06-23 11:00:00+03:00,0.0306,0.03072
2024-06-23 13:00:00+03:00,0.03072,0.03044
2024-06-23 15:00:00+03:00,0.03044,0.03032
2024-06-23 17:00:00+03:00,0.03032,0.02983
2024-06-23 19:00:00+03:00,0.02984,0.02969
2024-06-23 21:00:00+03:00,0.0297,0.02976
2024-06-23 23:00:00+03:00,0.02977,0.0299
2024-06-24 01:00:00+03:00,0.0299,0.02945
2024-06-24 03:00:00+03:00,0.02945,0.02959
2024-06-24 05:00:00+03:00,0.02959,0.02945
2024-06-24 07:00:00+03:00,0.02945,0.02851
2024-06-24 09:00:00+03:00,0.02852,0.02902
2024-06-24 11:00:00+03:00,0.02902,0.0295
2024-06-24 13:00:00+03:00,0.02951,0.02945
2024-06-24 15:00:00+03:00,0.02943,0.03008
2024-06-24 17:00:00+03:00,0.03007,0.02962
2024-06-24 19:00:00+03:00,0.02963,0.02971
2024-06-24 21:00:00+03:00,0.02972,0.02946
2024-06-24 23:00:00+03:00,0.02946,0.03016
2024-06-25 01:00:00+03:00,0.03017,0.03036
2024-06-25 03:00:00+03:00,0.03037,0.03029
2024-06-25 05:00:00+03:00,0.0303,0.03097
2024-06-25 07:00:00+03:00,0.03097,0.03109
2024-06-25 09:00:00+03:00,0.03108,0.03152
2024-06-25 11:00:00+03:00,0.03152,0.0317
2024-06-25 13:00:00+03:00,0.0317,0.03181
2024-06-25 15:00:00+03:00,0.0318,0.03157
2024-06-25 17:00:00+03:00,0.03158,0.03219
2024-06-25 19:00:00+03:00,0.03218,0.03197
2024-06-25 21:00:00+03:00,0.03197,0.03225
2024-06-25 23:00:00+03:00,0.03224,0.03213
2024-06-26 01:00:00+03:00,0.03213,0.0319
2024-06-26 03:00:00+03:00,0.03189,0.03236
2024-06-26 05:00:00+03:00,0.03236,0.03229
2024-06-26 07:00:00+03:00,0.03229,0.03165
2024-06-26 09:00:00+03:00,0.03164,0.03172
2024-06-26 11:00:00+03:00,0.03172,0.03149
2024-06-26 13:00:00+03:00,0.03148,0.0312
2024-06-26 15:00:00+03:00,0.0312,0.03158
2024-06-26 17:00:00+03:00,0.03159,0.03101
2024-06-26 19:00:00+03:00,0.03102,0.03068
2024-06-26 21:00:00+03:00,0.03069,0.03074
2024-06-26 23:00:00+03:00,0.03073,0.03106
2024-06-27 01:00:00+03:00,0.03107,0.03087
2024-06-27 03:00:00+03:00,0.03087,0.03059
2024-06-27 05:00:00+03:00,0.03058,0.03029
2024-06-27 07:00:00+03:00,0.03029,0.03009
2024-06-27 09:00:00+03:00,0.03009,0.03001
2024-06-27 11:00:00+03:00,0.03001,0.03054
2024-06-27 13:00:00+03:00,0.03055,0.03079
2024-06-27 15:00:00+03:00,0.03078,0.03101
2024-06-27 17:00:00+03:00,0.03101,0.03124
2024-06-27 19:00:00+03:00,0.03124,0.03142
2024-06-27 21:00:00+03:00,0.03142,0.03156
2024-06-27 23:00:00+03:00,0.03157,0.03154
2024-06-28 01:00:00+03:00,0.03155,0.03147
2024-06-28 03:00:00+03:00,0.03146,0.0317
2024-06-28 05:00:00+03:00,0.0317,0.03142
2024-06-28 07:00:00+03:00,0.03142,0.03129
2024-06-28 09:00:00+03:00,0.03128,0.03116
2024-06-28 11:00:00+03:00,0.03116,0.03124
2024-06-28 13:00:00+03:00,0.03124,0.03139
2024-06-28 15:00:00+03:00,0.03138,0.03126
2024-06-28 17:00:00+03:00,0.03127,0.03128
2024-06-28 19:00:00+03:00,0.03131,0.03086
2024-06-28 21:00:00+03:00,0.03085,0.03085
2024-06-28 23:00:00+03:00,0.03086,0.03098
2024-06-29 01:00:00+03:00,0.03098,0.03062
2024-06-29 03:00:00+03:00,0.03062,0.03073
2024-06-29 05:00:00+03:00,0.03073,0.03058
2024-06-29 07:00:00+03:00,0.03058,0.03033
2024-06-29 09:00:00+03:00,0.03033,0.0303
2024-06-29 11:00:00+03:00,0.03029,0.03024
2024-06-29 13:00:00+03:00,0.03025,0.03023
2024-06-29 15:00:00+03:00,0.03022,0.03017
2024-06-29 17:00:00+03:00,0.03016,0.03029
2024-06-29 19:00:00+03:00,0.03029,0.03002
2024-06-29 21:00:00+03:00,0.03001,0.02977
2024-06-29 23:00:00+03:00,0.02975,0.02983
2024-06-30 01:00:00+03:00,0.02984,0.0297
2024-06-30 03:00:00+03:00,0.0297,0.02962
2024-06-30 05:00:00+03:00,0.02962,0.02931
2024-06-30 07:00:00+03:00,0.02932,0.02924
2024-06-30 09:00:00+03:00,0.02924,0.03
2024-06-30 11:00:00+03:00,0.03,0.02993
2024-06-30 13:00:00+03:00,0.02993,0.02996
2024-06-30 15:00:00+03:00,0.02997,0.03027
2024-06-30 17:00:00+03:00,0.03026,0.03021
2024-06-30 19:00:00+03:00,0.03021,0.03019
2024-06-30 21:00:00+03:00,0.03019,0.03034
2024-06-30 23:00:00+03:00,0.03033,0.03038
2024-07-01 01:00:00+03:00,0.03038,0.03111
2024-07-01 03:00:00+03:00,0.03111,0.03154
2024-07-01 05:00:00+03:00,0.03154,0.0315
2024-07-01 07:00:00+03:00,0.0315,0.03145
2024-07-01 09:00:00+03:00,0.03145,0.03126
2024-07-01 11:00:00+03:00,0.03127,0.03123
2024-07-01 13:00:00+03:00,0.03123,0.03102
2024-07-01 15:00:00+03:00,0.03101,0.03057
2024-07-01 17:00:00+03:00,0.03056,0.03042
2024-07-01 19:00:00+03:00,0.03041,0.03056
2024-07-01 21:00:00+03:00,0.03057,0.03066
2024-07-01 23:00:00+03:00,0.03066,0.03042
2024-07-02 01:00:00+03:00,0.03041,0.03004
2024-07-02 03:00:00+03:00,0.03004,0.03011
2024-07-02 05:00:00+03:00,0.03011,0.03021
2024-07-02 07:00:00+03:00,0.03022,0.03025
2024-07-02 09:00:00+03:00,0.03026,0.02999
2024-07-02 11:00:00+03:00,0.02998,0.03003
2024-07-02 13:00:00+03:00,0.03002,0.03004
2024-07-02 15:00:00+03:00,0.03005,0.03016
2024-07-02 17:00:00+03:00,0.03017,0.02964
2024-07-02 19:00:00+03:00,0.02964,0.02911
2024-07-02 21:00:00+03:00,0.02911,0.02972
2024-07-02 23:00:00+03:00,0.02973,0.0297
2024-07-03 01:00:00+03:00,0.0297,0.0298
2024-07-03 03:00:00+03:00,0.02981,0.02948
2024-07-03 05:00:00+03:00,0.02948,0.0293
2024-07-03 07:00:00+03:00,0.0293,0.0295
2024-07-03 09:00:00+03:00,0.02951,0.02955
2024-07-03 11:00:00+03:00,0.02955,0.02949
2024-07-03 13:00:00+03:00,0.0295,0.02922
2024-07-03 15:00:00+03:00,0.02921,0.02958
2024-07-03 17:00:00+03:00,0.02958,0.02919
2024-07-03 19:00:00+03:00,0.0292,0.02916
2024-07-03 21:00:00+03:00,0.02915,0.0288
2024-07-03 23:00:00+03:00,0.0288,0.02922
2024-07-04 01:00:00+03:00,0.02922,0.02923
2024-07-04 03:00:00+03:00,0.02922,0.02753
2024-07-04 05:00:00+03:00,0.02753,0.02821
2024-07-04 07:00:00+03:00,0.0282,0.02834
2024-07-04 09:00:00+03:00,0.02835,0.02786
2024-07-04 11:00:00+03:00,0.02786,0.02764
2024-07-04 13:00:00+03:00,0.02763,0.02732
2024-07-04 15:00:00+03:00,0.02731,0.02682
2024-07-04 17:00:00+03:00,0.02683,0.02696
2024-07-04 19:00:00+03:00,0.02696,0.02706
2024-07-04 21:00:00+03:00,0.02707,0.02667
2024-07-04 23:00:00+03:00,0.02667,0.02687
2024-07-05 01:00:00+03:00,0.02687,0.02571
2024-07-05 03:00:00+03:00,0.02571,0.02503
2024-07-05 05:00:00+03:00,0.02503,0.02344
2024-07-05 07:00:00+03:00,0.02342,0.02398
2024-07-05 09:00:00+03:00,0.02398,0.02386
2024-07-05 11:00:00+03:00,0.02386,0.02379
2024-07-05 13:00:00+03:00,0.02377,0.02485
2024-07-05 15:00:00+03:00,0.02485,0.02505
2024-07-05 17:00:00+03:00,0.02504,0.0248
2024-07-05 19:00:00+03:00,0.0248,0.02474
2024-07-05 21:00:00+03:00,0.02475,0.02477
2024-07-05 23:00:00+03:00,0.02477,0.02477
2024-07-06 01:00:00+03:00,0.02477,0.02467
2024-07-06 03:00:00+03:00,0.02466,0.02458
2024-07-06 05:00:00+03:00,0.02458,0.02456
2024-07-06 07:00:00+03:00,0.02455,0.02424
2024-07-06 09:00:00+03:00,0.02425,0.02473
2024-07-06 11:00:00+03:00,0.02472,0.02478
2024-07-06 13:00:00+03:00,0.02477,0.02477
2024-07-06 15:00:00+03:00,0.02477,0.02483
2024-07-06 17:00:00+03:00,0.02482,0.02527
2024-07-06 19:00:00+03:00,0.02528,0.02597
2024-07-06 21:00:00+03:00,0.02597,0.02602
2024-07-06 23:00:00+03:00,0.02603,0.02607
2024-07-07 01:00:00+03:00,0.02609,0.02619
2024-07-07 03:00:00+03:00,0.02619,0.0259
2024-07-07 05:00:00+03:00,0.0259,0.02596
2024-07-07 07:00:00+03:00,0.02595,0.0257
2024-07-07 09:00:00+03:00,0.02571,0.02545
2024-07-07 11:00:00+03:00,0.02544,0.02591
2024-07-07 13:00:00+03:00,0.02591,0.02593
2024-07-07 15:00:00+03:00,0.02593,0.02517
2024-07-07 17:00:00+03:00,0.02517,0.02507
2024-07-07 19:00:00+03:00,0.02507,0.02546
2024-07-07 21:00:00+03:00,0.02546,0.0254
2024-07-07 23:00:00+03:00,0.0254,0.02504
2024-07-08 01:00:00+03:00,0.02505,0.02463
2024-07-08 03:00:00+03:00,0.02464,0.0242
2024-07-08 05:00:00+03:00,0.02419,0.02445
2024-07-08 07:00:00+03:00,0.02444,0.02482
2024-07-08 09:00:00+03:00,0.02483,0.02488
2024-07-08 11:00:00+03:00,0.02489,0.02614
2024-07-08 13:00:00+03:00,0.02615,0.02624
2024-07-08 15:00:00+03:00,0.02623,0.02612
2024-07-08 17:00:00+03:00,0.02611,0.02541
2024-07-08 19:00:00+03:00,0.02541,0.02549
2024-07-08 21:00:00+03:00,0.02548,0.02579
2024-07-08 23:00:00+03:00,0.0258,0.026
2024-07-09 01:00:00+03:00,0.02599,0.02598
2024-07-09 03:00:00+03:00,0.02598,0.02589
2024-07-09 05:00:00+03:00,0.02589,0.02637
2024-07-09 07:00:00+03:00,0.02637,0.02626
2024-07-09 09:00:00+03:00,0.02626,0.0263
2024-07-09 11:00:00+03:00,0.0263,0.02635
2024-07-09 13:00:00+03:00,0.02634,0.02654
2024-07-09 15:00:00+03:00,0.02653,0.02648
2024-07-09 17:00:00+03:00,0.02648,0.0269
2024-07-09 19:00:00+03:00,0.02689,0.02724
2024-07-09 21:00:00+03:00,0.02724,0.02752
2024-07-09 23:00:00+03:00,0.02752,0.02744
2024-07-10 01:00:00+03:00,0.02744,0.02732
2024-07-10 03:00:00+03:00,0.02731,0.02727
2024-07-10 05:00:00+03:00,0.02726,0.02718
2024-07-10 07:00:00+03:00,0.02718,0.02769
2024-07-10 09:00:00+03:00,0.02768,0.02767
2024-07-10 11:00:00+03:00,0.02768,0.02736
2024-07-10 13:00:00+03:00,0.02737,0.02732
2024-07-10 15:00:00+03:00,0.02731,0.02722
2024-07-10 17:00:00+03:00,0.02722,0.02744
2024-07-10 19:00:00+03:00,0.02745,0.02748
2024-07-10 21:00:00+03:00,0.02748,0.02746
2024-07-10 23:00:00+03:00,0.02746,0.02726
2024-07-11 01:00:00+03:00,0.02725,0.02732
2024-07-11 03:00:00+03:00,0.02732,0.02749
2024-07-11 05:00:00+03:00,0.0275,0.02727
2024-07-11 07:00:00+03:00,0.02727,0.02744
2024-07-11 09:00:00+03:00,0.02744,0.02749
2024-07-11 11:00:00+03:00,0.0275,0.02747
2024-07-11 13:00:00+03:00,0.02747,0.02778
2024-07-11 15:00:00+03:00,0.02778,0.02827
2024-07-11 17:00:00+03:00,0.02827,0.02745
2024-07-11 19:00:00+03:00,0.02746,0.02762
2024-07-11 21:00:00+03:00,0.02761,0.02729
2024-07-11 23:00:00+03:00,0.02728,0.02701
2024-07-12 01:00:00+03:00,0.02701,0.02688
2024-07-12 03:00:00+03:00,0.02688,0.02701
2024-07-12 05:00:00+03:00,0.027,0.02687
2024-07-12 07:00:00+03:00,0.02687,0.02683
2024-07-12 09:00:00+03:00,0.02684,0.02685
2024-07-12 11:00:00+03:00,0.02684,0.02651
2024-07-12 13:00:00+03:00,0.0265,0.02662
2024-07-12 15:00:00+03:00,0.02661,0.02729
2024-07-12 17:00:00+03:00,0.0273,0.02696
2024-07-12 19:00:00+03:00,0.02696,0.02702
2024-07-12 21:00:00+03:00,0.02702,0.02698
2024-07-12 23:00:00+03:00,0.027,0.02707
2024-07-13 01:00:00+03:00,0.02706,0.02722
2024-07-13 03:00:00+03:00,0.02723,0.02719
2024-07-13 05:00:00+03:00,0.0272,0.02716
2024-07-13 07:00:00+03:00,0.02717,0.02727
2024-07-13 09:00:00+03:00,0.02726,0.02721
2024-07-13 11:00:00+03:00,0.02721,0.02733
2024-07-13 13:00:00+03:00,0.02733,0.02731
2024-07-13 15:00:00+03:00,0.0273,0.02736
2024-07-13 17:00:00+03:00,0.02736,0.02748
2024-07-13 19:00:00+03:00,0.02747,0.02741
2024-07-13 21:00:00+03:00,0.0274,0.02753
2024-07-13 23:00:00+03:00,0.02752,0.02757
2024-07-14 01:00:00+03:00,0.02756,0.02801
2024-07-14 03:00:00+03:00,0.02801,0.02822
2024-07-14 05:00:00+03:00,0.02823,0.02825
2024-07-14 07:00:00+03:00,0.02826,0.02853
2024-07-14 09:00:00+03:00,0.02852,0.02823
2024-07-14 11:00:00+03:00,0.02822,0.02849
2024-07-14 13:00:00+03:00,0.0285,0.02827
2024-07-14 15:00:00+03:00,0.02827,0.02804
2024-07-14 17:00:00+03:00,0.02804,0.02819
2024-07-14 19:00:00+03:00,0.02818,0.0282
2024-07-14 21:00:00+03:00,0.02819,0.02808
2024-07-14 23:00:00+03:00,0.02807,0.02854
2024-07-15 01:00:00+03:00,0.02853,0.02853
2024-07-15 03:00:00+03:00,0.02851,0.02845
2024-07-15 05:00:00+03:00,0.02843,0.02876
2024-07-15 07:00:00+03:00,0.02876,0.02861
2024-07-15 09:00:00+03:00,0.02861,0.02886
2024-07-15 11:00:00+03:00,0.02885,0.02871
2024-07-15 13:00:00+03:00,0.02871,0.0286
2024-07-15 15:00:00+03:00,0.0286,0.02871
2024-07-15 17:00:00+03:00,0.02871,0.02911
2024-07-15 19:00:00+03:00,0.02911,0.02919
2024-07-15 21:00:00+03:00,0.02918,0.02932
2024-07-15 23:00:00+03:00,0.02931,0.02949
2024-07-16 01:00:00+03:00,0.02949,0.03006
2024-07-16 03:00:00+03:00,0.03006,0.03008
2024-07-16 05:00:00+03:00,0.03007,0.03017
2024-07-16 07:00:00+03:00,0.03018,0.0295
2024-07-16 09:00:00+03:00,0.02949,0.02892
2024-07-16 11:00:00+03:00,0.02891,0.02923
2024-07-16 13:00:00+03:00,0.02923,0.02955
2024-07-16 15:00:00+03:00,0.02955,0.02948
2024-07-16 17:00:00+03:00,0.02949,0.03037
2024-07-16 19:00:00+03:00,0.03038,0.03071
2024-07-16 21:00:00+03:00,0.0307,0.03059
2024-07-16 23:00:00+03:00,0.03058,0.0307
2024-07-17 01:00:00+03:00,0.0307,0.0305
2024-07-17 03:00:00+03:00,0.03051,0.03121
2024-07-17 05:00:00+03:00,0.03122,0.03088
2024-07-17 07:00:00+03:00,0.03088,0.03129
2024-07-17 09:00:00+03:00,0.03128,0.0314
2024-07-17 11:00:00+03:00,0.03141,0.03153
2024-07-17 13:00:00+03:00,0.03153,0.0311
2024-07-17 15:00:00+03:00,0.0311,0.03154
2024-07-17 17:00:00+03:00,0.03154,0.03111
2024-07-17 19:00:00+03:00,0.03112,0.0308
2024-07-17 21:00:00+03:00,0.03081,0.03094
2024-07-17 23:00:00+03:00,0.03094,0.0309
2024-07-18 01:00:00+03:00,0.03092,0.03057
2024-07-18 03:00:00+03:00,0.03058,0.03124
2024-07-18 05:00:00+03:00,0.03124,0.0311
2024-07-18 07:00:00+03:00,0.0311,0.03095
2024-07-18 09:00:00+03:00,0.03093,0.03093
2024-07-18 11:00:00+03:00,0.03093,0.03082
2024-07-18 13:00:00+03:00,0.03082,0.03127
2024-07-18 15:00:00+03:00,0.03129,0.03143
2024-07-18 17:00:00+03:00,0.03144,0.03041
2024-07-18 19:00:00+03:00,0.03039,0.03046
2024-07-18 21:00:00+03:00,0.03046,0.03026
2024-07-18 23:00:00+03:00,0.03028,0.03048
2024-07-19 01:00:00+03:00,0.03048,0.03085
2024-07-19 03:00:00+03:00,0.03085,0.0311
2024-07-19 05:00:00+03:00,0.03109,0.03131
2024-07-19 07:00:00+03:00,0.0313,0.03112
2024-07-19 09:00:00+03:00,0.03112,0.03102
2024-07-19 11:00:00+03:00,0.031,0.0306
2024-07-19 13:00:00+03:00,0.03058,0.03053
2024-07-19 15:00:00+03:00,0.03053,0.03118
2024-07-19 17:00:00+03:00,0.03119,0.0317
2024-07-19 19:00:00+03:00,0.03169,0.03269
2024-07-19 21:00:00+03:00,0.03271,0.03316
2024-07-19 23:00:00+03:00,0.03315,0.0328
2024-07-20 01:00:00+03:00,0.0328,0.03278
2024-07-20 03:00:00+03:00,0.03278,0.03228
2024-07-20 05:00:00+03:00,0.03229,0.03259
2024-07-20 07:00:00+03:00,0.03258,0.03262
2024-07-20 09:00:00+03:00,0.03262,0.03256
2024-07-20 11:00:00+03:00,0.03256,0.03235
2024-07-20 13:00:00+03:00,0.03235,0.03216
2024-07-20 15:00:00+03:00,0.03216,0.03202
2024-07-20 17:00:00+03:00,0.03203,0.03251
2024-07-20 19:00:00+03:00,0.03251,0.03261
2024-07-20 21:00:00+03:00,0.03261,0.03223
2024-07-20 23:00:00+03:00,0.03224,0.03208
2024-07-21 01:00:00+03:00,0.03208,0.03217
2024-07-21 03:00:00+03:00,0.03217,0.033
2024-07-21 05:00:00+03:00,0.033,0.03323
2024-07-21 07:00:00+03:00,0.03321,0.03299
2024-07-21 09:00:00+03:00,0.03299,0.0332
2024-07-21 11:00:00+03:00,0.03319,0.03295
2024-07-21 13:00:00+03:00,0.03295,0.03255
2024-07-21 15:00:00+03:00,0.03255,0.032
2024-07-21 17:00:00+03:00,0.03199,0.03252
2024-07-21 19:00:00+03:00,0.03251,0.03195
2024-07-21 21:00:00+03:00,0.03196,0.03221
2024-07-21 23:00:00+03:00,0.03222,0.03274
2024-07-22 01:00:00+03:00,0.03274,0.03242
2024-07-22 03:00:00+03:00,0.03242,0.03192
2024-07-22 05:00:00+03:00,0.03192,0.03189
2024-07-22 07:00:00+03:00,0.03189,0.03147
2024-07-22 09:00:00+03:00,0.03146,0.03112
2024-07-22 11:00:00+03:00,0.03113,0.03165
2024-07-22 13:00:00+03:00,0.03166,0.03177
2024-07-22 15:00:00+03:00,0.03176,0.03123
2024-07-22 17:00:00+03:00,0.03122,0.03136
2024-07-22 19:00:00+03:00,0.03136,0.03182
2024-07-22 21:00:00+03:00,0.03182,0.03216
2024-07-22 23:00:00+03:00,0.03217,0.03194
2024-07-23 01:00:00+03:00,0.03195,0.03177
2024-07-23 03:00:00+03:00,0.03176,0.03194
2024-07-23 05:00:00+03:00,0.03194,0.03167
2024-07-23 07:00:00+03:00,0.03167,0.03072
2024-07-23 09:00:00+03:00,0.03072,0.03093
2024-07-23 11:00:00+03:00,0.03093,0.03175
2024-07-23 13:00:00+03:00,0.03176,0.03192
2024-07-23 15:00:00+03:00,0.03192,0.0311
2024-07-23 17:00:00+03:00,0.03111,0.03134
2024-07-23 19:00:00+03:00,0.03133,0.03069
2024-07-23 21:00:00+03:00,0.03069,0.03084
2024-07-23 23:00:00+03:00,0.03083,0.03062
2024-07-24 01:00:00+03:00,0.0306,0.0307
2024-07-24 03:00:00+03:00,0.03069,0.03043
2024-07-24 05:00:00+03:00,0.03044,0.03073
2024-07-24 07:00:00+03:00,0.03072,0.03058
2024-07-24 09:00:00+03:00,0.03058,0.03098
2024-07-24 11:00:00+03:00,0.03099,0.0309
2024-07-24 13:00:00+03:00,0.03091,0.03121
2024-07-24 15:00:00+03:00,0.03121,0.0312
2024-07-24 17:00:00+03:00,0.0312,0.03111
2024-07-24 19:00:00+03:00,0.03109,0.03132
2024-07-24 21:00:00+03:00,0.03129,0.0308
2024-07-24 23:00:00+03:00,0.0308,0.03021
2024-07-25 01:00:00+03:00,0.0302,0.03
2024-07-25 03:00:00+03:00,0.03,0.02901
2024-07-25 05:00:00+03:00,0.029,0.02851
2024-07-25 07:00:00+03:00,0.02852,0.02871
2024-07-25 09:00:00+03:00,0.0287,0.02885
2024-07-25 11:00:00+03:00,0.02884,0.0287
2024-07-25 13:00:00+03:00,0.0287,0.02854
2024-07-25 15:00:00+03:00,0.02854,0.02849
2024-07-25 17:00:00+03:00,0.02849,0.02879
2024-07-25 19:00:00+03:00,0.0288,0.02888
2024-07-25 21:00:00+03:00,0.02887,0.02848
2024-07-25 23:00:00+03:00,0.02849,0.02916
2024-07-26 01:00:00+03:00,0.02916,0.02912
2024-07-26 03:00:00+03:00,0.02912,0.02926
2024-07-26 05:00:00+03:00,0.02926,0.02965
2024-07-26 07:00:00+03:00,0.02965,0.02992
2024-07-26 09:00:00+03:00,0.02993,0.03014
2024-07-26 11:00:00+03:00,0.03013,0.03011
2024-07-26 13:00:00+03:00,0.03011,0.03018
2024-07-26 15:00:00+03:00,0.03019,0.03031
2024-07-26 17:00:00+03:00,0.03031,0.03027
2024-07-26 19:00:00+03:00,0.03028,0.03045
2024-07-26 21:00:00+03:00,0.03045,0.03057
2024-07-26 23:00:00+03:00,0.03058,0.03051
2024-07-27 01:00:00+03:00,0.0305,0.03082
2024-07-27 03:00:00+03:00,0.03083,0.03066
2024-07-27 05:00:00+03:00,0.03067,0.03063
2024-07-27 07:00:00+03:00,0.03063,0.03067
2024-07-27 09:00:00+03:00,0.03066,0.03081
2024-07-27 11:00:00+03:00,0.0308,0.03079
2024-07-27 13:00:00+03:00,0.0308,0.03146
2024-07-27 15:00:00+03:00,0.03146,0.03165
2024-07-27 17:00:00+03:00,0.03166,0.03115
2024-07-27 19:00:00+03:00,0.03116,0.03091
2024-07-27 21:00:00+03:00,0.0309,0.03094
2024-07-27 23:00:00+03:00,0.03095,0.03129
2024-07-28 01:00:00+03:00,0.03129,0.03105
2024-07-28 03:00:00+03:00,0.03104,0.03107
2024-07-28 05:00:00+03:00,0.03107,0.0308
2024-07-28 07:00:00+03:00,0.0308,0.03047
2024-07-28 09:00:00+03:00,0.03046,0.0306
2024-07-28 11:00:00+03:00,0.03059,0.03075
2024-07-28 13:00:00+03:00,0.03075,0.03033
2024-07-28 15:00:00+03:00,0.03032,0.03054
2024-07-28 17:00:00+03:00,0.03053,0.03017
2024-07-28 19:00:00+03:00,0.03016,0.03026
2024-07-28 21:00:00+03:00,0.03027,0.0304
2024-07-28 23:00:00+03:00,0.03041,0.03031
2024-07-29 01:00:00+03:00,0.03032,0.03048
2024-07-29 03:00:00+03:00,0.03047,0.0306
2024-07-29 05:00:00+03:00,0.0306,0.03093
2024-07-29 07:00:00+03:00,0.03093,0.03104
2024-07-29 09:00:00+03:00,0.03104,0.03101
2024-07-29 11:00:00+03:00,0.03102,0.03087
2024-07-29 13:00:00+03:00,0.03087,0.03075
2024-07-29 15:00:00+03:00,0.03075,0.0309
2024-07-29 17:00:00+03:00,0.0309,0.03037
2024-07-29 19:00:00+03:00,0.03036,0.03006
2024-07-29 21:00:00+03:00,0.03005,0.03036
2024-07-29 23:00:00+03:00,0.03036,0.03016
2024-07-30 01:00:00+03:00,0.03015,0.02977
2024-07-30 03:00:00+03:00,0.02978,0.0296
2024-07-30 05:00:00+03:00,0.0296,0.03004
2024-07-30 07:00:00+03:00,0.03003,0.02996
2024-07-30 09:00:00+03:00,0.02995,0.03013
2024-07-30 11:00:00+03:00,0.03013,0.03001
2024-07-30 13:00:00+03:00,0.03,0.02997
2024-07-30 15:00:00+03:00,0.02996,0.0298
2024-07-30 17:00:00+03:00,0.0298,0.02988
2024-07-30 19:00:00+03:00,0.02987,0.02958
2024-07-30 21:00:00+03:00,0.02958,0.02937
2024-07-30 23:00:00+03:00,0.02938,0.02934
2024-07-31 01:00:00+03:00,0.02935,0.02959
2024-07-31 03:00:00+03:00,0.02958,0.02994
2024-07-31 05:00:00+03:00,0.02995,0.03008
2024-07-31 07:00:00+03:00,0.03008,0.03026
2024-07-31 09:00:00+03:00,0.03026,0.03019
2024-07-31 11:00:00+03:00,0.03019,0.02995
2024-07-31 13:00:00+03:00,0.02994,0.02978
2024-07-31 15:00:00+03:00,0.02977,0.03011
2024-07-31 17:00:00+03:00,0.03012,0.02973
2024-07-31 19:00:00+03:00,0.02973,0.02977
2024-07-31 21:00:00+03:00,0.02977,0.02925
2024-07-31 23:00:00+03:00,0.02924,0.02903
2024-08-01 01:00:00+03:00,0.02904,0.02871
2024-08-01 03:00:00+03:00,0.02872,0.02873
2024-08-01 05:00:00+03:00,0.02874,0.02849
2024-08-01 07:00:00+03:00,0.02849,0.0282
2024-08-01 09:00:00+03:00,0.02821,0.02804
2024-08-01 11:00:00+03:00,0.02804,0.0282
2024-08-01 13:00:00+03:00,0.0282,0.02831
2024-08-01 15:00:00+03:00,0.02831,0.02838
2024-08-01 17:00:00+03:00,0.02838,0.02736
2024-08-01 19:00:00+03:00,0.02736,0.02707
2024-08-01 21:00:00+03:00,0.02707,0.02741
2024-08-01 23:00:00+03:00,0.0274,0.02813
2024-08-02 01:00:00+03:00,0.02814,0.02858
2024-08-02 03:00:00+03:00,0.02857,0.02824
2024-08-02 05:00:00+03:00,0.02824,0.02828
2024-08-02 07:00:00+03:00,0.02827,0.02769
2024-08-02 09:00:00+03:00,0.0277,0.02781
2024-08-02 11:00:00+03:00,0.02781,0.02797
2024-08-02 13:00:00+03:00,0.02796,0.02812
2024-08-02 15:00:00+03:00,0.02811,0.02836
2024-08-02 17:00:00+03:00,0.02836,0.02725
2024-08-02 19:00:00+03:00,0.02725,0.02712
2024-08-02 21:00:00+03:00,0.02712,0.02689
2024-08-02 23:00:00+03:00,0.0269,0.02674
2024-08-03 01:00:00+03:00,0.02674,0.02665
2024-08-03 03:00:00+03:00,0.02664,0.0262
2024-08-03 05:00:00+03:00,0.02618,0.02645
2024-08-03 07:00:00+03:00,0.02645,0.0265
2024-08-03 09:00:00+03:00,0.0265,0.02666
2024-08-03 11:00:00+03:00,0.02666,0.02665
2024-08-03 13:00:00+03:00,0.02665,0.02658
2024-08-03 15:00:00+03:00,0.02658,0.02661
2024-08-03 17:00:00+03:00,0.02661,0.02578
2024-08-03 19:00:00+03:00,0.02577,0.02511
2024-08-03 21:00:00+03:00,0.02512,0.02498
2024-08-03 23:00:00+03:00,0.02499,0.02539
2024-08-04 01:00:00+03:00,0.0254,0.02546
2024-08-04 03:00:00+03:00,0.02546,0.02553
2024-08-04 05:00:00+03:00,0.02552,0.0257
2024-08-04 07:00:00+03:00,0.0257,0.02564
2024-08-04 09:00:00+03:00,0.02563,0.02532
2024-08-04 11:00:00+03:00,0.02532,0.02546
2024-08-04 13:00:00+03:00,0.02545,0.02547
2024-08-04 15:00:00+03:00,0.02548,0.02538
2024-08-04 17:00:00+03:00,0.02538,0.02416
2024-08-04 19:00:00+03:00,0.02417,0.02368
2024-08-04 21:00:00+03:00,0.02368,0.02454
2024-08-04 23:00:00+03:00,0.02454,0.02448
2024-08-05 01:00:00+03:00,0.02447,0.0242
2024-08-05 03:00:00+03:00,0.0242,0.02174
2024-08-05 05:00:00+03:00,0.02174,0.0214
2024-08-05 07:00:00+03:00,0.0214,0.02135
2024-08-05 09:00:00+03:00,0.02135,0.02205
2024-08-05 11:00:00+03:00,0.02206,0.02197
2024-08-05 13:00:00+03:00,0.02197,0.02132
2024-08-05 15:00:00+03:00,0.02131,0.02217
2024-08-05 17:00:00+03:00,0.02218,0.02342
2024-08-05 19:00:00+03:00,0.02342,0.02361
2024-08-05 21:00:00+03:00,0.02361,0.02297
2024-08-05 23:00:00+03:00,0.02298,0.02304
2024-08-06 01:00:00+03:00,0.02305,0.02306
2024-08-06 03:00:00+03:00,0.02306,0.02381
2024-08-06 05:00:00+03:00,0.0238,0.02393
2024-08-06 07:00:00+03:00,0.02393,0.02444
2024-08-06 09:00:00+03:00,0.02444,0.02453
2024-08-06 11:00:00+03:00,0.02452,0.024
2024-08-06 13:00:00+03:00,0.024,0.02394
2024-08-06 15:00:00+03:00,0.02392,0.02387
2024-08-06 17:00:00+03:00,0.02386,0.02452
2024-08-06 19:00:00+03:00,0.02452,0.02435
2024-08-06 21:00:00+03:00,0.02434,0.02443
2024-08-06 23:00:00+03:00,0.02442,0.0245
2024-08-07 01:00:00+03:00,0.0245,0.02431
2024-08-07 03:00:00+03:00,0.02431,0.02469
2024-08-07 05:00:00+03:00,0.0247,0.0246
2024-08-07 07:00:00+03:00,0.02458,0.02446
2024-08-07 09:00:00+03:00,0.02445,0.02447
2024-08-07 11:00:00+03:00,0.02447,0.02457
2024-08-07 13:00:00+03:00,0.02457,0.02422
2024-08-07 15:00:00+03:00,0.02422,0.02422
2024-08-07 17:00:00+03:00,0.02424,0.02382
2024-08-07 19:00:00+03:00,0.02382,0.0235
2024-08-07 21:00:00+03:00,0.02351,0.02321
2024-08-07 23:00:00+03:00,0.02322,0.02326
2024-08-08 01:00:00+03:00,0.02327,0.02319
2024-08-08 03:00:00+03:00,0.02319,0.0238
2024-08-08 05:00:00+03:00,0.02379,0.02394
2024-08-08 07:00:00+03:00,0.02395,0.02418
2024-08-08 09:00:00+03:00,0.02418,0.02404
2024-08-08 11:00:00+03:00,0.02405,0.02405
2024-08-08 13:00:00+03:00,0.02405,0.02405
2024-08-08 15:00:00+03:00,0.02405,0.02433
2024-08-08 17:00:00+03:00,0.02432,0.02509
2024-08-08 19:00:00+03:00,0.02508,0.02496
2024-08-08 21:00:00+03:00,0.02496,0.02498
2024-08-08 23:00:00+03:00,0.02498,0.02553
2024-08-09 01:00:00+03:00,0.02554,0.0257
2024-08-09 03:00:00+03:00,0.0257,0.02546
2024-08-09 05:00:00+03:00,0.02547,0.02554
2024-08-09 07:00:00+03:00,0.02554,0.02538
2024-08-09 09:00:00+03:00,0.02539,0.02535
2024-08-09 11:00:00+03:00,0.02534,0.02536
2024-08-09 13:00:00+03:00,0.02536,0.0253
2024-08-09 15:00:00+03:00,0.02529,0.02517
2024-08-09 17:00:00+03:00,0.02517,0.02495
2024-08-09 19:00:00+03:00,0.02494,0.02518
2024-08-09 21:00:00+03:00,0.02518,0.02529
2024-08-09 23:00:00+03:00,0.02529,0.02544
2024-08-10 01:00:00+03:00,0.02543,0.02562
2024-08-10 03:00:00+03:00,0.02561,0.0254
2024-08-10 05:00:00+03:00,0.02541,0.02534
2024-08-10 07:00:00+03:00,0.02534,0.02535
2024-08-10 09:00:00+03:00,0.02536,0.02565
2024-08-10 11:00:00+03:00,0.02564,0.02565
2024-08-10 13:00:00+03:00,0.02565,0.0258
2024-08-10 15:00:00+03:00,0.0258,0.02539
2024-08-10 17:00:00+03:00,0.02539,0.02574
2024-08-10 19:00:00+03:00,0.02574,0.0259
2024-08-10 21:00:00+03:00,0.02591,0.0261
2024-08-10 23:00:00+03:00,0.02611,0.02631
2024-08-11 01:00:00+03:00,0.0263,0.02634
2024-08-11 03:00:00+03:00,0.02634,0.0263
2024-08-11 05:00:00+03:00,0.02631,0.02622
2024-08-11 07:00:00+03:00,0.02623,0.02632
2024-08-11 09:00:00+03:00,0.02632,0.02628
2024-08-11 11:00:00+03:00,0.02628,0.02722
2024-08-11 13:00:00+03:00,0.02722,0.02774
2024-08-11 15:00:00+03:00,0.02773,0.0271
2024-08-11 17:00:00+03:00,0.02708,0.0261
2024-08-11 19:00:00+03:00,0.0261,0.02618
2024-08-11 21:00:00+03:00,0.02617,0.02546
2024-08-11 23:00:00+03:00,0.02546,0.02516
2024-08-12 01:00:00+03:00,0.02515,0.02476
2024-08-12 03:00:00+03:00,0.02476,0.02522
2024-08-12 05:00:00+03:00,0.02523,0.02502
2024-08-12 07:00:00+03:00,0.02503,0.02485
2024-08-12 09:00:00+03:00,0.02486,0.02516
2024-08-12 11:00:00+03:00,0.02514,0.02529
2024-08-12 13:00:00+03:00,0.02529,0.02604
2024-08-12 15:00:00+03:00,0.02603,0.02508
2024-08-12 17:00:00+03:00,0.02508,0.02589
2024-08-12 19:00:00+03:00,0.02589,0.02547
2024-08-12 21:00:00+03:00,0.02548,0.02518
2024-08-12 23:00:00+03:00,0.02519,0.02517
2024-08-13 01:00:00+03:00,0.02516,0.02551
2024-08-13 03:00:00+03:00,0.02551,0.02547
2024-08-13 05:00:00+03:00,0.02546,0.02501
2024-08-13 07:00:00+03:00,0.025,0.02512
2024-08-13 09:00:00+03:00,0.02513,0.0251
2024-08-13 11:00:00+03:00,0.02511,0.02482
2024-08-13 13:00:00+03:00,0.02482,0.02476
2024-08-13 15:00:00+03:00,0.02475,0.0253
2024-08-13 17:00:00+03:00,0.0253,0.02537
2024-08-13 19:00:00+03:00,0.02537,0.02598
2024-08-13 21:00:00+03:00,0.02598,0.02604
2024-08-13 23:00:00+03:00,0.02604,0.026
2024-08-14 01:00:00+03:00,0.026,0.02591
2024-08-14 03:00:00+03:00,0.02592,0.02575
2024-08-14 05:00:00+03:00,0.02576,0.02606
2024-08-14 07:00:00+03:00,0.02606,0.0257
2024-08-14 09:00:00+03:00,0.02569,0.02567
2024-08-14 11:00:00+03:00,0.02567,0.02572
2024-08-14 13:00:00+03:00,0.02572,0.02584
2024-08-14 15:00:00+03:00,0.02583,0.02526
2024-08-14 17:00:00+03:00,0.02525,0.02547
2024-08-14 19:00:00+03:00,0.02546,0.0256
2024-08-14 21:00:00+03:00,0.0256,0.0254
2024-08-14 23:00:00+03:00,0.02539,0.02522
2024-08-15 01:00:00+03:00,0.02522,0.02535
2024-08-15 03:00:00+03:00,0.02535,0.02524
2024-08-15 05:00:00+03:00,0.02525,0.02531
2024-08-15 07:00:00+03:00,0.02531,0.02515
2024-08-15 09:00:00+03:00,0.02515,0.0251
2024-08-15 11:00:00+03:00,0.0251,0.02507
2024-08-15 13:00:00+03:00,0.02507,0.02519
2024-08-15 15:00:00+03:00,0.02518,0.02548
2024-08-15 17:00:00+03:00,0.02548,0.02527
2024-08-15 19:00:00+03:00,0.02526,0.02462
2024-08-15 21:00:00+03:00,0.02461,0.02415
2024-08-15 23:00:00+03:00,0.02414,0.02415
2024-08-16 01:00:00+03:00,0.02415,0.0245
2024-08-16 03:00:00+03:00,0.0245,0.02441
2024-08-16 05:00:00+03:00,0.02441,0.02444
2024-08-16 07:00:00+03:00,0.02444,0.02483
2024-08-16 09:00:00+03:00,0.02483,0.02517
2024-08-16 11:00:00+03:00,0.02517,0.02491
2024-08-16 13:00:00+03:00,0.02492,0.02478
2024-08-16 15:00:00+03:00,0.02478,0.02478
2024-08-16 17:00:00+03:00,0.02478,0.02421
2024-08-16 19:00:00+03:00,0.02421,0.02467
2024-08-16 21:00:00+03:00,0.02466,0.02467
2024-08-16 23:00:00+03:00,0.02467,0.02486
2024-08-17 01:00:00+03:00,0.02485,0.02472
2024-08-17 03:00:00+03:00,0.02472,0.02455
2024-08-17 05:00:00+03:00,0.02455,0.02458
2024-08-17 07:00:00+03:00,0.02458,0.02458
2024-08-17 09:00:00+03:00,0.02457,0.02462
2024-08-17 11:00:00+03:00,0.02461,0.0245
2024-08-17 13:00:00+03:00,0.02451,0.02435
2024-08-17 15:00:00+03:00,0.02435,0.0244
2024-08-17 17:00:00+03:00,0.0244,0.0244
2024-08-17 19:00:00+03:00,0.02439,0.02457
2024-08-17 21:00:00+03:00,0.02456,0.02442
2024-08-17 23:00:00+03:00,0.02442,0.02444
2024-08-18 01:00:00+03:00,0.02445,0.0245
2024-08-18 03:00:00+03:00,0.02449,0.02434
2024-08-18 05:00:00+03:00,0.02434,0.02427
2024-08-18 07:00:00+03:00,0.02427,0.02429
2024-08-18 09:00:00+03:00,0.0243,0.0243
2024-08-18 11:00:00+03:00,0.0243,0.02457
2024-08-18 13:00:00+03:00,0.02458,0.02471
2024-08-18 15:00:00+03:00,0.02471,0.02497
2024-08-18 17:00:00+03:00,0.02497,0.02511
2024-08-18 19:00:00+03:00,0.0251,0.02495
2024-08-18 21:00:00+03:00,0.02495,0.02522
2024-08-18 23:00:00+03:00,0.02521,0.02501
2024-08-19 01:00:00+03:00,0.02503,0.02467
2024-08-19 03:00:00+03:00,0.02467,0.02466
2024-08-19 05:00:00+03:00,0.02466,0.02465
2024-08-19 07:00:00+03:00,0.02465,0.02463
2024-08-19 09:00:00+03:00,0.02464,0.02456
2024-08-19 11:00:00+03:00,0.02457,0.02475
2024-08-19 13:00:00+03:00,0.02475,0.02491
2024-08-19 15:00:00+03:00,0.02491,0.02494
2024-08-19 17:00:00+03:00,0.02495,0.02508
2024-08-19 19:00:00+03:00,0.02508,0.02511
2024-08-19 21:00:00+03:00,0.02511,0.02534
2024-08-19 23:00:00+03:00,0.02534,0.02537
2024-08-20 01:00:00+03:00,0.02536,0.02574
2024-08-20 03:00:00+03:00,0.02573,0.02617
2024-08-20 05:00:00+03:00,0.02618,0.02609
2024-08-20 07:00:00+03:00,0.0261,0.02621
2024-08-20 09:00:00+03:00,0.02621,0.02632
2024-08-20 11:00:00+03:00,0.02633,0.02632
2024-08-20 13:00:00+03:00,0.02633,0.02613
2024-08-20 15:00:00+03:00,0.02611,0.02609
2024-08-20 17:00:00+03:00,0.02609,0.02555
2024-08-20 19:00:00+03:00,0.02554,0.02553
2024-08-20 21:00:00+03:00,0.02552,0.02576
2024-08-20 23:00:00+03:00,0.02576,0.02569
2024-08-21 01:00:00+03:00,0.02568,0.02572
2024-08-21 03:00:00+03:00,0.02572,0.02601
2024-08-21 05:00:00+03:00,0.026,0.02601
2024-08-21 07:00:00+03:00,0.02601,0.02582
2024-08-21 09:00:00+03:00,0.02582,0.02586
2024-08-21 11:00:00+03:00,0.02586,0.02561
2024-08-21 13:00:00+03:00,0.0256,0.02574
2024-08-21 15:00:00+03:00,0.02574,0.02584
2024-08-21 17:00:00+03:00,0.02584,0.02598
2024-08-21 19:00:00+03:00,0.02598,0.02646
2024-08-21 21:00:00+03:00,0.02646,0.02683
2024-08-21 23:00:00+03:00,0.02683,0.02675
2024-08-22 01:00:00+03:00,0.02676,0.02673
2024-08-22 03:00:00+03:00,0.02674,0.02675
2024-08-22 05:00:00+03:00,0.02675,0.02658
2024-08-22 07:00:00+03:00,0.02658,0.0268
2024-08-22 09:00:00+03:00,0.0268,0.02691
2024-08-22 11:00:00+03:00,0.02691,0.02691
2024-08-22 13:00:00+03:00,0.02691,0.02718
2024-08-22 15:00:00+03:00,0.02717,0.02701
2024-08-22 17:00:00+03:00,0.02702,0.02672
2024-08-22 19:00:00+03:00,0.02672,0.02667
2024-08-22 21:00:00+03:00,0.02667,0.02651
2024-08-22 23:00:00+03:00,0.02651,0.02684
2024-08-23 01:00:00+03:00,0.02683,0.02689
2024-08-23 03:00:00+03:00,0.02689,0.027
2024-08-23 05:00:00+03:00,0.02699,0.02708
2024-08-23 07:00:00+03:00,0.02708,0.02731
2024-08-23 09:00:00+03:00,0.0273,0.02741
2024-08-23 11:00:00+03:00,0.02742,0.02736
2024-08-23 13:00:00+03:00,0.02737,0.02717
2024-08-23 15:00:00+03:00,0.02716,0.0274
2024-08-23 17:00:00+03:00,0.0274,0.02764
2024-08-23 19:00:00+03:00,0.02763,0.02823
2024-08-23 21:00:00+03:00,0.02822,0.02838
2024-08-23 23:00:00+03:00,0.02838,0.02827
2024-08-24 01:00:00+03:00,0.02828,0.02834
2024-08-24 03:00:00+03:00,0.02835,0.02813
2024-08-24 05:00:00+03:00,0.02812,0.02803
2024-08-24 07:00:00+03:00,0.02804,0.02824
2024-08-24 09:00:00+03:00,0.02823,0.0283
2024-08-24 11:00:00+03:00,0.02829,0.02881
2024-08-24 13:00:00+03:00,0.02881,0.02861
2024-08-24 15:00:00+03:00,0.0286,0.02885
2024-08-24 17:00:00+03:00,0.02885,0.02847
2024-08-24 19:00:00+03:00,0.02846,0.02877
2024-08-24 21:00:00+03:00,0.02877,0.02889
2024-08-24 23:00:00+03:00,0.02889,0.02793
2024-08-25 01:00:00+03:00,0.02793,0.02847
2024-08-25 03:00:00+03:00,0.02847,0.02789
2024-08-25 05:00:00+03:00,0.02789,0.02806
2024-08-25 07:00:00+03:00,0.02805,0.02808
2024-08-25 09:00:00+03:00,0.02807,0.02729
2024-08-25 11:00:00+03:00,0.02729,0.0275
2024-08-25 13:00:00+03:00,0.02749,0.02762
2024-08-25 15:00:00+03:00,0.02763,0.0278
2024-08-25 17:00:00+03:00,0.02781,0.0278
2024-08-25 19:00:00+03:00,0.02779,0.0276
2024-08-25 21:00:00+03:00,0.02759,0.02763
2024-08-25 23:00:00+03:00,0.02763,0.02784
2024-08-26 01:00:00+03:00,0.02785,0.02746
2024-08-26 03:00:00+03:00,0.02746,0.02715
2024-08-26 05:00:00+03:00,0.02716,0.02735
2024-08-26 07:00:00+03:00,0.02735,0.02732
2024-08-26 09:00:00+03:00,0.02733,0.02705
2024-08-26 11:00:00+03:00,0.02704,0.02733
2024-08-26 13:00:00+03:00,0.02732,0.02712
2024-08-26 15:00:00+03:00,0.02711,0.0269
2024-08-26 17:00:00+03:00,0.0269,0.02678
2024-08-26 19:00:00+03:00,0.02678,0.0263
2024-08-26 21:00:00+03:00,0.02631,0.02606
2024-08-26 23:00:00+03:00,0.02604,0.02609
2024-08-27 01:00:00+03:00,0.02609,0.02599
2024-08-27 03:00:00+03:00,0.02599,0.02618
2024-08-27 05:00:00+03:00,0.02617,0.02614
2024-08-27 07:00:00+03:00,0.02615,0.02651
2024-08-27 09:00:00+03:00,0.02651,0.02597
2024-08-27 11:00:00+03:00,0.02597,0.02566
2024-08-27 13:00:00+03:00,0.02565,0.02537
2024-08-27 15:00:00+03:00,0.02536,0.02535
2024-08-27 17:00:00+03:00,0.02535,0.02538
2024-08-27 19:00:00+03:00,0.02538,0.02559
2024-08-27 21:00:00+03:00,0.02559,0.02558
2024-08-27 23:00:00+03:00,0.02557,0.0247
2024-08-28 01:00:00+03:00,0.02469,0.0245
2024-08-28 03:00:00+03:00,0.0245,0.02445
2024-08-28 05:00:00+03:00,0.02445,0.02465
2024-08-28 07:00:00+03:00,0.02462,0.02464
2024-08-28 09:00:00+03:00,0.02463,0.02422
2024-08-28 11:00:00+03:00,0.02422,0.02538
2024-08-28 13:00:00+03:00,0.02537,0.02493
2024-08-28 15:00:00+03:00,0.02493,0.02451
2024-08-28 17:00:00+03:00,0.02452,0.0243
2024-08-28 19:00:00+03:00,0.02429,0.02399
2024-08-28 21:00:00+03:00,0.02399,0.02431
2024-08-28 23:00:00+03:00,0.02431,0.02444
2024-08-29 01:00:00+03:00,0.02444,0.0245
2024-08-29 03:00:00+03:00,0.02451,0.02447
2024-08-29 05:00:00+03:00,0.02447,0.02461
2024-08-29 07:00:00+03:00,0.02462,0.02464
2024-08-29 09:00:00+03:00,0.02464,0.02461
2024-08-29 11:00:00+03:00,0.0246,0.02463
2024-08-29 13:00:00+03:00,0.02463,0.02489
2024-08-29 15:00:00+03:00,0.02488,0.02506
2024-08-29 17:00:00+03:00,0.02507,0.02508
2024-08-29 19:00:00+03:00,0.02508,0.02492
2024-08-29 21:00:00+03:00,0.02492,0.02417
2024-08-29 23:00:00+03:00,0.02416,0.02421
2024-08-30 01:00:00+03:00,0.02421,0.02432
2024-08-30 03:00:00+03:00,0.02431,0.02432
2024-08-30 05:00:00+03:00,0.02432,0.02436
2024-08-30 07:00:00+03:00,0.02434,0.02431
2024-08-30 09:00:00+03:00,0.02433,0.02451
2024-08-30 11:00:00+03:00,0.02451,0.02453
2024-08-30 13:00:00+03:00,0.02454,0.02444
2024-08-30 15:00:00+03:00,0.02443,0.02449
2024-08-30 17:00:00+03:00,0.0245,0.02349
2024-08-30 19:00:00+03:00,0.02349,0.02387
2024-08-30 21:00:00+03:00,0.02386,0.02408
2024-08-30 23:00:00+03:00,0.02408,0.0243
2024-08-31 01:00:00+03:00,0.02431,0.02447
2024-08-31 03:00:00+03:00,0.02447,0.02445
2024-08-31 05:00:00+03:00,0.02445,0.02439
2024-08-31 07:00:00+03:00,0.0244,0.0243
2024-08-31 09:00:00+03:00,0.02431,0.02432
2024-08-31 11:00:00+03:00,0.02432,0.02404
2024-08-31 13:00:00+03:00,0.02404,0.02412
2024-08-31 15:00:00+03:00,0.02413,0.02398
2024-08-31 17:00:00+03:00,0.02398,0.02406
2024-08-31 19:00:00+03:00,0.02407,0.02378
2024-08-31 21:00:00+03:00,0.02379,0.02381
2024-08-31 23:00:00+03:00,0.0238,0.02389
2024-09-01 01:00:00+03:00,0.02389,0.02375
2024-09-01 03:00:00+03:00,0.02375,0.0236
2024-09-01 05:00:00+03:00,0.0236,0.02363
2024-09-01 07:00:00+03:00,0.02363,0.02335
2024-09-01 09:00:00+03:00,0.02336,0.0238
2024-09-01 11:00:00+03:00,0.02381,0.02364
2024-09-01 13:00:00+03:00,0.02364,0.02351
2024-09-01 15:00:00+03:00,0.02351,0.02336
2024-09-01 17:00:00+03:00,0.02336,0.02357
2024-09-01 19:00:00+03:00,0.02357,0.02323
2024-09-01 21:00:00+03:00,0.02323,0.02363
2024-09-01 23:00:00+03:00,0.02362,0.02352
2024-09-02 01:00:00+03:00,0.02353,0.02289
2024-09-02 03:00:00+03:00,0.02287,0.02297
2024-09-02 05:00:00+03:00,0.02297,0.02315
2024-09-02 07:00:00+03:00,0.02316,0.0231
2024-09-02 09:00:00+03:00,0.0231,0.02288
2024-09-02 11:00:00+03:00,0.02288,0.02351
2024-09-02 13:00:00+03:00,0.02351,0.0236
2024-09-02 15:00:00+03:00,0.02359,0.02346
2024-09-02 17:00:00+03:00,0.02345,0.02364
2024-09-02 19:00:00+03:00,0.02364,0.02379
2024-09-02 21:00:00+03:00,0.02378,0.02373
2024-09-02 23:00:00+03:00,0.02373,0.0241
2024-09-03 01:00:00+03:00,0.02411,0.02408
2024-09-03 03:00:00+03:00,0.02407,0.0242
2024-09-03 05:00:00+03:00,0.02421,0.02414
2024-09-03 07:00:00+03:00,0.02414,0.02421
2024-09-03 09:00:00+03:00,0.0242,0.02428
2024-09-03 11:00:00+03:00,0.02427,0.02401
2024-09-03 13:00:00+03:00,0.02401,0.02409
2024-09-03 15:00:00+03:00,0.02408,0.02352
2024-09-03 17:00:00+03:00,0.02351,0.02307
2024-09-03 19:00:00+03:00,0.02306,0.02324
2024-09-03 21:00:00+03:00,0.02323,0.02343
2024-09-03 23:00:00+03:00,0.02343,0.02347
2024-09-04 01:00:00+03:00,0.02346,0.0231
2024-09-04 03:00:00+03:00,0.02311,0.02263
2024-09-04 05:00:00+03:00,0.02264,0.0229
2024-09-04 07:00:00+03:00,0.02291,0.02279
2024-09-04 09:00:00+03:00,0.02279,0.0231
2024-09-04 11:00:00+03:00,0.0231,0.023
2024-09-04 13:00:00+03:00,0.023,0.02276
2024-09-04 15:00:00+03:00,0.02276,0.02295
2024-09-04 17:00:00+03:00,0.02294,0.02348
2024-09-04 19:00:00+03:00,0.02348,0.02338
2024-09-04 21:00:00+03:00,0.02339,0.02337
2024-09-04 23:00:00+03:00,0.02337,0.02343
2024-09-05 01:00:00+03:00,0.02343,0.02328
2024-09-05 03:00:00+03:00,0.02328,0.02333
2024-09-05 05:00:00+03:00,0.02332,0.02278
2024-09-05 07:00:00+03:00,0.02277,0.02294
2024-09-05 09:00:00+03:00,0.02293,0.02295
2024-09-05 11:00:00+03:00,0.02294,0.02277
2024-09-05 13:00:00+03:00,0.02276,0.02265
2024-09-05 15:00:00+03:00,0.02265,0.02297
2024-09-05 17:00:00+03:00,0.02297,0.02241
2024-09-05 19:00:00+03:00,0.02241,0.02269
2024-09-05 21:00:00+03:00,0.0227,0.02241
2024-09-05 23:00:00+03:00,0.02241,0.02247
2024-09-06 01:00:00+03:00,0.02248,0.02248
2024-09-06 03:00:00+03:00,0.02248,0.02273
2024-09-06 05:00:00+03:00,0.02272,0.02283
2024-09-06 07:00:00+03:00,0.02283,0.02269
2024-09-06 09:00:00+03:00,0.0227,0.02244
2024-09-06 11:00:00+03:00,0.02244,0.02253
2024-09-06 13:00:00+03:00,0.02253,0.02249
2024-09-06 15:00:00+03:00,0.0225,0.02257
2024-09-06 17:00:00+03:00,0.02256,0.02244
2024-09-06 19:00:00+03:00,0.02243,0.02199
2024-09-06 21:00:00+03:00,0.02199,0.02156
2024-09-06 23:00:00+03:00,0.02155,0.02165
2024-09-07 01:00:00+03:00,0.02165,0.02186
2024-09-07 03:00:00+03:00,0.02186,0.02172
2024-09-07 05:00:00+03:00,0.02172,0.02176
2024-09-07 07:00:00+03:00,0.02175,0.022
2024-09-07 09:00:00+03:00,0.02201,0.02216
2024-09-07 11:00:00+03:00,0.02216,0.02206
2024-09-07 13:00:00+03:00,0.02206,0.02209
2024-09-07 15:00:00+03:00,0.02209,0.02223
2024-09-07 17:00:00+03:00,0.02222,0.02227
2024-09-07 19:00:00+03:00,0.02227,0.02195
2024-09-07 21:00:00+03:00,0.02195,0.02219
2024-09-07 23:00:00+03:00,0.0222,0.02189
2024-09-08 01:00:00+03:00,0.0219,0.02195
2024-09-08 03:00:00+03:00,0.02195,0.02197
2024-09-08 05:00:00+03:00,0.02197,0.02208
2024-09-08 07:00:00+03:00,0.02209,0.02212
2024-09-08 09:00:00+03:00,0.02212,0.02238
2024-09-08 11:00:00+03:00,0.02239,0.02226
2024-09-08 13:00:00+03:00,0.02226,0.02219
2024-09-08 15:00:00+03:00,0.02219,0.02205
2024-09-08 17:00:00+03:00,0.02206,0.02185
2024-09-08 19:00:00+03:00,0.02185,0.02228
2024-09-08 21:00:00+03:00,0.02227,0.02218
2024-09-08 23:00:00+03:00,0.02218,0.02244
2024-09-09 01:00:00+03:00,0.02245,0.02257
2024-09-09 03:00:00+03:00,0.02256,0.02276
2024-09-09 05:00:00+03:00,0.02275,0.0227
2024-09-09 07:00:00+03:00,0.0227,0.02263
2024-09-09 09:00:00+03:00,0.02263,0.0231
2024-09-09 11:00:00+03:00,0.0231,0.02334
2024-09-09 13:00:00+03:00,0.02334,0.02403
2024-09-09 15:00:00+03:00,0.02404,0.02394
2024-09-09 17:00:00+03:00,0.02394,0.02379
2024-09-09 19:00:00+03:00,0.02379,0.02396
2024-09-09 21:00:00+03:00,0.02395,0.02414
2024-09-09 23:00:00+03:00,0.02415,0.02414
2024-09-10 01:00:00+03:00,0.02414,0.02399
2024-09-10 03:00:00+03:00,0.024,0.02378
2024-09-10 05:00:00+03:00,0.02378,0.02353
2024-09-10 07:00:00+03:00,0.02354,0.02387
2024-09-10 09:00:00+03:00,0.02387,0.02395
2024-09-10 11:00:00+03:00,0.02395,0.02398
2024-09-10 13:00:00+03:00,0.02398,0.02419
2024-09-10 15:00:00+03:00,0.02419,0.02407
2024-09-10 17:00:00+03:00,0.02407,0.02403
2024-09-10 19:00:00+03:00,0.02402,0.02423
2024-09-10 21:00:00+03:00,0.02424,0.02441
2024-09-10 23:00:00+03:00,0.0244,0.02417
2024-09-11 01:00:00+03:00,0.02417,0.02408
2024-09-11 03:00:00+03:00,0.02407,0.0237
2024-09-11 05:00:00+03:00,0.02369,0.02366
2024-09-11 07:00:00+03:00,0.02365,0.02322
2024-09-11 09:00:00+03:00,0.02322,0.02357
2024-09-11 11:00:00+03:00,0.02356,0.02347
2024-09-11 13:00:00+03:00,0.02347,0.02356
2024-09-11 15:00:00+03:00,0.02355,0.0233
2024-09-11 17:00:00+03:00,0.02329,0.02373
2024-09-11 19:00:00+03:00,0.02373,0.02413
2024-09-11 21:00:00+03:00,0.02413,0.0242
2024-09-11 23:00:00+03:00,0.02421,0.02432
2024-09-12 01:00:00+03:00,0.02432,0.02433
2024-09-12 03:00:00+03:00,0.02434,0.02464
2024-09-12 05:00:00+03:00,0.02464,0.02457
2024-09-12 07:00:00+03:00,0.02457,0.02469
2024-09-12 09:00:00+03:00,0.0247,0.02498
2024-09-12 11:00:00+03:00,0.02498,0.02516
2024-09-12 13:00:00+03:00,0.02516,0.02523
2024-09-12 15:00:00+03:00,0.02523,0.02509
2024-09-12 17:00:00+03:00,0.02509,0.0249
2024-09-12 19:00:00+03:00,0.0249,0.02543
2024-09-12 21:00:00+03:00,0.02543,0.02529
2024-09-12 23:00:00+03:00,0.02529,0.02528
2024-09-13 01:00:00+03:00,0.02528,0.02532
2024-09-13 03:00:00+03:00,0.02532,0.0254
2024-09-13 05:00:00+03:00,0.0254,0.02515
2024-09-13 07:00:00+03:00,0.02516,0.02514
2024-09-13 09:00:00+03:00,0.02514,0.02531
2024-09-13 11:00:00+03:00,0.02531,0.02533
2024-09-13 13:00:00+03:00,0.02534,0.02523
2024-09-13 15:00:00+03:00,0.02524,0.0253
2024-09-13 17:00:00+03:00,0.0253,0.02575
2024-09-13 19:00:00+03:00,0.02575,0.02558
2024-09-13 21:00:00+03:00,0.02558,0.02554
2024-09-13 23:00:00+03:00,0.02554,0.02573
2024-09-14 01:00:00+03:00,0.02572,0.02568
2024-09-14 03:00:00+03:00,0.02568,0.0257
2024-09-14 05:00:00+03:00,0.0257,0.02575
2024-09-14 07:00:00+03:00,0.02574,0.02539
2024-09-14 09:00:00+03:00,0.02539,0.02544
2024-09-14 11:00:00+03:00,0.02545,0.02556
2024-09-14 13:00:00+03:00,0.02556,0.02539
2024-09-14 15:00:00+03:00,0.02539,0.02552
2024-09-14 17:00:00+03:00,0.02553,0.02549
2024-09-14 19:00:00+03:00,0.02549,0.02536
2024-09-14 21:00:00+03:00,0.02536,0.02526
2024-09-14 23:00:00+03:00,0.02526,0.0253
2024-09-15 01:00:00+03:00,0.02531,0.02533
2024-09-15 03:00:00+03:00,0.02532,0.02539
2024-09-15 05:00:00+03:00,0.0254,0.02539
2024-09-15 07:00:00+03:00,0.0254,0.02531
2024-09-15 09:00:00+03:00,0.02532,0.02556
2024-09-15 11:00:00+03:00,0.02555,0.02552
2024-09-15 13:00:00+03:00,0.02552,0.02536
2024-09-15 15:00:00+03:00,0.02535,0.02552
2024-09-15 17:00:00+03:00,0.02552,0.02545
2024-09-15 19:00:00+03:00,0.02546,0.0252
2024-09-15 21:00:00+03:00,0.0252,0.0254
2024-09-15 23:00:00+03:00,0.0254,0.02514
2024-09-16 01:00:00+03:00,0.02515,0.0248
2024-09-16 03:00:00+03:00,0.0248,0.02455
2024-09-16 05:00:00+03:00,0.02454,0.0247
2024-09-16 07:00:00+03:00,0.0247,0.02499
2024-09-16 09:00:00+03:00,0.02498,0.02534
2024-09-16 11:00:00+03:00,0.02534,0.02492
2024-09-16 13:00:00+03:00,0.02493,0.02498
2024-09-16 15:00:00+03:00,0.02498,0.02468
2024-09-16 17:00:00+03:00,0.02469,0.0244
2024-09-16 19:00:00+03:00,0.0244,0.0245
2024-09-16 21:00:00+03:00,0.02451,0.02442
2024-09-16 23:00:00+03:00,0.02441,0.02436
2024-09-17 01:00:00+03:00,0.02437,0.02446
2024-09-17 03:00:00+03:00,0.02447,0.02423
2024-09-17 05:00:00+03:00,0.02424,0.02442
2024-09-17 07:00:00+03:00,0.02443,0.02479
2024-09-17 09:00:00+03:00,0.02479,0.02477
2024-09-17 11:00:00+03:00,0.02476,0.02493
2024-09-17 13:00:00+03:00,0.02493,0.02487
2024-09-17 15:00:00+03:00,0.02487,0.02467
2024-09-17 17:00:00+03:00,0.02467,0.02523
2024-09-17 19:00:00+03:00,0.02524,0.02522
2024-09-17 21:00:00+03:00,0.02523,0.02505
2024-09-17 23:00:00+03:00,0.02506,0.02531
2024-09-18 01:00:00+03:00,0.02531,0.02531
2024-09-18 03:00:00+03:00,0.02531,0.0252
2024-09-18 05:00:00+03:00,0.02521,0.02565
2024-09-18 07:00:00+03:00,0.02565,0.02528
2024-09-18 09:00:00+03:00,0.02529,0.02535
2024-09-18 11:00:00+03:00,0.02535,0.02484
2024-09-18 13:00:00+03:00,0.02483,0.02498
2024-09-18 15:00:00+03:00,0.02497,0.02488
2024-09-18 17:00:00+03:00,0.02487,0.02462
2024-09-18 19:00:00+03:00,0.02462,0.02489
2024-09-18 21:00:00+03:00,0.02488,0.02543
2024-09-18 23:00:00+03:00,0.02542,0.02559
2024-09-19 01:00:00+03:00,0.02559,0.02624
2024-09-19 03:00:00+03:00,0.02625,0.02681
2024-09-19 05:00:00+03:00,0.02683,0.0268
2024-09-19 07:00:00+03:00,0.02681,0.02677
2024-09-19 09:00:00+03:00,0.02676,0.0274
2024-09-19 11:00:00+03:00,0.02739,0.02719
2024-09-19 13:00:00+03:00,0.02719,0.0274
2024-09-19 15:00:00+03:00,0.02739,0.02801
2024-09-19 17:00:00+03:00,0.02802,0.0278
2024-09-19 19:00:00+03:00,0.0278,0.0281
2024-09-19 21:00:00+03:00,0.02809,0.02783
2024-09-19 23:00:00+03:00,0.02783,0.02756
2024-09-20 01:00:00+03:00,0.02756,0.02785
2024-09-20 03:00:00+03:00,0.02786,0.02751
2024-09-20 05:00:00+03:00,0.0275,0.0279
2024-09-20 07:00:00+03:00,0.0279,0.02828
2024-09-20 09:00:00+03:00,0.02829,0.02841
2024-09-20 11:00:00+03:00,0.02842,0.02852
2024-09-20 13:00:00+03:00,0.02851,0.02839
2024-09-20 15:00:00+03:00,0.02838,0.02793
2024-09-20 17:00:00+03:00,0.02794,0.02795
2024-09-20 19:00:00+03:00,0.02795,0.02763
2024-09-20 21:00:00+03:00,0.02763,0.0276
2024-09-20 23:00:00+03:00,0.0276,0.02787
2024-09-21 01:00:00+03:00,0.02787,0.02801
2024-09-21 03:00:00+03:00,0.02802,0.02782
2024-09-21 05:00:00+03:00,0.02782,0.02817
2024-09-21 07:00:00+03:00,0.02817,0.02816
2024-09-21 09:00:00+03:00,0.02817,0.02869
2024-09-21 11:00:00+03:00,0.02868,0.02861
2024-09-21 13:00:00+03:00,0.0286,0.02871
2024-09-21 15:00:00+03:00,0.02871,0.02904
2024-09-21 17:00:00+03:00,0.02905,0.02925
2024-09-21 19:00:00+03:00,0.02924,0.02934
2024-09-21 21:00:00+03:00,0.02934,0.02923
2024-09-21 23:00:00+03:00,0.02923,0.02913
2024-09-22 01:00:00+03:00,0.02912,0.02945
2024-09-22 03:00:00+03:00,0.02945,0.029
2024-09-22 05:00:00+03:00,0.02902,0.02905
2024-09-22 07:00:00+03:00,0.02904,0.02885
2024-09-22 09:00:00+03:00,0.02885,0.02891
2024-09-22 11:00:00+03:00,0.0289,0.02859
2024-09-22 13:00:00+03:00,0.02859,0.02836
2024-09-22 15:00:00+03:00,0.02837,0.02815
2024-09-22 17:00:00+03:00,0.02816,0.02832
2024-09-22 19:00:00+03:00,0.02831,0.0285
2024-09-22 21:00:00+03:00,0.02851,0.02827
2024-09-22 23:00:00+03:00,0.02827,0.02795
2024-09-23 01:00:00+03:00,0.02794,0.02846
2024-09-23 03:00:00+03:00,0.02847,0.02857
2024-09-23 05:00:00+03:00,0.02855,0.02885
2024-09-23 07:00:00+03:00,0.02886,0.02898
2024-09-23 09:00:00+03:00,0.02899,0.03002
2024-09-23 11:00:00+03:00,0.03002,0.03019
2024-09-23 13:00:00+03:00,0.03018,0.02997
2024-09-23 15:00:00+03:00,0.02996,0.03006
2024-09-23 17:00:00+03:00,0.03005,0.03045
2024-09-23 19:00:00+03:00,0.03044,0.03049
2024-09-23 21:00:00+03:00,0.03049,0.03018
2024-09-23 23:00:00+03:00,0.03018,0.03023
2024-09-24 01:00:00+03:00,0.03022,0.03014
2024-09-24 03:00:00+03:00,0.03013,0.02956
2024-09-24 05:00:00+03:00,0.02956,0.02968
2024-09-24 07:00:00+03:00,0.02969,0.02951
2024-09-24 09:00:00+03:00,0.02951,0.02994
2024-09-24 11:00:00+03:00,0.02993,0.02995
2024-09-24 13:00:00+03:00,0.02994,0.03021
2024-09-24 15:00:00+03:00,0.03021,0.02998
2024-09-24 17:00:00+03:00,0.02996,0.02948
2024-09-24 19:00:00+03:00,0.02949,0.02967
2024-09-24 21:00:00+03:00,0.02967,0.02993
2024-09-24 23:00:00+03:00,0.02993,0.02999
2024-09-25 01:00:00+03:00,0.03001,0.03015
2024-09-25 03:00:00+03:00,0.03015,0.03025
2024-09-25 05:00:00+03:00,0.03025,0.03063
2024-09-25 07:00:00+03:00,0.03063,0.03026
2024-09-25 09:00:00+03:00,0.03025,0.02995
2024-09-25 11:00:00+03:00,0.02994,0.02991
2024-09-25 13:00:00+03:00,0.02992,0.03
2024-09-25 15:00:00+03:00,0.03,0.02985
2024-09-25 17:00:00+03:00,0.02987,0.03006
2024-09-25 19:00:00+03:00,0.03006,0.02998
2024-09-25 21:00:00+03:00,0.02997,0.02987
2024-09-25 23:00:00+03:00,0.02987,0.03003
2024-09-26 01:00:00+03:00,0.03003,0.0298
2024-09-26 03:00:00+03:00,0.0298,0.02975
2024-09-26 05:00:00+03:00,0.02975,0.02993
2024-09-26 07:00:00+03:00,0.02994,0.03013
2024-09-26 09:00:00+03:00,0.03014,0.03052
2024-09-26 11:00:00+03:00,0.03053,0.03033
2024-09-26 13:00:00+03:00,0.03033,0.03044
2024-09-26 15:00:00+03:00,0.03043,0.03032
2024-09-26 17:00:00+03:00,0.03032,0.03055
2024-09-26 19:00:00+03:00,0.03056,0.03032
2024-09-26 21:00:00+03:00,0.03031,0.0304
2024-09-26 23:00:00+03:00,0.03038,0.03037
2024-09-27 01:00:00+03:00,0.03036,0.03066
2024-09-27 03:00:00+03:00,0.03065,0.03089
2024-09-27 05:00:00+03:00,0.0309,0.03135
2024-09-27 07:00:00+03:00,0.03136,0.03156
2024-09-27 09:00:00+03:00,0.03157,0.03143
2024-09-27 11:00:00+03:00,0.03143,0.0314
2024-09-27 13:00:00+03:00,0.03139,0.03137
2024-09-27 15:00:00+03:00,0.03137,0.03126
2024-09-27 17:00:00+03:00,0.03126,0.03131
2024-09-27 19:00:00+03:00,0.03131,0.03105
2024-09-27 21:00:00+03:00,0.03104,0.03102
2024-09-27 23:00:00+03:00,0.03101,0.03086
2024-09-28 01:00:00+03:00,0.03085,0.03079
2024-09-28 03:00:00+03:00,0.03079,0.03092
2024-09-28 05:00:00+03:00,0.03092,0.03096
2024-09-28 07:00:00+03:00,0.03096,0.03063
2024-09-28 09:00:00+03:00,0.03063,0.03003
2024-09-28 11:00:00+03:00,0.03002,0.02984
2024-09-28 13:00:00+03:00,0.02983,0.03018
2024-09-28 15:00:00+03:00,0.03018,0.02995
2024-09-28 17:00:00+03:00,0.02995,0.0302
2024-09-28 19:00:00+03:00,0.03021,0.03014
2024-09-28 21:00:00+03:00,0.03014,0.03023
2024-09-28 23:00:00+03:00,0.03023,0.03003
2024-09-29 01:00:00+03:00,0.03004,0.03024
2024-09-29 03:00:00+03:00,0.03024,0.03007
2024-09-29 05:00:00+03:00,0.03008,0.0303
2024-09-29 07:00:00+03:00,0.03029,0.03003
2024-09-29 09:00:00+03:00,0.03002,0.02964
2024-09-29 11:00:00+03:00,0.02964,0.03006
2024-09-29 13:00:00+03:00,0.03006,0.03022
2024-09-29 15:00:00+03:00,0.03022,0.03026
2024-09-29 17:00:00+03:00,0.03025,0.03027
2024-09-29 19:00:00+03:00,0.03027,0.0305
2024-09-29 21:00:00+03:00,0.0305,0.03072
2024-09-29 23:00:00+03:00,0.03072,0.03043
2024-09-30 01:00:00+03:00,0.03042,0.03039
2024-09-30 03:00:00+03:00,0.03038,0.02976
2024-09-30 05:00:00+03:00,0.02975,0.02968
2024-09-30 07:00:00+03:00,0.02968,0.02982
2024-09-30 09:00:00+03:00,0.02982,0.03002
2024-09-30 11:00:00+03:00,0.03002,0.02909
2024-09-30 13:00:00+03:00,0.02908,0.02911
2024-09-30 15:00:00+03:00,0.02911,0.02902
2024-09-30 17:00:00+03:00,0.02901,0.02852
2024-09-30 19:00:00+03:00,0.02853,0.02887
2024-09-30 21:00:00+03:00,0.02886,0.02896
2024-09-30 23:00:00+03:00,0.02897,0.0291
2024-10-01 01:00:00+03:00,0.02909,0.0284
2024-10-01 03:00:00+03:00,0.0284,0.02873
2024-10-01 05:00:00+03:00,0.02874,0.02905
2024-10-01 07:00:00+03:00,0.02905,0.02903
2024-10-01 09:00:00+03:00,0.02903,0.02926
2024-10-01 11:00:00+03:00,0.02925,0.02928
2024-10-01 13:00:00+03:00,0.02927,0.02916
2024-10-01 15:00:00+03:00,0.02917,0.02808
2024-10-01 17:00:00+03:00,0.02809,0.02708
2024-10-01 19:00:00+03:00,0.02708,0.02646
2024-10-01 21:00:00+03:00,0.02645,0.02597
2024-10-01 23:00:00+03:00,0.02597,0.02625
2024-10-02 01:00:00+03:00,0.02624,0.02594
2024-10-02 03:00:00+03:00,0.02593,0.02649
2024-10-02 05:00:00+03:00,0.02649,0.02661
2024-10-02 07:00:00+03:00,0.02661,0.02646
2024-10-02 09:00:00+03:00,0.02646,0.02683
2024-10-02 11:00:00+03:00,0.02684,0.02633
2024-10-02 13:00:00+03:00,0.02632,0.02632
2024-10-02 15:00:00+03:00,0.02632,0.02636
2024-10-02 17:00:00+03:00,0.02636,0.02634
2024-10-02 19:00:00+03:00,0.02634,0.02602
2024-10-02 21:00:00+03:00,0.02602,0.02531
2024-10-02 23:00:00+03:00,0.02531,0.02545
2024-10-03 01:00:00+03:00,0.02545,0.02553
2024-10-03 03:00:00+03:00,0.02552,0.0258
2024-10-03 05:00:00+03:00,0.0258,0.02604
2024-10-03 07:00:00+03:00,0.02604,0.02594
2024-10-03 09:00:00+03:00,0.02594,0.02554
2024-10-03 11:00:00+03:00,0.02554,0.0253
2024-10-03 13:00:00+03:00,0.02531,0.02508
2024-10-03 15:00:00+03:00,0.02507,0.02502
2024-10-03 17:00:00+03:00,0.02503,0.02495
2024-10-03 19:00:00+03:00,0.02496,0.0248
2024-10-03 21:00:00+03:00,0.0248,0.02506
2024-10-03 23:00:00+03:00,0.02506,0.02497
2024-10-04 01:00:00+03:00,0.02497,0.02527
2024-10-04 03:00:00+03:00,0.02528,0.02566
2024-10-04 05:00:00+03:00,0.02567,0.02554
2024-10-04 07:00:00+03:00,0.02555,0.02621
2024-10-04 09:00:00+03:00,0.02622,0.02653
2024-10-04 11:00:00+03:00,0.02652,0.02619
2024-10-04 13:00:00+03:00,0.02619,0.02598
2024-10-04 15:00:00+03:00,0.02597,0.02612
2024-10-04 17:00:00+03:00,0.02612,0.02646
2024-10-04 19:00:00+03:00,0.02646,0.02654
2024-10-04 21:00:00+03:00,0.02655,0.02669
2024-10-04 23:00:00+03:00,0.0267,0.02656
2024-10-05 01:00:00+03:00,0.02656,0.02672
2024-10-05 03:00:00+03:00,0.02671,0.02676
2024-10-05 05:00:00+03:00,0.02676,0.02647
2024-10-05 07:00:00+03:00,0.02647,0.02683
2024-10-05 09:00:00+03:00,0.02682,0.0269
2024-10-05 11:00:00+03:00,0.02689,0.02717
2024-10-05 13:00:00+03:00,0.02717,0.02718
2024-10-05 15:00:00+03:00,0.02718,0.02705
2024-10-05 17:00:00+03:00,0.02706,0.02692
2024-10-05 19:00:00+03:00,0.02691,0.02659
2024-10-05 21:00:00+03:00,0.02659,0.0263
2024-10-05 23:00:00+03:00,0.0263,0.02625
2024-10-06 01:00:00+03:00,0.02625,0.02659
2024-10-06 03:00:00+03:00,0.02659,0.02677
2024-10-06 05:00:00+03:00,0.02678,0.02643
2024-10-06 07:00:00+03:00,0.02643,0.02661
2024-10-06 09:00:00+03:00,0.02662,0.02666
2024-10-06 11:00:00+03:00,0.02667,0.02671
2024-10-06 13:00:00+03:00,0.02672,0.02693
2024-10-06 15:00:00+03:00,0.02694,0.02692
2024-10-06 17:00:00+03:00,0.02692,0.02737
2024-10-06 19:00:00+03:00,0.02738,0.02725
2024-10-06 21:00:00+03:00,0.02724,0.02725
2024-10-06 23:00:00+03:00,0.02724,0.02723
2024-10-07 01:00:00+03:00,0.02722,0.02749
2024-10-07 03:00:00+03:00,0.02749,0.02784
2024-10-07 05:00:00+03:00,0.02786,0.02771
2024-10-07 07:00:00+03:00,0.02772,0.02748
2024-10-07 09:00:00+03:00,0.02749,0.02767
2024-10-07 11:00:00+03:00,0.02768,0.02735
2024-10-07 13:00:00+03:00,0.02734,0.02743
2024-10-07 15:00:00+03:00,0.02743,0.02759
2024-10-07 17:00:00+03:00,0.02758,0.02747
2024-10-07 19:00:00+03:00,0.02748,0.02787
2024-10-07 21:00:00+03:00,0.02786,0.02753
2024-10-07 23:00:00+03:00,0.02754,0.02748
2024-10-08 01:00:00+03:00,0.02748,0.02683
2024-10-08 03:00:00+03:00,0.02683,0.0271
2024-10-08 05:00:00+03:00,0.02711,0.0271
2024-10-08 07:00:00+03:00,0.02711,0.02683
2024-10-08 09:00:00+03:00,0.02686,0.02679
2024-10-08 11:00:00+03:00,0.0268,0.02671
2024-10-08 13:00:00+03:00,0.02671,0.02691
2024-10-08 15:00:00+03:00,0.0269,0.02685
2024-10-08 17:00:00+03:00,0.02685,0.02639
2024-10-08 19:00:00+03:00,0.02638,0.02641
2024-10-08 21:00:00+03:00,0.02641,0.02644
2024-10-08 23:00:00+03:00,0.02644,0.02661
2024-10-09 01:00:00+03:00,0.02661,0.02645
2024-10-09 03:00:00+03:00,0.02645,0.02662
2024-10-09 05:00:00+03:00,0.02663,0.02646
2024-10-09 07:00:00+03:00,0.02645,0.02678
2024-10-09 09:00:00+03:00,0.02677,0.0265
2024-10-09 11:00:00+03:00,0.02651,0.02663
2024-10-09 13:00:00+03:00,0.02662,0.02654
2024-10-09 15:00:00+03:00,0.02653,0.02583
2024-10-09 17:00:00+03:00,0.02583,0.02584
2024-10-09 19:00:00+03:00,0.02584,0.02572
2024-10-09 21:00:00+03:00,0.02572,0.02558
2024-10-09 23:00:00+03:00,0.02558,0.0256
2024-10-10 01:00:00+03:00,0.02559,0.02571
2024-10-10 03:00:00+03:00,0.0257,0.0257
2024-10-10 05:00:00+03:00,0.0257,0.02577
2024-10-10 07:00:00+03:00,0.02576,0.0259
2024-10-10 09:00:00+03:00,0.0259,0.02567
2024-10-10 11:00:00+03:00,0.02566,0.02539
2024-10-10 13:00:00+03:00,0.0254,0.02584
2024-10-10 15:00:00+03:00,0.02582,0.02541
2024-10-10 17:00:00+03:00,0.0254,0.02542
2024-10-10 19:00:00+03:00,0.02541,0.02475
2024-10-10 21:00:00+03:00,0.02475,0.02498
2024-10-10 23:00:00+03:00,0.02497,0.02532
2024-10-11 01:00:00+03:00,0.02533,0.02557
2024-10-11 03:00:00+03:00,0.02556,0.02581
2024-10-11 05:00:00+03:00,0.02582,0.02581
2024-10-11 07:00:00+03:00,0.0258,0.02585
2024-10-11 09:00:00+03:00,0.02584,0.02606
2024-10-11 11:00:00+03:00,0.02605,0.02635
2024-10-11 13:00:00+03:00,0.02636,0.02621
2024-10-11 15:00:00+03:00,0.0262,0.02647
2024-10-11 17:00:00+03:00,0.02647,0.02648
2024-10-11 19:00:00+03:00,0.02649,0.02658
2024-10-11 21:00:00+03:00,0.02659,0.0268
2024-10-11 23:00:00+03:00,0.02681,0.0269
2024-10-12 01:00:00+03:00,0.0269,0.02678
2024-10-12 03:00:00+03:00,0.02679,0.02693
2024-10-12 05:00:00+03:00,0.02694,0.02663
2024-10-12 07:00:00+03:00,0.02664,0.02697
2024-10-12 09:00:00+03:00,0.02696,0.02714
2024-10-12 11:00:00+03:00,0.02715,0.02702
2024-10-12 13:00:00+03:00,0.02701,0.02687
2024-10-12 15:00:00+03:00,0.02688,0.02685
2024-10-12 17:00:00+03:00,0.02685,0.02678
2024-10-12 19:00:00+03:00,0.02678,0.02675
2024-10-12 21:00:00+03:00,0.02675,0.02674
2024-10-12 23:00:00+03:00,0.02675,0.02691
2024-10-13 01:00:00+03:00,0.0269,0.02683
2024-10-13 03:00:00+03:00,0.02682,0.02665
2024-10-13 05:00:00+03:00,0.02665,0.02666
2024-10-13 07:00:00+03:00,0.02665,0.02694
2024-10-13 09:00:00+03:00,0.02693,0.02687
2024-10-13 11:00:00+03:00,0.02687,0.02695
2024-10-13 13:00:00+03:00,0.02695,0.02665
2024-10-13 15:00:00+03:00,0.02664,0.02665
2024-10-13 17:00:00+03:00,0.02664,0.02622
2024-10-13 19:00:00+03:00,0.02621,0.02609
2024-10-13 21:00:00+03:00,0.02609,0.02627
2024-10-13 23:00:00+03:00,0.02628,0.02662
2024-10-14 01:00:00+03:00,0.02663,0.02686
2024-10-14 03:00:00+03:00,0.02686,0.02666
2024-10-14 05:00:00+03:00,0.02666,0.02731
2024-10-14 07:00:00+03:00,0.02732,0.02725
2024-10-14 09:00:00+03:00,0.02724,0.02751
2024-10-14 11:00:00+03:00,0.02751,0.02738
2024-10-14 13:00:00+03:00,0.02739,0.02748
2024-10-14 15:00:00+03:00,0.02748,0.02763
2024-10-14 17:00:00+03:00,0.02763,0.02773
2024-10-14 19:00:00+03:00,0.02774,0.02767
2024-10-14 21:00:00+03:00,0.02768,0.02778
2024-10-14 23:00:00+03:00,0.02778,0.02774
2024-10-15 01:00:00+03:00,0.02774,0.02784
2024-10-15 03:00:00+03:00,0.02784,0.02778
2024-10-15 05:00:00+03:00,0.02778,0.02729
2024-10-15 07:00:00+03:00,0.0273,0.02716
2024-10-15 09:00:00+03:00,0.02717,0.02734
2024-10-15 11:00:00+03:00,0.02734,0.02727
2024-10-15 13:00:00+03:00,0.02727,0.02682
2024-10-15 15:00:00+03:00,0.02682,0.02777
2024-10-15 17:00:00+03:00,0.02778,0.0271
2024-10-15 19:00:00+03:00,0.0271,0.02762
2024-10-15 21:00:00+03:00,0.02762,0.02735
2024-10-15 23:00:00+03:00,0.02736,0.02712
2024-10-16 01:00:00+03:00,0.02711,0.02762
2024-10-16 03:00:00+03:00,0.02762,0.02753
2024-10-16 05:00:00+03:00,0.02753,0.02735
2024-10-16 07:00:00+03:00,0.02736,0.02741
2024-10-16 09:00:00+03:00,0.02741,0.02719
2024-10-16 11:00:00+03:00,0.02719,0.02754
2024-10-16 13:00:00+03:00,0.02754,0.02766
2024-10-16 15:00:00+03:00,0.02765,0.02728
2024-10-16 17:00:00+03:00,0.0273,0.02711
2024-10-16 19:00:00+03:00,0.02711,0.02723
2024-10-16 21:00:00+03:00,0.02722,0.02746
2024-10-16 23:00:00+03:00,0.02746,0.02746
2024-10-17 01:00:00+03:00,0.02747,0.02731
2024-10-17 03:00:00+03:00,0.0273,0.02748
2024-10-17 05:00:00+03:00,0.02747,0.02737
2024-10-17 07:00:00+03:00,0.02738,0.02697
2024-10-17 09:00:00+03:00,0.02696,0.02691
2024-10-17 11:00:00+03:00,0.02691,0.0269
2024-10-17 13:00:00+03:00,0.02689,0.02654
2024-10-17 15:00:00+03:00,0.02654,0.0266
2024-10-17 17:00:00+03:00,0.02661,0.02678
2024-10-17 19:00:00+03:00,0.02678,0.02644
2024-10-17 21:00:00+03:00,0.02644,0.0264
2024-10-17 23:00:00+03:00,0.0264,0.02653
2024-10-18 01:00:00+03:00,0.02654,0.02681
2024-10-18 03:00:00+03:00,0.02682,0.02719
2024-10-18 05:00:00+03:00,0.0272,0.02688
2024-10-18 07:00:00+03:00,0.02688,0.02713
2024-10-18 09:00:00+03:00,0.02714,0.02711
2024-10-18 11:00:00+03:00,0.02711,0.027
2024-10-18 13:00:00+03:00,0.02701,0.02681
2024-10-18 15:00:00+03:00,0.02681,0.02689
2024-10-18 17:00:00+03:00,0.0269,0.02708
2024-10-18 19:00:00+03:00,0.02707,0.02713
2024-10-18 21:00:00+03:00,0.02712,0.02708
2024-10-18 23:00:00+03:00,0.02708,0.02711
2024-10-19 01:00:00+03:00,0.02711,0.02734
2024-10-19 03:00:00+03:00,0.02733,0.02766
2024-10-19 05:00:00+03:00,0.02766,0.02796
2024-10-19 07:00:00+03:00,0.02796,0.02822
2024-10-19 09:00:00+03:00,0.02821,0.02795
2024-10-19 11:00:00+03:00,0.02797,0.02779
2024-10-19 13:00:00+03:00,0.02779,0.0274
2024-10-19 15:00:00+03:00,0.02742,0.02754
2024-10-19 17:00:00+03:00,0.02754,0.02755
2024-10-19 19:00:00+03:00,0.02755,0.02754
2024-10-19 21:00:00+03:00,0.02754,0.02764
2024-10-19 23:00:00+03:00,0.02765,0.02771
2024-10-20 01:00:00+03:00,0.02771,0.02788
2024-10-20 03:00:00+03:00,0.02788,0.02763
2024-10-20 05:00:00+03:00,0.02763,0.02773
2024-10-20 07:00:00+03:00,0.02773,0.02784
2024-10-20 09:00:00+03:00,0.02785,0.02803
2024-10-20 11:00:00+03:00,0.02804,0.02805
2024-10-20 13:00:00+03:00,0.02805,0.02809
2024-10-20 15:00:00+03:00,0.02809,0.02827
2024-10-20 17:00:00+03:00,0.02825,0.02818
2024-10-20 19:00:00+03:00,0.02817,0.0282
2024-10-20 21:00:00+03:00,0.0282,0.02824
2024-10-20 23:00:00+03:00,0.02823,0.02866
2024-10-21 01:00:00+03:00,0.02866,0.0289
2024-10-21 03:00:00+03:00,0.02889,0.02879
2024-10-21 05:00:00+03:00,0.0288,0.02847
2024-10-21 07:00:00+03:00,0.02847,0.02878
2024-10-21 09:00:00+03:00,0.02878,0.02844
2024-10-21 11:00:00+03:00,0.02844,0.02833
2024-10-21 13:00:00+03:00,0.02833,0.02811
2024-10-21 15:00:00+03:00,0.0281,0.02773
2024-10-21 17:00:00+03:00,0.02772,0.02786
2024-10-21 19:00:00+03:00,0.02787,0.02798
2024-10-21 21:00:00+03:00,0.02798,0.02808
2024-10-21 23:00:00+03:00,0.02807,0.02815
2024-10-22 01:00:00+03:00,0.02814,0.02795
2024-10-22 03:00:00+03:00,0.02795,0.02797
2024-10-22 05:00:00+03:00,0.02797,0.02795
2024-10-22 07:00:00+03:00,0.02794,0.02793
2024-10-22 09:00:00+03:00,0.02793,0.0277
2024-10-22 11:00:00+03:00,0.02769,0.02724
2024-10-22 13:00:00+03:00,0.02723,0.02735
2024-10-22 15:00:00+03:00,0.02734,0.02722
2024-10-22 17:00:00+03:00,0.02723,0.02728
2024-10-22 19:00:00+03:00,0.02727,0.02738
2024-10-22 21:00:00+03:00,0.02738,0.02744
2024-10-22 23:00:00+03:00,0.02744,0.02744
2024-10-23 01:00:00+03:00,0.02744,0.02764
2024-10-23 03:00:00+03:00,0.02764,0.02748
2024-10-23 05:00:00+03:00,0.02747,0.02721
2024-10-23 07:00:00+03:00,0.02721,0.02705
2024-10-23 09:00:00+03:00,0.02705,0.02687
2024-10-23 11:00:00+03:00,0.02687,0.02654
2024-10-23 13:00:00+03:00,0.02654,0.02639
2024-10-23 15:00:00+03:00,0.02639,0.02658
2024-10-23 17:00:00+03:00,0.02657,0.02636
2024-10-23 19:00:00+03:00,0.02636,0.02614
2024-10-23 21:00:00+03:00,0.02614,0.02639
2024-10-23 23:00:00+03:00,0.0264,0.02648
2024-10-24 01:00:00+03:00,0.02648,0.02655
2024-10-24 03:00:00+03:00,0.02655,0.02669
2024-10-24 05:00:00+03:00,0.02668,0.02663
2024-10-24 07:00:00+03:00,0.02663,0.02661
2024-10-24 09:00:00+03:00,0.02661,0.02633
2024-10-24 11:00:00+03:00,0.02633,0.02605
2024-10-24 13:00:00+03:00,0.02606,0.02646
2024-10-24 15:00:00+03:00,0.02646,0.02791
2024-10-24 17:00:00+03:00,0.02792,0.02803
2024-10-24 19:00:00+03:00,0.02803,0.02762
2024-10-24 21:00:00+03:00,0.02762,0.02744
2024-10-24 23:00:00+03:00,0.02744,0.0275
2024-10-25 01:00:00+03:00,0.0275,0.02738
2024-10-25 03:00:00+03:00,0.02738,0.0271
2024-10-25 05:00:00+03:00,0.02711,0.02698
2024-10-25 07:00:00+03:00,0.02698,0.02655
2024-10-25 09:00:00+03:00,0.02656,0.02652
2024-10-25 11:00:00+03:00,0.02652,0.02692
2024-10-25 13:00:00+03:00,0.02691,0.02692
2024-10-25 15:00:00+03:00,0.02691,0.02684
2024-10-25 17:00:00+03:00,0.02684,0.02633
2024-10-25 19:00:00+03:00,0.02633,0.02588
2024-10-25 21:00:00+03:00,0.02587,0.02588
2024-10-25 23:00:00+03:00,0.02589,0.02595
2024-10-26 01:00:00+03:00,0.02594,0.0245
2024-10-26 03:00:00+03:00,0.02451,0.02452
2024-10-26 05:00:00+03:00,0.02452,0.02478
2024-10-26 07:00:00+03:00,0.02479,0.02497
2024-10-26 09:00:00+03:00,0.02496,0.02475
2024-10-26 11:00:00+03:00,0.02475,0.02489
2024-10-26 13:00:00+03:00,0.02489,0.02483
2024-10-26 15:00:00+03:00,0.02483,0.02448
2024-10-26 17:00:00+03:00,0.02448,0.02435
2024-10-26 19:00:00+03:00,0.02435,0.02455
2024-10-26 21:00:00+03:00,0.02455,0.02462
2024-10-26 23:00:00+03:00,0.02463,0.02478
2024-10-27 01:00:00+03:00,0.02478,0.02469
2024-10-27 02:00:00+02:00,0.02469,0.02473
2024-10-27 04:00:00+02:00,0.02474,0.02487
2024-10-27 06:00:00+02:00,0.02487,0.02485
2024-10-27 08:00:00+02:00,0.02485,0.02475
2024-10-27 10:00:00+02:00,0.02474,0.02474
2024-10-27 12:00:00+02:00,0.02473,0.02462
2024-10-27 14:00:00+02:00,0.02461,0.02471
2024-10-27 16:00:00+02:00,0.02471,0.02493
2024-10-27 18:00:00+02:00,0.02493,0.02495
2024-10-27 20:00:00+02:00,0.02495,0.02495
2024-10-27 22:00:00+02:00,0.02496,0.02514
2024-10-28 00:00:00+02:00,0.02515,0.02509
2024-10-28 02:00:00+02:00,0.0251,0.02471
2024-10-28 04:00:00+02:00,0.0247,0.02454
2024-10-28 06:00:00+02:00,0.02453,0.0245
2024-10-28 08:00:00+02:00,0.0245,0.02481
2024-10-28 10:00:00+02:00,0.02481,0.02491
2024-10-28 12:00:00+02:00,0.02491,0.02477
2024-10-28 14:00:00+02:00,0.02477,0.0246
2024-10-28 16:00:00+02:00,0.02461,0.02424
2024-10-28 18:00:00+02:00,0.02423,0.02434
2024-10-28 20:00:00+02:00,0.02433,0.02458
2024-10-28 22:00:00+02:00,0.0247,0.02502
2024-10-29 00:00:00+02:00,0.02502,0.02496
2024-10-29 02:00:00+02:00,0.02497,0.02506
2024-10-29 04:00:00+02:00,0.02507,0.0252
2024-10-29 06:00:00+02:00,0.02521,0.02523
2024-10-29 08:00:00+02:00,0.02523,0.02531
2024-10-29 10:00:00+02:00,0.0253,0.02557
2024-10-29 12:00:00+02:00,0.02557,0.02542
2024-10-29 14:00:00+02:00,0.02543,0.02566
2024-10-29 16:00:00+02:00,0.02567,0.0257
2024-10-29 18:00:00+02:00,0.0257,0.02599
2024-10-29 20:00:00+02:00,0.026,0.0257
2024-10-29 22:00:00+02:00,0.02571,0.02586
2024-10-30 00:00:00+02:00,0.02586,0.02608
2024-10-30 02:00:00+02:00,0.02608,0.02592
2024-10-30 04:00:00+02:00,0.02593,0.02594
2024-10-30 06:00:00+02:00,0.02594,0.02586
2024-10-30 08:00:00+02:00,0.02587,0.02579
2024-10-30 10:00:00+02:00,0.0258,0.02582
2024-10-30 12:00:00+02:00,0.02583,0.02545
2024-10-30 14:00:00+02:00,0.02546,0.02575
2024-10-30 16:00:00+02:00,0.02576,0.02558
2024-10-30 18:00:00+02:00,0.02558,0.02559
2024-10-30 20:00:00+02:00,0.0256,0.02552
2024-10-30 22:00:00+02:00,0.02552,0.0256
2024-10-31 00:00:00+02:00,0.02559,0.02556
2024-10-31 02:00:00+02:00,0.02555,0.02544
2024-10-31 04:00:00+02:00,0.02544,0.02532
2024-10-31 06:00:00+02:00,0.02532,0.02531
2024-10-31 08:00:00+02:00,0.02532,0.02526
2024-10-31 10:00:00+02:00,0.02525,0.0251
2024-10-31 12:00:00+02:00,0.0251,0.02509
2024-10-31 14:00:00+02:00,0.02508,0.02486
2024-10-31 16:00:00+02:00,0.02486,0.02467
2024-10-31 18:00:00+02:00,0.02467,0.02466
2024-10-31 20:00:00+02:00,0.02435,0.02415
2024-10-31 22:00:00+02:00,0.02415,0.02439
2024-11-01 00:00:00+02:00,0.02439,0.02438
2024-11-01 02:00:00+02:00,0.02437,0.02401
2024-11-01 04:00:00+02:00,0.02399,0.02408
2024-11-01 06:00:00+02:00,0.02407,0.02407
2024-11-01 08:00:00+02:00,0.02406,0.02378
2024-11-01 10:00:00+02:00,0.02379,0.024
2024-11-01 12:00:00+02:00,0.02401,0.02436
2024-11-01 14:00:00+02:00,0.02435,0.02478
2024-11-01 16:00:00+02:00,0.02478,0.02393
2024-11-01 18:00:00+02:00,0.02393,0.02416
2024-11-01 20:00:00+02:00,0.02417,0.02391
2024-11-01 22:00:00+02:00,0.02392,0.0238
2024-11-02 00:00:00+02:00,0.0238,0.0239
2024-11-02 02:00:00+02:00,0.02391,0.02421
2024-11-02 04:00:00+02:00,0.02421,0.02412
2024-11-02 06:00:00+02:00,0.02411,0.02412
2024-11-02 08:00:00+02:00,0.02414,0.02409
2024-11-02 10:00:00+02:00,0.0241,0.02389
2024-11-02 12:00:00+02:00,0.02389,0.02387
2024-11-02 14:00:00+02:00,0.02386,0.02348
2024-11-02 16:00:00+02:00,0.02349,0.02349
2024-11-02 18:00:00+02:00,0.02349,0.02335
2024-11-02 20:00:00+02:00,0.02334,0.02339
2024-11-02 22:00:00+02:00,0.02339,0.02352
2024-11-03 00:00:00+02:00,0.02351,0.02352
2024-11-03 02:00:00+02:00,0.02352,0.02321
2024-11-03 04:00:00+02:00,0.02321,0.02279
2024-11-03 06:00:00+02:00,0.02279,0.02297
2024-11-03 08:00:00+02:00,0.02297,0.02303
2024-11-03 10:00:00+02:00,0.02303,0.02277
2024-11-03 12:00:00+02:00,0.02278,0.02261
2024-11-03 14:00:00+02:00,0.0226,0.02214
2024-11-03 16:00:00+02:00,0.02214,0.02232
2024-11-03 18:00:00+02:00,0.02231,0.02249
2024-11-03 20:00:00+02:00,0.0225,0.0226
2024-11-03 22:00:00+02:00,0.0226,0.02291
2024-11-04 00:00:00+02:00,0.02292,0.0228
2024-11-04 02:00:00+02:00,0.02279,0.02288
2024-11-04 04:00:00+02:00,0.02287,0.02286
2024-11-04 06:00:00+02:00,0.02287,0.0227
2024-11-04 08:00:00+02:00,0.02269,0.02279
2024-11-04 10:00:00+02:00,0.02279,0.02262
2024-11-04 12:00:00+02:00,0.02262,0.02279
2024-11-04 14:00:00+02:00,0.02279,0.02273
2024-11-04 16:00:00+02:00,0.02274,0.02265
2024-11-04 18:00:00+02:00,0.02266,0.02246
2024-11-04 20:00:00+02:00,0.02246,0.02253
2024-11-04 22:00:00+02:00,0.02253,0.02184
2024-11-05 00:00:00+02:00,0.02183,0.02234
2024-11-05 02:00:00+02:00,0.02233,0.02261
2024-11-05 04:00:00+02:00,0.02263,0.02257
2024-11-05 06:00:00+02:00,0.02258,0.02282
2024-11-05 08:00:00+02:00,0.02283,0.0228
2024-11-05 10:00:00+02:00,0.02281,0.02277
2024-11-05 12:00:00+02:00,0.02277,0.02283
2024-11-05 14:00:00+02:00,0.02283,0.02298
2024-11-05 16:00:00+02:00,0.02298,0.02319
2024-11-05 18:00:00+02:00,0.0232,0.02331
2024-11-05 20:00:00+02:00,0.02331,0.02295
2024-11-05 22:00:00+02:00,0.02295,0.0231
2024-11-06 00:00:00+02:00,0.02309,0.02331
2024-11-06 02:00:00+02:00,0.02331,0.02394
2024-11-06 04:00:00+02:00,0.02394,0.02463
2024-11-06 06:00:00+02:00,0.02464,0.02487
2024-11-06 08:00:00+02:00,0.02487,0.02491
2024-11-06 10:00:00+02:00,0.02491,0.02507
2024-11-06 12:00:00+02:00,0.02507,0.02525
2024-11-06 14:00:00+02:00,0.02525,0.02519
2024-11-06 16:00:00+02:00,0.02519,0.02508
2024-11-06 18:00:00+02:00,0.02507,0.0252
2024-11-06 20:00:00+02:00,0.0252,0.02546
2024-11-06 22:00:00+02:00,0.02547,0.02559
2024-11-07 00:00:00+02:00,0.02559,0.02566
2024-11-07 02:00:00+02:00,0.02565,0.02616
2024-11-07 04:00:00+02:00,0.02615,0.02603
2024-11-07 06:00:00+02:00,0.02604,0.02582
2024-11-07 08:00:00+02:00,0.02582,0.02558
2024-11-07 10:00:00+02:00,0.02559,0.02581
2024-11-07 12:00:00+02:00,0.02581,0.02562
2024-11-07 14:00:00+02:00,0.02563,0.02563
2024-11-07 16:00:00+02:00,0.02563,0.02618
2024-11-07 18:00:00+02:00,0.02617,0.02608
2024-11-07 20:00:00+02:00,0.02608,0.02601
2024-11-07 22:00:00+02:00,0.02603,0.026
2024-11-08 00:00:00+02:00,0.026,0.02578
2024-11-08 02:00:00+02:00,0.02578,0.02574
2024-11-08 04:00:00+02:00,0.02573,0.02555
2024-11-08 06:00:00+02:00,0.02555,0.02576
2024-11-08 08:00:00+02:00,0.02576,0.02577
2024-11-08 10:00:00+02:00,0.02578,0.02565
2024-11-08 12:00:00+02:00,0.02564,0.02581
2024-11-08 14:00:00+02:00,0.02581,0.02597
2024-11-08 16:00:00+02:00,0.02598,0.02578
2024-11-08 18:00:00+02:00,0.02577,0.02553
2024-11-08 20:00:00+02:00,0.02553,0.02581
2024-11-08 22:00:00+02:00,0.02581,0.02592
2024-11-09 00:00:00+02:00,0.02592,0.02614
2024-11-09 02:00:00+02:00,0.02613,0.02583
2024-11-09 04:00:00+02:00,0.02583,0.02593
2024-11-09 06:00:00+02:00,0.02593,0.0264
2024-11-09 08:00:00+02:00,0.0264,0.02637
2024-11-09 10:00:00+02:00,0.02637,0.02641
2024-11-09 12:00:00+02:00,0.02642,0.02695
2024-11-09 14:00:00+02:00,0.02696,0.02674
2024-11-09 16:00:00+02:00,0.02674,0.02663
2024-11-09 18:00:00+02:00,0.02663,0.02655
2024-11-09 20:00:00+02:00,0.02655,0.02665
2024-11-09 22:00:00+02:00,0.02665,0.027
2024-11-10 00:00:00+02:00,0.027,0.02747
2024-11-10 02:00:00+02:00,0.02747,0.02729
2024-11-10 04:00:00+02:00,0.02728,0.02779
2024-11-10 06:00:00+02:00,0.0278,0.0283
2024-11-10 08:00:00+02:00,0.02831,0.02847
2024-11-10 10:00:00+02:00,0.02848,0.02901
2024-11-10 12:00:00+02:00,0.02899,0.02904
2024-11-10 14:00:00+02:00,0.02904,0.02907
2024-11-10 16:00:00+02:00,0.02907,0.02914
2024-11-10 18:00:00+02:00,0.02915,0.02947
2024-11-10 20:00:00+02:00,0.02948,0.02885
2024-11-10 22:00:00+02:00,0.02885,0.02833
2024-11-11 00:00:00+02:00,0.02835,0.02901
2024-11-11 02:00:00+02:00,0.02901,0.02943
2024-11-11 04:00:00+02:00,0.02944,0.02984
2024-11-11 06:00:00+02:00,0.02983,0.02847
2024-11-11 08:00:00+02:00,0.02845,0.02888
2024-11-11 10:00:00+02:00,0.02888,0.02912
2024-11-11 12:00:00+02:00,0.02912,0.02948
2024-11-11 14:00:00+02:00,0.02947,0.02889
2024-11-11 16:00:00+02:00,0.02888,0.02899
2024-11-11 18:00:00+02:00,0.029,0.02968
2024-11-11 20:00:00+02:00,0.02968,0.02971
2024-11-11 22:00:00+02:00,0.0297,0.0297
2024-11-12 00:00:00+02:00,0.0297,0.03045
2024-11-12 02:00:00+02:00,0.03045,0.0306
2024-11-12 04:00:00+02:00,0.03059,0.03097
2024-11-12 06:00:00+02:00,0.03097,0.03072
2024-11-12 08:00:00+02:00,0.03073,0.03206
2024-11-12 10:00:00+02:00,0.03206,0.03073
2024-11-12 12:00:00+02:00,0.03073,0.03002
2024-11-12 14:00:00+02:00,0.03001,0.02966
2024-11-12 16:00:00+02:00,0.02967,0.0293
2024-11-12 18:00:00+02:00,0.02931,0.02953
2024-11-12 20:00:00+02:00,0.02952,0.03048
2024-11-12 22:00:00+02:00,0.03049,0.03174
2024-11-13 00:00:00+02:00,0.03173,0.03219
2024-11-13 02:00:00+02:00,0.03218,0.03161
2024-11-13 04:00:00+02:00,0.03161,0.03066
2024-11-13 06:00:00+02:00,0.03067,0.03003
2024-11-13 08:00:00+02:00,0.03004,0.0303
2024-11-13 10:00:00+02:00,0.03031,0.02953
2024-11-13 12:00:00+02:00,0.02953,0.02963
2024-11-13 14:00:00+02:00,0.02962,0.0307
2024-11-13 16:00:00+02:00,0.03068,0.0313
2024-11-13 18:00:00+02:00,0.03131,0.03093
2024-11-13 20:00:00+02:00,0.03095,0.02935
2024-11-13 22:00:00+02:00,0.02935,0.02897
2024-11-14 00:00:00+02:00,0.02896,0.02975
2024-11-14 02:00:00+02:00,0.02975,0.02978
2024-11-14 04:00:00+02:00,0.02977,0.02954
2024-11-14 06:00:00+02:00,0.02953,0.03021
2024-11-14 08:00:00+02:00,0.03021,0.03064
2024-11-14 10:00:00+02:00,0.03063,0.03018
2024-11-14 12:00:00+02:00,0.03018,0.02951
2024-11-14 14:00:00+02:00,0.02951,0.02926
2024-11-14 16:00:00+02:00,0.02926,0.02855
2024-11-14 18:00:00+02:00,0.02854,0.02911
2024-11-14 20:00:00+02:00,0.02911,0.02926
2024-11-14 22:00:00+02:00,0.02925,0.02933
2024-11-15 00:00:00+02:00,0.02932,0.02857
2024-11-15 02:00:00+02:00,0.02856,0.02845
2024-11-15 04:00:00+02:00,0.02846,0.0284
2024-11-15 06:00:00+02:00,0.02839,0.02808
2024-11-15 08:00:00+02:00,0.02808,0.0282
2024-11-15 10:00:00+02:00,0.0282,0.0289
2024-11-15 12:00:00+02:00,0.0289,0.02908
2024-11-15 14:00:00+02:00,0.02908,0.02925
2024-11-15 16:00:00+02:00,0.02925,0.02853
2024-11-15 18:00:00+02:00,0.02853,0.02907
2024-11-15 20:00:00+02:00,0.02906,0.03005
2024-11-15 22:00:00+02:00,0.03006,0.03096
2024-11-16 00:00:00+02:00,0.03097,0.03094
2024-11-16 02:00:00+02:00,0.03093,0.03157
2024-11-16 04:00:00+02:00,0.03157,0.03159
2024-11-16 06:00:00+02:00,0.03158,0.03146
2024-11-16 08:00:00+02:00,0.03146,0.03149
2024-11-16 10:00:00+02:00,0.03149,0.03156
2024-11-16 12:00:00+02:00,0.03157,0.03276
2024-11-16 14:00:00+02:00,0.03276,0.03184
2024-11-16 16:00:00+02:00,0.03184,0.03131
2024-11-16 18:00:00+02:00,0.03131,0.03199
2024-11-16 20:00:00+02:00,0.03199,0.03243
2024-11-16 22:00:00+02:00,0.03242,0.03305
2024-11-17 00:00:00+02:00,0.03305,0.03329
2024-11-17 02:00:00+02:00,0.03329,0.03207
2024-11-17 04:00:00+02:00,0.03207,0.03223
2024-11-17 06:00:00+02:00,0.03224,0.0321
2024-11-17 08:00:00+02:00,0.03209,0.03267
2024-11-17 10:00:00+02:00,0.03268,0.03294
2024-11-17 12:00:00+02:00,0.03294,0.03227
2024-11-17 14:00:00+02:00,0.03227,0.03263
2024-11-17 16:00:00+02:00,0.03262,0.0319
2024-11-17 18:00:00+02:00,0.03191,0.03198
2024-11-17 20:00:00+02:00,0.03197,0.03122
2024-11-17 22:00:00+02:00,0.03121,0.03082
2024-11-18 00:00:00+02:00,0.03084,0.03142
2024-11-18 02:00:00+02:00,0.03143,0.0327
2024-11-18 04:00:00+02:00,0.03271,0.03251
2024-11-18 06:00:00+02:00,0.0325,0.03251
2024-11-18 08:00:00+02:00,0.03251,0.03309
2024-11-18 10:00:00+02:00,0.03308,0.0327
2024-11-18 12:00:00+02:00,0.03269,0.03223
2024-11-18 14:00:00+02:00,0.03223,0.03185
2024-11-18 16:00:00+02:00,0.03187,0.03412
2024-11-18 18:00:00+02:00,0.03412,0.03463
2024-11-18 20:00:00+02:00,0.03463,0.03337
2024-11-18 22:00:00+02:00,0.03336,0.03379
2024-11-19 00:00:00+02:00,0.0338,0.03477
2024-11-19 02:00:00+02:00,0.03478,0.03446
2024-11-19 04:00:00+02:00,0.03446,0.03411
2024-11-19 06:00:00+02:00,0.03411,0.0338
2024-11-19 08:00:00+02:00,0.0338,0.03399
2024-11-19 10:00:00+02:00,0.03399,0.03402
2024-11-19 12:00:00+02:00,0.03401,0.03473
2024-11-19 14:00:00+02:00,0.03471,0.03414
2024-11-19 16:00:00+02:00,0.03415,0.03374
2024-11-19 18:00:00+02:00,0.03373,0.03407
2024-11-19 20:00:00+02:00,0.03408,0.03437
2024-11-19 22:00:00+02:00,0.03437,0.03367
2024-11-20 00:00:00+02:00,0.03365,0.03404
2024-11-20 02:00:00+02:00,0.03403,0.03309
2024-11-20 04:00:00+02:00,0.0331,0.03259
2024-11-20 06:00:00+02:00,0.0326,0.03314
2024-11-20 08:00:00+02:00,0.03313,0.03282
2024-11-20 10:00:00+02:00,0.03281,0.03357
2024-11-20 12:00:00+02:00,0.03357,0.03315
2024-11-20 14:00:00+02:00,0.03316,0.03356
2024-11-20 16:00:00+02:00,0.03355,0.03381
2024-11-20 18:00:00+02:00,0.03382,0.0323
2024-11-20 20:00:00+02:00,0.0323,0.03204
2024-11-20 22:00:00+02:00,0.03202,0.03269
2024-11-21 00:00:00+02:00,0.0327,0.03256
2024-11-21 02:00:00+02:00,0.03257,0.033
2024-11-21 04:00:00+02:00,0.03299,0.03184
2024-11-21 06:00:00+02:00,0.03185,0.03279
2024-11-21 08:00:00+02:00,0.0328,0.03289
2024-11-21 10:00:00+02:00,0.0329,0.03229
2024-11-21 12:00:00+02:00,0.03229,0.03295
2024-11-21 14:00:00+02:00,0.03294,0.03412
2024-11-21 16:00:00+02:00,0.03413,0.03344
2024-11-21 18:00:00+02:00,0.03345,0.03373
2024-11-21 20:00:00+02:00,0.03374,0.03372
2024-11-21 22:00:00+02:00,0.03371,0.03378
2024-11-22 00:00:00+02:00,0.03377,0.03393
2024-11-22 02:00:00+02:00,0.03394,0.03339
2024-11-22 04:00:00+02:00,0.03338,0.03375
2024-11-22 06:00:00+02:00,0.03375,0.03386
2024-11-22 08:00:00+02:00,0.03386,0.03352
2024-11-22 10:00:00+02:00,0.03352,0.03378
2024-11-22 12:00:00+02:00,0.03378,0.03383
2024-11-22 14:00:00+02:00,0.03383,0.0329
2024-11-22 16:00:00+02:00,0.03289,0.03356
2024-11-22 18:00:00+02:00,0.03356,0.03328
2024-11-22 20:00:00+02:00,0.03328,0.0331
2024-11-22 22:00:00+02:00,0.03309,0.03386
2024-11-23 00:00:00+02:00,0.03386,0.0349
2024-11-23 02:00:00+02:00,0.03489,0.03568
2024-11-23 04:00:00+02:00,0.03568,0.03518
2024-11-23 06:00:00+02:00,0.03519,0.03561
2024-11-23 08:00:00+02:00,0.03561,0.03765
2024-11-23 10:00:00+02:00,0.03767,0.03695
2024-11-23 12:00:00+02:00,0.03693,0.03742
2024-11-23 14:00:00+02:00,0.03741,0.03903
2024-11-23 16:00:00+02:00,0.03902,0.04041
2024-11-23 18:00:00+02:00,0.0404,0.03895
2024-11-23 20:00:00+02:00,0.03893,0.03855
2024-11-23 22:00:00+02:00,0.03856,0.03902
2024-11-24 00:00:00+02:00,0.03902,0.03927
2024-11-24 02:00:00+02:00,0.03927,0.03962
2024-11-24 04:00:00+02:00,0.03962,0.04155
2024-11-24 06:00:00+02:00,0.04154,0.04154
2024-11-24 08:00:00+02:00,0.04154,0.04144
2024-11-24 10:00:00+02:00,0.04144,0.04053
2024-11-24 12:00:00+02:00,0.04052,0.0383
2024-11-24 14:00:00+02:00,0.03828,0.03807
2024-11-24 16:00:00+02:00,0.03806,0.03639
2024-11-24 18:00:00+02:00,0.03639,0.03775
2024-11-24 20:00:00+02:00,0.03776,0.0388
2024-11-24 22:00:00+02:00,0.03881,0.03968
2024-11-25 00:00:00+02:00,0.03968,0.03975
2024-11-25 02:00:00+02:00,0.03976,0.04014
2024-11-25 04:00:00+02:00,0.04014,0.04034
2024-11-25 06:00:00+02:00,0.04036,0.04008
2024-11-25 08:00:00+02:00,0.04008,0.03998
2024-11-25 10:00:00+02:00,0.03996,0.04095
2024-11-25 12:00:00+02:00,0.04094,0.04019
2024-11-25 14:00:00+02:00,0.04018,0.03973
2024-11-25 16:00:00+02:00,0.03972,0.03975
2024-11-25 18:00:00+02:00,0.03976,0.03866
2024-11-25 20:00:00+02:00,0.03867,0.03838
2024-11-25 22:00:00+02:00,0.03838,0.03848
2024-11-26 00:00:00+02:00,0.03847,0.03823
2024-11-26 02:00:00+02:00,0.03821,0.04006
2024-11-26 04:00:00+02:00,0.04006,0.03962
2024-11-26 06:00:00+02:00,0.03962,0.04042
2024-11-26 08:00:00+02:00,0.04042,0.04064
2024-11-26 10:00:00+02:00,0.04062,0.04015
2024-11-26 12:00:00+02:00,0.04019,0.03892
2024-11-26 14:00:00+02:00,0.0389,0.03868
2024-11-26 16:00:00+02:00,0.03868,0.0388
2024-11-26 18:00:00+02:00,0.0388,0.04026
2024-11-26 20:00:00+02:00,0.04028,0.03904
2024-11-26 22:00:00+02:00,0.03904,0.03976
2024-11-27 00:00:00+02:00,0.03975,0.04106
2024-11-27 02:00:00+02:00,0.04106,0.04034
2024-11-27 04:00:00+02:00,0.04033,0.04008
2024-11-27 06:00:00+02:00,0.04007,0.0398
2024-11-27 08:00:00+02:00,0.03982,0.04078
2024-11-27 10:00:00+02:00,0.04078,0.04098
2024-11-27 12:00:00+02:00,0.04097,0.04217
2024-11-27 14:00:00+02:00,0.04217,0.0424
2024-11-27 16:00:00+02:00,0.04242,0.04237
2024-11-27 18:00:00+02:00,0.04238,0.04337
2024-11-27 20:00:00+02:00,0.04336,0.04265
2024-11-27 22:00:00+02:00,0.04264,0.04234
2024-11-28 00:00:00+02:00,0.04235,0.04264
2024-11-28 02:00:00+02:00,0.04263,0.04241
2024-11-28 04:00:00+02:00,0.0424,0.04129
2024-11-28 06:00:00+02:00,0.0413,0.04137
2024-11-28 08:00:00+02:00,0.04137,0.04083
2024-11-28 10:00:00+02:00,0.04083,0.0407
2024-11-28 12:00:00+02:00,0.04069,0.041
2024-11-28 14:00:00+02:00,0.04098,0.04103
2024-11-28 16:00:00+02:00,0.04103,0.04023
2024-11-28 18:00:00+02:00,0.04021,0.04042
2024-11-28 20:00:00+02:00,0.04044,0.04152
2024-11-28 22:00:00+02:00,0.04152,0.04149
2024-11-29 00:00:00+02:00,0.04148,0.04172
2024-11-29 02:00:00+02:00,0.04172,0.04125
2024-11-29 04:00:00+02:00,0.04124,0.04121
2024-11-29 06:00:00+02:00,0.04122,0.04095
2024-11-29 08:00:00+02:00,0.04095,0.04047
2024-11-29 10:00:00+02:00,0.0405,0.04132
2024-11-29 12:00:00+02:00,0.04132,0.04187
2024-11-29 14:00:00+02:00,0.04188,0.04188
2024-11-29 16:00:00+02:00,0.04188,0.04166
2024-11-29 18:00:00+02:00,0.04168,0.04194
2024-11-29 20:00:00+02:00,0.04194,0.04251
2024-11-29 22:00:00+02:00,0.04252,0.0431
2024-11-30 00:00:00+02:00,0.0431,0.0427
2024-11-30 02:00:00+02:00,0.0427,0.04236
2024-11-30 04:00:00+02:00,0.04236,0.04234
2024-11-30 06:00:00+02:00,0.04235,0.04217
2024-11-30 08:00:00+02:00,0.04218,0.04274
2024-11-30 10:00:00+02:00,0.04273,0.04286
2024-11-30 12:00:00+02:00,0.04287,0.04241
2024-11-30 14:00:00+02:00,0.0424,0.04365
2024-11-30 16:00:00+02:00,0.04363,0.04512
2024-11-30 18:00:00+02:00,0.04511,0.04533
2024-11-30 20:00:00+02:00,0.04534,0.04497
2024-11-30 22:00:00+02:00,0.04497,0.04476
2024-12-01 00:00:00+02:00,0.04476,0.04475
2024-12-01 02:00:00+02:00,0.04475,0.04332
2024-12-01 04:00:00+02:00,0.04333,0.04372
2024-12-01 06:00:00+02:00,0.04371,0.04386
2024-12-01 08:00:00+02:00,0.04385,0.04442
2024-12-01 10:00:00+02:00,0.04441,0.04473
2024-12-01 12:00:00+02:00,0.04472,0.04514
2024-12-01 14:00:00+02:00,0.04514,0.04509
2024-12-01 16:00:00+02:00,0.04509,0.04468
2024-12-01 18:00:00+02:00,0.04469,0.04418
2024-12-01 20:00:00+02:00,0.04417,0.04377
2024-12-01 22:00:00+02:00,0.04376,0.04399
2024-12-02 00:00:00+02:00,0.04399,0.04425
2024-12-02 02:00:00+02:00,0.04425,0.0444
2024-12-02 04:00:00+02:00,0.04439,0.0428
2024-12-02 06:00:00+02:00,0.04279,0.04318
2024-12-02 08:00:00+02:00,0.04319,0.04283
2024-12-02 10:00:00+02:00,0.04281,0.04158
2024-12-02 12:00:00+02:00,0.04159,0.04111
2024-12-02 14:00:00+02:00,0.0411,0.04214
2024-12-02 16:00:00+02:00,0.04214,0.04304
2024-12-02 18:00:00+02:00,0.04303,0.04114
2024-12-02 20:00:00+02:00,0.04115,0.04257
2024-12-02 22:00:00+02:00,0.04257,0.04404
2024-12-03 00:00:00+02:00,0.04404,0.04469
2024-12-03 02:00:00+02:00,0.0447,0.04495
2024-12-03 04:00:00+02:00,0.04495,0.04621
2024-12-03 06:00:00+02:00,0.0462,0.04748
2024-12-03 08:00:00+02:00,0.04748,0.04667
2024-12-03 10:00:00+02:00,0.04666,0.04841
2024-12-03 12:00:00+02:00,0.0484,0.04824
2024-12-03 14:00:00+02:00,0.04823,0.04573
2024-12-03 16:00:00+02:00,0.04573,0.04596
2024-12-03 18:00:00+02:00,0.04596,0.04728
2024-12-03 20:00:00+02:00,0.04729,0.04766
2024-12-03 22:00:00+02:00,0.04767,0.04823
2024-12-04 00:00:00+02:00,0.04824,0.04934
2024-12-04 02:00:00+02:00,0.04935,0.049
2024-12-04 04:00:00+02:00,0.049,0.04926
2024-12-04 06:00:00+02:00,0.04926,0.04901
2024-12-04 08:00:00+02:00,0.04899,0.05135
2024-12-04 10:00:00+02:00,0.05135,0.05068
2024-12-04 12:00:00+02:00,0.05068,0.05144
2024-12-04 14:00:00+02:00,0.05143,0.05075
2024-12-04 16:00:00+02:00,0.05075,0.05087
2024-12-04 18:00:00+02:00,0.05087,0.04979
2024-12-04 20:00:00+02:00,0.04979,0.05241
2024-12-04 22:00:00+02:00,0.05241,0.05237
2024-12-05 00:00:00+02:00,0.05237,0.05134
2024-12-05 02:00:00+02:00,0.05136,0.04865
2024-12-05 04:00:00+02:00,0.04865,0.04867
2024-12-05 06:00:00+02:00,0.04868,0.04961
2024-12-05 08:00:00+02:00,0.04963,0.05187
2024-12-05 10:00:00+02:00,0.05185,0.05218
2024-12-05 12:00:00+02:00,0.05217,0.05309
2024-12-05 14:00:00+02:00,0.05308,0.05232
2024-12-05 16:00:00+02:00,0.05234,0.05198
2024-12-05 18:00:00+02:00,0.05198,0.05363
2024-12-05 20:00:00+02:00,0.05363,0.05465
2024-12-05 22:00:00+02:00,0.05466,0.06121
2024-12-06 00:00:00+02:00,0.06121,0.05724
2024-12-06 02:00:00+02:00,0.05724,0.05778
2024-12-06 04:00:00+02:00,0.05777,0.05628
2024-12-06 06:00:00+02:00,0.05629,0.05689
2024-12-06 08:00:00+02:00,0.05688,0.05582
2024-12-06 10:00:00+02:00,0.05581,0.05447
2024-12-06 12:00:00+02:00,0.05445,0.05411
2024-12-06 14:00:00+02:00,0.05409,0.05432
2024-12-06 16:00:00+02:00,0.05432,0.05657
2024-12-06 18:00:00+02:00,0.05656,0.05695
2024-12-06 20:00:00+02:00,0.05696,0.05718
2024-12-06 22:00:00+02:00,0.05716,0.0574
2024-12-07 00:00:00+02:00,0.05739,0.05689
2024-12-07 02:00:00+02:00,0.0569,0.05645
2024-12-07 04:00:00+02:00,0.05644,0.05594
2024-12-07 06:00:00+02:00,0.05594,0.05577
2024-12-07 08:00:00+02:00,0.05575,0.05504
2024-12-07 10:00:00+02:00,0.05502,0.05527
2024-12-07 12:00:00+02:00,0.05526,0.05517
2024-12-07 14:00:00+02:00,0.05516,0.05546
2024-12-07 16:00:00+02:00,0.05545,0.05499
2024-12-07 18:00:00+02:00,0.05499,0.05423
2024-12-07 20:00:00+02:00,0.05423,0.05422
2024-12-07 22:00:00+02:00,0.05421,0.05448
2024-12-08 00:00:00+02:00,0.05448,0.05472
2024-12-08 02:00:00+02:00,0.05472,0.05433
2024-12-08 04:00:00+02:00,0.05435,0.05437
2024-12-08 06:00:00+02:00,0.05436,0.05311
2024-12-08 08:00:00+02:00,0.05314,0.0535
2024-12-08 10:00:00+02:00,0.05349,0.05246
2024-12-08 12:00:00+02:00,0.05247,0.05376
2024-12-08 14:00:00+02:00,0.05375,0.05396
2024-12-08 16:00:00+02:00,0.05395,0.05368
2024-12-08 18:00:00+02:00,0.05369,0.05382
2024-12-08 20:00:00+02:00,0.05383,0.05365
2024-12-08 22:00:00+02:00,0.05366,0.05401
2024-12-09 00:00:00+02:00,0.05398,0.05517
2024-12-09 02:00:00+02:00,0.05517,0.05323
2024-12-09 04:00:00+02:00,0.05322,0.0523
2024-12-09 06:00:00+02:00,0.05231,0.0529
2024-12-09 08:00:00+02:00,0.0529,0.05165
2024-12-09 10:00:00+02:00,0.05164,0.04944
2024-12-09 12:00:00+02:00,0.04944,0.049
2024-12-09 14:00:00+02:00,0.04898,0.05054
2024-12-09 16:00:00+02:00,0.05053,0.04954
2024-12-09 18:00:00+02:00,0.04955,0.04889
2024-12-09 20:00:00+02:00,0.0489,0.04903
2024-12-09 22:00:00+02:00,0.04902,0.04408
2024-12-10 00:00:00+02:00,0.04408,0.04447
2024-12-10 02:00:00+02:00,0.04446,0.04533
2024-12-10 04:00:00+02:00,0.04532,0.04316
2024-12-10 06:00:00+02:00,0.04317,0.04423
2024-12-10 08:00:00+02:00,0.04423,0.04424
2024-12-10 10:00:00+02:00,0.04423,0.04424
2024-12-10 12:00:00+02:00,0.04425,0.0448
2024-12-10 14:00:00+02:00,0.04478,0.04316
2024-12-10 16:00:00+02:00,0.04315,0.04056
2024-12-10 18:00:00+02:00,0.04061,0.03939
2024-12-10 20:00:00+02:00,0.03938,0.04153
2024-12-10 22:00:00+02:00,0.04151,0.04323
2024-12-11 00:00:00+02:00,0.04325,0.04303
2024-12-11 02:00:00+02:00,0.04303,0.0411
2024-12-11 04:00:00+02:00,0.04112,0.04264
2024-12-11 06:00:00+02:00,0.04265,0.0422
2024-12-11 08:00:00+02:00,0.04222,0.04172
2024-12-11 10:00:00+02:00,0.04173,0.04322
2024-12-11 12:00:00+02:00,0.04322,0.04335
2024-12-11 14:00:00+02:00,0.04334,0.04481
2024-12-11 16:00:00+02:00,0.0448,0.04648
2024-12-11 18:00:00+02:00,0.0465,0.04589
2024-12-11 20:00:00+02:00,0.0459,0.0465
2024-12-11 22:00:00+02:00,0.0465,0.04648
2024-12-12 00:00:00+02:00,0.04648,0.04702
2024-12-12 02:00:00+02:00,0.04703,0.04728
2024-12-12 04:00:00+02:00,0.04728,0.04895
2024-12-12 06:00:00+02:00,0.04895,0.04947
2024-12-12 08:00:00+02:00,0.04946,0.04984
2024-12-12 10:00:00+02:00,0.04984,0.0498
2024-12-12 12:00:00+02:00,0.04981,0.04892
2024-12-12 14:00:00+02:00,0.04893,0.04924
2024-12-12 16:00:00+02:00,0.04923,0.04927
2024-12-12 18:00:00+02:00,0.04926,0.04952
2024-12-12 20:00:00+02:00,0.04952,0.04721
2024-12-12 22:00:00+02:00,0.04722,0.04771
2024-12-13 00:00:00+02:00,0.04772,0.04776
2024-12-13 02:00:00+02:00,0.04777,0.04699
2024-12-13 04:00:00+02:00,0.04698,0.04747
2024-12-13 06:00:00+02:00,0.04746,0.04673
2024-12-13 08:00:00+02:00,0.04675,0.04652
2024-12-13 10:00:00+02:00,0.04652,0.04663
2024-12-13 12:00:00+02:00,0.04665,0.04678
2024-12-13 14:00:00+02:00,0.04679,0.04696
2024-12-13 16:00:00+02:00,0.04696,0.04626
2024-12-13 18:00:00+02:00,0.04625,0.04704
2024-12-13 20:00:00+02:00,0.04704,0.04733
2024-12-13 22:00:00+02:00,0.04734,0.04713
2024-12-14 00:00:00+02:00,0.04713,0.04743
2024-12-14 02:00:00+02:00,0.04742,0.04747
2024-12-14 04:00:00+02:00,0.04747,0.04696
2024-12-14 06:00:00+02:00,0.04697,0.0471
2024-12-14 08:00:00+02:00,0.04708,0.04684
2024-12-14 10:00:00+02:00,0.04683,0.04664
2024-12-14 12:00:00+02:00,0.04662,0.04623
2024-12-14 14:00:00+02:00,0.04622,0.04479
2024-12-14 16:00:00+02:00,0.04479,0.04519
2024-12-14 18:00:00+02:00,0.04518,0.04441
2024-12-14 20:00:00+02:00,0.04438,0.04452
2024-12-14 22:00:00+02:00,0.04451,0.0443
2024-12-15 00:00:00+02:00,0.04431,0.04479
2024-12-15 02:00:00+02:00,0.04478,0.04499
2024-12-15 04:00:00+02:00,0.04499,0.0441
2024-12-15 06:00:00+02:00,0.04411,0.0445
2024-12-15 08:00:00+02:00,0.04451,0.04372
2024-12-15 10:00:00+02:00,0.04373,0.04488
2024-12-15 12:00:00+02:00,0.04487,0.04468
2024-12-15 14:00:00+02:00,0.04468,0.04601
2024-12-15 16:00:00+02:00,0.04604,0.04628
2024-12-15 18:00:00+02:00,0.04628,0.04573
2024-12-15 20:00:00+02:00,0.04574,0.04581
2024-12-15 22:00:00+02:00,0.0458,0.0446
2024-12-16 00:00:00+02:00,0.04459,0.04643
2024-12-16 02:00:00+02:00,0.04645,0.04797
2024-12-16 04:00:00+02:00,0.04797,0.0462
2024-12-16 06:00:00+02:00,0.04622,0.04631
2024-12-16 08:00:00+02:00,0.04632,0.04628
2024-12-16 10:00:00+02:00,0.04627,0.04506
2024-12-16 12:00:00+02:00,0.04507,0.04425
2024-12-16 14:00:00+02:00,0.04426,0.04476
2024-12-16 16:00:00+02:00,0.04476,0.04558
2024-12-16 18:00:00+02:00,0.04558,0.04539
2024-12-16 20:00:00+02:00,0.0454,0.04552
2024-12-16 22:00:00+02:00,0.04553,0.04599
2024-12-17 00:00:00+02:00,0.046,0.04537
2024-12-17 02:00:00+02:00,0.04536,0.04457
2024-12-17 04:00:00+02:00,0.04457,0.04499
2024-12-17 06:00:00+02:00,0.04498,0.04471
2024-12-17 08:00:00+02:00,0.0447,0.04434
2024-12-17 10:00:00+02:00,0.04434,0.04521
2024-12-17 12:00:00+02:00,0.0452,0.0452
2024-12-17 14:00:00+02:00,0.0452,0.04512
2024-12-17 16:00:00+02:00,0.04511,0.0436
2024-12-17 18:00:00+02:00,0.04358,0.0446
2024-12-17 20:00:00+02:00,0.04458,0.04378
2024-12-17 22:00:00+02:00,0.04377,0.04357
2024-12-18 00:00:00+02:00,0.04356,0.04265
2024-12-18 02:00:00+02:00,0.04266,0.0419
2024-12-18 04:00:00+02:00,0.04191,0.04147
2024-12-18 06:00:00+02:00,0.04145,0.04142
2024-12-18 08:00:00+02:00,0.04139,0.04148
2024-12-18 10:00:00+02:00,0.04147,0.04196
2024-12-18 12:00:00+02:00,0.04194,0.04222
2024-12-18 14:00:00+02:00,0.04221,0.04129
2024-12-18 16:00:00+02:00,0.0413,0.04115
2024-12-18 18:00:00+02:00,0.04114,0.04148
2024-12-18 20:00:00+02:00,0.0415,0.04011
2024-12-18 22:00:00+02:00,0.04022,0.03878
2024-12-19 00:00:00+02:00,0.03877,0.03811
2024-12-19 02:00:00+02:00,0.03813,0.0373
2024-12-19 04:00:00+02:00,0.0373,0.03842
2024-12-19 06:00:00+02:00,0.03841,0.03872
2024-12-19 08:00:00+02:00,0.03872,0.03855
2024-12-19 10:00:00+02:00,0.03856,0.03867
2024-12-19 12:00:00+02:00,0.03866,0.03938
2024-12-19 14:00:00+02:00,0.03938,0.03859
2024-12-19 16:00:00+02:00,0.03861,0.03786
2024-12-19 18:00:00+02:00,0.03786,0.03636
2024-12-19 20:00:00+02:00,0.03635,0.03515
2024-12-19 22:00:00+02:00,0.03516,0.03575
2024-12-20 00:00:00+02:00,0.03573,0.03523
2024-12-20 02:00:00+02:00,0.03521,0.03557
2024-12-20 04:00:00+02:00,0.03558,0.03604
2024-12-20 06:00:00+02:00,0.03605,0.03521
2024-12-20 08:00:00+02:00,0.0352,0.03522
2024-12-20 10:00:00+02:00,0.03522,0.0322
2024-12-20 12:00:00+02:00,0.03219,0.03056
2024-12-20 14:00:00+02:00,0.03057,0.03321
2024-12-20 16:00:00+02:00,0.0332,0.03435
2024-12-20 18:00:00+02:00,0.03434,0.03532
2024-12-20 20:00:00+02:00,0.03532,0.03608
2024-12-20 22:00:00+02:00,0.0361,0.03588
2024-12-21 00:00:00+02:00,0.03589,0.03682
2024-12-21 02:00:00+02:00,0.03682,0.03667
2024-12-21 04:00:00+02:00,0.03668,0.03655
2024-12-21 06:00:00+02:00,0.03655,0.03817
2024-12-21 08:00:00+02:00,0.03819,0.03843
2024-12-21 10:00:00+02:00,0.03843,0.03748
2024-12-21 12:00:00+02:00,0.03748,0.03738
2024-12-21 14:00:00+02:00,0.03737,0.03562
2024-12-21 16:00:00+02:00,0.03561,0.03568
2024-12-21 18:00:00+02:00,0.03569,0.03517
2024-12-21 20:00:00+02:00,0.03518,0.0346
2024-12-21 22:00:00+02:00,0.03461,0.03446
2024-12-22 00:00:00+02:00,0.03444,0.03465
2024-12-22 02:00:00+02:00,0.03466,0.03531
2024-12-22 04:00:00+02:00,0.0353,0.03504
2024-12-22 06:00:00+02:00,0.03503,0.03471
2024-12-22 08:00:00+02:00,0.03471,0.03471
2024-12-22 10:00:00+02:00,0.0347,0.03554
2024-12-22 12:00:00+02:00,0.03551,0.03544
2024-12-22 14:00:00+02:00,0.03545,0.03615
2024-12-22 16:00:00+02:00,0.03616,0.03521
2024-12-22 18:00:00+02:00,0.0352,0.0352
2024-12-22 20:00:00+02:00,0.03521,0.03429
2024-12-22 22:00:00+02:00,0.0343,0.0352
2024-12-23 00:00:00+02:00,0.03519,0.03504
2024-12-23 02:00:00+02:00,0.03505,0.03454
2024-12-23 04:00:00+02:00,0.03455,0.03604
2024-12-23 06:00:00+02:00,0.03605,0.0355
2024-12-23 08:00:00+02:00,0.03553,0.03529
2024-12-23 10:00:00+02:00,0.03528,0.03566
2024-12-23 12:00:00+02:00,0.03565,0.03556
2024-12-23 14:00:00+02:00,0.03555,0.03526
2024-12-23 16:00:00+02:00,0.03525,0.03471
2024-12-23 18:00:00+02:00,0.03471,0.03555
2024-12-23 20:00:00+02:00,0.03555,0.03595
2024-12-23 22:00:00+02:00,0.03591,0.03718
2024-12-24 00:00:00+02:00,0.03718,0.03733
2024-12-24 02:00:00+02:00,0.03733,0.03684
2024-12-24 04:00:00+02:00,0.03683,0.03699
2024-12-24 06:00:00+02:00,0.03699,0.03744
2024-12-24 08:00:00+02:00,0.03744,0.03692
2024-12-24 10:00:00+02:00,0.03693,0.03708
2024-12-24 12:00:00+02:00,0.03707,0.03764
2024-12-24 14:00:00+02:00,0.03764,0.03865
2024-12-24 16:00:00+02:00,0.03866,0.03943
2024-12-24 18:00:00+02:00,0.03943,0.04022
2024-12-24 20:00:00+02:00,0.04021,0.03942
2024-12-24 22:00:00+02:00,0.03942,0.03939
2024-12-25 00:00:00+02:00,0.03939,0.03916
2024-12-25 02:00:00+02:00,0.03917,0.03925
2024-12-25 04:00:00+02:00,0.03925,0.03888
2024-12-25 06:00:00+02:00,0.03888,0.03972
2024-12-25 08:00:00+02:00,0.03972,0.03932
2024-12-25 10:00:00+02:00,0.03932,0.0392
2024-12-25 12:00:00+02:00,0.03919,0.03879
2024-12-25 14:00:00+02:00,0.03879,0.03901
2024-12-25 16:00:00+02:00,0.03903,0.03855
2024-12-25 18:00:00+02:00,0.03855,0.03837
2024-12-25 20:00:00+02:00,0.03836,0.03841
2024-12-25 22:00:00+02:00,0.03842,0.03788
2024-12-26 00:00:00+02:00,0.03789,0.03811
2024-12-26 02:00:00+02:00,0.03811,0.03741
2024-12-26 04:00:00+02:00,0.03742,0.03694
2024-12-26 06:00:00+02:00,0.03695,0.0365
2024-12-26 08:00:00+02:00,0.03649,0.03616
2024-12-26 10:00:00+02:00,0.03617,0.03565
2024-12-26 12:00:00+02:00,0.03565,0.0359
2024-12-26 14:00:00+02:00,0.03589,0.03544
2024-12-26 16:00:00+02:00,0.03544,0.0352
2024-12-26 18:00:00+02:00,0.0352,0.03501
2024-12-26 20:00:00+02:00,0.03502,0.03519
2024-12-26 22:00:00+02:00,0.03519,0.03498
2024-12-27 00:00:00+02:00,0.03498,0.03495
2024-12-27 02:00:00+02:00,0.03496,0.03508
2024-12-27 04:00:00+02:00,0.03508,0.0353
2024-12-27 06:00:00+02:00,0.03529,0.03544
2024-12-27 08:00:00+02:00,0.03544,0.03524
2024-12-27 10:00:00+02:00,0.03523,0.03675
2024-12-27 12:00:00+02:00,0.03675,0.03675
2024-12-27 14:00:00+02:00,0.03674,0.0363
2024-12-27 16:00:00+02:00,0.03628,0.03525
2024-12-27 18:00:00+02:00,0.03525,0.03571
2024-12-27 20:00:00+02:00,0.03572,0.0357
2024-12-27 22:00:00+02:00,0.0357,0.03515
2024-12-28 00:00:00+02:00,0.03515,0.03519
2024-12-28 02:00:00+02:00,0.03519,0.03553
2024-12-28 04:00:00+02:00,0.03551,0.03571
2024-12-28 06:00:00+02:00,0.0357,0.03589
2024-12-28 08:00:00+02:00,0.03588,0.03591
2024-12-28 10:00:00+02:00,0.0359,0.03572
2024-12-28 12:00:00+02:00,0.03573,0.03604
2024-12-28 14:00:00+02:00,0.03603,0.03648
2024-12-28 16:00:00+02:00,0.03648,0.03644
2024-12-28 18:00:00+02:00,0.03645,0.03698
2024-12-28 20:00:00+02:00,0.03698,0.03674
2024-12-28 22:00:00+02:00,0.03674,0.03674
2024-12-29 00:00:00+02:00,0.03674,0.03746
2024-12-29 02:00:00+02:00,0.03746,0.03647
2024-12-29 04:00:00+02:00,0.03647,0.03707
2024-12-29 06:00:00+02:00,0.03706,0.03669
2024-12-29 08:00:00+02:00,0.0367,0.03695
2024-12-29 10:00:00+02:00,0.03695,0.03656
2024-12-29 12:00:00+02:00,0.03655,0.03623
2024-12-29 14:00:00+02:00,0.03623,0.03596
2024-12-29 16:00:00+02:00,0.03597,0.03575
2024-12-29 18:00:00+02:00,0.03574,0.03527
2024-12-29 20:00:00+02:00,0.03527,0.03526
2024-12-29 22:00:00+02:00,0.03526,0.03477
2024-12-30 00:00:00+02:00,0.03477,0.03478
2024-12-30 02:00:00+02:00,0.03478,0.03537
2024-12-30 04:00:00+02:00,0.03537,0.03542
2024-12-30 06:00:00+02:00,0.03542,0.03569
2024-12-30 08:00:00+02:00,0.03569,0.03582
2024-12-30 10:00:00+02:00,0.03582,0.03552
2024-12-30 12:00:00+02:00,0.03552,0.03512
2024-12-30 14:00:00+02:00,0.03512,0.03406
2024-12-30 16:00:00+02:00,0.03408,0.0338
2024-12-30 18:00:00+02:00,0.03379,0.03462
2024-12-30 20:00:00+02:00,0.03461,0.03546
2024-12-30 22:00:00+02:00,0.03546,0.0342
2024-12-31 00:00:00+02:00,0.0342,0.03436
2024-12-31 02:00:00+02:00,0.03437,0.03357
2024-12-31 04:00:00+02:00,0.03357,0.03327
2024-12-31 06:00:00+02:00,0.03326,0.03331
2024-12-31 08:00:00+02:00,0.03331,0.03341
2024-12-31 10:00:00+02:00,0.03341,0.03405
2024-12-31 12:00:00+02:00,0.03405,0.03396
2024-12-31 14:00:00+02:00,0.03397,0.03463
2024-12-31 16:00:00+02:00,0.03464,0.03456
2024-12-31 18:00:00+02:00,0.03456,0.03385
2024-12-31 20:00:00+02:00,0.03386,0.03367
2024-12-31 22:00:00+02:00,0.03367,0.03385
2025-01-01 00:00:00+02:00,0.03385,0.03359
2025-01-01 02:00:00+02:00,0.03359,0.03379
2025-01-01 04:00:00+02:00,0.03379,0.03379
2025-01-01 06:00:00+02:00,0.03379,0.03373
2025-01-01 08:00:00+02:00,0.03373,0.03392
2025-01-01 10:00:00+02:00,0.03391,0.0332
2025-01-01 12:00:00+02:00,0.0332,0.03372
2025-01-01 14:00:00+02:00,0.03373,0.03414
2025-01-01 16:00:00+02:00,0.03413,0.03462
2025-01-01 18:00:00+02:00,0.03461,0.0344
2025-01-01 20:00:00+02:00,0.03442,0.03525
2025-01-01 22:00:00+02:00,0.03525,0.03535
2025-01-02 00:00:00+02:00,0.03536,0.03538
2025-01-02 02:00:00+02:00,0.03538,0.03564
2025-01-02 04:00:00+02:00,0.03565,0.03557
2025-01-02 06:00:00+02:00,0.03557,0.03586
2025-01-02 08:00:00+02:00,0.03585,0.03601
2025-01-02 10:00:00+02:00,0.03601,0.03656
2025-01-02 12:00:00+02:00,0.03656,0.03653
2025-01-02 14:00:00+02:00,0.03654,0.03635
2025-01-02 16:00:00+02:00,0.03637,0.03629
2025-01-02 18:00:00+02:00,0.03628,0.03628
2025-01-02 20:00:00+02:00,0.03628,0.03627
2025-01-02 22:00:00+02:00,0.03628,0.03628
2025-01-03 00:00:00+02:00,0.03627,0.03632
2025-01-03 02:00:00+02:00,0.03632,0.03625
2025-01-03 04:00:00+02:00,0.03625,0.03656
2025-01-03 06:00:00+02:00,0.03655,0.03604
2025-01-03 08:00:00+02:00,0.03603,0.03576
2025-01-03 10:00:00+02:00,0.03577,0.03651
2025-01-03 12:00:00+02:00,0.03652,0.03717
2025-01-03 14:00:00+02:00,0.03718,0.0372
2025-01-03 16:00:00+02:00,0.03719,0.0385
2025-01-03 18:00:00+02:00,0.03851,0.03898
2025-01-03 20:00:00+02:00,0.03899,0.03894
2025-01-03 22:00:00+02:00,0.03895,0.0391
2025-01-04 00:00:00+02:00,0.03911,0.03916
2025-01-04 02:00:00+02:00,0.03917,0.03886
2025-01-04 04:00:00+02:00,0.03885,0.03911
2025-01-04 06:00:00+02:00,0.0391,0.03901
2025-01-04 08:00:00+02:00,0.03899,0.03926
2025-01-04 10:00:00+02:00,0.03926,0.03873
2025-01-04 12:00:00+02:00,0.03872,0.03857
2025-01-04 14:00:00+02:00,0.03857,0.03928
2025-01-04 16:00:00+02:00,0.03927,0.03838
2025-01-04 18:00:00+02:00,0.03837,0.03872
2025-01-04 20:00:00+02:00,0.03872,0.03857
2025-01-04 22:00:00+02:00,0.03857,0.03881
2025-01-05 00:00:00+02:00,0.03882,0.0389
2025-01-05 02:00:00+02:00,0.0389,0.03867
2025-01-05 04:00:00+02:00,0.03868,0.03891
2025-01-05 06:00:00+02:00,0.03892,0.03877
2025-01-05 08:00:00+02:00,0.03878,0.03928
2025-01-05 10:00:00+02:00,0.03926,0.03877
2025-01-05 12:00:00+02:00,0.0388,0.03877
2025-01-05 14:00:00+02:00,0.03877,0.03881
2025-01-05 16:00:00+02:00,0.03882,0.03887
2025-01-05 18:00:00+02:00,0.03887,0.0386
2025-01-05 20:00:00+02:00,0.03861,0.03924
2025-01-05 22:00:00+02:00,0.03924,0.03962
2025-01-06 00:00:00+02:00,0.03962,0.03942
2025-01-06 02:00:00+02:00,0.03942,0.03927
2025-01-06 04:00:00+02:00,0.03928,0.03973
2025-01-06 06:00:00+02:00,0.03973,0.03992
2025-01-06 08:00:00+02:00,0.03993,0.03978
2025-01-06 10:00:00+02:00,0.03979,0.03955
2025-01-06 12:00:00+02:00,0.03954,0.04011
2025-01-06 14:00:00+02:00,0.04011,0.04057
2025-01-06 16:00:00+02:00,0.04057,0.04102
2025-01-06 18:00:00+02:00,0.04103,0.0406
2025-01-06 20:00:00+02:00,0.0406,0.04078
2025-01-06 22:00:00+02:00,0.04078,0.04054
2025-01-07 00:00:00+02:00,0.04054,0.04073
2025-01-07 02:00:00+02:00,0.04074,0.0407
2025-01-07 04:00:00+02:00,0.0407,0.04024
2025-01-07 06:00:00+02:00,0.04024,0.04019
2025-01-07 08:00:00+02:00,0.0402,0.04009
2025-01-07 10:00:00+02:00,0.04009,0.04011
2025-01-07 12:00:00+02:00,0.04009,0.03956
2025-01-07 14:00:00+02:00,0.03956,0.03972
2025-01-07 16:00:00+02:00,0.03973,0.03757
2025-01-07 18:00:00+02:00,0.03756,0.03708
2025-01-07 20:00:00+02:00,0.03705,0.03632
2025-01-07 22:00:00+02:00,0.03632,0.03596
2025-01-08 00:00:00+02:00,0.03595,0.03575
2025-01-08 02:00:00+02:00,0.03575,0.03562
2025-01-08 04:00:00+02:00,0.03562,0.0351
2025-01-08 06:00:00+02:00,0.0351,0.03441
2025-01-08 08:00:00+02:00,0.03442,0.03445
2025-01-08 10:00:00+02:00,0.03444,0.03435
2025-01-08 12:00:00+02:00,0.03436,0.03435
2025-01-08 14:00:00+02:00,0.03435,0.03462
2025-01-08 16:00:00+02:00,0.03461,0.035
2025-01-08 18:00:00+02:00,0.03501,0.0342
2025-01-08 20:00:00+02:00,0.03419,0.03427
2025-01-08 22:00:00+02:00,0.03427,0.03432
2025-01-09 00:00:00+02:00,0.03432,0.03495
2025-01-09 02:00:00+02:00,0.03496,0.0352
2025-01-09 04:00:00+02:00,0.0352,0.03551
2025-01-09 06:00:00+02:00,0.0355,0.03543
2025-01-09 08:00:00+02:00,0.03543,0.03433
2025-01-09 10:00:00+02:00,0.03435,0.03511
2025-01-09 12:00:00+02:00,0.03511,0.03677
2025-01-09 14:00:00+02:00,0.03676,0.03492
2025-01-09 16:00:00+02:00,0.03493,0.03592
2025-01-09 18:00:00+02:00,0.03593,0.03513
2025-01-09 20:00:00+02:00,0.03513,0.0347
2025-01-09 22:00:00+02:00,0.0347,0.03415
2025-01-10 00:00:00+02:00,0.03414,0.03569
2025-01-10 02:00:00+02:00,0.03568,0.03557
2025-01-10 04:00:00+02:00,0.03558,0.03609
2025-01-10 06:00:00+02:00,0.03609,0.03608
2025-01-10 08:00:00+02:00,0.03608,0.03671
2025-01-10 10:00:00+02:00,0.03669,0.03689
2025-01-10 12:00:00+02:00,0.03688,0.03761
2025-01-10 14:00:00+02:00,0.03762,0.0361
2025-01-10 16:00:00+02:00,0.03609,0.03639
2025-01-10 18:00:00+02:00,0.0364,0.03738
2025-01-10 20:00:00+02:00,0.03737,0.0376
2025-01-10 22:00:00+02:00,0.03759,0.03718
2025-01-11 00:00:00+02:00,0.03719,0.03712
2025-01-11 02:00:00+02:00,0.03712,0.03742
2025-01-11 04:00:00+02:00,0.03743,0.0371
2025-01-11 06:00:00+02:00,0.03711,0.0376
2025-01-11 08:00:00+02:00,0.03761,0.03788
2025-01-11 10:00:00+02:00,0.03788,0.0375
2025-01-11 12:00:00+02:00,0.03751,0.03723
2025-01-11 14:00:00+02:00,0.03723,0.03751
2025-01-11 16:00:00+02:00,0.03751,0.03722
2025-01-11 18:00:00+02:00,0.03723,0.03693
2025-01-11 20:00:00+02:00,0.03693,0.03694
2025-01-11 22:00:00+02:00,0.03695,0.03838
2025-01-12 00:00:00+02:00,0.03838,0.03751
2025-01-12 02:00:00+02:00,0.03751,0.03822
2025-01-12 04:00:00+02:00,0.03821,0.0383
2025-01-12 06:00:00+02:00,0.03831,0.03855
2025-01-12 08:00:00+02:00,0.03855,0.03791
2025-01-12 10:00:00+02:00,0.03791,0.03723
2025-01-12 12:00:00+02:00,0.03724,0.03696
2025-01-12 14:00:00+02:00,0.03697,0.03706
2025-01-12 16:00:00+02:00,0.03706,0.03716
2025-01-12 18:00:00+02:00,0.03717,0.03722
2025-01-12 20:00:00+02:00,0.03721,0.03672
2025-01-12 22:00:00+02:00,0.03673,0.03629
2025-01-13 00:00:00+02:00,0.03629,0.03634
2025-01-13 02:00:00+02:00,0.03635,0.03585
2025-01-13 04:00:00+02:00,0.03585,0.03468
2025-01-13 06:00:00+02:00,0.03468,0.03478
2025-01-13 08:00:00+02:00,0.0348,0.03417
2025-01-13 10:00:00+02:00,0.03417,0.03308
2025-01-13 12:00:00+02:00,0.03309,0.0323
2025-01-13 14:00:00+02:00,0.03231,0.03264
2025-01-13 16:00:00+02:00,0.03265,0.03294
2025-01-13 18:00:00+02:00,0.03294,0.03263
2025-01-13 20:00:00+02:00,0.03264,0.03313
2025-01-13 22:00:00+02:00,0.03313,0.03485
2025-01-14 00:00:00+02:00,0.03486,0.03487
2025-01-14 02:00:00+02:00,0.03488,0.03446
2025-01-14 04:00:00+02:00,0.03446,0.03441
2025-01-14 06:00:00+02:00,0.03441,0.0344
2025-01-14 08:00:00+02:00,0.03441,0.03442
2025-01-14 10:00:00+02:00,0.03443,0.03571
2025-01-14 12:00:00+02:00,0.03573,0.03564
2025-01-14 14:00:00+02:00,0.03563,0.03552
2025-01-14 16:00:00+02:00,0.03553,0.03554
2025-01-14 18:00:00+02:00,0.03553,0.03613
2025-01-14 20:00:00+02:00,0.03613,0.03594
2025-01-14 22:00:00+02:00,0.03595,0.03582
2025-01-15 00:00:00+02:00,0.03583,0.03624
2025-01-15 02:00:00+02:00,0.03624,0.03566
2025-01-15 04:00:00+02:00,0.03567,0.03574
2025-01-15 06:00:00+02:00,0.03574,0.03565
2025-01-15 08:00:00+02:00,0.03565,0.0357
2025-01-15 10:00:00+02:00,0.03571,0.03504
2025-01-15 12:00:00+02:00,0.03502,0.03493
2025-01-15 14:00:00+02:00,0.03493,0.03648
2025-01-15 16:00:00+02:00,0.03647,0.03716
2025-01-15 18:00:00+02:00,0.03717,0.03643
2025-01-15 20:00:00+02:00,0.03643,0.03738
2025-01-15 22:00:00+02:00,0.03738,0.03734
2025-01-16 00:00:00+02:00,0.03735,0.03758
2025-01-16 02:00:00+02:00,0.03758,0.03708
2025-01-16 04:00:00+02:00,0.03709,0.03663
2025-01-16 06:00:00+02:00,0.03664,0.03666
2025-01-16 08:00:00+02:00,0.03666,0.03669
2025-01-16 10:00:00+02:00,0.0367,0.03626
2025-01-16 12:00:00+02:00,0.03626,0.03667
2025-01-16 14:00:00+02:00,0.03666,0.03697
2025-01-16 16:00:00+02:00,0.03697,0.03688
2025-01-16 18:00:00+02:00,0.03688,0.03716
2025-01-16 20:00:00+02:00,0.03717,0.03692
2025-01-16 22:00:00+02:00,0.03693,0.03639
2025-01-17 00:00:00+02:00,0.0364,0.03601
2025-01-17 02:00:00+02:00,0.036,0.03709
2025-01-17 04:00:00+02:00,0.03709,0.03697
2025-01-17 06:00:00+02:00,0.03697,0.03722
2025-01-17 08:00:00+02:00,0.03721,0.03705
2025-01-17 10:00:00+02:00,0.03705,0.03725
2025-01-17 12:00:00+02:00,0.03724,0.03758
2025-01-17 14:00:00+02:00,0.03758,0.03741
2025-01-17 16:00:00+02:00,0.03742,0.03785
2025-01-17 18:00:00+02:00,0.03785,0.03746
2025-01-17 20:00:00+02:00,0.03745,0.03761
2025-01-17 22:00:00+02:00,0.0376,0.03806
2025-01-18 00:00:00+02:00,0.03806,0.03825
2025-01-18 02:00:00+02:00,0.03825,0.03785
2025-01-18 04:00:00+02:00,0.03786,0.03654
2025-01-18 06:00:00+02:00,0.03654,0.03519
2025-01-18 08:00:00+02:00,0.03518,0.03521
2025-01-18 10:00:00+02:00,0.03521,0.03519
2025-01-18 12:00:00+02:00,0.03518,0.03562
2025-01-18 14:00:00+02:00,0.03562,0.03577
2025-01-18 16:00:00+02:00,0.03577,0.03502
2025-01-18 18:00:00+02:00,0.03503,0.03459
2025-01-18 20:00:00+02:00,0.03459,0.03485
2025-01-18 22:00:00+02:00,0.03486,0.0345
2025-01-19 00:00:00+02:00,0.03449,0.03494
2025-01-19 02:00:00+02:00,0.03495,0.03562
2025-01-19 04:00:00+02:00,0.03563,0.0351
2025-01-19 06:00:00+02:00,0.03511,0.03466
2025-01-19 08:00:00+02:00,0.03468,0.03389
2025-01-19 10:00:00+02:00,0.03388,0.03306
2025-01-19 12:00:00+02:00,0.03305,0.03198
2025-01-19 14:00:00+02:00,0.03199,0.03356
2025-01-19 16:00:00+02:00,0.03357,0.03401
2025-01-19 18:00:00+02:00,0.034,0.03441
2025-01-19 20:00:00+02:00,0.03441,0.03461
2025-01-19 22:00:00+02:00,0.03462,0.0323
2025-01-20 00:00:00+02:00,0.03229,0.03143
2025-01-20 02:00:00+02:00,0.03142,0.03058
2025-01-20 04:00:00+02:00,0.03058,0.03157
2025-01-20 06:00:00+02:00,0.03157,0.03162
2025-01-20 08:00:00+02:00,0.03166,0.03355
2025-01-20 10:00:00+02:00,0.03356,0.03327
2025-01-20 12:00:00+02:00,0.03328,0.03335
2025-01-20 14:00:00+02:00,0.03335,0.03277
2025-01-20 16:00:00+02:00,0.03277,0.03234
2025-01-20 18:00:00+02:00,0.03235,0.03147
2025-01-20 20:00:00+02:00,0.03148,0.03207
2025-01-20 22:00:00+02:00,0.03207,0.03157
2025-01-21 00:00:00+02:00,0.03157,0.03183
2025-01-21 02:00:00+02:00,0.03182,0.03138
2025-01-21 04:00:00+02:00,0.03137,0.0313
2025-01-21 06:00:00+02:00,0.0313,0.03094
2025-01-21 08:00:00+02:00,0.03095,0.03151
2025-01-21 10:00:00+02:00,0.03151,0.03142
2025-01-21 12:00:00+02:00,0.03142,0.03226
2025-01-21 14:00:00+02:00,0.03227,0.03253
2025-01-21 16:00:00+02:00,0.03254,0.03236
2025-01-21 18:00:00+02:00,0.03235,0.03315
2025-01-21 20:00:00+02:00,0.03315,0.03299
2025-01-21 22:00:00+02:00,0.03298,0.03286
2025-01-22 00:00:00+02:00,0.03286,0.03251
2025-01-22 02:00:00+02:00,0.0325,0.032
2025-01-22 04:00:00+02:00,0.03199,0.03226
2025-01-22 06:00:00+02:00,0.03226,0.03218
2025-01-22 08:00:00+02:00,0.03218,0.03202
2025-01-22 10:00:00+02:00,0.03202,0.03212
2025-01-22 12:00:00+02:00,0.03213,0.03231
2025-01-22 14:00:00+02:00,0.03232,0.03201
2025-01-22 16:00:00+02:00,0.03201,0.03198
2025-01-22 18:00:00+02:00,0.03198,0.03217
2025-01-22 20:00:00+02:00,0.03217,0.03185
2025-01-22 22:00:00+02:00,0.03186,0.03163
2025-01-23 00:00:00+02:00,0.03162,0.03135
2025-01-23 02:00:00+02:00,0.03137,0.0309
2025-01-23 04:00:00+02:00,0.0309,0.03082
2025-01-23 06:00:00+02:00,0.03083,0.03091
2025-01-23 08:00:00+02:00,0.0309,0.03118
2025-01-23 10:00:00+02:00,0.03119,0.03065
2025-01-23 12:00:00+02:00,0.03065,0.03061
2025-01-23 14:00:00+02:00,0.0306,0.03095
2025-01-23 16:00:00+02:00,0.03095,0.03135
2025-01-23 18:00:00+02:00,0.03135,0.03165
2025-01-23 20:00:00+02:00,0.03168,0.03064
2025-01-23 22:00:00+02:00,0.03061,0.03039
2025-01-24 00:00:00+02:00,0.03038,0.03111
2025-01-24 02:00:00+02:00,0.03111,0.03019
2025-01-24 04:00:00+02:00,0.0302,0.03025
2025-01-24 06:00:00+02:00,0.03025,0.03138
2025-01-24 08:00:00+02:00,0.0314,0.03128
2025-01-24 10:00:00+02:00,0.03127,0.03146
2025-01-24 12:00:00+02:00,0.03145,0.03159
2025-01-24 14:00:00+02:00,0.0316,0.0316
2025-01-24 16:00:00+02:00,0.03161,0.0314
2025-01-24 18:00:00+02:00,0.03141,0.03144
2025-01-24 20:00:00+02:00,0.03143,0.03109
2025-01-24 22:00:00+02:00,0.03111,0.03064
2025-01-25 00:00:00+02:00,0.03064,0.02983
2025-01-25 02:00:00+02:00,0.02984,0.0297
2025-01-25 04:00:00+02:00,0.02968,0.03025
2025-01-25 06:00:00+02:00,0.03025,0.0299
2025-01-25 08:00:00+02:00,0.02989,0.02991
2025-01-25 10:00:00+02:00,0.02993,0.02994
2025-01-25 12:00:00+02:00,0.02992,0.03023
2025-01-25 14:00:00+02:00,0.03023,0.03028
2025-01-25 16:00:00+02:00,0.03027,0.0304
2025-01-25 18:00:00+02:00,0.0304,0.03035
2025-01-25 20:00:00+02:00,0.03035,0.0303
2025-01-25 22:00:00+02:00,0.03029,0.0301
2025-01-26 00:00:00+02:00,0.0301,0.02999
2025-01-26 02:00:00+02:00,0.02999,0.03031
2025-01-26 04:00:00+02:00,0.0303,0.03048
2025-01-26 06:00:00+02:00,0.03048,0.03076
2025-01-26 08:00:00+02:00,0.03076,0.03061
2025-01-26 10:00:00+02:00,0.0306,0.03022
2025-01-26 12:00:00+02:00,0.03021,0.03085
2025-01-26 14:00:00+02:00,0.03084,0.03064
2025-01-26 16:00:00+02:00,0.03064,0.03046
2025-01-26 18:00:00+02:00,0.03047,0.03049
2025-01-26 20:00:00+02:00,0.03049,0.03045
2025-01-26 22:00:00+02:00,0.03045,0.02994
2025-01-27 00:00:00+02:00,0.02993,0.02906
2025-01-27 02:00:00+02:00,0.02905,0.02847
2025-01-27 04:00:00+02:00,0.02846,0.02843
2025-01-27 06:00:00+02:00,0.02843,0.0279
2025-01-27 08:00:00+02:00,0.0279,0.02723
2025-01-27 10:00:00+02:00,0.02724,0.02745
2025-01-27 12:00:00+02:00,0.02744,0.0272
2025-01-27 14:00:00+02:00,0.0272,0.02776
2025-01-27 16:00:00+02:00,0.02774,0.02837
2025-01-27 18:00:00+02:00,0.02837,0.02774
2025-01-27 20:00:00+02:00,0.02774,0.02776
2025-01-27 22:00:00+02:00,0.02779,0.02873
2025-01-28 00:00:00+02:00,0.02873,0.02874
2025-01-28 02:00:00+02:00,0.02875,0.02852
2025-01-28 04:00:00+02:00,0.0285,0.02897
2025-01-28 06:00:00+02:00,0.02896,0.02897
2025-01-28 08:00:00+02:00,0.02898,0.02866
2025-01-28 10:00:00+02:00,0.02867,0.02859
2025-01-28 12:00:00+02:00,0.02859,0.02847
2025-01-28 14:00:00+02:00,0.02846,0.02809
2025-01-28 16:00:00+02:00,0.02809,0.02806
2025-01-28 18:00:00+02:00,0.02807,0.02795
2025-01-28 20:00:00+02:00,0.02794,0.02758
2025-01-28 22:00:00+02:00,0.02758,0.02652
2025-01-29 00:00:00+02:00,0.02651,0.02611
2025-01-29 02:00:00+02:00,0.0261,0.02607
2025-01-29 04:00:00+02:00,0.02608,0.02614
2025-01-29 06:00:00+02:00,0.02614,0.0262
2025-01-29 08:00:00+02:00,0.02621,0.02675
2025-01-29 10:00:00+02:00,0.02675,0.02637
2025-01-29 12:00:00+02:00,0.02638,0.02655
2025-01-29 14:00:00+02:00,0.02656,0.02606
2025-01-29 16:00:00+02:00,0.02606,0.02611
2025-01-29 18:00:00+02:00,0.02611,0.02603
2025-01-29 20:00:00+02:00,0.02604,0.02654
2025-01-29 22:00:00+02:00,0.02655,0.02712
2025-01-30 00:00:00+02:00,0.02712,0.02656
2025-01-30 02:00:00+02:00,0.02656,0.02687
2025-01-30 04:00:00+02:00,0.02687,0.02722
2025-01-30 06:00:00+02:00,0.02721,0.02719
2025-01-30 08:00:00+02:00,0.02719,0.027
2025-01-30 10:00:00+02:00,0.02701,0.02716
2025-01-30 12:00:00+02:00,0.02716,0.02718
2025-01-30 14:00:00+02:00,0.02716,0.02726
2025-01-30 16:00:00+02:00,0.02726,0.02775
2025-01-30 18:00:00+02:00,0.02775,0.02796
2025-01-30 20:00:00+02:00,0.02795,0.02825
2025-01-30 22:00:00+02:00,0.02825,0.02764
2025-01-31 00:00:00+02:00,0.02764,0.02772
2025-01-31 02:00:00+02:00,0.02771,0.02779
2025-01-31 04:00:00+02:00,0.02778,0.02742
2025-01-31 06:00:00+02:00,0.02742,0.02744
2025-01-31 08:00:00+02:00,0.02744,0.02744
2025-01-31 10:00:00+02:00,0.02744,0.02774
2025-01-31 12:00:00+02:00,0.02773,0.02831
2025-01-31 14:00:00+02:00,0.02832,0.02826
2025-01-31 16:00:00+02:00,0.02827,0.02892
2025-01-31 18:00:00+02:00,0.02892,0.02843
2025-01-31 20:00:00+02:00,0.02844,0.02792
2025-01-31 22:00:00+02:00,0.02792,0.02772
2025-02-01 00:00:00+02:00,0.02773,0.02767
2025-02-01 02:00:00+02:00,0.02767,0.02787
2025-02-01 04:00:00+02:00,0.02786,0.02809
2025-02-01 06:00:00+02:00,0.02809,0.02862
2025-02-01 08:00:00+02:00,0.02862,0.02872
2025-02-01 10:00:00+02:00,0.02871,0.02828
2025-02-01 12:00:00+02:00,0.02828,0.02813
2025-02-01 14:00:00+02:00,0.02813,0.0281
2025-02-01 16:00:00+02:00,0.02811,0.02785
2025-02-01 18:00:00+02:00,0.02786,0.02788
2025-02-01 20:00:00+02:00,0.02788,0.02701
2025-02-01 22:00:00+02:00,0.02701,0.02667
2025-02-02 00:00:00+02:00,0.02668,0.02614
2025-02-02 02:00:00+02:00,0.02613,0.02639
2025-02-02 04:00:00+02:00,0.0264,0.02528
2025-02-02 06:00:00+02:00,0.02527,0.02592
2025-02-02 08:00:00+02:00,0.02591,0.02583
2025-02-02 10:00:00+02:00,0.02583,0.02613
2025-02-02 12:00:00+02:00,0.02612,0.02531
2025-02-02 14:00:00+02:00,0.02531,0.02573
2025-02-02 16:00:00+02:00,0.02574,0.02545
2025-02-02 18:00:00+02:00,0.02545,0.02382
2025-02-02 20:00:00+02:00,0.02383,0.0237
2025-02-02 22:00:00+02:00,0.0237,0.0236
2025-02-03 00:00:00+02:00,0.02359,0.02356
2025-02-03 02:00:00+02:00,0.02355,0.02009
2025-02-03 04:00:00+02:00,0.0201,0.02028
2025-02-03 06:00:00+02:00,0.02029,0.02061
2025-02-03 08:00:00+02:00,0.0206,0.0216
2025-02-03 10:00:00+02:00,0.02161,0.021
2025-02-03 12:00:00+02:00,0.021,0.02138
2025-02-03 14:00:00+02:00,0.02139,0.02138
2025-02-03 16:00:00+02:00,0.02139,0.02301
2025-02-03 18:00:00+02:00,0.02299,0.02326
2025-02-03 20:00:00+02:00,0.02325,0.02392
2025-02-03 22:00:00+02:00,0.02392,0.02424
2025-02-04 00:00:00+02:00,0.02425,0.02427
2025-02-04 02:00:00+02:00,0.02427,0.02392
2025-02-04 04:00:00+02:00,0.02392,0.02328
2025-02-04 06:00:00+02:00,0.02329,0.02205
2025-02-04 08:00:00+02:00,0.02207,0.02169
2025-02-04 10:00:00+02:00,0.0217,0.02178
2025-02-04 12:00:00+02:00,0.02177,0.02229
2025-02-04 14:00:00+02:00,0.0223,0.02275
2025-02-04 16:00:00+02:00,0.02276,0.02283
2025-02-04 18:00:00+02:00,0.02284,0.02311
2025-02-04 20:00:00+02:00,0.02309,0.02324
2025-02-04 22:00:00+02:00,0.02325,0.02228
2025-02-05 00:00:00+02:00,0.02228,0.02305
2025-02-05 02:00:00+02:00,0.02306,0.02274
2025-02-05 04:00:00+02:00,0.02274,0.02306
2025-02-05 06:00:00+02:00,0.02307,0.02336
2025-02-05 08:00:00+02:00,0.02335,0.02322
2025-02-05 10:00:00+02:00,0.02322,0.02299
2025-02-05 12:00:00+02:00,0.02299,0.02319
2025-02-05 14:00:00+02:00,0.0232,0.02339
2025-02-05 16:00:00+02:00,0.0234,0.02309
2025-02-05 18:00:00+02:00,0.02309,0.02243
2025-02-05 20:00:00+02:00,0.02244,0.02299
2025-02-05 22:00:00+02:00,0.023,0.02262
2025-02-06 00:00:00+02:00,0.02263,0.02264
2025-02-06 02:00:00+02:00,0.02263,0.02264
2025-02-06 04:00:00+02:00,0.02264,0.02273
2025-02-06 06:00:00+02:00,0.02273,0.02281
2025-02-06 08:00:00+02:00,0.02281,0.0228
2025-02-06 10:00:00+02:00,0.02281,0.02279
2025-02-06 12:00:00+02:00,0.02278,0.02255
2025-02-06 14:00:00+02:00,0.02256,0.02246
2025-02-06 16:00:00+02:00,0.02246,0.02146
2025-02-06 18:00:00+02:00,0.02147,0.02176
2025-02-06 20:00:00+02:00,0.02176,0.02163
2025-02-06 22:00:00+02:00,0.02163,0.02198
2025-02-07 00:00:00+02:00,0.02199,0.0217
2025-02-07 02:00:00+02:00,0.0217,0.02222
2025-02-07 04:00:00+02:00,0.02222,0.02232
2025-02-07 06:00:00+02:00,0.02233,0.02206
2025-02-07 08:00:00+02:00,0.02205,0.02191
2025-02-07 10:00:00+02:00,0.02192,0.02232
2025-02-07 12:00:00+02:00,0.02231,0.02243
2025-02-07 14:00:00+02:00,0.02242,0.02287
2025-02-07 16:00:00+02:00,0.02287,0.02257
2025-02-07 18:00:00+02:00,0.02258,0.02209
2025-02-07 20:00:00+02:00,0.02209,0.02204
2025-02-07 22:00:00+02:00,0.02205,0.02125
2025-02-08 00:00:00+02:00,0.02126,0.02163
2025-02-08 02:00:00+02:00,0.02162,0.02157
2025-02-08 04:00:00+02:00,0.02158,0.02165
2025-02-08 06:00:00+02:00,0.02165,0.02155
2025-02-08 08:00:00+02:00,0.02156,0.02162
2025-02-08 10:00:00+02:00,0.02162,0.02157
2025-02-08 12:00:00+02:00,0.02157,0.02164
2025-02-08 14:00:00+02:00,0.02164,0.0217
2025-02-08 16:00:00+02:00,0.02171,0.02184
2025-02-08 18:00:00+02:00,0.02185,0.02216
2025-02-08 20:00:00+02:00,0.02217,0.02238
2025-02-08 22:00:00+02:00,0.02238,0.02244
2025-02-09 00:00:00+02:00,0.02245,0.02272
2025-02-09 02:00:00+02:00,0.02272,0.02286
2025-02-09 04:00:00+02:00,0.02286,0.02318
2025-02-09 06:00:00+02:00,0.02317,0.02299
2025-02-09 08:00:00+02:00,0.023,0.02326
2025-02-09 10:00:00+02:00,0.02326,0.02313
2025-02-09 12:00:00+02:00,0.02313,0.02301
2025-02-09 14:00:00+02:00,0.023,0.02246
2025-02-09 16:00:00+02:00,0.02246,0.02272
2025-02-09 18:00:00+02:00,0.02272,0.02265
2025-02-09 20:00:00+02:00,0.02266,0.02243
2025-02-09 22:00:00+02:00,0.02243,0.02275
2025-02-10 00:00:00+02:00,0.02275,0.02336
2025-02-10 02:00:00+02:00,0.02337,0.02271
2025-02-10 04:00:00+02:00,0.02272,0.02303
2025-02-10 06:00:00+02:00,0.02302,0.02349
2025-02-10 08:00:00+02:00,0.0235,0.02378
2025-02-10 10:00:00+02:00,0.02377,0.02355
2025-02-10 12:00:00+02:00,0.02355,0.0232
2025-02-10 14:00:00+02:00,0.02319,0.02352
2025-02-10 16:00:00+02:00,0.02351,0.02315
2025-02-10 18:00:00+02:00,0.02315,0.02325
2025-02-10 20:00:00+02:00,0.02325,0.0232
2025-02-10 22:00:00+02:00,0.0232,0.02325
2025-02-11 00:00:00+02:00,0.02324,0.02326
2025-02-11 02:00:00+02:00,0.02326,0.02365
2025-02-11 04:00:00+02:00,0.02364,0.02345
2025-02-11 06:00:00+02:00,0.02345,0.02419
2025-02-11 08:00:00+02:00,0.0242,0.02412
2025-02-11 10:00:00+02:00,0.02412,0.02403
2025-02-11 12:00:00+02:00,0.02402,0.02416
2025-02-11 14:00:00+02:00,0.02415,0.0234
2025-02-11 16:00:00+02:00,0.02339,0.02362
2025-02-11 18:00:00+02:00,0.02361,0.02307
2025-02-11 20:00:00+02:00,0.02308,0.02259
2025-02-11 22:00:00+02:00,0.02259,0.02308
2025-02-12 00:00:00+02:00,0.02308,0.02303
2025-02-12 02:00:00+02:00,0.02302,0.0232
2025-02-12 04:00:00+02:00,0.02319,0.02317
2025-02-12 06:00:00+02:00,0.02316,0.02301
2025-02-12 08:00:00+02:00,0.02301,0.02306
2025-02-12 10:00:00+02:00,0.02306,0.02321
2025-02-12 12:00:00+02:00,0.02321,0.02322
2025-02-12 14:00:00+02:00,0.02323,0.02281
2025-02-12 16:00:00+02:00,0.0228,0.02339
2025-02-12 18:00:00+02:00,0.0234,0.024
2025-02-12 20:00:00+02:00,0.02401,0.02374
2025-02-12 22:00:00+02:00,0.02375,0.02374
2025-02-13 00:00:00+02:00,0.02374,0.02402
2025-02-13 02:00:00+02:00,0.02403,0.02397
2025-02-13 04:00:00+02:00,0.02398,0.02393
2025-02-13 06:00:00+02:00,0.02395,0.02358
2025-02-13 08:00:00+02:00,0.02359,0.02321
2025-02-13 10:00:00+02:00,0.0232,0.02319
2025-02-13 12:00:00+02:00,0.02318,0.02305
2025-02-13 14:00:00+02:00,0.02305,0.02301
2025-02-13 16:00:00+02:00,0.023,0.02303
2025-02-13 18:00:00+02:00,0.02303,0.02286
2025-02-13 20:00:00+02:00,0.02287,0.02301
2025-02-13 22:00:00+02:00,0.02299,0.02318
2025-02-14 00:00:00+02:00,0.02317,0.02316
2025-02-14 02:00:00+02:00,0.02316,0.02324
2025-02-14 04:00:00+02:00,0.02325,0.02341
2025-02-14 06:00:00+02:00,0.02342,0.02319
2025-02-14 08:00:00+02:00,0.0232,0.02304
2025-02-14 10:00:00+02:00,0.02303,0.02343
2025-02-14 12:00:00+02:00,0.02343,0.02318
2025-02-14 14:00:00+02:00,0.02318,0.02327
2025-02-14 16:00:00+02:00,0.02327,0.02366
2025-02-14 18:00:00+02:00,0.02367,0.02392
2025-02-14 20:00:00+02:00,0.02393,0.02383
2025-02-14 22:00:00+02:00,0.02383,0.02381
2025-02-15 00:00:00+02:00,0.02381,0.02352
2025-02-15 02:00:00+02:00,0.02352,0.0236
2025-02-15 04:00:00+02:00,0.02359,0.02363
2025-02-15 06:00:00+02:00,0.02363,0.02358
2025-02-15 08:00:00+02:00,0.02358,0.02339
2025-02-15 10:00:00+02:00,0.02339,0.02319
2025-02-15 12:00:00+02:00,0.02319,0.02306
2025-02-15 14:00:00+02:00,0.02305,0.02314
2025-02-15 16:00:00+02:00,0.02313,0.02291
2025-02-15 18:00:00+02:00,0.02291,0.02264
2025-02-15 20:00:00+02:00,0.02265,0.02276
2025-02-15 22:00:00+02:00,0.02275,0.02285
2025-02-16 00:00:00+02:00,0.02285,0.02278
2025-02-16 02:00:00+02:00,0.02279,0.02259
2025-02-16 04:00:00+02:00,0.0226,0.02257
2025-02-16 06:00:00+02:00,0.02258,0.02255
2025-02-16 08:00:00+02:00,0.02254,0.02268
2025-02-16 10:00:00+02:00,0.02268,0.02344
2025-02-16 12:00:00+02:00,0.02343,0.02371
2025-02-16 14:00:00+02:00,0.02371,0.02299
2025-02-16 16:00:00+02:00,0.02299,0.02297
2025-02-16 18:00:00+02:00,0.02297,0.02276
2025-02-16 20:00:00+02:00,0.02276,0.02273
2025-02-16 22:00:00+02:00,0.02272,0.02289
2025-02-17 00:00:00+02:00,0.0229,0.02277
2025-02-17 02:00:00+02:00,0.02277,0.02292
2025-02-17 04:00:00+02:00,0.02292,0.02291
2025-02-17 06:00:00+02:00,0.02291,0.02342
2025-02-17 08:00:00+02:00,0.02342,0.02358
2025-02-17 10:00:00+02:00,0.02358,0.02363
2025-02-17 12:00:00+02:00,0.02363,0.02369
2025-02-17 14:00:00+02:00,0.02369,0.02396
2025-02-17 16:00:00+02:00,0.02396,0.02325
2025-02-17 18:00:00+02:00,0.02326,0.02298
2025-02-17 20:00:00+02:00,0.02298,0.0228
2025-02-17 22:00:00+02:00,0.0228,0.02336
2025-02-18 00:00:00+02:00,0.02335,0.02293
2025-02-18 02:00:00+02:00,0.02292,0.02336
2025-02-18 04:00:00+02:00,0.02337,0.0237
2025-02-18 06:00:00+02:00,0.02369,0.02295
2025-02-18 08:00:00+02:00,0.02296,0.02255
2025-02-18 10:00:00+02:00,0.02256,0.02236
2025-02-18 12:00:00+02:00,0.02237,0.02223
2025-02-18 14:00:00+02:00,0.02223,0.02269
2025-02-18 16:00:00+02:00,0.0227,0.02185
2025-02-18 18:00:00+02:00,0.02186,0.0217
2025-02-18 20:00:00+02:00,0.02172,0.02183
2025-02-18 22:00:00+02:00,0.02183,0.02209
2025-02-19 00:00:00+02:00,0.02209,0.02239
2025-02-19 02:00:00+02:00,0.02239,0.02213
2025-02-19 04:00:00+02:00,0.02214,0.02227
2025-02-19 06:00:00+02:00,0.02227,0.02222
2025-02-19 08:00:00+02:00,0.02222,0.02258
2025-02-19 10:00:00+02:00,0.02258,0.02282
2025-02-19 12:00:00+02:00,0.02282,0.02299
2025-02-19 14:00:00+02:00,0.023,0.02283
2025-02-19 16:00:00+02:00,0.02284,0.02258
2025-02-19 18:00:00+02:00,0.02258,0.02275
2025-02-19 20:00:00+02:00,0.02276,0.02277
2025-02-19 22:00:00+02:00,0.02276,0.02262
2025-02-20 00:00:00+02:00,0.02262,0.02268
2025-02-20 02:00:00+02:00,0.02267,0.02283
2025-02-20 04:00:00+02:00,0.02283,0.02297
2025-02-20 06:00:00+02:00,0.02297,0.02291
2025-02-20 08:00:00+02:00,0.02291,0.02284
2025-02-20 10:00:00+02:00,0.02284,0.02293
2025-02-20 12:00:00+02:00,0.02294,0.02353
2025-02-20 14:00:00+02:00,0.02353,0.02361
2025-02-20 16:00:00+02:00,0.02361,0.0235
2025-02-20 18:00:00+02:00,0.02351,0.02384
2025-02-20 20:00:00+02:00,0.02383,0.02388
2025-02-20 22:00:00+02:00,0.02389,0.02398
2025-02-21 00:00:00+02:00,0.02399,0.02395
2025-02-21 02:00:00+02:00,0.02395,0.02347
2025-02-21 04:00:00+02:00,0.02346,0.02343
2025-02-21 06:00:00+02:00,0.02343,0.02369
2025-02-21 08:00:00+02:00,0.02368,0.02385
2025-02-21 10:00:00+02:00,0.02384,0.02428
2025-02-21 12:00:00+02:00,0.02428,0.02434
2025-02-21 14:00:00+02:00,0.02434,0.02458
2025-02-21 16:00:00+02:00,0.02458,0.02365
2025-02-21 18:00:00+02:00,0.02366,0.02327
2025-02-21 20:00:00+02:00,0.02327,0.02259
2025-02-21 22:00:00+02:00,0.02259,0.02281
2025-02-22 00:00:00+02:00,0.02281,0.02302
2025-02-22 02:00:00+02:00,0.02302,0.02332
2025-02-22 04:00:00+02:00,0.02333,0.02365
2025-02-22 06:00:00+02:00,0.02364,0.02382
2025-02-22 08:00:00+02:00,0.02382,0.0234
2025-02-22 10:00:00+02:00,0.02339,0.02356
2025-02-22 12:00:00+02:00,0.02356,0.02384
2025-02-22 14:00:00+02:00,0.02383,0.02376
2025-02-22 16:00:00+02:00,0.02376,0.02388
2025-02-22 18:00:00+02:00,0.02389,0.02403
2025-02-22 20:00:00+02:00,0.02403,0.02401
2025-02-22 22:00:00+02:00,0.02402,0.02385
2025-02-23 00:00:00+02:00,0.02385,0.02392
2025-02-23 02:00:00+02:00,0.02392,0.02309
2025-02-23 04:00:00+02:00,0.0231,0.02334
2025-02-23 06:00:00+02:00,0.02333,0.02342
2025-02-23 08:00:00+02:00,0.02343,0.02371
2025-02-23 10:00:00+02:00,0.02372,0.02358
2025-02-23 12:00:00+02:00,0.02356,0.02339
2025-02-23 14:00:00+02:00,0.02339,0.02332
2025-02-23 16:00:00+02:00,0.02332,0.02302
2025-02-23 18:00:00+02:00,0.02301,0.02329
2025-02-23 20:00:00+02:00,0.02328,0.02321
2025-02-23 22:00:00+02:00,0.0232,0.02323
2025-02-24 00:00:00+02:00,0.02324,0.02325
2025-02-24 02:00:00+02:00,0.02326,0.0229
2025-02-24 04:00:00+02:00,0.0229,0.02246
2025-02-24 06:00:00+02:00,0.02246,0.02265
2025-02-24 08:00:00+02:00,0.02265,0.02259
2025-02-24 10:00:00+02:00,0.02259,0.02227
2025-02-24 12:00:00+02:00,0.02228,0.0224
2025-02-24 14:00:00+02:00,0.0224,0.02231
2025-02-24 16:00:00+02:00,0.0223,0.02187
2025-02-24 18:00:00+02:00,0.02188,0.02205
2025-02-24 20:00:00+02:00,0.02206,0.02179
2025-02-24 22:00:00+02:00,0.02179,0.02178
2025-02-25 00:00:00+02:00,0.02178,0.02118
2025-02-25 02:00:00+02:00,0.02118,0.02083
2025-02-25 04:00:00+02:00,0.02084,0.02088
2025-02-25 06:00:00+02:00,0.02089,0.02102
2025-02-25 08:00:00+02:00,0.02103,0.02011
2025-02-25 10:00:00+02:00,0.0201,0.02003
2025-02-25 12:00:00+02:00,0.02003,0.02067
2025-02-25 14:00:00+02:00,0.02066,0.02058
2025-02-25 16:00:00+02:00,0.02058,0.02063
2025-02-25 18:00:00+02:00,0.02064,0.02086
2025-02-25 20:00:00+02:00,0.02087,0.02111
2025-02-25 22:00:00+02:00,0.02111,0.02139
2025-02-26 00:00:00+02:00,0.02138,0.0211
2025-02-26 02:00:00+02:00,0.02108,0.02104
2025-02-26 04:00:00+02:00,0.02103,0.02125
2025-02-26 06:00:00+02:00,0.02124,0.02094
2025-02-26 08:00:00+02:00,0.02094,0.02101
2025-02-26 10:00:00+02:00,0.02101,0.02119
2025-02-26 12:00:00+02:00,0.02119,0.02091
2025-02-26 14:00:00+02:00,0.02093,0.02054
2025-02-26 16:00:00+02:00,0.02054,0.02105
2025-02-26 18:00:00+02:00,0.02106,0.02059
2025-02-26 20:00:00+02:00,0.02058,0.0203
2025-02-26 22:00:00+02:00,0.02031,0.02095
2025-02-27 00:00:00+02:00,0.02096,0.02083
2025-02-27 02:00:00+02:00,0.02083,0.02092
2025-02-27 04:00:00+02:00,0.02091,0.02109
2025-02-27 06:00:00+02:00,0.02109,0.02127
2025-02-27 08:00:00+02:00,0.02127,0.02147
2025-02-27 10:00:00+02:00,0.02146,0.02143
2025-02-27 12:00:00+02:00,0.02144,0.02154
2025-02-27 14:00:00+02:00,0.02155,0.02146
2025-02-27 16:00:00+02:00,0.02145,0.02123
2025-02-27 18:00:00+02:00,0.02123,0.0212
2025-02-27 20:00:00+02:00,0.02119,0.02082
2025-02-27 22:00:00+02:00,0.02083,0.02084
2025-02-28 00:00:00+02:00,0.02084,0.02098
2025-02-28 02:00:00+02:00,0.02099,0.02016
2025-02-28 04:00:00+02:00,0.02014,0.01968
2025-02-28 06:00:00+02:00,0.01969,0.01969
2025-02-28 08:00:00+02:00,0.01971,0.01967
2025-02-28 10:00:00+02:00,0.01966,0.02001
2025-02-28 12:00:00+02:00,0.02002,0.01987
2025-02-28 14:00:00+02:00,0.01986,0.02039
2025-02-28 16:00:00+02:00,0.02038,0.02082
2025-02-28 18:00:00+02:00,0.02082,0.0208
2025-02-28 20:00:00+02:00,0.0208,0.02091
2025-02-28 22:00:00+02:00,0.02091,0.0209
2025-03-01 00:00:00+02:00,0.0209,0.02085
2025-03-01 02:00:00+02:00,0.02086,0.02095
2025-03-01 04:00:00+02:00,0.02094,0.02088
2025-03-01 06:00:00+02:00,0.02087,0.02079
2025-03-01 08:00:00+02:00,0.0208,0.02055
2025-03-01 10:00:00+02:00,0.02054,0.02059
2025-03-01 12:00:00+02:00,0.02059,0.02027
2025-03-01 14:00:00+02:00,0.02027,0.02012
2025-03-01 16:00:00+02:00,0.02012,0.02028
2025-03-01 18:00:00+02:00,0.02027,0.02028
2025-03-01 20:00:00+02:00,0.02028,0.02038
2025-03-01 22:00:00+02:00,0.02038,0.02058
2025-03-02 00:00:00+02:00,0.02057,0.02068
2025-03-02 02:00:00+02:00,0.02068,0.02057
2025-03-02 04:00:00+02:00,0.02057,0.02053
2025-03-02 06:00:00+02:00,0.02052,0.02049
2025-03-02 08:00:00+02:00,0.02048,0.02036
2025-03-02 10:00:00+02:00,0.02036,0.02065
2025-03-02 12:00:00+02:00,0.02064,0.02071
2025-03-02 14:00:00+02:00,0.02071,0.02055
2025-03-02 16:00:00+02:00,0.02056,0.02082
2025-03-02 18:00:00+02:00,0.02085,0.02208
2025-03-02 20:00:00+02:00,0.02209,0.02235
2025-03-02 22:00:00+02:00,0.02233,0.02252
2025-03-03 00:00:00+02:00,0.02251,0.02258
2025-03-03 02:00:00+02:00,0.02258,0.02223
2025-03-03 04:00:00+02:00,0.02223,0.02191
2025-03-03 06:00:00+02:00,0.02191,0.02209
2025-03-03 08:00:00+02:00,0.02209,0.02157
2025-03-03 10:00:00+02:00,0.02157,0.02121
2025-03-03 12:00:00+02:00,0.02121,0.02133
2025-03-03 14:00:00+02:00,0.02133,0.02148
2025-03-03 16:00:00+02:00,0.02147,0.02074
2025-03-03 18:00:00+02:00,0.02075,0.02058
2025-03-03 20:00:00+02:00,0.02058,0.01947
2025-03-03 22:00:00+02:00,0.01947,0.019
2025-03-04 00:00:00+02:00,0.01902,0.01936
2025-03-04 02:00:00+02:00,0.01935,0.01862
2025-03-04 04:00:00+02:00,0.01861,0.01872
2025-03-04 06:00:00+02:00,0.01872,0.01893
2025-03-04 08:00:00+02:00,0.01893,0.01873
2025-03-04 10:00:00+02:00,0.01875,0.01867
2025-03-04 12:00:00+02:00,0.01866,0.01881
2025-03-04 14:00:00+02:00,0.0188,0.01835
2025-03-04 16:00:00+02:00,0.01836,0.0187
2025-03-04 18:00:00+02:00,0.01872,0.01887
2025-03-04 20:00:00+02:00,0.01886,0.01923
2025-03-04 22:00:00+02:00,0.01923,0.01924
2025-03-05 00:00:00+02:00,0.01924,0.01915
2025-03-05 02:00:00+02:00,0.01916,0.01918
2025-03-05 04:00:00+02:00,0.01919,0.01881
2025-03-05 06:00:00+02:00,0.01881,0.01891
2025-03-05 08:00:00+02:00,0.0189,0.01904
2025-03-05 10:00:00+02:00,0.01903,0.01931
2025-03-05 12:00:00+02:00,0.0193,0.01927
2025-03-05 14:00:00+02:00,0.01926,0.01924
2025-03-05 16:00:00+02:00,0.01923,0.01901
2025-03-05 18:00:00+02:00,0.01901,0.01926
2025-03-05 20:00:00+02:00,0.01927,0.0195
2025-03-05 22:00:00+02:00,0.01948,0.01952
2025-03-06 00:00:00+02:00,0.01952,0.01958
2025-03-06 02:00:00+02:00,0.01958,0.01964
2025-03-06 04:00:00+02:00,0.01965,0.01976
2025-03-06 06:00:00+02:00,0.01976,0.01986
2025-03-06 08:00:00+02:00,0.01987,0.01958
2025-03-06 10:00:00+02:00,0.01958,0.0195
2025-03-06 12:00:00+02:00,0.0195,0.01967
2025-03-06 14:00:00+02:00,0.01969,0.01928
2025-03-06 16:00:00+02:00,0.0193,0.01946
2025-03-06 18:00:00+02:00,0.01947,0.01899
2025-03-06 20:00:00+02:00,0.01899,0.01889
2025-03-06 22:00:00+02:00,0.0189,0.019
2025-03-07 00:00:00+02:00,0.01901,0.01904
2025-03-07 02:00:00+02:00,0.01904,0.0189
2025-03-07 04:00:00+02:00,0.0189,0.01889
2025-03-07 06:00:00+02:00,0.01889,0.01908
2025-03-07 08:00:00+02:00,0.01908,0.01919
2025-03-07 10:00:00+02:00,0.01919,0.01927
2025-03-07 12:00:00+02:00,0.01927,0.01921
2025-03-07 14:00:00+02:00,0.01921,0.01919
2025-03-07 16:00:00+02:00,0.0192,0.01937
2025-03-07 18:00:00+02:00,0.01937,0.01907
2025-03-07 20:00:00+02:00,0.01908,0.01937
2025-03-07 22:00:00+02:00,0.01937,0.01898
2025-03-08 00:00:00+02:00,0.01898,0.01876
2025-03-08 02:00:00+02:00,0.01876,0.01853
2025-03-08 04:00:00+02:00,0.01852,0.0187
2025-03-08 06:00:00+02:00,0.0187,0.01867
2025-03-08 08:00:00+02:00,0.01868,0.01855
2025-03-08 10:00:00+02:00,0.01855,0.01848
2025-03-08 12:00:00+02:00,0.01849,0.01841
2025-03-08 14:00:00+02:00,0.01841,0.01858
2025-03-08 16:00:00+02:00,0.01857,0.01853
2025-03-08 18:00:00+02:00,0.01853,0.01863
2025-03-08 20:00:00+02:00,0.01863,0.0189
2025-03-08 22:00:00+02:00,0.01891,0.01875
2025-03-09 00:00:00+02:00,0.01876,0.01873
2025-03-09 02:00:00+02:00,0.01872,0.01864
2025-03-09 04:00:00+02:00,0.01864,0.01863
2025-03-09 06:00:00+02:00,0.01863,0.01865
2025-03-09 08:00:00+02:00,0.01865,0.01859
2025-03-09 10:00:00+02:00,0.0186,0.0184
2025-03-09 12:00:00+02:00,0.01841,0.01821
2025-03-09 14:00:00+02:00,0.0182,0.01786
2025-03-09 16:00:00+02:00,0.01786,0.01771
2025-03-09 18:00:00+02:00,0.01771,0.01707
2025-03-09 20:00:00+02:00,0.01707,0.01729
2025-03-09 22:00:00+02:00,0.01729,0.01704
2025-03-10 00:00:00+02:00,0.01703,0.01704
2025-03-10 02:00:00+02:00,0.01705,0.01716
2025-03-10 04:00:00+02:00,0.01717,0.01728
2025-03-10 06:00:00+02:00,0.01728,0.0175
2025-03-10 08:00:00+02:00,0.0175,0.01763
2025-03-10 10:00:00+02:00,0.01764,0.01765
2025-03-10 12:00:00+02:00,0.01766,0.01792
2025-03-10 14:00:00+02:00,0.01792,0.0178
2025-03-10 16:00:00+02:00,0.01779,0.01748
2025-03-10 18:00:00+02:00,0.01747,0.01671
2025-03-10 20:00:00+02:00,0.0167,0.01667
2025-03-10 22:00:00+02:00,0.01668,0.01671
2025-03-11 00:00:00+02:00,0.01671,0.01641
2025-03-11 02:00:00+02:00,0.01642,0.01615
2025-03-11 04:00:00+02:00,0.01616,0.01627
2025-03-11 06:00:00+02:00,0.01628,0.01658
2025-03-11 08:00:00+02:00,0.01659,0.0166
2025-03-11 10:00:00+02:00,0.0166,0.0167
2025-03-11 12:00:00+02:00,0.0167,0.01677
2025-03-11 14:00:00+02:00,0.01676,0.01675
2025-03-11 16:00:00+02:00,0.01674,0.01691
2025-03-11 18:00:00+02:00,0.01691,0.01675
2025-03-11 20:00:00+02:00,0.01675,0.01741
2025-03-11 22:00:00+02:00,0.01741,0.01725
2025-03-12 00:00:00+02:00,0.01725,0.0171
2025-03-12 02:00:00+02:00,0.01711,0.01718
2025-03-12 04:00:00+02:00,0.01719,0.01674
2025-03-12 06:00:00+02:00,0.01674,0.01679
2025-03-12 08:00:00+02:00,0.01678,0.01704
2025-03-12 10:00:00+02:00,0.01703,0.01719
2025-03-12 12:00:00+02:00,0.0172,0.01736
2025-03-12 14:00:00+02:00,0.01735,0.01729
2025-03-12 16:00:00+02:00,0.01729,0.01699
2025-03-12 18:00:00+02:00,0.017,0.01721
2025-03-12 20:00:00+02:00,0.01721,0.01731
2025-03-12 22:00:00+02:00,0.0173,0.01745
2025-03-13 00:00:00+02:00,0.01745,0.01754
2025-03-13 02:00:00+02:00,0.01754,0.01743
2025-03-13 04:00:00+02:00,0.01744,0.01732
2025-03-13 06:00:00+02:00,0.01731,0.01715
2025-03-13 08:00:00+02:00,0.01716,0.01718
2025-03-13 10:00:00+02:00,0.01718,0.01753
2025-03-13 12:00:00+02:00,0.01752,0.0175
2025-03-13 14:00:00+02:00,0.01749,0.01714
2025-03-13 16:00:00+02:00,0.01713,0.0171
2025-03-13 18:00:00+02:00,0.01711,0.01672
2025-03-13 20:00:00+02:00,0.01673,0.01685
2025-03-13 22:00:00+02:00,0.01685,0.01685
2025-03-14 00:00:00+02:00,0.01686,0.01717
2025-03-14 02:00:00+02:00,0.01717,0.01738
2025-03-14 04:00:00+02:00,0.01739,0.01747
2025-03-14 06:00:00+02:00,0.01747,0.01754
2025-03-14 08:00:00+02:00,0.01756,0.01762
2025-03-14 10:00:00+02:00,0.01761,0.01772
2025-03-14 12:00:00+02:00,0.01771,0.01778
2025-03-14 14:00:00+02:00,0.01779,0.018
2025-03-14 16:00:00+02:00,0.018,0.01804
2025-03-14 18:00:00+02:00,0.01804,0.01803
2025-03-14 20:00:00+02:00,0.01803,0.01785
2025-03-14 22:00:00+02:00,0.01785,0.0179
2025-03-15 00:00:00+02:00,0.01789,0.0178
2025-03-15 02:00:00+02:00,0.01781,0.01766
2025-03-15 04:00:00+02:00,0.01765,0.01779
2025-03-15 06:00:00+02:00,0.01779,0.01782
2025-03-15 08:00:00+02:00,0.01781,0.01785
2025-03-15 10:00:00+02:00,0.01787,0.01793
2025-03-15 12:00:00+02:00,0.01792,0.01788
2025-03-15 14:00:00+02:00,0.01787,0.01787
2025-03-15 16:00:00+02:00,0.01787,0.01794
2025-03-15 18:00:00+02:00,0.01795,0.01803
2025-03-15 20:00:00+02:00,0.01804,0.01796
2025-03-15 22:00:00+02:00,0.01796,0.01804
2025-03-16 00:00:00+02:00,0.01805,0.01799
2025-03-16 02:00:00+02:00,0.01799,0.01781
2025-03-16 04:00:00+02:00,0.0178,0.01798
2025-03-16 06:00:00+02:00,0.01797,0.01802
2025-03-16 08:00:00+02:00,0.01802,0.01787
2025-03-16 10:00:00+02:00,0.01788,0.0178
2025-03-16 12:00:00+02:00,0.0178,0.01741
2025-03-16 14:00:00+02:00,0.01741,0.01733
2025-03-16 16:00:00+02:00,0.01733,0.0175
2025-03-16 18:00:00+02:00,0.01751,0.01764
2025-03-16 20:00:00+02:00,0.01765,0.01725
2025-03-16 22:00:00+02:00,0.01726,0.01747
2025-03-17 00:00:00+02:00,0.01748,0.01742
2025-03-17 02:00:00+02:00,0.01743,0.0177
2025-03-17 04:00:00+02:00,0.0177,0.01779
2025-03-17 06:00:00+02:00,0.01779,0.01781
2025-03-17 08:00:00+02:00,0.01782,0.0179
2025-03-17 10:00:00+02:00,0.01791,0.01789
2025-03-17 12:00:00+02:00,0.01789,0.0179
2025-03-17 14:00:00+02:00,0.01791,0.01776
2025-03-17 16:00:00+02:00,0.01776,0.01784
2025-03-17 18:00:00+02:00,0.01784,0.01805
2025-03-17 20:00:00+02:00,0.01804,0.01799
2025-03-17 22:00:00+02:00,0.01799,0.01815
2025-03-18 00:00:00+02:00,0.01815,0.01813
2025-03-18 02:00:00+02:00,0.01814,0.01773
2025-03-18 04:00:00+02:00,0.01772,0.0177
2025-03-18 06:00:00+02:00,0.01768,0.018
2025-03-18 08:00:00+02:00,0.01799,0.01795
2025-03-18 10:00:00+02:00,0.01796,0.01809
2025-03-18 12:00:00+02:00,0.01809,0.01793
2025-03-18 14:00:00+02:00,0.01792,0.01765
2025-03-18 16:00:00+02:00,0.01764,0.01751
2025-03-18 18:00:00+02:00,0.01752,0.01749
2025-03-18 20:00:00+02:00,0.01749,0.01764
2025-03-18 22:00:00+02:00,0.01763,0.01781
2025-03-19 00:00:00+02:00,0.01781,0.01808
2025-03-19 02:00:00+02:00,0.01808,0.01803
2025-03-19 04:00:00+02:00,0.01803,0.01832
2025-03-19 06:00:00+02:00,0.01832,0.01821
2025-03-19 08:00:00+02:00,0.01821,0.01788
2025-03-19 10:00:00+02:00,0.01789,0.01793
2025-03-19 12:00:00+02:00,0.01792,0.01825
2025-03-19 14:00:00+02:00,0.01826,0.01815
2025-03-19 16:00:00+02:00,0.01815,0.01829
2025-03-19 18:00:00+02:00,0.01829,0.01808
2025-03-19 20:00:00+02:00,0.01807,0.01836
2025-03-19 22:00:00+02:00,0.01837,0.01838
2025-03-20 00:00:00+02:00,0.0184,0.01858
2025-03-20 02:00:00+02:00,0.01859,0.01836
2025-03-20 04:00:00+02:00,0.01836,0.01833
2025-03-20 06:00:00+02:00,0.01834,0.01837
2025-03-20 08:00:00+02:00,0.01836,0.01834
2025-03-20 10:00:00+02:00,0.01834,0.01835
2025-03-20 12:00:00+02:00,0.01834,0.01812
2025-03-20 14:00:00+02:00,0.01811,0.01819
2025-03-20 16:00:00+02:00,0.0182,0.01812
2025-03-20 18:00:00+02:00,0.01811,0.01813
2025-03-20 20:00:00+02:00,0.01814,0.01813
2025-03-20 22:00:00+02:00,0.01813,0.01809
2025-03-21 00:00:00+02:00,0.01808,0.01791
2025-03-21 02:00:00+02:00,0.01791,0.01798
2025-03-21 04:00:00+02:00,0.01798,0.01779
2025-03-21 06:00:00+02:00,0.01779,0.01787
2025-03-21 08:00:00+02:00,0.01787,0.01772
2025-03-21 10:00:00+02:00,0.01772,0.01762
2025-03-21 12:00:00+02:00,0.01762,0.01746
2025-03-21 14:00:00+02:00,0.01747,0.01747
2025-03-21 16:00:00+02:00,0.01746,0.01742
2025-03-21 18:00:00+02:00,0.01743,0.0173
2025-03-21 20:00:00+02:00,0.0173,0.0174
2025-03-21 22:00:00+02:00,0.0174,0.01746
2025-03-22 00:00:00+02:00,0.01746,0.0174
2025-03-22 02:00:00+02:00,0.0174,0.01746
2025-03-22 04:00:00+02:00,0.01747,0.01754
2025-03-22 06:00:00+02:00,0.01755,0.01777
2025-03-22 08:00:00+02:00,0.01777,0.01775
2025-03-22 10:00:00+02:00,0.01776,0.01776
2025-03-22 12:00:00+02:00,0.01776,0.01781
2025-03-22 14:00:00+02:00,0.01782,0.01784
2025-03-22 16:00:00+02:00,0.01785,0.01786
2025-03-22 18:00:00+02:00,0.01786,0.0182
2025-03-22 20:00:00+02:00,0.01819,0.01812
2025-03-22 22:00:00+02:00,0.01812,0.0182
2025-03-23 00:00:00+02:00,0.01819,0.01791
2025-03-23 02:00:00+02:00,0.01792,0.0179
2025-03-23 04:00:00+02:00,0.0179,0.01804
2025-03-23 06:00:00+02:00,0.01803,0.01788
2025-03-23 08:00:00+02:00,0.01789,0.01787
2025-03-23 10:00:00+02:00,0.01788,0.01787
2025-03-23 12:00:00+02:00,0.01787,0.01794
2025-03-23 14:00:00+02:00,0.01793,0.01791
2025-03-23 16:00:00+02:00,0.01792,0.01779
2025-03-23 18:00:00+02:00,0.0178,0.01751
2025-03-23 20:00:00+02:00,0.0175,0.01761
2025-03-23 22:00:00+02:00,0.0176,0.0176
2025-03-24 00:00:00+02:00,0.01759,0.01769
2025-03-24 02:00:00+02:00,0.01768,0.01757
2025-03-24 04:00:00+02:00,0.01756,0.0181
2025-03-24 06:00:00+02:00,0.0181,0.02234
2025-03-24 08:00:00+02:00,0.02234,0.02364
2025-03-24 10:00:00+02:00,0.02363,0.02218
2025-03-24 12:00:00+02:00,0.02218,0.02209
2025-03-24 14:00:00+02:00,0.02209,0.02097
2025-03-24 16:00:00+02:00,0.02097,0.02081
2025-03-24 18:00:00+02:00,0.02081,0.02099
2025-03-24 20:00:00+02:00,0.02099,0.02115
2025-03-24 22:00:00+02:00,0.02115,0.0212
2025-03-25 00:00:00+02:00,0.02121,0.02055
2025-03-25 02:00:00+02:00,0.02054,0.02073
2025-03-25 04:00:00+02:00,0.02072,0.02055
2025-03-25 06:00:00+02:00,0.02055,0.02033
2025-03-25 08:00:00+02:00,0.02032,0.02025
2025-03-25 10:00:00+02:00,0.02025,0.02035
2025-03-25 12:00:00+02:00,0.02035,0.02026
2025-03-25 14:00:00+02:00,0.02027,0.01985
2025-03-25 16:00:00+02:00,0.01985,0.01987
2025-03-25 18:00:00+02:00,0.01988,0.02004
2025-03-25 20:00:00+02:00,0.02005,0.02013
2025-03-25 22:00:00+02:00,0.02012,0.02008
2025-03-26 00:00:00+02:00,0.02008,0.02019
2025-03-26 02:00:00+02:00,0.02019,0.02005
2025-03-26 04:00:00+02:00,0.02005,0.02007
2025-03-26 06:00:00+02:00,0.02007,0.02016
2025-03-26 08:00:00+02:00,0.02016,0.02034
2025-03-26 10:00:00+02:00,0.02034,0.02025
2025-03-26 12:00:00+02:00,0.02024,0.02031
2025-03-26 14:00:00+02:00,0.02031,0.01982
2025-03-26 16:00:00+02:00,0.01981,0.01978
2025-03-26 18:00:00+02:00,0.01977,0.01957
2025-03-26 20:00:00+02:00,0.01958,0.01943
2025-03-26 22:00:00+02:00,0.01943,0.01975
2025-03-27 00:00:00+02:00,0.01974,0.01961
2025-03-27 02:00:00+02:00,0.01961,0.01987
2025-03-27 04:00:00+02:00,0.01987,0.01996
2025-03-27 06:00:00+02:00,0.01996,0.01985
2025-03-27 08:00:00+02:00,0.01986,0.01985
2025-03-27 10:00:00+02:00,0.01985,0.01972
2025-03-27 12:00:00+02:00,0.01973,0.01965
2025-03-27 14:00:00+02:00,0.01964,0.01978
2025-03-27 16:00:00+02:00,0.01977,0.01991
2025-03-27 18:00:00+02:00,0.01991,0.01961
2025-03-27 20:00:00+02:00,0.01961,0.01976
2025-03-27 22:00:00+02:00,0.01977,0.01997
2025-03-28 00:00:00+02:00,0.01996,0.01984
2025-03-28 03:00:00+03:00,0.01984,0.01975
2025-03-28 05:00:00+03:00,0.01975,0.01925
2025-03-28 07:00:00+03:00,0.01925,0.01881
2025-03-28 09:00:00+03:00,0.01881,0.01871
2025-03-28 11:00:00+03:00,0.01872,0.01871
2025-03-28 13:00:00+03:00,0.01872,0.01881
2025-03-28 15:00:00+03:00,0.01881,0.01863
2025-03-28 17:00:00+03:00,0.01863,0.01842
2025-03-28 19:00:00+03:00,0.01842,0.01842
2025-03-28 21:00:00+03:00,0.01842,0.01832
2025-03-28 23:00:00+03:00,0.01832,0.01847
2025-03-29 01:00:00+03:00,0.01847,0.01864
2025-03-29 03:00:00+03:00,0.01864,0.01867
2025-03-29 05:00:00+03:00,0.01867,0.01855
2025-03-29 07:00:00+03:00,0.01854,0.0183
2025-03-29 09:00:00+03:00,0.0183,0.01813
2025-03-29 11:00:00+03:00,0.01812,0.01822
2025-03-29 13:00:00+03:00,0.01822,0.01813
2025-03-29 15:00:00+03:00,0.01813,0.01827
2025-03-29 17:00:00+03:00,0.01827,0.01812
2025-03-29 19:00:00+03:00,0.01812,0.01811
2025-03-29 21:00:00+03:00,0.01809,0.01813
2025-03-29 23:00:00+03:00,0.01814,0.01797
2025-03-30 01:00:00+03:00,0.01798,0.01803
2025-03-30 03:00:00+03:00,0.01803,0.01813
2025-03-30 05:00:00+03:00,0.01812,0.01818
2025-03-30 07:00:00+03:00,0.01818,0.01829
2025-03-30 09:00:00+03:00,0.01828,0.01833
2025-03-30 11:00:00+03:00,0.01832,0.01838
2025-03-30 13:00:00+03:00,0.01837,0.01815
2025-03-30 15:00:00+03:00,0.01815,0.01784
2025-03-30 17:00:00+03:00,0.01784,0.01794
2025-03-30 19:00:00+03:00,0.01794,0.01779
2025-03-30 21:00:00+03:00,0.0178,0.01799
2025-03-30 23:00:00+03:00,0.018,0.0178
2025-03-31 01:00:00+03:00,0.0178,0.01779
2025-03-31 03:00:00+03:00,0.0178,0.01789
2025-03-31 05:00:00+03:00,0.01789,0.01759
2025-03-31 07:00:00+03:00,0.0176,0.01769
2025-03-31 09:00:00+03:00,0.01769,0.01731
2025-03-31 11:00:00+03:00,0.01732,0.01722
2025-03-31 13:00:00+03:00,0.01722,0.01761
2025-03-31 15:00:00+03:00,0.0176,0.01746
2025-03-31 17:00:00+03:00,0.01746,0.01776
2025-03-31 19:00:00+03:00,0.01776,0.01758
2025-03-31 21:00:00+03:00,0.01758,0.01769
2025-03-31 23:00:00+03:00,0.01769,0.01757
2025-04-01 01:00:00+03:00,0.01758,0.01756
2025-04-01 03:00:00+03:00,0.01756,0.01756
2025-04-01 05:00:00+03:00,0.01756,0.01775
2025-04-01 07:00:00+03:00,0.01776,0.01774
2025-04-01 09:00:00+03:00,0.01775,0.0178
2025-04-01 11:00:00+03:00,0.0178,0.01818
2025-04-01 13:00:00+03:00,0.01818,0.01773
2025-04-01 15:00:00+03:00,0.01773,0.01778
2025-04-01 17:00:00+03:00,0.01777,0.01822
2025-04-01 19:00:00+03:00,0.01821,0.01795
2025-04-01 21:00:00+03:00,0.01795,0.01794
2025-04-01 23:00:00+03:00,0.01794,0.01794
2025-04-02 01:00:00+03:00,0.01794,0.01802
2025-04-02 03:00:00+03:00,0.01803,0.01743
2025-04-02 05:00:00+03:00,0.01743,0.01742
2025-04-02 07:00:00+03:00,0.01742,0.0169
2025-04-02 09:00:00+03:00,0.01689,0.01702
2025-04-02 11:00:00+03:00,0.01702,0.01732
2025-04-02 13:00:00+03:00,0.01733,0.01716
2025-04-02 15:00:00+03:00,0.01716,0.01733
2025-04-02 17:00:00+03:00,0.01732,0.01775
2025-04-02 19:00:00+03:00,0.01777,0.01747
2025-04-02 21:00:00+03:00,0.01747,0.01757
2025-04-02 23:00:00+03:00,0.01757,0.01706
2025-04-03 01:00:00+03:00,0.01706,0.01642
2025-04-03 03:00:00+03:00,0.01642,0.01682
2025-04-03 05:00:00+03:00,0.01682,0.01688
2025-04-03 07:00:00+03:00,0.01689,0.01678
2025-04-03 09:00:00+03:00,0.01679,0.01661
2025-04-03 11:00:00+03:00,0.01661,0.01656
2025-04-03 13:00:00+03:00,0.01655,0.01632
2025-04-03 15:00:00+03:00,0.01631,0.0163
2025-04-03 17:00:00+03:00,0.0163,0.0163
2025-04-03 19:00:00+03:00,0.01629,0.01642
2025-04-03 21:00:00+03:00,0.01641,0.01659
2025-04-03 23:00:00+03:00,0.01659,0.01686
2025-04-04 01:00:00+03:00,0.01687,0.01683
2025-04-04 03:00:00+03:00,0.01684,0.0166
2025-04-04 05:00:00+03:00,0.01661,0.01681
2025-04-04 07:00:00+03:00,0.01682,0.01695
2025-04-04 09:00:00+03:00,0.01695,0.01699
2025-04-04 11:00:00+03:00,0.01699,0.01694
2025-04-04 13:00:00+03:00,0.01694,0.01641
2025-04-04 15:00:00+03:00,0.0164,0.01675
2025-04-04 17:00:00+03:00,0.01674,0.01663
2025-04-04 19:00:00+03:00,0.01662,0.01682
2025-04-04 21:00:00+03:00,0.01683,0.01676
2025-04-04 23:00:00+03:00,0.01677,0.0168
2025-04-05 01:00:00+03:00,0.01681,0.01685
2025-04-05 03:00:00+03:00,0.01685,0.01686
2025-04-05 05:00:00+03:00,0.01687,0.01679
2025-04-05 07:00:00+03:00,0.01679,0.01662
2025-04-05 09:00:00+03:00,0.01663,0.01675
2025-04-05 11:00:00+03:00,0.01675,0.01676
2025-04-05 13:00:00+03:00,0.01676,0.0166
2025-04-05 15:00:00+03:00,0.01661,0.01636
2025-04-05 17:00:00+03:00,0.01636,0.01628
2025-04-05 19:00:00+03:00,0.01628,0.01634
2025-04-05 21:00:00+03:00,0.01634,0.0163
2025-04-05 23:00:00+03:00,0.01631,0.01624
2025-04-06 01:00:00+03:00,0.01624,0.01635
2025-04-06 03:00:00+03:00,0.01635,0.01631
2025-04-06 05:00:00+03:00,0.01632,0.01639
2025-04-06 07:00:00+03:00,0.01639,0.01655
2025-04-06 09:00:00+03:00,0.01655,0.01643
2025-04-06 11:00:00+03:00,0.01644,0.01648
2025-04-06 13:00:00+03:00,0.01648,0.01642
2025-04-06 15:00:00+03:00,0.01642,0.016
2025-04-06 17:00:00+03:00,0.01599,0.01617
2025-04-06 19:00:00+03:00,0.01616,0.0156
2025-04-06 21:00:00+03:00,0.0156,0.01523
2025-04-06 23:00:00+03:00,0.01523,0.015
2025-04-07 01:00:00+03:00,0.01499,0.01501
2025-04-07 03:00:00+03:00,0.01502,0.01532
2025-04-07 05:00:00+03:00,0.01531,0.01478
2025-04-07 07:00:00+03:00,0.01478,0.01469
2025-04-07 09:00:00+03:00,0.01469,0.01405
2025-04-07 11:00:00+03:00,0.01404,0.01441
2025-04-07 13:00:00+03:00,0.01442,0.01434
2025-04-07 15:00:00+03:00,0.01435,0.01515
2025-04-07 17:00:00+03:00,0.01514,0.01514
2025-04-07 19:00:00+03:00,0.01514,0.01518
2025-04-07 21:00:00+03:00,0.01518,0.01497
2025-04-07 23:00:00+03:00,0.01498,0.01521
2025-04-08 01:00:00+03:00,0.01522,0.01512
2025-04-08 03:00:00+03:00,0.01513,0.01541
2025-04-08 05:00:00+03:00,0.01541,0.0152
2025-04-08 07:00:00+03:00,0.01522,0.01516
2025-04-08 09:00:00+03:00,0.01515,0.01504
2025-04-08 11:00:00+03:00,0.01504,0.01521
2025-04-08 13:00:00+03:00,0.01522,0.01549
2025-04-08 15:00:00+03:00,0.0155,0.01548
2025-04-08 17:00:00+03:00,0.01547,0.01517
2025-04-08 19:00:00+03:00,0.01516,0.01475
2025-04-08 21:00:00+03:00,0.01476,0.0146
2025-04-08 23:00:00+03:00,0.01459,0.0147
2025-04-09 01:00:00+03:00,0.0147,0.01463
2025-04-09 03:00:00+03:00,0.01462,0.01481
2025-04-09 05:00:00+03:00,0.0148,0.01497
2025-04-09 07:00:00+03:00,0.01497,0.01537
2025-04-09 09:00:00+03:00,0.01537,0.01544
2025-04-09 11:00:00+03:00,0.01543,0.01538
2025-04-09 13:00:00+03:00,0.01539,0.01508
2025-04-09 15:00:00+03:00,0.01509,0.01548
2025-04-09 17:00:00+03:00,0.01548,0.01539
2025-04-09 19:00:00+03:00,0.0154,0.01615
2025-04-09 21:00:00+03:00,0.01614,0.01616
2025-04-09 23:00:00+03:00,0.01616,0.01631
2025-04-10 01:00:00+03:00,0.01632,0.01624
2025-04-10 03:00:00+03:00,0.01623,0.01615
2025-04-10 05:00:00+03:00,0.01615,0.01605
2025-04-10 07:00:00+03:00,0.01605,0.01622
2025-04-10 09:00:00+03:00,0.01621,0.01624
2025-04-10 11:00:00+03:00,0.01624,0.01624
2025-04-10 13:00:00+03:00,0.01625,0.01617
2025-04-10 15:00:00+03:00,0.01617,0.01606
2025-04-10 17:00:00+03:00,0.01606,0.01547
2025-04-10 19:00:00+03:00,0.01548,0.01582
2025-04-10 21:00:00+03:00,0.01582,0.01586
2025-04-10 23:00:00+03:00,0.01586,0.01619
2025-04-11 01:00:00+03:00,0.01619,0.01625
2025-04-11 03:00:00+03:00,0.01625,0.01639
2025-04-11 05:00:00+03:00,0.01639,0.01644
2025-04-11 07:00:00+03:00,0.01644,0.01626
2025-04-11 09:00:00+03:00,0.01626,0.01636
2025-04-11 11:00:00+03:00,0.01636,0.01638
2025-04-11 13:00:00+03:00,0.01637,0.01634
2025-04-11 15:00:00+03:00,0.01635,0.01649
2025-04-11 17:00:00+03:00,0.01649,0.01649
2025-04-11 19:00:00+03:00,0.0165,0.01673
2025-04-11 21:00:00+03:00,0.01673,0.01669
2025-04-11 23:00:00+03:00,0.01669,0.01666
2025-04-12 01:00:00+03:00,0.01665,0.01664
2025-04-12 03:00:00+03:00,0.01665,0.01674
2025-04-12 05:00:00+03:00,0.01674,0.01668
2025-04-12 07:00:00+03:00,0.01668,0.01675
2025-04-12 09:00:00+03:00,0.01676,0.01678
2025-04-12 11:00:00+03:00,0.01677,0.01693
2025-04-12 13:00:00+03:00,0.01692,0.01714
2025-04-12 15:00:00+03:00,0.01714,0.01727
2025-04-12 17:00:00+03:00,0.01727,0.01746
2025-04-12 19:00:00+03:00,0.01746,0.01717
2025-04-12 21:00:00+03:00,0.01718,0.01726
2025-04-12 23:00:00+03:00,0.01726,0.01729
2025-04-13 01:00:00+03:00,0.0173,0.01731
2025-04-13 03:00:00+03:00,0.01731,0.01707
2025-04-13 05:00:00+03:00,0.01706,0.01704
2025-04-13 07:00:00+03:00,0.01705,0.01691
2025-04-13 09:00:00+03:00,0.01692,0.01702
2025-04-13 11:00:00+03:00,0.01703,0.01711
2025-04-13 13:00:00+03:00,0.0171,0.01701
2025-04-13 15:00:00+03:00,0.01702,0.0167
2025-04-13 17:00:00+03:00,0.0167,0.01699
2025-04-13 19:00:00+03:00,0.01698,0.01738
2025-04-13 21:00:00+03:00,0.01739,0.01673
2025-04-13 23:00:00+03:00,0.01673,0.01671
2025-04-14 01:00:00+03:00,0.01672,0.01668
2025-04-14 03:00:00+03:00,0.01668,0.01683
2025-04-14 05:00:00+03:00,0.01682,0.01685
2025-04-14 07:00:00+03:00,0.01686,0.01669
2025-04-14 09:00:00+03:00,0.01669,0.0167
2025-04-14 11:00:00+03:00,0.0167,0.01665
2025-04-14 13:00:00+03:00,0.01666,0.01696
2025-04-14 15:00:00+03:00,0.01696,0.01666
2025-04-14 17:00:00+03:00,0.01666,0.01645
2025-04-14 19:00:00+03:00,0.01644,0.01668
2025-04-14 21:00:00+03:00,0.01668,0.01651
2025-04-14 23:00:00+03:00,0.01651,0.01655
2025-04-15 01:00:00+03:00,0.01655,0.01642
2025-04-15 03:00:00+03:00,0.01642,0.01645
2025-04-15 05:00:00+03:00,0.01645,0.01658
2025-04-15 07:00:00+03:00,0.01659,0.01656
2025-04-15 09:00:00+03:00,0.01655,0.01666
2025-04-15 11:00:00+03:00,0.01667,0.01681
2025-04-15 13:00:00+03:00,0.01681,0.01664
2025-04-15 15:00:00+03:00,0.01663,0.0166
2025-04-15 17:00:00+03:00,0.01659,0.01661
2025-04-15 19:00:00+03:00,0.01662,0.01645
2025-04-15 21:00:00+03:00,0.01645,0.01642
2025-04-15 23:00:00+03:00,0.01643,0.01657
2025-04-16 01:00:00+03:00,0.01656,0.01649
2025-04-16 03:00:00+03:00,0.01649,0.0168
2025-04-16 05:00:00+03:00,0.01679,0.01704
2025-04-16 07:00:00+03:00,0.01704,0.01717
2025-04-16 09:00:00+03:00,0.01717,0.01685
2025-04-16 11:00:00+03:00,0.01685,0.01663
2025-04-16 13:00:00+03:00,0.01663,0.01699
2025-04-16 15:00:00+03:00,0.01699,0.01686
2025-04-16 17:00:00+03:00,0.01686,0.01701
2025-04-16 19:00:00+03:00,0.01701,0.01672
2025-04-16 21:00:00+03:00,0.01672,0.01716
2025-04-16 23:00:00+03:00,0.01715,0.01709
2025-04-17 01:00:00+03:00,0.01709,0.01715
2025-04-17 03:00:00+03:00,0.01714,0.0175
2025-04-17 05:00:00+03:00,0.01751,0.01693
2025-04-17 07:00:00+03:00,0.01692,0.01711
2025-04-17 09:00:00+03:00,0.01711,0.01696
2025-04-17 11:00:00+03:00,0.01696,0.01705
2025-04-17 13:00:00+03:00,0.01706,0.01703
2025-04-17 15:00:00+03:00,0.01702,0.01718
2025-04-17 17:00:00+03:00,0.01716,0.01722
2025-04-17 19:00:00+03:00,0.01722,0.01743
2025-04-17 21:00:00+03:00,0.01744,0.01711
2025-04-17 23:00:00+03:00,0.01711,0.0171
2025-04-18 01:00:00+03:00,0.0171,0.01718
2025-04-18 03:00:00+03:00,0.01718,0.01712
2025-04-18 05:00:00+03:00,0.01712,0.01798
2025-04-18 07:00:00+03:00,0.01798,0.01903
2025-04-18 09:00:00+03:00,0.01902,0.01769
2025-04-18 11:00:00+03:00,0.01769,0.01792
2025-04-18 13:00:00+03:00,0.01792,0.01819
2025-04-18 15:00:00+03:00,0.01819,0.01807
2025-04-18 17:00:00+03:00,0.01807,0.01785
2025-04-18 19:00:00+03:00,0.01785,0.01808
2025-04-18 21:00:00+03:00,0.01808,0.01795
2025-04-18 23:00:00+03:00,0.01795,0.01795
2025-04-19 01:00:00+03:00,0.01795,0.01798
2025-04-19 03:00:00+03:00,0.01797,0.01886
2025-04-19 05:00:00+03:00,0.01887,0.01851
2025-04-19 07:00:00+03:00,0.01852,0.01859
2025-04-19 09:00:00+03:00,0.01859,0.01858
2025-04-19 11:00:00+03:00,0.01857,0.01866
2025-04-19 13:00:00+03:00,0.01867,0.01856
2025-04-19 15:00:00+03:00,0.01856,0.01862
2025-04-19 17:00:00+03:00,0.01861,0.01867
2025-04-19 19:00:00+03:00,0.01867,0.0187
2025-04-19 21:00:00+03:00,0.0187,0.01869
2025-04-19 23:00:00+03:00,0.01869,0.01881
2025-04-20 01:00:00+03:00,0.0188,0.01876
2025-04-20 03:00:00+03:00,0.01875,0.01854
2025-04-20 05:00:00+03:00,0.01856,0.01855
2025-04-20 07:00:00+03:00,0.01855,0.01868
2025-04-20 09:00:00+03:00,0.01868,0.01843
2025-04-20 11:00:00+03:00,0.01842,0.0184
2025-04-20 13:00:00+03:00,0.01839,0.01815
2025-04-20 15:00:00+03:00,0.01816,0.01818
2025-04-20 17:00:00+03:00,0.01818,0.01799
2025-04-20 19:00:00+03:00,0.01801,0.01832
2025-04-20 21:00:00+03:00,0.01832,0.01859
2025-04-20 23:00:00+03:00,0.01859,0.01859
2025-04-21 01:00:00+03:00,0.01859,0.01858
2025-04-21 03:00:00+03:00,0.01857,0.01879
2025-04-21 05:00:00+03:00,0.01879,0.01858
2025-04-21 07:00:00+03:00,0.01858,0.01881
2025-04-21 09:00:00+03:00,0.01881,0.01885
2025-04-21 11:00:00+03:00,0.01884,0.01882
2025-04-21 13:00:00+03:00,0.01882,0.01883
2025-04-21 15:00:00+03:00,0.01883,0.01887
2025-04-21 17:00:00+03:00,0.01887,0.01903
2025-04-21 19:00:00+03:00,0.01904,0.0187
2025-04-21 21:00:00+03:00,0.01869,0.01877
2025-04-21 23:00:00+03:00,0.01876,0.01863
2025-04-22 01:00:00+03:00,0.01863,0.01868
2025-04-22 03:00:00+03:00,0.01868,0.01871
2025-04-22 05:00:00+03:00,0.0187,0.01864
2025-04-22 07:00:00+03:00,0.01863,0.01841
2025-04-22 09:00:00+03:00,0.0184,0.01842
2025-04-22 11:00:00+03:00,0.01841,0.01844
2025-04-22 13:00:00+03:00,0.01843,0.01858
2025-04-22 15:00:00+03:00,0.01858,0.01895
2025-04-22 17:00:00+03:00,0.01896,0.01892
2025-04-22 19:00:00+03:00,0.01893,0.01892
2025-04-22 21:00:00+03:00,0.01891,0.01914
2025-04-22 23:00:00+03:00,0.01914,0.01966
2025-04-23 01:00:00+03:00,0.01966,0.01968
2025-04-23 03:00:00+03:00,0.01967,0.01963
2025-04-23 05:00:00+03:00,0.01964,0.01982
2025-04-23 07:00:00+03:00,0.01982,0.01977
2025-04-23 09:00:00+03:00,0.01976,0.01984
2025-04-23 11:00:00+03:00,0.01983,0.01964
2025-04-23 13:00:00+03:00,0.01964,0.01966
2025-04-23 15:00:00+03:00,0.01966,0.01949
2025-04-23 17:00:00+03:00,0.0195,0.01955
2025-04-23 19:00:00+03:00,0.01956,0.01971
2025-04-23 21:00:00+03:00,0.01971,0.01948
2025-04-23 23:00:00+03:00,0.0195,0.01944
2025-04-24 01:00:00+03:00,0.01945,0.0196
2025-04-24 03:00:00+03:00,0.0196,0.01952
2025-04-24 05:00:00+03:00,0.01952,0.01913
2025-04-24 07:00:00+03:00,0.01912,0.0194
2025-04-24 09:00:00+03:00,0.01941,0.01922
2025-04-24 11:00:00+03:00,0.01923,0.01924
2025-04-24 13:00:00+03:00,0.01924,0.0193
2025-04-24 15:00:00+03:00,0.01931,0.01938
2025-04-24 17:00:00+03:00,0.01939,0.01955
2025-04-24 19:00:00+03:00,0.01956,0.01932
2025-04-24 21:00:00+03:00,0.01932,0.01951
2025-04-24 23:00:00+03:00,0.01949,0.01958
2025-04-25 01:00:00+03:00,0.01957,0.01975
2025-04-25 03:00:00+03:00,0.01975,0.01961
2025-04-25 05:00:00+03:00,0.01962,0.01992
2025-04-25 07:00:00+03:00,0.01992,0.02016
2025-04-25 09:00:00+03:00,0.02017,0.01997
2025-04-25 11:00:00+03:00,0.01998,0.02006
2025-04-25 13:00:00+03:00,0.02006,0.02002
2025-04-25 15:00:00+03:00,0.02001,0.01965
2025-04-25 17:00:00+03:00,0.01965,0.0199
2025-04-25 19:00:00+03:00,0.01991,0.01966
2025-04-25 21:00:00+03:00,0.01966,0.0199
2025-04-25 23:00:00+03:00,0.0199,0.0198
2025-04-26 01:00:00+03:00,0.01981,0.01999
2025-04-26 03:00:00+03:00,0.01998,0.02086
2025-04-26 05:00:00+03:00,0.02085,0.02061
2025-04-26 07:00:00+03:00,0.02061,0.02032
2025-04-26 09:00:00+03:00,0.02032,0.02035
2025-04-26 11:00:00+03:00,0.02035,0.02025
2025-04-26 13:00:00+03:00,0.02025,0.01997
2025-04-26 15:00:00+03:00,0.01997,0.01994
2025-04-26 17:00:00+03:00,0.01995,0.02027
2025-04-26 19:00:00+03:00,0.02027,0.02034
2025-04-26 21:00:00+03:00,0.02034,0.02175
2025-04-26 23:00:00+03:00,0.02175,0.02132
2025-04-27 01:00:00+03:00,0.02132,0.0212
2025-04-27 03:00:00+03:00,0.0212,0.02038
2025-04-27 05:00:00+03:00,0.02039,0.02058
2025-04-27 07:00:00+03:00,0.02058,0.02036
2025-04-27 09:00:00+03:00,0.02035,0.02053
2025-04-27 11:00:00+03:00,0.02053,0.02093
2025-04-27 13:00:00+03:00,0.02094,0.02035
2025-04-27 15:00:00+03:00,0.02036,0.02022
2025-04-27 17:00:00+03:00,0.02023,0.02006
2025-04-27 19:00:00+03:00,0.02006,0.02013
2025-04-27 21:00:00+03:00,0.02013,0.0202
2025-04-27 23:00:00+03:00,0.0202,0.02016
2025-04-28 01:00:00+03:00,0.02017,0.01992
2025-04-28 03:00:00+03:00,0.01992,0.01914
2025-04-28 05:00:00+03:00,0.01915,0.01976
2025-04-28 07:00:00+03:00,0.01976,0.01982
2025-04-28 09:00:00+03:00,0.01982,0.02015
2025-04-28 11:00:00+03:00,0.02016,0.02012
2025-04-28 13:00:00+03:00,0.02013,0.02025
2025-04-28 15:00:00+03:00,0.02026,0.01984
2025-04-28 17:00:00+03:00,0.01985,0.01974
2025-04-28 19:00:00+03:00,0.01974,0.02007
2025-04-28 21:00:00+03:00,0.02009,0.02019
2025-04-28 23:00:00+03:00,0.02021,0.02022
2025-04-29 01:00:00+03:00,0.02021,0.02022
2025-04-29 03:00:00+03:00,0.02023,0.02042
2025-04-29 05:00:00+03:00,0.02042,0.02041
2025-04-29 07:00:00+03:00,0.02042,0.02027
2025-04-29 09:00:00+03:00,0.02026,0.02048
2025-04-29 11:00:00+03:00,0.02048,0.02019
2025-04-29 13:00:00+03:00,0.02018,0.02005
2025-04-29 15:00:00+03:00,0.02006,0.02007
2025-04-29 17:00:00+03:00,0.02007,0.02017
2025-04-29 19:00:00+03:00,0.02016,0.0202
2025-04-29 21:00:00+03:00,0.0202,0.02018
2025-04-29 23:00:00+03:00,0.02019,0.02006
2025-04-30 01:00:00+03:00,0.02005,0.02001
2025-04-30 03:00:00+03:00,0.02001,0.01983
2025-04-30 05:00:00+03:00,0.01982,0.02
2025-04-30 07:00:00+03:00,0.02,0.02003
2025-04-30 09:00:00+03:00,0.02004,0.01983
2025-04-30 11:00:00+03:00,0.01982,0.02009
2025-04-30 13:00:00+03:00,0.02009,0.02009
2025-04-30 15:00:00+03:00,0.02009,0.01911
2025-04-30 17:00:00+03:00,0.01911,0.01949
2025-04-30 19:00:00+03:00,0.0195,0.01976
2025-04-30 21:00:00+03:00,0.01976,0.0198
2025-04-30 23:00:00+03:00,0.01979,0.01984
2025-05-01 01:00:00+03:00,0.01984,0.01979
2025-05-01 03:00:00+03:00,0.01979,0.01999
2025-05-01 05:00:00+03:00,0.01999,0.01965
2025-05-01 07:00:00+03:00,0.01966,0.01978
2025-05-01 09:00:00+03:00,0.01979,0.01995
2025-05-01 11:00:00+03:00,0.01995,0.02009
2025-05-01 13:00:00+03:00,0.02009,0.02006
2025-05-01 15:00:00+03:00,0.02006,0.01988
2025-05-01 17:00:00+03:00,0.01988,0.01996
2025-05-01 19:00:00+03:00,0.01997,0.01992
2025-05-01 21:00:00+03:00,0.01992,0.0199
2025-05-01 23:00:00+03:00,0.01991,0.02004
2025-05-02 01:00:00+03:00,0.02004,0.02005
2025-05-02 03:00:00+03:00,0.02003,0.02009
2025-05-02 05:00:00+03:00,0.02009,0.02003
2025-05-02 07:00:00+03:00,0.02003,0.01972
2025-05-02 09:00:00+03:00,0.01971,0.01958
2025-05-02 11:00:00+03:00,0.01958,0.01963
2025-05-02 13:00:00+03:00,0.01964,0.01962
2025-05-02 15:00:00+03:00,0.01962,0.01961
2025-05-02 17:00:00+03:00,0.01961,0.0196
2025-05-02 19:00:00+03:00,0.0196,0.01962
2025-05-02 21:00:00+03:00,0.01961,0.01948
2025-05-02 23:00:00+03:00,0.01945,0.0195
2025-05-03 01:00:00+03:00,0.0195,0.01955
2025-05-03 03:00:00+03:00,0.01955,0.01942
2025-05-03 05:00:00+03:00,0.01943,0.01949
2025-05-03 07:00:00+03:00,0.01947,0.01949
2025-05-03 09:00:00+03:00,0.01949,0.0193
2025-05-03 11:00:00+03:00,0.0193,0.01939
2025-05-03 13:00:00+03:00,0.0194,0.01923
2025-05-03 15:00:00+03:00,0.01922,0.01938
2025-05-03 17:00:00+03:00,0.01938,0.01935
2025-05-03 19:00:00+03:00,0.01935,0.01885
2025-05-03 21:00:00+03:00,0.01884,0.01846
2025-05-03 23:00:00+03:00,0.01847,0.01848
2025-05-04 01:00:00+03:00,0.01849,0.01837
2025-05-04 03:00:00+03:00,0.01838,0.01857
2025-05-04 05:00:00+03:00,0.01859,0.01876
2025-05-04 07:00:00+03:00,0.01876,0.01872
2025-05-04 09:00:00+03:00,0.01872,0.01829
2025-05-04 11:00:00+03:00,0.01829,0.01793
2025-05-04 13:00:00+03:00,0.01793,0.01808
2025-05-04 15:00:00+03:00,0.01807,0.018
2025-05-04 17:00:00+03:00,0.01799,0.01804
2025-05-04 19:00:00+03:00,0.01804,0.01799
2025-05-04 21:00:00+03:00,0.018,0.01798
2025-05-04 23:00:00+03:00,0.01797,0.0181
2025-05-05 01:00:00+03:00,0.0181,0.01792
2025-05-05 03:00:00+03:00,0.01792,0.01797
2025-05-05 05:00:00+03:00,0.01797,0.01819
2025-05-05 07:00:00+03:00,0.01818,0.0184
2025-05-05 09:00:00+03:00,0.0184,0.01847
2025-05-05 11:00:00+03:00,0.01847,0.01833
2025-05-05 13:00:00+03:00,0.01833,0.01808
2025-05-05 15:00:00+03:00,0.01808,0.0181
2025-05-05 17:00:00+03:00,0.0181,0.01829
2025-05-05 19:00:00+03:00,0.01828,0.01844
2025-05-05 21:00:00+03:00,0.01844,0.01825
2025-05-05 23:00:00+03:00,0.01825,0.01823
2025-05-06 01:00:00+03:00,0.01823,0.0182
2025-05-06 03:00:00+03:00,0.0182,0.01809
2025-05-06 05:00:00+03:00,0.01808,0.01826
2025-05-06 07:00:00+03:00,0.01827,0.01803
2025-05-06 09:00:00+03:00,0.01803,0.01799
2025-05-06 11:00:00+03:00,0.018,0.01758
2025-05-06 13:00:00+03:00,0.01759,0.01732
2025-05-06 15:00:00+03:00,0.01732,0.01725
2025-05-06 17:00:00+03:00,0.01725,0.01731
2025-05-06 19:00:00+03:00,0.01732,0.01743
2025-05-06 21:00:00+03:00,0.01743,0.01752
2025-05-06 23:00:00+03:00,0.01752,0.01735
2025-05-07 01:00:00+03:00,0.01734,0.0176
2025-05-07 03:00:00+03:00,0.0176,0.01765
2025-05-07 05:00:00+03:00,0.01764,0.01744
2025-05-07 07:00:00+03:00,0.01745,0.01748
2025-05-07 09:00:00+03:00,0.01748,0.01769
2025-05-07 11:00:00+03:00,0.01768,0.01775
2025-05-07 13:00:00+03:00,0.01775,0.01769
2025-05-07 15:00:00+03:00,0.01769,0.0177
2025-05-07 17:00:00+03:00,0.0177,0.01747
2025-05-07 19:00:00+03:00,0.01747,0.01739
2025-05-07 21:00:00+03:00,0.01739,0.01738
2025-05-07 23:00:00+03:00,0.01738,0.01759
2025-05-08 01:00:00+03:00,0.0176,0.01766
2025-05-08 03:00:00+03:00,0.01765,0.0179
2025-05-08 05:00:00+03:00,0.0179,0.01836
2025-05-08 07:00:00+03:00,0.01836,0.01842
2025-05-08 09:00:00+03:00,0.01842,0.01842
2025-05-08 11:00:00+03:00,0.01843,0.01856
2025-05-08 13:00:00+03:00,0.01856,0.01856
2025-05-08 15:00:00+03:00,0.01857,0.01849
2025-05-08 17:00:00+03:00,0.01849,0.01879
2025-05-08 19:00:00+03:00,0.01879,0.01893
2025-05-08 21:00:00+03:00,0.01894,0.01901
2025-05-08 23:00:00+03:00,0.01902,0.01938
2025-05-09 01:00:00+03:00,0.01939,0.01949
2025-05-09 03:00:00+03:00,0.01947,0.01975
2025-05-09 05:00:00+03:00,0.01975,0.01946
2025-05-09 07:00:00+03:00,0.01946,0.01973
2025-05-09 09:00:00+03:00,0.01974,0.02017
2025-05-09 11:00:00+03:00,0.02016,0.02005
2025-05-09 13:00:00+03:00,0.02005,0.0203
2025-05-09 15:00:00+03:00,0.02029,0.02052
2025-05-09 17:00:00+03:00,0.02051,0.02052
2025-05-09 19:00:00+03:00,0.02052,0.02083
2025-05-09 21:00:00+03:00,0.02083,0.02065
2025-05-09 23:00:00+03:00,0.02065,0.02073
2025-05-10 01:00:00+03:00,0.02073,0.0208
2025-05-10 03:00:00+03:00,0.0208,0.02076
2025-05-10 05:00:00+03:00,0.02075,0.02078
2025-05-10 07:00:00+03:00,0.02078,0.02094
2025-05-10 09:00:00+03:00,0.02093,0.02116
2025-05-10 11:00:00+03:00,0.02116,0.0212
2025-05-10 13:00:00+03:00,0.0212,0.02069
2025-05-10 15:00:00+03:00,0.02069,0.02104
2025-05-10 17:00:00+03:00,0.02105,0.0208
2025-05-10 19:00:00+03:00,0.0208,0.02106
2025-05-10 21:00:00+03:00,0.02105,0.02108
2025-05-10 23:00:00+03:00,0.02109,0.02143
2025-05-11 01:00:00+03:00,0.02142,0.02195
2025-05-11 03:00:00+03:00,0.02194,0.02154
2025-05-11 05:00:00+03:00,0.02154,0.02195
2025-05-11 07:00:00+03:00,0.02194,0.02163
2025-05-11 09:00:00+03:00,0.02163,0.02105
2025-05-11 11:00:00+03:00,0.02104,0.02136
2025-05-11 13:00:00+03:00,0.02136,0.02157
2025-05-11 15:00:00+03:00,0.02156,0.02114
2025-05-11 17:00:00+03:00,0.02116,0.02125
2025-05-11 19:00:00+03:00,0.02125,0.02143
2025-05-11 21:00:00+03:00,0.02144,0.02153
2025-05-11 23:00:00+03:00,0.02153,0.02154
2025-05-12 01:00:00+03:00,0.02154,0.0214
2025-05-12 03:00:00+03:00,0.0214,0.0214
2025-05-12 05:00:00+03:00,0.02141,0.02169
2025-05-12 07:00:00+03:00,0.0217,0.02151
2025-05-12 09:00:00+03:00,0.02151,0.02195
2025-05-12 11:00:00+03:00,0.02195,0.02182
2025-05-12 13:00:00+03:00,0.02181,0.02141
2025-05-12 15:00:00+03:00,0.02139,0.02194
2025-05-12 17:00:00+03:00,0.02195,0.02132
2025-05-12 19:00:00+03:00,0.02131,0.02137
2025-05-12 21:00:00+03:00,0.02139,0.02116
2025-05-12 23:00:00+03:00,0.02116,0.02152
2025-05-13 01:00:00+03:00,0.02152,0.02155
2025-05-13 03:00:00+03:00,0.02155,0.02082
2025-05-13 05:00:00+03:00,0.02081,0.02034
2025-05-13 07:00:00+03:00,0.02034,0.02071
2025-05-13 09:00:00+03:00,0.02072,0.02079
2025-05-13 11:00:00+03:00,0.02079,0.02109
2025-05-13 13:00:00+03:00,0.0211,0.02098
2025-05-13 15:00:00+03:00,0.02099,0.02113
2025-05-13 17:00:00+03:00,0.02112,0.02117
2025-05-13 19:00:00+03:00,0.02116,0.02158
2025-05-13 21:00:00+03:00,0.02157,0.0219
2025-05-13 23:00:00+03:00,0.0219,0.0218
2025-05-14 01:00:00+03:00,0.02181,0.02177
2025-05-14 03:00:00+03:00,0.02177,0.02175
2025-05-14 05:00:00+03:00,0.02175,0.02165
2025-05-14 07:00:00+03:00,0.02166,0.02188
2025-05-14 09:00:00+03:00,0.02187,0.0216
2025-05-14 11:00:00+03:00,0.02161,0.02124
2025-05-14 13:00:00+03:00,0.02125,0.02143
2025-05-14 15:00:00+03:00,0.02143,0.02124
2025-05-14 17:00:00+03:00,0.02124,0.02106
2025-05-14 19:00:00+03:00,0.02106,0.02068
2025-05-14 21:00:00+03:00,0.02068,0.02062
2025-05-14 23:00:00+03:00,0.02062,0.0206
2025-05-15 01:00:00+03:00,0.02061,0.02057
2025-05-15 03:00:00+03:00,0.02058,0.02015
2025-05-15 05:00:00+03:00,0.02015,0.02025
2025-05-15 07:00:00+03:00,0.02024,0.01989
2025-05-15 09:00:00+03:00,0.01989,0.01953
2025-05-15 11:00:00+03:00,0.01953,0.01958
2025-05-15 13:00:00+03:00,0.01957,0.01971
2025-05-15 15:00:00+03:00,0.0197,0.01949
2025-05-15 17:00:00+03:00,0.01948,0.01977
2025-05-15 19:00:00+03:00,0.01977,0.01999
2025-05-15 21:00:00+03:00,0.01999,0.01961
2025-05-15 23:00:00+03:00,0.01962,0.01955
2025-05-16 01:00:00+03:00,0.01954,0.0197
2025-05-16 03:00:00+03:00,0.0197,0.0198
2025-05-16 05:00:00+03:00,0.01981,0.01982
2025-05-16 07:00:00+03:00,0.01981,0.01978
2025-05-16 09:00:00+03:00,0.01977,0.01979
2025-05-16 11:00:00+03:00,0.01979,0.01976
2025-05-16 13:00:00+03:00,0.01977,0.01976
2025-05-16 15:00:00+03:00,0.01977,0.01983
2025-05-16 17:00:00+03:00,0.01983,0.01974
2025-05-16 19:00:00+03:00,0.01974,0.01946
2025-05-16 21:00:00+03:00,0.01946,0.01945
2025-05-16 23:00:00+03:00,0.01944,0.01929
2025-05-17 01:00:00+03:00,0.01928,0.01913
2025-05-17 03:00:00+03:00,0.01912,0.01868
2025-05-17 05:00:00+03:00,0.01867,0.01889
2025-05-17 07:00:00+03:00,0.0189,0.01885
2025-05-17 09:00:00+03:00,0.01886,0.01874
2025-05-17 11:00:00+03:00,0.01874,0.01865
2025-05-17 13:00:00+03:00,0.01864,0.01879
2025-05-17 15:00:00+03:00,0.01879,0.01852
2025-05-17 17:00:00+03:00,0.01852,0.01869
2025-05-17 19:00:00+03:00,0.01869,0.01859
2025-05-17 21:00:00+03:00,0.01858,0.0185
2025-05-17 23:00:00+03:00,0.01849,0.01864
2025-05-18 01:00:00+03:00,0.01864,0.01851
2025-05-18 03:00:00+03:00,0.01852,0.01864
2025-05-18 05:00:00+03:00,0.01864,0.01854
2025-05-18 07:00:00+03:00,0.01855,0.01896
2025-05-18 09:00:00+03:00,0.01896,0.01894
2025-05-18 11:00:00+03:00,0.01894,0.01903
2025-05-18 13:00:00+03:00,0.01904,0.01892
2025-05-18 15:00:00+03:00,0.01892,0.01907
2025-05-18 17:00:00+03:00,0.01908,0.01937
2025-05-18 19:00:00+03:00,0.01937,0.01879
2025-05-18 21:00:00+03:00,0.01881,0.01836
2025-05-18 23:00:00+03:00,0.01837,0.01863
2025-05-19 01:00:00+03:00,0.01864,0.0192
2025-05-19 03:00:00+03:00,0.01921,0.01869
2025-05-19 05:00:00+03:00,0.01869,0.01832
2025-05-19 07:00:00+03:00,0.01832,0.01815
2025-05-19 09:00:00+03:00,0.01814,0.01822
2025-05-19 11:00:00+03:00,0.01821,0.01794
2025-05-19 13:00:00+03:00,0.01795,0.01804
2025-05-19 15:00:00+03:00,0.01804,0.01819
2025-05-19 17:00:00+03:00,0.0182,0.01849
2025-05-19 19:00:00+03:00,0.01849,0.01855
2025-05-19 21:00:00+03:00,0.01854,0.01847
2025-05-19 23:00:00+03:00,0.01847,0.01847
2025-05-20 01:00:00+03:00,0.01846,0.01856
2025-05-20 03:00:00+03:00,0.01857,0.01872
2025-05-20 05:00:00+03:00,0.01872,0.01875
2025-05-20 07:00:00+03:00,0.01875,0.01877
2025-05-20 09:00:00+03:00,0.01877,0.0186
2025-05-20 11:00:00+03:00,0.01859,0.01856
2025-05-20 13:00:00+03:00,0.01856,0.01846
2025-05-20 15:00:00+03:00,0.01845,0.01842
2025-05-20 17:00:00+03:00,0.01842,0.01865
2025-05-20 19:00:00+03:00,0.01866,0.01869
2025-05-20 21:00:00+03:00,0.01869,0.01868
2025-05-20 23:00:00+03:00,0.01868,0.01884
2025-05-21 01:00:00+03:00,0.01885,0.01891
2025-05-21 03:00:00+03:00,0.01892,0.0187
2025-05-21 05:00:00+03:00,0.0187,0.01891
2025-05-21 07:00:00+03:00,0.0189,0.01911
2025-05-21 09:00:00+03:00,0.0191,0.01877
2025-05-21 11:00:00+03:00,0.01877,0.01851
2025-05-21 13:00:00+03:00,0.01852,0.01864
2025-05-21 15:00:00+03:00,0.01864,0.01866
2025-05-21 17:00:00+03:00,0.01866,0.01887
2025-05-21 19:00:00+03:00,0.01887,0.01845
2025-05-21 21:00:00+03:00,0.01846,0.01879
2025-05-21 23:00:00+03:00,0.01878,0.01858
2025-05-22 01:00:00+03:00,0.01858,0.01878
2025-05-22 03:00:00+03:00,0.01878,0.01893
2025-05-22 05:00:00+03:00,0.01893,0.01925
2025-05-22 07:00:00+03:00,0.01927,0.01923
2025-05-22 09:00:00+03:00,0.01923,0.0193
2025-05-22 11:00:00+03:00,0.01931,0.01943
2025-05-22 13:00:00+03:00,0.01943,0.01925
2025-05-22 15:00:00+03:00,0.01924,0.01909
2025-05-22 17:00:00+03:00,0.0191,0.01949
2025-05-22 19:00:00+03:00,0.0195,0.01951
2025-05-22 21:00:00+03:00,0.01951,0.01944
2025-05-22 23:00:00+03:00,0.01946,0.01938
2025-05-23 01:00:00+03:00,0.01938,0.01949
2025-05-23 03:00:00+03:00,0.01949,0.01958
2025-05-23 05:00:00+03:00,0.01959,0.01989
2025-05-23 07:00:00+03:00,0.01989,0.0196
2025-05-23 09:00:00+03:00,0.0196,0.01925
2025-05-23 11:00:00+03:00,0.01925,0.01961
2025-05-23 13:00:00+03:00,0.0196,0.01862
2025-05-23 15:00:00+03:00,0.01863,0.01883
2025-05-23 17:00:00+03:00,0.01883,0.01853
2025-05-23 19:00:00+03:00,0.01853,0.01861
2025-05-23 21:00:00+03:00,0.01862,0.01851
2025-05-23 23:00:00+03:00,0.01851,0.01827
2025-05-24 01:00:00+03:00,0.01828,0.018
2025-05-24 03:00:00+03:00,0.01799,0.01806
2025-05-24 05:00:00+03:00,0.01805,0.0182
2025-05-24 07:00:00+03:00,0.01821,0.01821
2025-05-24 09:00:00+03:00,0.01821,0.01812
2025-05-24 11:00:00+03:00,0.01812,0.01808
2025-05-24 13:00:00+03:00,0.01809,0.01821
2025-05-24 15:00:00+03:00,0.01821,0.01812
2025-05-24 17:00:00+03:00,0.01812,0.01816
2025-05-24 19:00:00+03:00,0.01815,0.01809
2025-05-24 21:00:00+03:00,0.01808,0.01805
2025-05-24 23:00:00+03:00,0.01806,0.01802
2025-05-25 01:00:00+03:00,0.01801,0.01797
2025-05-25 03:00:00+03:00,0.01797,0.01778
2025-05-25 05:00:00+03:00,0.01778,0.01799
2025-05-25 07:00:00+03:00,0.01799,0.01794
2025-05-25 09:00:00+03:00,0.01794,0.01786
2025-05-25 11:00:00+03:00,0.01786,0.01761
2025-05-25 13:00:00+03:00,0.01761,0.01772
2025-05-25 15:00:00+03:00,0.01772,0.01782
2025-05-25 17:00:00+03:00,0.01783,0.01777
2025-05-25 19:00:00+03:00,0.01777,0.01782
2025-05-25 21:00:00+03:00,0.01783,0.0179
2025-05-25 23:00:00+03:00,0.0179,0.01786
2025-05-26 01:00:00+03:00,0.01787,0.01826
2025-05-26 03:00:00+03:00,0.01827,0.01833
2025-05-26 05:00:00+03:00,0.01833,0.01825
2025-05-26 07:00:00+03:00,0.01825,0.01824
2025-05-26 09:00:00+03:00,0.01823,0.0183
2025-05-26 11:00:00+03:00,0.0183,0.01811
2025-05-26 13:00:00+03:00,0.0181,0.01808
2025-05-26 15:00:00+03:00,0.01808,0.0179
2025-05-26 17:00:00+03:00,0.0179,0.01807
2025-05-26 19:00:00+03:00,0.01806,0.01783
2025-05-26 21:00:00+03:00,0.01783,0.01789
2025-05-26 23:00:00+03:00,0.01789,0.01794
2025-05-27 01:00:00+03:00,0.01795,0.01797
2025-05-27 03:00:00+03:00,0.01797,0.01776
2025-05-27 05:00:00+03:00,0.01775,0.01797
2025-05-27 07:00:00+03:00,0.01798,0.01802
2025-05-27 09:00:00+03:00,0.01803,0.01804
2025-05-27 11:00:00+03:00,0.01805,0.01817
2025-05-27 13:00:00+03:00,0.01817,0.01814
2025-05-27 15:00:00+03:00,0.01814,0.01814
2025-05-27 17:00:00+03:00,0.01815,0.01815
2025-05-27 19:00:00+03:00,0.01816,0.01817
2025-05-27 21:00:00+03:00,0.01817,0.0181
2025-05-27 23:00:00+03:00,0.01809,0.01807
2025-05-28 01:00:00+03:00,0.01808,0.01807
2025-05-28 03:00:00+03:00,0.01806,0.01808
2025-05-28 05:00:00+03:00,0.01807,0.01819
2025-05-28 07:00:00+03:00,0.01819,0.01815
2025-05-28 09:00:00+03:00,0.01814,0.01802
2025-05-28 11:00:00+03:00,0.01803,0.01794
2025-05-28 13:00:00+03:00,0.01795,0.01808
2025-05-28 15:00:00+03:00,0.01809,0.01803
2025-05-28 17:00:00+03:00,0.01802,0.01771
2025-05-28 19:00:00+03:00,0.01772,0.01776
2025-05-28 21:00:00+03:00,0.01776,0.01743
2025-05-28 23:00:00+03:00,0.01745,0.01765
2025-05-29 01:00:00+03:00,0.01764,0.01793
2025-05-29 03:00:00+03:00,0.01794,0.01805
2025-05-29 05:00:00+03:00,0.01805,0.01816
2025-05-29 07:00:00+03:00,0.01817,0.01795
2025-05-29 09:00:00+03:00,0.01796,0.01799
2025-05-29 11:00:00+03:00,0.018,0.01803
2025-05-29 13:00:00+03:00,0.01803,0.01799
2025-05-29 15:00:00+03:00,0.01799,0.01781
2025-05-29 17:00:00+03:00,0.0178,0.01766
2025-05-29 19:00:00+03:00,0.01767,0.01759
2025-05-29 21:00:00+03:00,0.01759,0.01747
2025-05-29 23:00:00+03:00,0.01746,0.01767
2025-05-30 01:00:00+03:00,0.01766,0.0174
2025-05-30 03:00:00+03:00,0.0174,0.01697
2025-05-30 05:00:00+03:00,0.01697,0.01705
2025-05-30 07:00:00+03:00,0.01705,0.01702
2025-05-30 09:00:00+03:00,0.01702,0.01692
2025-05-30 11:00:00+03:00,0.01692,0.01689
2025-05-30 13:00:00+03:00,0.01688,0.0169
2025-05-30 15:00:00+03:00,0.0169,0.0167
2025-05-30 17:00:00+03:00,0.0167,0.01677
2025-05-30 19:00:00+03:00,0.01678,0.01646
2025-05-30 21:00:00+03:00,0.01646,0.01657
2025-05-30 23:00:00+03:00,0.01657,0.0164
2025-05-31 01:00:00+03:00,0.0164,0.01586
2025-05-31 03:00:00+03:00,0.01587,0.01569
2025-05-31 05:00:00+03:00,0.0157,0.01588
2025-05-31 07:00:00+03:00,0.01588,0.0157
2025-05-31 09:00:00+03:00,0.0157,0.01581
2025-05-31 11:00:00+03:00,0.01581,0.01564
2025-05-31 13:00:00+03:00,0.01564,0.01566
2025-05-31 15:00:00+03:00,0.01566,0.0158
2025-05-31 17:00:00+03:00,0.01578,0.01587
2025-05-31 19:00:00+03:00,0.01588,0.01589
2025-05-31 21:00:00+03:00,0.01589,0.01597
2025-05-31 23:00:00+03:00,0.01598,0.01604
2025-06-01 01:00:00+03:00,0.01605,0.01601
2025-06-01 03:00:00+03:00,0.01601,0.01584
2025-06-01 05:00:00+03:00,0.01583,0.01593
2025-06-01 07:00:00+03:00,0.01593,0.01608
2025-06-01 09:00:00+03:00,0.01608,0.01594
2025-06-01 11:00:00+03:00,0.01595,0.01569
2025-06-01 13:00:00+03:00,0.01569,0.01581
2025-06-01 15:00:00+03:00,0.01582,0.0158
2025-06-01 17:00:00+03:00,0.0158,0.01593
2025-06-01 19:00:00+03:00,0.01593,0.01595
2025-06-01 21:00:00+03:00,0.01595,0.01592
2025-06-01 23:00:00+03:00,0.01592,0.01612
2025-06-02 01:00:00+03:00,0.01612,0.01617
2025-06-02 03:00:00+03:00,0.01617,0.01619
2025-06-02 05:00:00+03:00,0.01619,0.01601
2025-06-02 07:00:00+03:00,0.01602,0.01602
2025-06-02 09:00:00+03:00,0.01602,0.01619
2025-06-02 11:00:00+03:00,0.01619,0.01626
2025-06-02 13:00:00+03:00,0.01627,0.01626
2025-06-02 15:00:00+03:00,0.01627,0.01615
2025-06-02 17:00:00+03:00,0.01615,0.01623
2025-06-02 19:00:00+03:00,0.01622,0.01637
2025-06-02 21:00:00+03:00,0.01637,0.01625
2025-06-02 23:00:00+03:00,0.01624,0.01661
2025-06-03 01:00:00+03:00,0.01663,0.01662
2025-06-03 03:00:00+03:00,0.01662,0.0168
2025-06-03 05:00:00+03:00,0.01681,0.01662
2025-06-03 07:00:00+03:00,0.01663,0.0167
2025-06-03 09:00:00+03:00,0.01669,0.01666
2025-06-03 11:00:00+03:00,0.01666,0.01666
2025-06-03 13:00:00+03:00,0.01665,0.01678
2025-06-03 15:00:00+03:00,0.01678,0.01686
2025-06-03 17:00:00+03:00,0.01686,0.01697
2025-06-03 19:00:00+03:00,0.01696,0.01713
2025-06-03 21:00:00+03:00,0.01713,0.01703
2025-06-03 23:00:00+03:00,0.01704,0.01679
2025-06-04 01:00:00+03:00,0.01678,0.01686
2025-06-04 03:00:00+03:00,0.01685,0.01701
2025-06-04 05:00:00+03:00,0.017,0.01708
2025-06-04 07:00:00+03:00,0.01708,0.01707
2025-06-04 09:00:00+03:00,0.01708,0.01712
2025-06-04 11:00:00+03:00,0.01713,0.01712
2025-06-04 13:00:00+03:00,0.01713,0.01697
2025-06-04 15:00:00+03:00,0.01696,0.01684
2025-06-04 17:00:00+03:00,0.01684,0.01703
2025-06-04 19:00:00+03:00,0.01704,0.01688
2025-06-04 21:00:00+03:00,0.01689,0.01671
2025-06-04 23:00:00+03:00,0.01671,0.0167
2025-06-05 01:00:00+03:00,0.01669,0.01658
2025-06-05 03:00:00+03:00,0.01658,0.0166
2025-06-05 05:00:00+03:00,0.01661,0.01668
2025-06-05 07:00:00+03:00,0.01668,0.01654
2025-06-05 09:00:00+03:00,0.01654,0.01668
2025-06-05 11:00:00+03:00,0.01669,0.01665
2025-06-05 13:00:00+03:00,0.01665,0.01667
2025-06-05 15:00:00+03:00,0.01667,0.01654
2025-06-05 17:00:00+03:00,0.01654,0.01663
2025-06-05 19:00:00+03:00,0.01662,0.01637
2025-06-05 21:00:00+03:00,0.01637,0.01599
2025-06-05 23:00:00+03:00,0.016,0.01582
2025-06-06 01:00:00+03:00,0.01583,0.01581
2025-06-06 03:00:00+03:00,0.01581,0.0158
2025-06-06 05:00:00+03:00,0.0158,0.01595
2025-06-06 07:00:00+03:00,0.01595,0.01596
2025-06-06 09:00:00+03:00,0.01597,0.01594
2025-06-06 11:00:00+03:00,0.01594,0.01601
2025-06-06 13:00:00+03:00,0.01601,0.01602
2025-06-06 15:00:00+03:00,0.01603,0.01629
2025-06-06 17:00:00+03:00,0.01629,0.01631
2025-06-06 19:00:00+03:00,0.01631,0.01604
2025-06-06 21:00:00+03:00,0.01603,0.01584
2025-06-06 23:00:00+03:00,0.01585,0.01587
2025-06-07 01:00:00+03:00,0.01587,0.01579
2025-06-07 03:00:00+03:00,0.01579,0.01593
2025-06-07 05:00:00+03:00,0.01593,0.01602
2025-06-07 07:00:00+03:00,0.01603,0.01609
2025-06-07 09:00:00+03:00,0.01609,0.01614
2025-06-07 11:00:00+03:00,0.01615,0.01604
2025-06-07 13:00:00+03:00,0.01603,0.01606
2025-06-07 15:00:00+03:00,0.01606,0.016
2025-06-07 17:00:00+03:00,0.016,0.01594
2025-06-07 19:00:00+03:00,0.01594,0.01591
2025-06-07 21:00:00+03:00,0.01591,0.0161
2025-06-07 23:00:00+03:00,0.0161,0.01613
2025-06-08 01:00:00+03:00,0.01614,0.01617
2025-06-08 03:00:00+03:00,0.01617,0.0162
2025-06-08 05:00:00+03:00,0.0162,0.0161
2025-06-08 07:00:00+03:00,0.0161,0.01601
2025-06-08 09:00:00+03:00,0.01602,0.01592
2025-06-08 11:00:00+03:00,0.01593,0.01593
2025-06-08 13:00:00+03:00,0.01593,0.01608
2025-06-08 15:00:00+03:00,0.01608,0.01613
2025-06-08 17:00:00+03:00,0.01612,0.01621
2025-06-08 19:00:00+03:00,0.01622,0.01619
2025-06-08 21:00:00+03:00,0.01619,0.01621
2025-06-08 23:00:00+03:00,0.01622,0.01625
2025-06-09 01:00:00+03:00,0.01625,0.01607
2025-06-09 03:00:00+03:00,0.01607,0.01599
2025-06-09 05:00:00+03:00,0.016,0.01601
2025-06-09 07:00:00+03:00,0.016,0.01591
2025-06-09 09:00:00+03:00,0.01592,0.016
2025-06-09 11:00:00+03:00,0.016,0.01605
2025-06-09 13:00:00+03:00,0.01605,0.01617
2025-06-09 15:00:00+03:00,0.01617,0.01605
2025-06-09 17:00:00+03:00,0.01605,0.01608
2025-06-09 19:00:00+03:00,0.01609,0.01621
2025-06-09 21:00:00+03:00,0.01622,0.01617
2025-06-09 23:00:00+03:00,0.01617,0.01646
2025-06-10 01:00:00+03:00,0.01646,0.01664
2025-06-10 03:00:00+03:00,0.01664,0.01665
2025-06-10 05:00:00+03:00,0.01665,0.01663
2025-06-10 07:00:00+03:00,0.01662,0.01652
2025-06-10 09:00:00+03:00,0.01652,0.01653
2025-06-10 11:00:00+03:00,0.01653,0.01663
2025-06-10 13:00:00+03:00,0.01664,0.01688
2025-06-10 15:00:00+03:00,0.01688,0.01694
2025-06-10 17:00:00+03:00,0.01694,0.01687
2025-06-10 19:00:00+03:00,0.01688,0.01686
2025-06-10 21:00:00+03:00,0.01685,0.01705
2025-06-10 23:00:00+03:00,0.01706,0.01711
2025-06-11 01:00:00+03:00,0.0171,0.01716
2025-06-11 03:00:00+03:00,0.01716,0.01697
2025-06-11 05:00:00+03:00,0.01698,0.01707
2025-06-11 07:00:00+03:00,0.01707,0.01704
2025-06-11 09:00:00+03:00,0.01705,0.01704
2025-06-11 11:00:00+03:00,0.01704,0.01675
2025-06-11 13:00:00+03:00,0.01676,0.01672
2025-06-11 15:00:00+03:00,0.01672,0.01694
2025-06-11 17:00:00+03:00,0.01694,0.01713
2025-06-11 19:00:00+03:00,0.01713,0.01693
2025-06-11 21:00:00+03:00,0.01693,0.01677
2025-06-11 23:00:00+03:00,0.01677,0.01652
2025-06-12 01:00:00+03:00,0.01652,0.01664
2025-06-12 03:00:00+03:00,0.01664,0.01663
2025-06-12 05:00:00+03:00,0.01662,0.0164
2025-06-12 07:00:00+03:00,0.01641,0.01643
2025-06-12 09:00:00+03:00,0.01643,0.01633
2025-06-12 11:00:00+03:00,0.01633,0.01636
2025-06-12 13:00:00+03:00,0.01636,0.01618
2025-06-12 15:00:00+03:00,0.01619,0.01637
2025-06-12 17:00:00+03:00,0.01637,0.0162
2025-06-12 19:00:00+03:00,0.0162,0.01642
2025-06-12 21:00:00+03:00,0.01641,0.01602
2025-06-12 23:00:00+03:00,0.01601,0.01587
2025-06-13 01:00:00+03:00,0.01587,0.01587
2025-06-13 03:00:00+03:00,0.01586,0.01488
2025-06-13 05:00:00+03:00,0.01487,0.01516
2025-06-13 07:00:00+03:00,0.01516,0.01501
2025-06-13 09:00:00+03:00,0.01501,0.01501
2025-06-13 11:00:00+03:00,0.01501,0.01502
2025-06-13 13:00:00+03:00,0.01503,0.01513
2025-06-13 15:00:00+03:00,0.01513,0.01504
2025-06-13 17:00:00+03:00,0.01505,0.01521
2025-06-13 19:00:00+03:00,0.0152,0.01523
2025-06-13 21:00:00+03:00,0.01522,0.01509
2025-06-13 23:00:00+03:00,0.0151,0.01527
2025-06-14 01:00:00+03:00,0.01527,0.01539
2025-06-14 03:00:00+03:00,0.0154,0.01525
2025-06-14 05:00:00+03:00,0.01525,0.01537
2025-06-14 07:00:00+03:00,0.01537,0.01539
2025-06-14 09:00:00+03:00,0.01538,0.01532
2025-06-14 11:00:00+03:00,0.01531,0.01528
2025-06-14 13:00:00+03:00,0.01529,0.01537
2025-06-14 15:00:00+03:00,0.01537,0.01538
2025-06-14 17:00:00+03:00,0.01538,0.01523
2025-06-14 19:00:00+03:00,0.01523,0.01513
2025-06-14 21:00:00+03:00,0.01513,0.01509
2025-06-14 23:00:00+03:00,0.01508,0.01528
2025-06-15 01:00:00+03:00,0.01528,0.01535
2025-06-15 03:00:00+03:00,0.01536,0.01531
2025-06-15 05:00:00+03:00,0.0153,0.01528
2025-06-15 07:00:00+03:00,0.01529,0.01538
2025-06-15 09:00:00+03:00,0.01538,0.01535
2025-06-15 11:00:00+03:00,0.01535,0.01538
2025-06-15 13:00:00+03:00,0.01538,0.01557
2025-06-15 15:00:00+03:00,0.01557,0.01559
2025-06-15 17:00:00+03:00,0.0156,0.01544
2025-06-15 19:00:00+03:00,0.01545,0.01536
2025-06-15 21:00:00+03:00,0.01536,0.0153
2025-06-15 23:00:00+03:00,0.0153,0.01509
2025-06-16 01:00:00+03:00,0.01509,0.0153
2025-06-16 03:00:00+03:00,0.01531,0.01541
2025-06-16 05:00:00+03:00,0.01541,0.01535
2025-06-16 07:00:00+03:00,0.01534,0.01546
2025-06-16 09:00:00+03:00,0.01546,0.01553
2025-06-16 11:00:00+03:00,0.01553,0.01564
2025-06-16 13:00:00+03:00,0.01564,0.01548
2025-06-16 15:00:00+03:00,0.01549,0.01559
2025-06-16 17:00:00+03:00,0.01559,0.0156
2025-06-16 19:00:00+03:00,0.0156,0.01559
2025-06-16 21:00:00+03:00,0.01558,0.01562
2025-06-16 23:00:00+03:00,0.01562,0.01562
2025-06-17 01:00:00+03:00,0.01561,0.01506
2025-06-17 03:00:00+03:00,0.01506,0.01511
2025-06-17 05:00:00+03:00,0.01511,0.01521
2025-06-17 07:00:00+03:00,0.01521,0.01511
2025-06-17 09:00:00+03:00,0.01511,0.01505
2025-06-17 11:00:00+03:00,0.01505,0.01492
2025-06-17 13:00:00+03:00,0.01492,0.01488
2025-06-17 15:00:00+03:00,0.01487,0.01486
2025-06-17 17:00:00+03:00,0.01487,0.01461
2025-06-17 19:00:00+03:00,0.0146,0.01449
2025-06-17 21:00:00+03:00,0.01448,0.01468
2025-06-17 23:00:00+03:00,0.01468,0.01449
2025-06-18 01:00:00+03:00,0.01449,0.01443
2025-06-18 03:00:00+03:00,0.01443,0.01448
2025-06-18 05:00:00+03:00,0.01449,0.01452
2025-06-18 07:00:00+03:00,0.01452,0.01463
2025-06-18 09:00:00+03:00,0.01462,0.01458
2025-06-18 11:00:00+03:00,0.01458,0.01449
2025-06-18 13:00:00+03:00,0.01449,0.01444
2025-06-18 15:00:00+03:00,0.01444,0.01427
2025-06-18 17:00:00+03:00,0.01427,0.01442
2025-06-18 19:00:00+03:00,0.01442,0.01446
2025-06-18 21:00:00+03:00,0.01447,0.01433
2025-06-18 23:00:00+03:00,0.01433,0.01463
2025-06-19 01:00:00+03:00,0.01463,0.01459
2025-06-19 03:00:00+03:00,0.01459,0.01453
2025-06-19 05:00:00+03:00,0.01452,0.01457
2025-06-19 07:00:00+03:00,0.01457,0.0145
2025-06-19 09:00:00+03:00,0.01449,0.01445
2025-06-19 11:00:00+03:00,0.01444,0.01452
2025-06-19 13:00:00+03:00,0.01453,0.01442
2025-06-19 15:00:00+03:00,0.01443,0.01438
2025-06-19 17:00:00+03:00,0.01437,0.01438
2025-06-19 19:00:00+03:00,0.01439,0.01476
2025-06-19 21:00:00+03:00,0.01475,0.01481
2025-06-19 23:00:00+03:00,0.01482,0.01512
2025-06-20 01:00:00+03:00,0.01512,0.01507
2025-06-20 03:00:00+03:00,0.01508,0.01541
2025-06-20 05:00:00+03:00,0.01541,0.0155
2025-06-20 07:00:00+03:00,0.01549,0.01521
2025-06-20 09:00:00+03:00,0.01522,0.01518
2025-06-20 11:00:00+03:00,0.01518,0.01513
2025-06-20 13:00:00+03:00,0.01513,0.01522
2025-06-20 15:00:00+03:00,0.01522,0.0151
2025-06-20 17:00:00+03:00,0.0151,0.01472
2025-06-20 19:00:00+03:00,0.01472,0.01446
2025-06-20 21:00:00+03:00,0.01445,0.01453
2025-06-20 23:00:00+03:00,0.01452,0.01441
2025-06-21 01:00:00+03:00,0.01443,0.01438
2025-06-21 03:00:00+03:00,0.01438,0.01452
2025-06-21 05:00:00+03:00,0.01453,0.01463
2025-06-21 07:00:00+03:00,0.01463,0.01466
2025-06-21 09:00:00+03:00,0.01465,0.01453
2025-06-21 11:00:00+03:00,0.01453,0.01453
2025-06-21 13:00:00+03:00,0.01454,0.01448
2025-06-21 15:00:00+03:00,0.01449,0.0143
2025-06-21 17:00:00+03:00,0.01429,0.0142
2025-06-21 19:00:00+03:00,0.01421,0.01405
2025-06-21 21:00:00+03:00,0.01405,0.0137
2025-06-21 23:00:00+03:00,0.01371,0.01333
2025-06-22 01:00:00+03:00,0.01334,0.0135
2025-06-22 03:00:00+03:00,0.0135,0.01351
2025-06-22 05:00:00+03:00,0.01351,0.0134
2025-06-22 07:00:00+03:00,0.01339,0.01356
2025-06-22 09:00:00+03:00,0.01355,0.01349
2025-06-22 11:00:00+03:00,0.01349,0.01327
2025-06-22 13:00:00+03:00,0.01327,0.0134
2025-06-22 15:00:00+03:00,0.01341,0.01305
2025-06-22 17:00:00+03:00,0.01305,0.01282
2025-06-22 19:00:00+03:00,0.01282,0.01283
2025-06-22 21:00:00+03:00,0.01283,0.01277
2025-06-22 23:00:00+03:00,0.01277,0.01266
2025-06-23 01:00:00+03:00,0.01267,0.01294
2025-06-23 03:00:00+03:00,0.01293,0.0129
2025-06-23 05:00:00+03:00,0.01289,0.01286
2025-06-23 07:00:00+03:00,0.01287,0.01289
2025-06-23 09:00:00+03:00,0.0129,0.013
2025-06-23 11:00:00+03:00,0.01301,0.01297
2025-06-23 13:00:00+03:00,0.01298,0.01301
2025-06-23 15:00:00+03:00,0.01302,0.01329
2025-06-23 17:00:00+03:00,0.01329,0.01306
2025-06-23 19:00:00+03:00,0.01306,0.01329
2025-06-23 21:00:00+03:00,0.0133,0.01355
2025-06-23 23:00:00+03:00,0.01355,0.01371
2025-06-24 01:00:00+03:00,0.0137,0.01417
2025-06-24 03:00:00+03:00,0.01417,0.01427
2025-06-24 05:00:00+03:00,0.01426,0.0142
2025-06-24 07:00:00+03:00,0.01421,0.01442
2025-06-24 09:00:00+03:00,0.01442,0.01431
2025-06-24 11:00:00+03:00,0.01431,0.0143
2025-06-24 13:00:00+03:00,0.01429,0.01427
2025-06-24 15:00:00+03:00,0.01427,0.01429
2025-06-24 17:00:00+03:00,0.01429,0.01423
2025-06-24 19:00:00+03:00,0.01421,0.01433
2025-06-24 21:00:00+03:00,0.01434,0.0143
2025-06-24 23:00:00+03:00,0.01431,0.01439
2025-06-25 01:00:00+03:00,0.01439,0.01441
2025-06-25 03:00:00+03:00,0.0144,0.0143
2025-06-25 05:00:00+03:00,0.01429,0.01422
2025-06-25 07:00:00+03:00,0.01422,0.01419
2025-06-25 09:00:00+03:00,0.01419,0.01429
2025-06-25 11:00:00+03:00,0.0143,0.01412
2025-06-25 13:00:00+03:00,0.01411,0.01424
2025-06-25 15:00:00+03:00,0.01425,0.01433
2025-06-25 17:00:00+03:00,0.01433,0.014
2025-06-25 19:00:00+03:00,0.014,0.01404
2025-06-25 21:00:00+03:00,0.01405,0.01405
2025-06-25 23:00:00+03:00,0.01406,0.01401
2025-06-26 01:00:00+03:00,0.014,0.01398
2025-06-26 03:00:00+03:00,0.01398,0.01409
2025-06-26 05:00:00+03:00,0.01409,0.01415
2025-06-26 07:00:00+03:00,0.01415,0.014
2025-06-26 09:00:00+03:00,0.01401,0.01417
2025-06-26 11:00:00+03:00,0.01417,0.01397
2025-06-26 13:00:00+03:00,0.01396,0.01391
2025-06-26 15:00:00+03:00,0.01391,0.0135
2025-06-26 17:00:00+03:00,0.01349,0.01363
2025-06-26 19:00:00+03:00,0.01364,0.01357
2025-06-26 21:00:00+03:00,0.01358,0.01379
2025-06-26 23:00:00+03:00,0.01379,0.01383
2025-06-27 01:00:00+03:00,0.01383,0.01375
2025-06-27 03:00:00+03:00,0.01374,0.01376
2025-06-27 05:00:00+03:00,0.01376,0.01386
2025-06-27 07:00:00+03:00,0.01387,0.0138
2025-06-27 09:00:00+03:00,0.01379,0.01373
2025-06-27 11:00:00+03:00,0.01373,0.0138
2025-06-27 13:00:00+03:00,0.0138,0.01372
2025-06-27 15:00:00+03:00,0.01373,0.01385
2025-06-27 17:00:00+03:00,0.01385,0.0139
2025-06-27 19:00:00+03:00,0.01391,0.01382
2025-06-27 21:00:00+03:00,0.01383,0.01377
2025-06-27 23:00:00+03:00,0.01376,0.01383
2025-06-28 01:00:00+03:00,0.01384,0.0138
2025-06-28 03:00:00+03:00,0.01381,0.01379
2025-06-28 05:00:00+03:00,0.01379,0.01375
2025-06-28 07:00:00+03:00,0.01375,0.01375
2025-06-28 09:00:00+03:00,0.01376,0.01373
2025-06-28 11:00:00+03:00,0.01373,0.01371
2025-06-28 13:00:00+03:00,0.01371,0.01377
2025-06-28 15:00:00+03:00,0.01378,0.01388
2025-06-28 17:00:00+03:00,0.01389,0.01395
2025-06-28 19:00:00+03:00,0.01395,0.01401
2025-06-28 21:00:00+03:00,0.01402,0.01393
2025-06-28 23:00:00+03:00,0.01394,0.01398
2025-06-29 01:00:00+03:00,0.01399,0.01404
2025-06-29 03:00:00+03:00,0.01405,0.01399
2025-06-29 05:00:00+03:00,0.01399,0.01394
2025-06-29 07:00:00+03:00,0.01394,0.014
2025-06-29 09:00:00+03:00,0.014,0.01406
2025-06-29 11:00:00+03:00,0.01406,0.01408
2025-06-29 13:00:00+03:00,0.01408,0.014
2025-06-29 15:00:00+03:00,0.014,0.01408
2025-06-29 17:00:00+03:00,0.01407,0.01387
2025-06-29 19:00:00+03:00,0.01388,0.01394
2025-06-29 21:00:00+03:00,0.01394,0.01404
2025-06-29 23:00:00+03:00,0.01405,0.01408
2025-06-30 01:00:00+03:00,0.01408,0.01439
2025-06-30 03:00:00+03:00,0.0144,0.01425
2025-06-30 05:00:00+03:00,0.01426,0.01424
2025-06-30 07:00:00+03:00,0.01425,0.01425
2025-06-30 09:00:00+03:00,0.01424,0.01414
2025-06-30 11:00:00+03:00,0.01415,0.01383
2025-06-30 13:00:00+03:00,0.01384,0.01387
2025-06-30 15:00:00+03:00,0.01387,0.01385
2025-06-30 17:00:00+03:00,0.01385,0.01392
2025-06-30 19:00:00+03:00,0.01391,0.0139
2025-06-30 21:00:00+03:00,0.01391,0.01401
2025-06-30 23:00:00+03:00,0.01401,0.0138
2025-07-01 01:00:00+03:00,0.0138,0.01387
2025-07-01 03:00:00+03:00,0.01387,0.01379
2025-07-01 05:00:00+03:00,0.01379,0.01372
2025-07-01 07:00:00+03:00,0.01372,0.01365
2025-07-01 09:00:00+03:00,0.01364,0.01371
2025-07-01 11:00:00+03:00,0.01371,0.01378
2025-07-01 13:00:00+03:00,0.01378,0.01368
2025-07-01 15:00:00+03:00,0.01367,0.01378
2025-07-01 17:00:00+03:00,0.01377,0.01367
2025-07-01 19:00:00+03:00,0.01367,0.01357
2025-07-01 21:00:00+03:00,0.01358,0.01344
2025-07-01 23:00:00+03:00,0.01343,0.01356
2025-07-02 01:00:00+03:00,0.01357,0.01355
2025-07-02 03:00:00+03:00,0.01354,0.0136
2025-07-02 05:00:00+03:00,0.01361,0.01361
2025-07-02 07:00:00+03:00,0.01361,0.0138
2025-07-02 09:00:00+03:00,0.0138,0.01378
2025-07-02 11:00:00+03:00,0.01378,0.01382
2025-07-02 13:00:00+03:00,0.01382,0.01388
2025-07-02 15:00:00+03:00,0.01387,0.01414
2025-07-02 17:00:00+03:00,0.01414,0.01418
2025-07-02 19:00:00+03:00,0.01418,0.01451
2025-07-02 21:00:00+03:00,0.01452,0.01461
2025-07-02 23:00:00+03:00,0.0146,0.01458
2025-07-03 01:00:00+03:00,0.01459,0.01445
2025-07-03 03:00:00+03:00,0.01446,0.01465
2025-07-03 05:00:00+03:00,0.01465,0.01472
2025-07-03 07:00:00+03:00,0.01471,0.01491
2025-07-03 09:00:00+03:00,0.01491,0.01486
2025-07-03 11:00:00+03:00,0.01487,0.01476
2025-07-03 13:00:00+03:00,0.01476,0.01467
2025-07-03 15:00:00+03:00,0.01466,0.01483
2025-07-03 17:00:00+03:00,0.01482,0.01444
2025-07-03 19:00:00+03:00,0.01444,0.01461
2025-07-03 21:00:00+03:00,0.0146,0.01466
2025-07-03 23:00:00+03:00,0.01466,0.01466
2025-07-04 01:00:00+03:00,0.01465,0.01468
2025-07-04 03:00:00+03:00,0.01469,0.01464
2025-07-04 05:00:00+03:00,0.01464,0.01456
2025-07-04 07:00:00+03:00,0.01457,0.01458
2025-07-04 09:00:00+03:00,0.01458,0.01421
2025-07-04 11:00:00+03:00,0.01421,0.01433
2025-07-04 13:00:00+03:00,0.01433,0.01432
2025-07-04 15:00:00+03:00,0.01432,0.01423
2025-07-04 17:00:00+03:00,0.01423,0.01406
2025-07-04 19:00:00+03:00,0.01405,0.01402
2025-07-04 21:00:00+03:00,0.01401,0.01401
2025-07-04 23:00:00+03:00,0.01401,0.01413
2025-07-05 01:00:00+03:00,0.01412,0.01417
2025-07-05 03:00:00+03:00,0.01418,0.01422
2025-07-05 05:00:00+03:00,0.01422,0.01419
2025-07-05 07:00:00+03:00,0.0142,0.0142
2025-07-05 09:00:00+03:00,0.0142,0.01423
2025-07-05 11:00:00+03:00,0.01424,0.01424
2025-07-05 13:00:00+03:00,0.01423,0.01422
2025-07-05 15:00:00+03:00,0.01422,0.01405
2025-07-05 17:00:00+03:00,0.01406,0.01401
2025-07-05 19:00:00+03:00,0.01401,0.01401
2025-07-05 21:00:00+03:00,0.01401,0.01398
2025-07-05 23:00:00+03:00,0.01398,0.0141
2025-07-06 01:00:00+03:00,0.0141,0.01411
2025-07-06 03:00:00+03:00,0.01412,0.01397
2025-07-06 05:00:00+03:00,0.01396,0.0139
2025-07-06 07:00:00+03:00,0.0139,0.01386
2025-07-06 09:00:00+03:00,0.01386,0.01392
2025-07-06 11:00:00+03:00,0.01393,0.0139
2025-07-06 13:00:00+03:00,0.01389,0.01397
2025-07-06 15:00:00+03:00,0.01397,0.01415
2025-07-06 17:00:00+03:00,0.01415,0.01419
2025-07-06 19:00:00+03:00,0.01419,0.01415
2025-07-06 21:00:00+03:00,0.01415,0.01415
2025-07-06 23:00:00+03:00,0.01415,0.01422
2025-07-07 01:00:00+03:00,0.01423,0.01415
2025-07-07 03:00:00+03:00,0.01415,0.01412
2025-07-07 05:00:00+03:00,0.01412,0.01419
2025-07-07 07:00:00+03:00,0.01419,0.01412
2025-07-07 09:00:00+03:00,0.01413,0.0142
2025-07-07 11:00:00+03:00,0.0142,0.01417
2025-07-07 13:00:00+03:00,0.01418,0.01417
2025-07-07 15:00:00+03:00,0.01417,0.01424
2025-07-07 17:00:00+03:00,0.01424,0.01411
2025-07-07 19:00:00+03:00,0.01412,0.01409
2025-07-07 21:00:00+03:00,0.0141,0.01407
2025-07-07 23:00:00+03:00,0.01407,0.01398
2025-07-08 01:00:00+03:00,0.01398,0.01408
2025-07-08 03:00:00+03:00,0.01408,0.01389
2025-07-08 05:00:00+03:00,0.01389,0.0139
2025-07-08 07:00:00+03:00,0.01391,0.01395
2025-07-08 09:00:00+03:00,0.01395,0.014
2025-07-08 11:00:00+03:00,0.01401,0.01397
2025-07-08 13:00:00+03:00,0.01397,0.0141
2025-07-08 15:00:00+03:00,0.0141,0.01417
2025-07-08 17:00:00+03:00,0.01417,0.01408
2025-07-08 19:00:00+03:00,0.01408,0.01434
2025-07-08 21:00:00+03:00,0.01433,0.01432
2025-07-08 23:00:00+03:00,0.01432,0.0143
2025-07-09 01:00:00+03:00,0.0143,0.01431
2025-07-09 03:00:00+03:00,0.01432,0.01423
2025-07-09 05:00:00+03:00,0.01423,0.01427
2025-07-09 07:00:00+03:00,0.01428,0.01441
2025-07-09 09:00:00+03:00,0.01441,0.01448
2025-07-09 11:00:00+03:00,0.01449,0.01446
2025-07-09 13:00:00+03:00,0.01447,0.01451
2025-07-09 15:00:00+03:00,0.01451,0.01458
2025-07-09 17:00:00+03:00,0.01457,0.01456
2025-07-09 19:00:00+03:00,0.01456,0.01455
2025-07-09 21:00:00+03:00,0.01455,0.01478
2025-07-09 23:00:00+03:00,0.01478,0.01489
2025-07-10 01:00:00+03:00,0.01489,0.01486
2025-07-10 03:00:00+03:00,0.01486,0.01482
2025-07-10 05:00:00+03:00,0.01482,0.01484
2025-07-10 07:00:00+03:00,0.01485,0.01484
2025-07-10 09:00:00+03:00,0.01483,0.01486
2025-07-10 11:00:00+03:00,0.01487,0.01486
2025-07-10 13:00:00+03:00,0.01487,0.01482
2025-07-10 15:00:00+03:00,0.01482,0.0148
2025-07-10 17:00:00+03:00,0.0148,0.01474
2025-07-10 19:00:00+03:00,0.01474,0.01516
2025-07-10 21:00:00+03:00,0.01516,0.0151
2025-07-10 23:00:00+03:00,0.01511,0.01556
2025-07-11 01:00:00+03:00,0.01555,0.01572
2025-07-11 03:00:00+03:00,0.01572,0.0158
2025-07-11 05:00:00+03:00,0.0158,0.01587
2025-07-11 07:00:00+03:00,0.01586,0.01613
2025-07-11 09:00:00+03:00,0.01613,0.01585
2025-07-11 11:00:00+03:00,0.01586,0.01618
2025-07-11 13:00:00+03:00,0.01617,0.0161
2025-07-11 15:00:00+03:00,0.0161,0.01634
2025-07-11 17:00:00+03:00,0.01635,0.01603
2025-07-11 19:00:00+03:00,0.01604,0.01629
2025-07-11 21:00:00+03:00,0.0163,0.01634
2025-07-11 23:00:00+03:00,0.01635,0.016
2025-07-12 01:00:00+03:00,0.016,0.01584
2025-07-12 03:00:00+03:00,0.01584,0.0161
2025-07-12 05:00:00+03:00,0.01609,0.01623
2025-07-12 07:00:00+03:00,0.01623,0.01659
2025-07-12 09:00:00+03:00,0.01658,0.01712
2025-07-12 11:00:00+03:00,0.01713,0.01679
2025-07-12 13:00:00+03:00,0.0168,0.01686
2025-07-12 15:00:00+03:00,0.01685,0.01642
2025-07-12 17:00:00+03:00,0.01642,0.01613
2025-07-12 19:00:00+03:00,0.01614,0.01648
2025-07-12 21:00:00+03:00,0.01648,0.01657
2025-07-12 23:00:00+03:00,0.01657,0.01656
2025-07-13 01:00:00+03:00,0.01656,0.01666
2025-07-13 03:00:00+03:00,0.01667,0.01652
2025-07-13 05:00:00+03:00,0.01653,0.01649
2025-07-13 07:00:00+03:00,0.01649,0.0166
2025-07-13 09:00:00+03:00,0.0166,0.01675
2025-07-13 11:00:00+03:00,0.01675,0.01644
2025-07-13 13:00:00+03:00,0.01644,0.01665
2025-07-13 15:00:00+03:00,0.01666,0.01689
2025-07-13 17:00:00+03:00,0.01689,0.017
2025-07-13 19:00:00+03:00,0.01699,0.01694
2025-07-13 21:00:00+03:00,0.01694,0.01698
2025-07-13 23:00:00+03:00,0.01698,0.0167
2025-07-14 01:00:00+03:00,0.01671,0.01683
2025-07-14 03:00:00+03:00,0.01682,0.01702
2025-07-14 05:00:00+03:00,0.01701,0.01724
2025-07-14 07:00:00+03:00,0.01724,0.01712
2025-07-14 09:00:00+03:00,0.01711,0.01728
2025-07-14 11:00:00+03:00,0.01729,0.0172
2025-07-14 13:00:00+03:00,0.0172,0.01703
2025-07-14 15:00:00+03:00,0.01704,0.01707
2025-07-14 17:00:00+03:00,0.01706,0.01669
2025-07-14 19:00:00+03:00,0.01669,0.0167
2025-07-14 21:00:00+03:00,0.0167,0.01659
2025-07-14 23:00:00+03:00,0.01659,0.01673
2025-07-15 01:00:00+03:00,0.01672,0.01672
2025-07-15 03:00:00+03:00,0.01672,0.01643
2025-07-15 05:00:00+03:00,0.01643,0.01627
2025-07-15 07:00:00+03:00,0.01628,0.01642
2025-07-15 09:00:00+03:00,0.01642,0.01641
2025-07-15 11:00:00+03:00,0.0164,0.01642
2025-07-15 13:00:00+03:00,0.01642,0.01643
2025-07-15 15:00:00+03:00,0.01644,0.01664
2025-07-15 17:00:00+03:00,0.01665,0.01664
2025-07-15 19:00:00+03:00,0.01663,0.017
2025-07-15 21:00:00+03:00,0.01699,0.0169
2025-07-15 23:00:00+03:00,0.0169,0.01718
2025-07-16 01:00:00+03:00,0.01719,0.01751
2025-07-16 03:00:00+03:00,0.0175,0.01743
2025-07-16 05:00:00+03:00,0.01742,0.01724
2025-07-16 07:00:00+03:00,0.01723,0.01731
2025-07-16 09:00:00+03:00,0.0173,0.01737
2025-07-16 11:00:00+03:00,0.01737,0.01735
2025-07-16 13:00:00+03:00,0.01735,0.01732
2025-07-16 15:00:00+03:00,0.01732,0.01729
2025-07-16 17:00:00+03:00,0.01728,0.01734
2025-07-16 19:00:00+03:00,0.01735,0.01752
2025-07-16 21:00:00+03:00,0.01753,0.0175
2025-07-16 23:00:00+03:00,0.0175,0.0177
2025-07-17 01:00:00+03:00,0.01771,0.0175
2025-07-17 03:00:00+03:00,0.01749,0.01729
2025-07-17 05:00:00+03:00,0.01728,0.01718
2025-07-17 07:00:00+03:00,0.01718,0.01742
2025-07-17 09:00:00+03:00,0.01743,0.01742
2025-07-17 11:00:00+03:00,0.01744,0.01767
2025-07-17 13:00:00+03:00,0.01767,0.01752
2025-07-17 15:00:00+03:00,0.01753,0.01743
2025-07-17 17:00:00+03:00,0.01744,0.01746
2025-07-17 19:00:00+03:00,0.01747,0.0173
2025-07-17 21:00:00+03:00,0.01731,0.01708
2025-07-17 23:00:00+03:00,0.01709,0.01736
2025-07-18 01:00:00+03:00,0.01735,0.01745
2025-07-18 03:00:00+03:00,0.01746,0.0179
2025-07-18 05:00:00+03:00,0.0179,0.01801
2025-07-18 07:00:00+03:00,0.01801,0.01839
2025-07-18 09:00:00+03:00,0.0184,0.01806
2025-07-18 11:00:00+03:00,0.01807,0.0182
2025-07-18 13:00:00+03:00,0.0182,0.01815
2025-07-18 15:00:00+03:00,0.01815,0.01822
2025-07-18 17:00:00+03:00,0.01822,0.01777
2025-07-18 19:00:00+03:00,0.01777,0.01803
2025-07-18 21:00:00+03:00,0.01803,0.01789
2025-07-18 23:00:00+03:00,0.01789,0.01777
2025-07-19 01:00:00+03:00,0.01778,0.01785
2025-07-19 03:00:00+03:00,0.01786,0.01755
2025-07-19 05:00:00+03:00,0.01755,0.0178
2025-07-19 07:00:00+03:00,0.0178,0.01779
2025-07-19 09:00:00+03:00,0.01778,0.01768
2025-07-19 11:00:00+03:00,0.01768,0.01758
2025-07-19 13:00:00+03:00,0.01758,0.01749
2025-07-19 15:00:00+03:00,0.0175,0.01741
2025-07-19 17:00:00+03:00,0.01742,0.01739
2025-07-19 19:00:00+03:00,0.01738,0.01743
2025-07-19 21:00:00+03:00,0.01742,0.01778
2025-07-19 23:00:00+03:00,0.01778,0.01775
2025-07-20 01:00:00+03:00,0.01774,0.01794
2025-07-20 03:00:00+03:00,0.01794,0.01793
2025-07-20 05:00:00+03:00,0.01793,0.01808
2025-07-20 07:00:00+03:00,0.01807,0.01818
2025-07-20 09:00:00+03:00,0.01817,0.01834
2025-07-20 11:00:00+03:00,0.01833,0.01877
2025-07-20 13:00:00+03:00,0.01878,0.01872
2025-07-20 15:00:00+03:00,0.01872,0.01877
2025-07-20 17:00:00+03:00,0.01878,0.01888
2025-07-20 19:00:00+03:00,0.01889,0.01886
2025-07-20 21:00:00+03:00,0.01886,0.01892
2025-07-20 23:00:00+03:00,0.01892,0.01899
2025-07-21 01:00:00+03:00,0.01899,0.01878
2025-07-21 03:00:00+03:00,0.01879,0.01867
2025-07-21 05:00:00+03:00,0.01868,0.01902
2025-07-21 07:00:00+03:00,0.01903,0.01903
2025-07-21 09:00:00+03:00,0.01904,0.01908
2025-07-21 11:00:00+03:00,0.01908,0.01914
2025-07-21 13:00:00+03:00,0.01913,0.01919
2025-07-21 15:00:00+03:00,0.01918,0.01917
2025-07-21 17:00:00+03:00,0.01918,0.01906
2025-07-21 19:00:00+03:00,0.01907,0.01903
2025-07-21 21:00:00+03:00,0.01903,0.01877
2025-07-21 23:00:00+03:00,0.01876,0.01892
2025-07-22 01:00:00+03:00,0.01891,0.0191
2025-07-22 03:00:00+03:00,0.0191,0.01901
2025-07-22 05:00:00+03:00,0.01901,0.01867
2025-07-22 07:00:00+03:00,0.01868,0.01841
2025-07-22 09:00:00+03:00,0.01842,0.01852
2025-07-22 11:00:00+03:00,0.01852,0.01846
2025-07-22 13:00:00+03:00,0.01846,0.01875
2025-07-22 15:00:00+03:00,0.01874,0.0185
2025-07-22 17:00:00+03:00,0.0185,0.01864
2025-07-22 19:00:00+03:00,0.01864,0.01863
2025-07-22 21:00:00+03:00,0.01864,0.01855
2025-07-22 23:00:00+03:00,0.01854,0.01883
2025-07-23 01:00:00+03:00,0.01883,0.01895
2025-07-23 03:00:00+03:00,0.01894,0.01866
2025-07-23 05:00:00+03:00,0.01866,0.01873
2025-07-23 07:00:00+03:00,0.01873,0.01888
2025-07-23 09:00:00+03:00,0.01889,0.01862
2025-07-23 11:00:00+03:00,0.01862,0.01844
2025-07-23 13:00:00+03:00,0.01845,0.01853
2025-07-23 15:00:00+03:00,0.01852,0.01774
2025-07-23 17:00:00+03:00,0.01774,0.018
2025-07-23 19:00:00+03:00,0.018,0.01756
2025-07-23 21:00:00+03:00,0.01756,0.01756
2025-07-23 23:00:00+03:00,0.01757,0.01732
2025-07-24 01:00:00+03:00,0.01734,0.01741
2025-07-24 03:00:00+03:00,0.01742,0.01755
2025-07-24 05:00:00+03:00,0.01755,0.01739
2025-07-24 07:00:00+03:00,0.0174,0.01659
2025-07-24 09:00:00+03:00,0.01658,0.01652
2025-07-24 11:00:00+03:00,0.01653,0.01679
2025-07-24 13:00:00+03:00,0.0168,0.01697
2025-07-24 15:00:00+03:00,0.01697,0.01671
2025-07-24 17:00:00+03:00,0.01672,0.01706
2025-07-24 19:00:00+03:00,0.01706,0.01714
2025-07-24 21:00:00+03:00,0.01715,0.01704
2025-07-24 23:00:00+03:00,0.01704,0.01707
2025-07-25 01:00:00+03:00,0.01708,0.0169
2025-07-25 03:00:00+03:00,0.0169,0.01689
2025-07-25 05:00:00+03:00,0.0169,0.01649
2025-07-25 07:00:00+03:00,0.0165,0.01647
2025-07-25 09:00:00+03:00,0.01647,0.0165
2025-07-25 11:00:00+03:00,0.01651,0.01693
2025-07-25 13:00:00+03:00,0.01693,0.01691
2025-07-25 15:00:00+03:00,0.01691,0.01697
2025-07-25 17:00:00+03:00,0.01696,0.01664
2025-07-25 19:00:00+03:00,0.01664,0.01665
2025-07-25 21:00:00+03:00,0.01666,0.01674
2025-07-25 23:00:00+03:00,0.01674,0.01709
2025-07-26 01:00:00+03:00,0.01709,0.01716
2025-07-26 03:00:00+03:00,0.01715,0.01708
2025-07-26 05:00:00+03:00,0.01708,0.01721
2025-07-26 07:00:00+03:00,0.01721,0.01707
2025-07-26 09:00:00+03:00,0.01706,0.01706
2025-07-26 11:00:00+03:00,0.01706,0.01724
2025-07-26 13:00:00+03:00,0.01725,0.01717
2025-07-26 15:00:00+03:00,0.01718,0.01717
2025-07-26 17:00:00+03:00,0.01716,0.01713
2025-07-26 19:00:00+03:00,0.01714,0.01713
2025-07-26 21:00:00+03:00,0.01714,0.01724
2025-07-26 23:00:00+03:00,0.01723,0.01713
2025-07-27 01:00:00+03:00,0.01713,0.01711
2025-07-27 03:00:00+03:00,0.0171,0.01715
2025-07-27 05:00:00+03:00,0.01715,0.01722
2025-07-27 07:00:00+03:00,0.01722,0.01727
2025-07-27 09:00:00+03:00,0.01728,0.01773
2025-07-27 11:00:00+03:00,0.01773,0.01782
2025-07-27 13:00:00+03:00,0.01783,0.01751
2025-07-27 15:00:00+03:00,0.01751,0.0176
2025-07-27 17:00:00+03:00,0.0176,0.01752
2025-07-27 19:00:00+03:00,0.01752,0.01768
2025-07-27 21:00:00+03:00,0.01767,0.01758
2025-07-27 23:00:00+03:00,0.01758,0.01766
2025-07-28 01:00:00+03:00,0.01766,0.01777
2025-07-28 03:00:00+03:00,0.01778,0.01759
2025-07-28 05:00:00+03:00,0.0176,0.01782
2025-07-28 07:00:00+03:00,0.01781,0.01809
2025-07-28 09:00:00+03:00,0.01809,0.01801
2025-07-28 11:00:00+03:00,0.01801,0.01793
2025-07-28 13:00:00+03:00,0.01794,0.01776
2025-07-28 15:00:00+03:00,0.01776,0.01747
2025-07-28 17:00:00+03:00,0.01746,0.01711
2025-07-28 19:00:00+03:00,0.01712,0.01705
2025-07-28 21:00:00+03:00,0.01706,0.01691
2025-07-28 23:00:00+03:00,0.01691,0.01675
2025-07-29 01:00:00+03:00,0.01674,0.0167
2025-07-29 03:00:00+03:00,0.0167,0.01649
2025-07-29 05:00:00+03:00,0.01649,0.0166
2025-07-29 07:00:00+03:00,0.01661,0.01675
2025-07-29 09:00:00+03:00,0.01675,0.01706
2025-07-29 11:00:00+03:00,0.01706,0.01696
2025-07-29 13:00:00+03:00,0.01697,0.01679
2025-07-29 15:00:00+03:00,0.01679,0.01675
2025-07-29 17:00:00+03:00,0.01675,0.01654
2025-07-29 19:00:00+03:00,0.01654,0.01649
2025-07-29 21:00:00+03:00,0.01649,0.01641
2025-07-29 23:00:00+03:00,0.01641,0.01658
2025-07-30 01:00:00+03:00,0.01657,0.01659
2025-07-30 03:00:00+03:00,0.01659,0.01643
2025-07-30 05:00:00+03:00,0.01643,0.01639
2025-07-30 07:00:00+03:00,0.0164,0.01634
2025-07-30 09:00:00+03:00,0.01634,0.01622
2025-07-30 11:00:00+03:00,0.01623,0.01613
2025-07-30 13:00:00+03:00,0.01614,0.01594
2025-07-30 15:00:00+03:00,0.01595,0.01597
2025-07-30 17:00:00+03:00,0.01597,0.01622
2025-07-30 19:00:00+03:00,0.01623,0.01632
2025-07-30 21:00:00+03:00,0.01632,0.01622
2025-07-30 23:00:00+03:00,0.01622,0.01613
2025-07-31 01:00:00+03:00,0.01614,0.01635
2025-07-31 03:00:00+03:00,0.01634,0.01656
2025-07-31 05:00:00+03:00,0.01656,0.01684
2025-07-31 07:00:00+03:00,0.01684,0.01676
2025-07-31 09:00:00+03:00,0.01675,0.0169
2025-07-31 11:00:00+03:00,0.0169,0.01681
2025-07-31 13:00:00+03:00,0.01682,0.01679
2025-07-31 15:00:00+03:00,0.01678,0.01635
2025-07-31 17:00:00+03:00,0.01636,0.01636
2025-07-31 19:00:00+03:00,0.01636,0.01645
2025-07-31 21:00:00+03:00,0.01645,0.01634
2025-07-31 23:00:00+03:00,0.01633,0.01619
2025-08-01 01:00:00+03:00,0.0162,0.01606
2025-08-01 03:00:00+03:00,0.01606,0.0158
2025-08-01 05:00:00+03:00,0.01579,0.01592
2025-08-01 07:00:00+03:00,0.01591,0.01572
2025-08-01 09:00:00+03:00,0.01573,0.0156
2025-08-01 11:00:00+03:00,0.0156,0.01546
2025-08-01 13:00:00+03:00,0.01547,0.01567
2025-08-01 15:00:00+03:00,0.01568,0.01542
2025-08-01 17:00:00+03:00,0.01541,0.01575
2025-08-01 19:00:00+03:00,0.01574,0.01554
2025-08-01 21:00:00+03:00,0.01554,0.01567
2025-08-01 23:00:00+03:00,0.01566,0.01566
2025-08-02 01:00:00+03:00,0.01566,0.01537
2025-08-02 03:00:00+03:00,0.01537,0.01561
2025-08-02 05:00:00+03:00,0.01561,0.01558
2025-08-02 07:00:00+03:00,0.01559,0.0156
2025-08-02 09:00:00+03:00,0.0156,0.01546
2025-08-02 11:00:00+03:00,0.01545,0.01539
2025-08-02 13:00:00+03:00,0.01538,0.0153
2025-08-02 15:00:00+03:00,0.01529,0.01526
2025-08-02 17:00:00+03:00,0.01525,0.015
2025-08-02 19:00:00+03:00,0.01501,0.01484
2025-08-02 21:00:00+03:00,0.01484,0.01479
2025-08-02 23:00:00+03:00,0.01479,0.01498
2025-08-03 01:00:00+03:00,0.01497,0.01502
2025-08-03 03:00:00+03:00,0.01502,0.01509
2025-08-03 05:00:00+03:00,0.01509,0.01519
2025-08-03 07:00:00+03:00,0.01519,0.01516
2025-08-03 09:00:00+03:00,0.01516,0.0152
2025-08-03 11:00:00+03:00,0.0152,0.01523
2025-08-03 13:00:00+03:00,0.01523,0.01539
2025-08-03 15:00:00+03:00,0.0154,0.01536
2025-08-03 17:00:00+03:00,0.01536,0.01535
2025-08-03 19:00:00+03:00,0.01535,0.01531
2025-08-03 21:00:00+03:00,0.01531,0.01531
2025-08-03 23:00:00+03:00,0.01532,0.01538
2025-08-04 01:00:00+03:00,0.01538,0.01532
2025-08-04 03:00:00+03:00,0.01531,0.01541
2025-08-04 05:00:00+03:00,0.01541,0.01544
2025-08-04 07:00:00+03:00,0.01545,0.0154
2025-08-04 09:00:00+03:00,0.01541,0.01556
2025-08-04 11:00:00+03:00,0.01556,0.01546
2025-08-04 13:00:00+03:00,0.01546,0.01549
2025-08-04 15:00:00+03:00,0.01548,0.01565
2025-08-04 17:00:00+03:00,0.01566,0.0157
2025-08-04 19:00:00+03:00,0.01569,0.01587
2025-08-04 21:00:00+03:00,0.01587,0.01572
2025-08-04 23:00:00+03:00,0.01572,0.01589
2025-08-05 01:00:00+03:00,0.0159,0.01597
2025-08-05 03:00:00+03:00,0.01598,0.01593
2025-08-05 05:00:00+03:00,0.01593,0.0157
2025-08-05 07:00:00+03:00,0.0157,0.01574
2025-08-05 09:00:00+03:00,0.01573,0.01559
2025-08-05 11:00:00+03:00,0.01559,0.01579
2025-08-05 13:00:00+03:00,0.01579,0.0159
2025-08-05 15:00:00+03:00,0.0159,0.01581
2025-08-05 17:00:00+03:00,0.01579,0.01536
2025-08-05 19:00:00+03:00,0.01536,0.01555
2025-08-05 21:00:00+03:00,0.01554,0.01528
2025-08-05 23:00:00+03:00,0.01527,0.01522
2025-08-06 01:00:00+03:00,0.01522,0.01545
2025-08-06 03:00:00+03:00,0.01545,0.01523
2025-08-06 05:00:00+03:00,0.01522,0.01507
2025-08-06 07:00:00+03:00,0.01507,0.0153
2025-08-06 09:00:00+03:00,0.01531,0.01544
2025-08-06 11:00:00+03:00,0.01545,0.0154
2025-08-06 13:00:00+03:00,0.0154,0.01534
2025-08-06 15:00:00+03:00,0.01535,0.01533
2025-08-06 17:00:00+03:00,0.01533,0.01567
2025-08-06 19:00:00+03:00,0.01567,0.01569
2025-08-06 21:00:00+03:00,0.01569,0.01567
2025-08-06 23:00:00+03:00,0.01568,0.01567
2025-08-07 01:00:00+03:00,0.01567,0.01569
2025-08-07 03:00:00+03:00,0.01568,0.01569
2025-08-07 05:00:00+03:00,0.01569,0.01561
2025-08-07 07:00:00+03:00,0.01561,0.01565
2025-08-07 09:00:00+03:00,0.01566,0.0157
2025-08-07 11:00:00+03:00,0.01571,0.01571
2025-08-07 13:00:00+03:00,0.01571,0.0161
2025-08-07 15:00:00+03:00,0.0161,0.01604
2025-08-07 17:00:00+03:00,0.01605,0.01598
2025-08-07 19:00:00+03:00,0.01598,0.01588
2025-08-07 21:00:00+03:00,0.01588,0.01595
2025-08-07 23:00:00+03:00,0.01595,0.01604
2025-08-08 01:00:00+03:00,0.01604,0.01618
2025-08-08 03:00:00+03:00,0.01619,0.01622
2025-08-08 05:00:00+03:00,0.01621,0.01624
2025-08-08 07:00:00+03:00,0.01623,0.01613
2025-08-08 09:00:00+03:00,0.01613,0.0163
2025-08-08 11:00:00+03:00,0.0163,0.01633
2025-08-08 13:00:00+03:00,0.01632,0.01636
2025-08-08 15:00:00+03:00,0.01636,0.01645
2025-08-08 17:00:00+03:00,0.01646,0.01622
2025-08-08 19:00:00+03:00,0.01623,0.01654
2025-08-08 21:00:00+03:00,0.01653,0.0166
2025-08-08 23:00:00+03:00,0.0166,0.01655
2025-08-09 01:00:00+03:00,0.01654,0.01656
2025-08-09 03:00:00+03:00,0.01656,0.01661
2025-08-09 05:00:00+03:00,0.0166,0.0166
2025-08-09 07:00:00+03:00,0.01661,0.01692
2025-08-09 09:00:00+03:00,0.01692,0.01695
2025-08-09 11:00:00+03:00,0.01695,0.01701
2025-08-09 13:00:00+03:00,0.01702,0.01697
2025-08-09 15:00:00+03:00,0.01697,0.01684
2025-08-09 17:00:00+03:00,0.01683,0.01688
2025-08-09 19:00:00+03:00,0.01689,0.01695
2025-08-09 21:00:00+03:00,0.01695,0.01699
2025-08-09 23:00:00+03:00,0.01699,0.01697
2025-08-10 01:00:00+03:00,0.01698,0.01689
2025-08-10 03:00:00+03:00,0.01689,0.01708
2025-08-10 05:00:00+03:00,0.01708,0.01713
2025-08-10 07:00:00+03:00,0.01714,0.01689
2025-08-10 09:00:00+03:00,0.0169,0.01656
2025-08-10 11:00:00+03:00,0.01655,0.01661
2025-08-10 13:00:00+03:00,0.01661,0.01644
2025-08-10 15:00:00+03:00,0.01644,0.01634
2025-08-10 17:00:00+03:00,0.01634,0.01658
2025-08-10 19:00:00+03:00,0.01658,0.01659
2025-08-10 21:00:00+03:00,0.01659,0.01674
2025-08-10 23:00:00+03:00,0.01674,0.01665
2025-08-11 01:00:00+03:00,0.01664,0.01668
2025-08-11 03:00:00+03:00,0.01668,0.01684
2025-08-11 05:00:00+03:00,0.01683,0.01703
2025-08-11 07:00:00+03:00,0.01703,0.01685
2025-08-11 09:00:00+03:00,0.01685,0.01652
2025-08-11 11:00:00+03:00,0.01652,0.01653
2025-08-11 13:00:00+03:00,0.01653,0.01604
2025-08-11 15:00:00+03:00,0.01605,0.01618
2025-08-11 17:00:00+03:00,0.01618,0.01628
2025-08-11 19:00:00+03:00,0.01628,0.01618
2025-08-11 21:00:00+03:00,0.01618,0.01608
2025-08-11 23:00:00+03:00,0.01607,0.01584
2025-08-12 01:00:00+03:00,0.01585,0.01581
2025-08-12 03:00:00+03:00,0.0158,0.01598
2025-08-12 05:00:00+03:00,0.01597,0.0159
2025-08-12 07:00:00+03:00,0.01591,0.01584
2025-08-12 09:00:00+03:00,0.01583,0.01593
2025-08-12 11:00:00+03:00,0.01592,0.01571
2025-08-12 13:00:00+03:00,0.01571,0.01573
2025-08-12 15:00:00+03:00,0.01572,0.01597
2025-08-12 17:00:00+03:00,0.01597,0.01639
2025-08-12 19:00:00+03:00,0.01638,0.01661
2025-08-12 21:00:00+03:00,0.01661,0.01665
2025-08-12 23:00:00+03:00,0.01665,0.0167
2025-08-13 01:00:00+03:00,0.01671,0.01673
2025-08-13 03:00:00+03:00,0.01673,0.01664
2025-08-13 05:00:00+03:00,0.01663,0.01683
2025-08-13 07:00:00+03:00,0.01683,0.01664
2025-08-13 09:00:00+03:00,0.01664,0.01675
2025-08-13 11:00:00+03:00,0.01674,0.01696
2025-08-13 13:00:00+03:00,0.01695,0.01694
2025-08-13 15:00:00+03:00,0.01695,0.01701
2025-08-13 17:00:00+03:00,0.017,0.01696
2025-08-13 19:00:00+03:00,0.01696,0.01711
2025-08-13 21:00:00+03:00,0.01711,0.01711
2025-08-13 23:00:00+03:00,0.0171,0.01706
2025-08-14 01:00:00+03:00,0.01706,0.01719
2025-08-14 03:00:00+03:00,0.0172,0.01723
2025-08-14 05:00:00+03:00,0.01723,0.01733
2025-08-14 07:00:00+03:00,0.01733,0.01721
2025-08-14 09:00:00+03:00,0.01721,0.01705
2025-08-14 11:00:00+03:00,0.01704,0.01695
2025-08-14 13:00:00+03:00,0.01695,0.01681
2025-08-14 15:00:00+03:00,0.01682,0.01609
2025-08-14 17:00:00+03:00,0.01609,0.0159
2025-08-14 19:00:00+03:00,0.0159,0.01574
2025-08-14 21:00:00+03:00,0.01574,0.01567
2025-08-14 23:00:00+03:00,0.01566,0.0155
2025-08-15 01:00:00+03:00,0.0155,0.01571
2025-08-15 03:00:00+03:00,0.0157,0.01581
2025-08-15 05:00:00+03:00,0.01581,0.01595
2025-08-15 07:00:00+03:00,0.01595,0.01596
2025-08-15 09:00:00+03:00,0.01597,0.01602
2025-08-15 11:00:00+03:00,0.01602,0.01585
2025-08-15 13:00:00+03:00,0.01584,0.01586
2025-08-15 15:00:00+03:00,0.01584,0.01571
2025-08-15 17:00:00+03:00,0.01571,0.01524
2025-08-15 19:00:00+03:00,0.01524,0.01542
2025-08-15 21:00:00+03:00,0.01542,0.01529
2025-08-15 23:00:00+03:00,0.01529,0.01549
2025-08-16 01:00:00+03:00,0.01549,0.0156
2025-08-16 03:00:00+03:00,0.0156,0.01576
2025-08-16 05:00:00+03:00,0.01577,0.0157
2025-08-16 07:00:00+03:00,0.01571,0.01575
2025-08-16 09:00:00+03:00,0.01575,0.01581
2025-08-16 11:00:00+03:00,0.01582,0.01562
2025-08-16 13:00:00+03:00,0.01561,0.01563
2025-08-16 15:00:00+03:00,0.01563,0.01567
2025-08-16 17:00:00+03:00,0.01568,0.01601
2025-08-16 19:00:00+03:00,0.016,0.01591
2025-08-16 21:00:00+03:00,0.01591,0.01599
2025-08-16 23:00:00+03:00,0.01598,0.01592
2025-08-17 01:00:00+03:00,0.01592,0.01604
2025-08-17 03:00:00+03:00,0.01604,0.01591
2025-08-17 05:00:00+03:00,0.01592,0.01602
2025-08-17 07:00:00+03:00,0.01603,0.01604
2025-08-17 09:00:00+03:00,0.01605,0.01604
2025-08-17 11:00:00+03:00,0.01605,0.01612
2025-08-17 13:00:00+03:00,0.01612,0.01614
2025-08-17 15:00:00+03:00,0.01614,0.01607
2025-08-17 17:00:00+03:00,0.01606,0.01622
2025-08-17 19:00:00+03:00,0.01623,0.01606
2025-08-17 21:00:00+03:00,0.01607,0.01582
2025-08-17 23:00:00+03:00,0.01583,0.01581
2025-08-18 01:00:00+03:00,0.01582,0.01583
2025-08-18 03:00:00+03:00,0.01584,0.01554
2025-08-18 05:00:00+03:00,0.01554,0.01531
2025-08-18 07:00:00+03:00,0.01531,0.01542
2025-08-18 09:00:00+03:00,0.01542,0.01519
2025-08-18 11:00:00+03:00,0.01519,0.01524
2025-08-18 13:00:00+03:00,0.01525,0.01527
2025-08-18 15:00:00+03:00,0.01526,0.01525
2025-08-18 17:00:00+03:00,0.01526,0.01544
2025-08-18 19:00:00+03:00,0.01544,0.01545
2025-08-18 21:00:00+03:00,0.01546,0.01548
2025-08-18 23:00:00+03:00,0.01549,0.01555
2025-08-19 01:00:00+03:00,0.01555,0.01544
2025-08-19 03:00:00+03:00,0.01545,0.01547
2025-08-19 05:00:00+03:00,0.01548,0.01523
2025-08-19 07:00:00+03:00,0.01523,0.01531
2025-08-19 09:00:00+03:00,0.01532,0.01527
2025-08-19 11:00:00+03:00,0.01526,0.01556
2025-08-19 13:00:00+03:00,0.01556,0.01565
2025-08-19 15:00:00+03:00,0.01565,0.0155
2025-08-19 17:00:00+03:00,0.01551,0.0153
2025-08-19 19:00:00+03:00,0.0153,0.01523
2025-08-19 21:00:00+03:00,0.01523,0.01513
2025-08-19 23:00:00+03:00,0.01514,0.01521
2025-08-20 01:00:00+03:00,0.01521,0.01503
2025-08-20 03:00:00+03:00,0.01504,0.01508
2025-08-20 05:00:00+03:00,0.01509,0.01517
2025-08-20 07:00:00+03:00,0.01518,0.01532
2025-08-20 09:00:00+03:00,0.01531,0.01524
2025-08-20 11:00:00+03:00,0.01524,0.01538
2025-08-20 13:00:00+03:00,0.01537,0.01536
2025-08-20 15:00:00+03:00,0.01537,0.01514
2025-08-20 17:00:00+03:00,0.01512,0.01544
2025-08-20 19:00:00+03:00,0.01545,0.01562
2025-08-20 21:00:00+03:00,0.01563,0.01574
2025-08-20 23:00:00+03:00,0.01574,0.01576
2025-08-21 01:00:00+03:00,0.01576,0.01574
2025-08-21 03:00:00+03:00,0.01574,0.01575
2025-08-21 05:00:00+03:00,0.01575,0.01567
2025-08-21 07:00:00+03:00,0.01566,0.01567
2025-08-21 09:00:00+03:00,0.01568,0.01555
2025-08-21 11:00:00+03:00,0.01555,0.01535
2025-08-21 13:00:00+03:00,0.01535,0.01537
2025-08-21 15:00:00+03:00,0.01537,0.01533
2025-08-21 17:00:00+03:00,0.01533,0.0152
2025-08-21 19:00:00+03:00,0.0152,0.01522
2025-08-21 21:00:00+03:00,0.01522,0.01517
2025-08-21 23:00:00+03:00,0.01517,0.01529
2025-08-22 01:00:00+03:00,0.01529,0.01526
2025-08-22 03:00:00+03:00,0.01526,0.01524
2025-08-22 05:00:00+03:00,0.01524,0.01517
2025-08-22 07:00:00+03:00,0.01516,0.01521
2025-08-22 09:00:00+03:00,0.01519,0.01518
2025-08-22 11:00:00+03:00,0.01517,0.01514
2025-08-22 13:00:00+03:00,0.01515,0.01492
2025-08-22 15:00:00+03:00,0.01492,0.01485
2025-08-22 17:00:00+03:00,0.01485,0.01574
2025-08-22 19:00:00+03:00,0.01575,0.01609
2025-08-22 21:00:00+03:00,0.01609,0.01616
2025-08-22 23:00:00+03:00,0.01617,0.01628
2025-08-23 01:00:00+03:00,0.01629,0.01632
2025-08-23 03:00:00+03:00,0.01632,0.01618
2025-08-23 05:00:00+03:00,0.01618,0.01601
2025-08-23 07:00:00+03:00,0.016,0.01633
2025-08-23 09:00:00+03:00,0.01634,0.01615
2025-08-23 11:00:00+03:00,0.01615,0.01619
2025-08-23 13:00:00+03:00,0.01619,0.01612
2025-08-23 15:00:00+03:00,0.01613,0.01605
2025-08-23 17:00:00+03:00,0.01606,0.01606
2025-08-23 19:00:00+03:00,0.01606,0.01611
2025-08-23 21:00:00+03:00,0.01611,0.01624
2025-08-23 23:00:00+03:00,0.01624,0.01617
2025-08-24 01:00:00+03:00,0.01618,0.01625
2025-08-24 03:00:00+03:00,0.01624,0.01614
2025-08-24 05:00:00+03:00,0.01615,0.01607
2025-08-24 07:00:00+03:00,0.01607,0.01599
2025-08-24 09:00:00+03:00,0.01598,0.0158
2025-08-24 11:00:00+03:00,0.0158,0.01584
2025-08-24 13:00:00+03:00,0.01585,0.0157
2025-08-24 15:00:00+03:00,0.01569,0.01579
2025-08-24 17:00:00+03:00,0.0158,0.0158
2025-08-24 19:00:00+03:00,0.01579,0.01602
2025-08-24 21:00:00+03:00,0.01602,0.01595
2025-08-24 23:00:00+03:00,0.01596,0.01582
2025-08-25 01:00:00+03:00,0.01582,0.01579
2025-08-25 03:00:00+03:00,0.01578,0.01581
2025-08-25 05:00:00+03:00,0.0158,0.0159
2025-08-25 07:00:00+03:00,0.01591,0.01556
2025-08-25 09:00:00+03:00,0.01556,0.01516
2025-08-25 11:00:00+03:00,0.01517,0.01523
2025-08-25 13:00:00+03:00,0.01522,0.01519
2025-08-25 15:00:00+03:00,0.01519,0.01517
2025-08-25 17:00:00+03:00,0.01517,0.01504
2025-08-25 19:00:00+03:00,0.01506,0.01496
2025-08-25 21:00:00+03:00,0.01497,0.01474
2025-08-25 23:00:00+03:00,0.01474,0.01437
2025-08-26 01:00:00+03:00,0.01438,0.01461
2025-08-26 03:00:00+03:00,0.0146,0.01471
2025-08-26 05:00:00+03:00,0.0147,0.01475
2025-08-26 07:00:00+03:00,0.01475,0.01483
2025-08-26 09:00:00+03:00,0.01484,0.01489
2025-08-26 11:00:00+03:00,0.0149,0.01486
2025-08-26 13:00:00+03:00,0.01486,0.01482
2025-08-26 15:00:00+03:00,0.01482,0.015
2025-08-26 17:00:00+03:00,0.015,0.01507
2025-08-26 19:00:00+03:00,0.01507,0.01527
2025-08-26 21:00:00+03:00,0.01527,0.01538
2025-08-26 23:00:00+03:00,0.01539,0.0154
2025-08-27 01:00:00+03:00,0.01541,0.01532
2025-08-27 03:00:00+03:00,0.01532,0.01519
2025-08-27 05:00:00+03:00,0.01519,0.01529
2025-08-27 07:00:00+03:00,0.01529,0.01532
2025-08-27 09:00:00+03:00,0.01531,0.01518
2025-08-27 11:00:00+03:00,0.01519,0.01521
2025-08-27 13:00:00+03:00,0.01521,0.01521
2025-08-27 15:00:00+03:00,0.01521,0.01518
2025-08-27 17:00:00+03:00,0.01518,0.01539
2025-08-27 19:00:00+03:00,0.0154,0.01544
2025-08-27 21:00:00+03:00,0.01543,0.01525
2025-08-27 23:00:00+03:00,0.01525,0.0153
2025-08-28 01:00:00+03:00,0.01531,0.01522
2025-08-28 03:00:00+03:00,0.01521,0.01537
2025-08-28 05:00:00+03:00,0.01536,0.0155
2025-08-28 07:00:00+03:00,0.01551,0.01558
2025-08-28 09:00:00+03:00,0.01559,0.01556
2025-08-28 11:00:00+03:00,0.01557,0.01552
2025-08-28 13:00:00+03:00,0.01552,0.0156
2025-08-28 15:00:00+03:00,0.01561,0.01568
2025-08-28 17:00:00+03:00,0.01569,0.01574
2025-08-28 19:00:00+03:00,0.01575,0.0156
2025-08-28 21:00:00+03:00,0.0156,0.0155
2025-08-28 23:00:00+03:00,0.0155,0.01563
2025-08-29 01:00:00+03:00,0.01564,0.01587
2025-08-29 03:00:00+03:00,0.01587,0.01561
2025-08-29 05:00:00+03:00,0.01561,0.01571
2025-08-29 07:00:00+03:00,0.01571,0.01568
2025-08-29 09:00:00+03:00,0.01568,0.01531
2025-08-29 11:00:00+03:00,0.01531,0.0152
2025-08-29 13:00:00+03:00,0.01519,0.01524
2025-08-29 15:00:00+03:00,0.01524,0.01519
2025-08-29 17:00:00+03:00,0.0152,0.01506
2025-08-29 19:00:00+03:00,0.01507,0.01492
2025-08-29 21:00:00+03:00,0.01493,0.01501
2025-08-29 23:00:00+03:00,0.01501,0.01511
2025-08-30 01:00:00+03:00,0.01512,0.01511
2025-08-30 03:00:00+03:00,0.01511,0.01485
2025-08-30 05:00:00+03:00,0.01486,0.01521
2025-08-30 07:00:00+03:00,0.01522,0.0152
2025-08-30 09:00:00+03:00,0.0152,0.01527
2025-08-30 11:00:00+03:00,0.01526,0.0152
2025-08-30 13:00:00+03:00,0.0152,0.01522
2025-08-30 15:00:00+03:00,0.01523,0.0151
2025-08-30 17:00:00+03:00,0.0151,0.01526
2025-08-30 19:00:00+03:00,0.01526,0.01518
2025-08-30 21:00:00+03:00,0.01517,0.01518
2025-08-30 23:00:00+03:00,0.01517,0.01518
2025-08-31 01:00:00+03:00,0.01517,0.01521
2025-08-31 03:00:00+03:00,0.01522,0.01546
2025-08-31 05:00:00+03:00,0.01546,0.01557
2025-08-31 07:00:00+03:00,0.01556,0.01542
2025-08-31 09:00:00+03:00,0.01542,0.01538
2025-08-31 11:00:00+03:00,0.01538,0.01541
2025-08-31 13:00:00+03:00,0.01541,0.01545
2025-08-31 15:00:00+03:00,0.01546,0.01535
2025-08-31 17:00:00+03:00,0.01534,0.01541
2025-08-31 19:00:00+03:00,0.01541,0.01535
2025-08-31 21:00:00+03:00,0.01535,0.01541
2025-08-31 23:00:00+03:00,0.01542,0.01548
2025-09-01 01:00:00+03:00,0.01548,0.01517
