open_time,open,close
2023-10-19 01:00:00+03:00,28252.9,28307.1
2023-10-19 03:00:00+03:00,28307.2,28223.2
2023-10-19 05:00:00+03:00,28223.1,28247.2
2023-10-19 07:00:00+03:00,28247.1,28298.5
2023-10-19 09:00:00+03:00,28298.5,28315.0
2023-10-19 11:00:00+03:00,28314.9,28384.6
2023-10-19 13:00:00+03:00,28384.6,28436.0
2023-10-19 15:00:00+03:00,28436.1,28463.4
2023-10-19 17:00:00+03:00,28463.4,28659.5
2023-10-19 19:00:00+03:00,28659.5,28532.9
2023-10-19 21:00:00+03:00,28532.9,28734.7
2023-10-19 23:00:00+03:00,28734.6,28590.0
2023-10-20 01:00:00+03:00,28590.1,28696.9
2023-10-20 03:00:00+03:00,28697.0,28642.5
2023-10-20 05:00:00+03:00,28642.4,29222.8
2023-10-20 07:00:00+03:00,29222.9,29209.7
2023-10-20 09:00:00+03:00,29209.6,29228.5
2023-10-20 11:00:00+03:00,29228.6,29785.9
2023-10-20 13:00:00+03:00,29786.0,29829.9
2023-10-20 15:00:00+03:00,29829.9,29635.9
2023-10-20 17:00:00+03:00,29635.8,29538.7
2023-10-20 19:00:00+03:00,29538.7,29504.1
2023-10-20 21:00:00+03:00,29504.2,29549.8
2023-10-20 23:00:00+03:00,29549.8,29597.8
2023-10-21 01:00:00+03:00,29597.9,29653.0
2023-10-21 03:00:00+03:00,29653.0,29521.1
2023-10-21 05:00:00+03:00,29521.1,29591.0
2023-10-21 07:00:00+03:00,29591.0,29564.5
2023-10-21 09:00:00+03:00,29564.5,29681.0
2023-10-21 11:00:00+03:00,29681.1,29829.7
2023-10-21 13:00:00+03:00,29829.7,29794.7
2023-10-21 15:00:00+03:00,29794.6,29761.8
2023-10-21 17:00:00+03:00,29761.8,29916.5
2023-10-21 19:00:00+03:00,29916.4,30132.4
2023-10-21 21:00:00+03:00,30132.5,30128.7
2023-10-21 23:00:00+03:00,30128.7,29971.9
2023-10-22 01:00:00+03:00,29971.9,29895.4
2023-10-22 03:00:00+03:00,29895.4,29917.1
2023-10-22 05:00:00+03:00,29917.2,29897.1
2023-10-22 07:00:00+03:00,29897.0,30103.3
2023-10-22 09:00:00+03:00,30103.3,29800.5
2023-10-22 11:00:00+03:00,29800.4,29864.0
2023-10-22 13:00:00+03:00,29864.0,29895.9
2023-10-22 15:00:00+03:00,29895.9,29933.1
2023-10-22 17:00:00+03:00,29933.0,29815.3
2023-10-22 19:00:00+03:00,29815.3,29903.4
2023-10-22 21:00:00+03:00,29903.3,29830.0
2023-10-22 23:00:00+03:00,29830.0,29740.5
2023-10-23 01:00:00+03:00,29740.5,29981.5
2023-10-23 03:00:00+03:00,29981.4,30336.6
2023-10-23 05:00:00+03:00,30336.7,30724.0
2023-10-23 07:00:00+03:00,30723.9,30771.5
2023-10-23 09:00:00+03:00,30771.5,30508.0
2023-10-23 11:00:00+03:00,30508.0,30466.9
2023-10-23 13:00:00+03:00,30466.8,30644.4
2023-10-23 15:00:00+03:00,30644.4,30590.8
2023-10-23 17:00:00+03:00,30590.9,30864.1
2023-10-23 19:00:00+03:00,30864.1,30964.0
2023-10-23 21:00:00+03:00,30964.1,31339.9
2023-10-23 23:00:00+03:00,31340.3,31618.7
2023-10-24 01:00:00+03:00,31618.7,33074.0
2023-10-24 03:00:00+03:00,33074.0,34182.3
2023-10-24 05:00:00+03:00,34182.2,34071.1
2023-10-24 07:00:00+03:00,34071.1,33902.4
2023-10-24 09:00:00+03:00,33902.3,34025.9
2023-10-24 11:00:00+03:00,34025.8,34344.9
2023-10-24 13:00:00+03:00,34344.9,34550.0
2023-10-24 15:00:00+03:00,34549.9,34434.4
2023-10-24 17:00:00+03:00,34434.5,33674.0
2023-10-24 19:00:00+03:00,33673.9,33785.9
2023-10-24 21:00:00+03:00,33785.9,33792.0
2023-10-24 23:00:00+03:00,33792.0,34123.3
2023-10-25 01:00:00+03:00,34123.3,33917.0
2023-10-25 03:00:00+03:00,33917.0,34195.4
2023-10-25 05:00:00+03:00,34195.3,34003.6
2023-10-25 07:00:00+03:00,34003.7,34011.5
2023-10-25 09:00:00+03:00,34011.5,33853.4
2023-10-25 11:00:00+03:00,33853.4,34100.2
2023-10-25 13:00:00+03:00,34100.1,34195.5
2023-10-25 15:00:00+03:00,34195.5,34483.2
2023-10-25 17:00:00+03:00,34483.1,34841.4
2023-10-25 19:00:00+03:00,34841.5,34652.9
2023-10-25 21:00:00+03:00,34652.9,34732.1
2023-10-25 23:00:00+03:00,34732.0,34549.7
2023-10-26 01:00:00+03:00,34549.7,34487.7
2023-10-26 03:00:00+03:00,34487.8,34675.3
2023-10-26 05:00:00+03:00,34675.3,34783.3
2023-10-26 07:00:00+03:00,34783.4,34518.7
2023-10-26 09:00:00+03:00,34518.7,34648.7
2023-10-26 11:00:00+03:00,34648.6,34428.4
2023-10-26 13:00:00+03:00,34428.4,34104.2
2023-10-26 15:00:00+03:00,34104.1,34167.4
2023-10-26 17:00:00+03:00,34167.4,34050.0
2023-10-26 19:00:00+03:00,34050.1,33960.0
2023-10-26 21:00:00+03:00,33960.1,34052.1
2023-10-26 23:00:00+03:00,34052.2,34124.7
2023-10-27 01:00:00+03:00,34124.6,34154.0
2023-10-27 03:00:00+03:00,34154.0,33849.0
2023-10-27 05:00:00+03:00,33849.0,34124.0
2023-10-27 07:00:00+03:00,34124.1,34087.2
2023-10-27 09:00:00+03:00,34087.1,33954.0
2023-10-27 11:00:00+03:00,33954.0,34165.4
2023-10-27 13:00:00+03:00,34165.3,34055.3
2023-10-27 15:00:00+03:00,34055.1,34167.3
2023-10-27 17:00:00+03:00,34167.3,34010.9
2023-10-27 19:00:00+03:00,34010.8,33609.1
2023-10-27 21:00:00+03:00,33609.1,33705.5
2023-10-27 23:00:00+03:00,33705.6,33843.9
2023-10-28 01:00:00+03:00,33843.9,33893.1
2023-10-28 03:00:00+03:00,33893.2,33924.4
2023-10-28 05:00:00+03:00,33924.4,34068.5
2023-10-28 07:00:00+03:00,34068.5,34092.5
2023-10-28 09:00:00+03:00,34092.6,34057.2
2023-10-28 11:00:00+03:00,34057.2,34098.2
2023-10-28 13:00:00+03:00,34098.2,34182.5
2023-10-28 15:00:00+03:00,34182.5,34142.2
2023-10-28 17:00:00+03:00,34142.3,34199.9
2023-10-28 19:00:00+03:00,34200.0,34138.8
2023-10-28 21:00:00+03:00,34138.8,34118.3
2023-10-28 23:00:00+03:00,34118.3,34194.8
2023-10-29 01:00:00+03:00,34194.8,34086.6
2023-10-29 02:00:00+02:00,34086.7,34010.5
2023-10-29 04:00:00+02:00,34010.5,33981.0
2023-10-29 06:00:00+02:00,33981.0,34038.0
2023-10-29 08:00:00+02:00,34038.1,34086.0
2023-10-29 10:00:00+02:00,34086.1,34226.5
2023-10-29 12:00:00+02:00,34226.5,34272.6
2023-10-29 14:00:00+02:00,34272.6,34393.9
2023-10-29 16:00:00+02:00,34393.8,34462.5
2023-10-29 18:00:00+02:00,34462.6,34575.6
2023-10-29 20:00:00+02:00,34575.6,34571.5
2023-10-29 22:00:00+02:00,34571.6,34444.8
2023-10-30 00:00:00+02:00,34444.7,34528.6
2023-10-30 02:00:00+02:00,34528.6,34431.3
2023-10-30 04:00:00+02:00,34431.3,34276.5
2023-10-30 06:00:00+02:00,34276.6,34261.6
2023-10-30 08:00:00+02:00,34261.6,34191.7
2023-10-30 10:00:00+02:00,34191.8,34537.4
2023-10-30 12:00:00+02:00,34537.4,34627.9
2023-10-30 14:00:00+02:00,34627.8,34670.8
2023-10-30 16:00:00+02:00,34670.8,34664.5
2023-10-30 18:00:00+02:00,34664.5,34316.3
2023-10-30 20:00:00+02:00,34316.2,34440.0
2023-10-30 22:00:00+02:00,34440.0,34541.9
2023-10-31 00:00:00+02:00,34542.0,34483.8
2023-10-31 02:00:00+02:00,34483.8,34458.9
2023-10-31 04:00:00+02:00,34458.9,34219.9
2023-10-31 06:00:00+02:00,34219.9,34285.2
2023-10-31 08:00:00+02:00,34285.2,34151.9
2023-10-31 10:00:00+02:00,34151.9,34428.0
2023-10-31 12:00:00+02:00,34428.1,34504.0
2023-10-31 14:00:00+02:00,34504.1,34227.0
2023-10-31 16:00:00+02:00,34227.0,34290.2
2023-10-31 18:00:00+02:00,34290.3,34397.3
2023-10-31 20:00:00+02:00,34397.3,34553.5
2023-10-31 22:00:00+02:00,34553.6,34494.0
2023-11-01 00:00:00+02:00,34494.0,34651.4
2023-11-01 02:00:00+02:00,34651.4,34507.0
2023-11-01 04:00:00+02:00,34507.0,34430.0
2023-11-01 06:00:00+02:00,34429.9,34364.9
2023-11-01 08:00:00+02:00,34365.0,34463.9
2023-11-01 10:00:00+02:00,34464.0,34499.9
2023-11-01 12:00:00+02:00,34500.0,34442.9
2023-11-01 14:00:00+02:00,34442.9,34612.7
2023-11-01 16:00:00+02:00,34612.8,34296.9
2023-11-01 18:00:00+02:00,34296.9,34526.8
2023-11-01 20:00:00+02:00,34527.0,34564.3
2023-11-01 22:00:00+02:00,34564.1,35409.3
2023-11-02 00:00:00+02:00,35409.3,35437.4
2023-11-02 02:00:00+02:00,35437.5,35583.7
2023-11-02 04:00:00+02:00,35583.7,35578.0
2023-11-02 06:00:00+02:00,35577.9,35200.0
2023-11-02 08:00:00+02:00,35200.1,35280.7
2023-11-02 10:00:00+02:00,35280.6,35377.8
2023-11-02 12:00:00+02:00,35377.7,35377.5
2023-11-02 14:00:00+02:00,35377.6,34931.4
2023-11-02 16:00:00+02:00,34931.5,34645.2
2023-11-02 18:00:00+02:00,34645.1,34776.4
2023-11-02 20:00:00+02:00,34776.3,34998.2
2023-11-02 22:00:00+02:00,34998.2,34926.9
2023-11-03 00:00:00+02:00,34926.9,34940.1
2023-11-03 02:00:00+02:00,34940.1,34590.7
2023-11-03 04:00:00+02:00,34590.4,34680.0
2023-11-03 06:00:00+02:00,34680.1,34535.0
2023-11-03 08:00:00+02:00,34535.1,34470.0
2023-11-03 10:00:00+02:00,34469.9,34260.5
2023-11-03 12:00:00+02:00,34260.5,34265.5
2023-11-03 14:00:00+02:00,34265.5,34576.2
2023-11-03 16:00:00+02:00,34576.2,34759.5
2023-11-03 18:00:00+02:00,34759.5,34407.5
2023-11-03 20:00:00+02:00,34407.4,34518.1
2023-11-03 22:00:00+02:00,34518.1,34590.0
2023-11-04 00:00:00+02:00,34590.0,34700.4
2023-11-04 02:00:00+02:00,34700.5,34755.0
2023-11-04 04:00:00+02:00,34754.9,34699.9
2023-11-04 06:00:00+02:00,34700.0,34755.9
2023-11-04 08:00:00+02:00,34755.9,34759.1
2023-11-04 10:00:00+02:00,34759.2,34750.1
2023-11-04 12:00:00+02:00,34750.0,34706.2
2023-11-04 14:00:00+02:00,34706.2,34696.1
2023-11-04 16:00:00+02:00,34696.2,34709.8
2023-11-04 18:00:00+02:00,34709.9,34758.9
2023-11-04 20:00:00+02:00,34759.0,34721.2
2023-11-04 22:00:00+02:00,34721.1,34798.3
2023-11-05 00:00:00+02:00,34798.3,35069.7
2023-11-05 02:00:00+02:00,35069.7,35072.3
2023-11-05 04:00:00+02:00,35072.3,35292.1
2023-11-05 06:00:00+02:00,35292.4,35174.1
2023-11-05 08:00:00+02:00,35174.3,35175.4
2023-11-05 10:00:00+02:00,35175.5,35113.2
2023-11-05 12:00:00+02:00,35113.2,35103.5
2023-11-05 14:00:00+02:00,35103.6,34838.5
2023-11-05 16:00:00+02:00,34838.5,34893.9
2023-11-05 18:00:00+02:00,34893.9,35083.9
2023-11-05 20:00:00+02:00,35083.9,35001.3
2023-11-05 22:00:00+02:00,35001.2,34652.8
2023-11-06 00:00:00+02:00,34652.8,35025.5
2023-11-06 02:00:00+02:00,35025.5,34893.0
2023-11-06 04:00:00+02:00,34893.1,34992.9
2023-11-06 06:00:00+02:00,34992.9,34821.0
2023-11-06 08:00:00+02:00,34821.0,34918.5
2023-11-06 10:00:00+02:00,34918.5,35139.9
2023-11-06 12:00:00+02:00,35140.0,35253.1
2023-11-06 14:00:00+02:00,35253.1,35041.8
2023-11-06 16:00:00+02:00,35041.7,35094.5
2023-11-06 18:00:00+02:00,35094.5,34995.1
2023-11-06 20:00:00+02:00,34995.1,35076.7
2023-11-06 22:00:00+02:00,35076.7,35039.8
2023-11-07 00:00:00+02:00,35039.8,35057.4
2023-11-07 02:00:00+02:00,35057.5,34954.4
2023-11-07 04:00:00+02:00,34954.4,34932.0
2023-11-07 06:00:00+02:00,34931.9,34927.6
2023-11-07 08:00:00+02:00,34927.7,34947.3
2023-11-07 10:00:00+02:00,34947.3,34799.8
2023-11-07 12:00:00+02:00,34799.2,34633.3
2023-11-07 14:00:00+02:00,34633.3,34780.0
2023-11-07 16:00:00+02:00,34780.0,34728.4
2023-11-07 18:00:00+02:00,34728.5,34854.4
2023-11-07 20:00:00+02:00,34854.5,35473.4
2023-11-07 22:00:00+02:00,35473.5,35495.2
2023-11-08 00:00:00+02:00,35495.3,35406.5
2023-11-08 02:00:00+02:00,35406.5,35385.0
2023-11-08 04:00:00+02:00,35385.1,35287.8
2023-11-08 06:00:00+02:00,35287.8,35276.9
2023-11-08 08:00:00+02:00,35276.8,35239.6
2023-11-08 10:00:00+02:00,35239.5,35296.5
2023-11-08 12:00:00+02:00,35296.5,35336.7
2023-11-08 14:00:00+02:00,35336.7,35420.7
2023-11-08 16:00:00+02:00,35420.6,35231.3
2023-11-08 18:00:00+02:00,35231.4,35322.9
2023-11-08 20:00:00+02:00,35322.9,35630.9
2023-11-08 22:00:00+02:00,35630.8,35588.2
2023-11-09 00:00:00+02:00,35588.2,35626.7
2023-11-09 02:00:00+02:00,35626.7,35914.1
2023-11-09 04:00:00+02:00,35914.0,36455.5
2023-11-09 06:00:00+02:00,36455.5,36589.0
2023-11-09 08:00:00+02:00,36589.0,36550.6
2023-11-09 10:00:00+02:00,36550.6,36854.6
2023-11-09 12:00:00+02:00,36854.6,36816.9
2023-11-09 14:00:00+02:00,36816.9,37179.7
2023-11-09 16:00:00+02:00,37179.6,37141.5
2023-11-09 18:00:00+02:00,37141.5,36649.8
2023-11-09 20:00:00+02:00,36649.8,36399.5
2023-11-09 22:00:00+02:00,36399.4,36549.2
2023-11-10 00:00:00+02:00,36549.3,36719.5
2023-11-10 02:00:00+02:00,36719.6,36702.1
2023-11-10 04:00:00+02:00,36702.0,36754.9
2023-11-10 06:00:00+02:00,36754.9,36775.8
2023-11-10 08:00:00+02:00,36775.8,36480.2
2023-11-10 10:00:00+02:00,36480.3,36584.3
2023-11-10 12:00:00+02:00,36584.4,37098.9
2023-11-10 14:00:00+02:00,37098.9,36977.4
2023-11-10 16:00:00+02:00,36977.4,37118.4
2023-11-10 18:00:00+02:00,37092.6,37217.8
2023-11-10 20:00:00+02:00,37217.8,37253.5
2023-11-10 22:00:00+02:00,37253.6,37283.3
2023-11-11 00:00:00+02:00,37283.3,37330.4
2023-11-11 02:00:00+02:00,37330.3,37083.5
2023-11-11 04:00:00+02:00,37083.5,37064.2
2023-11-11 06:00:00+02:00,37064.2,37099.4
2023-11-11 08:00:00+02:00,37099.5,37030.5
2023-11-11 10:00:00+02:00,37030.5,37057.6
2023-11-11 12:00:00+02:00,37057.6,37014.1
2023-11-11 14:00:00+02:00,37014.1,37166.5
2023-11-11 16:00:00+02:00,37166.5,37071.5
2023-11-11 18:00:00+02:00,37071.5,37133.9
2023-11-11 20:00:00+02:00,37133.9,37177.9
2023-11-11 22:00:00+02:00,37177.8,37004.0
2023-11-12 00:00:00+02:00,37004.0,37162.1
2023-11-12 02:00:00+02:00,37162.1,36984.0
2023-11-12 04:00:00+02:00,36984.0,37016.5
2023-11-12 06:00:00+02:00,37016.4,37138.1
2023-11-12 08:00:00+02:00,37138.1,37154.1
2023-11-12 10:00:00+02:00,37154.1,37089.6
2023-11-12 12:00:00+02:00,37089.6,37087.7
2023-11-12 14:00:00+02:00,37087.6,37101.0
2023-11-12 16:00:00+02:00,37101.1,37178.3
2023-11-12 18:00:00+02:00,37178.3,37108.4
2023-11-12 20:00:00+02:00,37108.4,37134.0
2023-11-12 22:00:00+02:00,37134.0,37193.4
2023-11-13 00:00:00+02:00,37193.4,37085.5
2023-11-13 02:00:00+02:00,37085.6,37213.6
2023-11-13 04:00:00+02:00,37213.6,36941.3
2023-11-13 06:00:00+02:00,36941.2,36938.5
2023-11-13 08:00:00+02:00,36938.5,36982.5
2023-11-13 10:00:00+02:00,36982.5,37011.6
2023-11-13 12:00:00+02:00,37011.6,36838.3
2023-11-13 14:00:00+02:00,36837.5,36855.8
2023-11-13 16:00:00+02:00,36855.8,36871.7
2023-11-13 18:00:00+02:00,36871.7,36696.9
2023-11-13 20:00:00+02:00,36696.8,36877.6
2023-11-13 22:00:00+02:00,36877.6,36504.0
2023-11-14 00:00:00+02:00,36503.9,36486.2
2023-11-14 02:00:00+02:00,36486.2,36356.8
2023-11-14 04:00:00+02:00,36356.7,36473.0
2023-11-14 06:00:00+02:00,36473.1,36648.1
2023-11-14 08:00:00+02:00,36648.0,36705.5
2023-11-14 10:00:00+02:00,36705.5,36507.4
2023-11-14 12:00:00+02:00,36507.5,36288.8
2023-11-14 14:00:00+02:00,36288.9,36528.4
2023-11-14 16:00:00+02:00,36528.4,36168.7
2023-11-14 18:00:00+02:00,36168.8,36119.9
2023-11-14 20:00:00+02:00,36120.0,35305.9
2023-11-14 22:00:00+02:00,35306.0,35594.1
2023-11-15 00:00:00+02:00,35594.2,35559.0
2023-11-15 02:00:00+02:00,35559.1,35444.4
2023-11-15 04:00:00+02:00,35444.4,35408.4
2023-11-15 06:00:00+02:00,35408.5,35619.4
2023-11-15 08:00:00+02:00,35619.3,35597.4
2023-11-15 10:00:00+02:00,35597.8,35800.0
2023-11-15 12:00:00+02:00,35799.9,36254.4
2023-11-15 14:00:00+02:00,36254.5,36113.0
2023-11-15 16:00:00+02:00,36113.0,36412.1
2023-11-15 18:00:00+02:00,36412.2,36498.9
2023-11-15 20:00:00+02:00,36498.9,37527.4
2023-11-15 22:00:00+02:00,37527.4,37644.5
2023-11-16 00:00:00+02:00,37644.6,37885.6
2023-11-16 02:00:00+02:00,37885.5,37456.3
2023-11-16 04:00:00+02:00,37456.3,37479.9
2023-11-16 06:00:00+02:00,37479.8,37478.3
2023-11-16 08:00:00+02:00,37478.4,37460.7
2023-11-16 10:00:00+02:00,37460.6,37380.2
2023-11-16 12:00:00+02:00,37380.2,37272.1
2023-11-16 14:00:00+02:00,37272.0,36797.9
2023-11-16 16:00:00+02:00,36797.9,36423.1
2023-11-16 18:00:00+02:00,36423.3,36331.0
2023-11-16 20:00:00+02:00,36331.0,35936.5
2023-11-16 22:00:00+02:00,35936.4,35970.0
2023-11-17 00:00:00+02:00,35970.0,36176.0
2023-11-17 02:00:00+02:00,36176.0,36572.0
2023-11-17 04:00:00+02:00,36572.0,36496.0
2023-11-17 06:00:00+02:00,36495.9,36373.1
2023-11-17 08:00:00+02:00,36373.1,36252.0
2023-11-17 10:00:00+02:00,36251.9,36327.1
2023-11-17 12:00:00+02:00,36327.0,36383.8
2023-11-17 14:00:00+02:00,36383.9,36352.5
2023-11-17 16:00:00+02:00,36352.5,36059.0
2023-11-17 18:00:00+02:00,36059.1,36516.3
2023-11-17 20:00:00+02:00,36516.2,36336.2
2023-11-17 22:00:00+02:00,36336.3,36405.9
2023-11-18 00:00:00+02:00,36405.8,36621.9
2023-11-18 02:00:00+02:00,36621.9,36414.0
2023-11-18 04:00:00+02:00,36414.0,36384.9
2023-11-18 06:00:00+02:00,36385.0,36341.2
2023-11-18 08:00:00+02:00,36341.1,36429.0
2023-11-18 10:00:00+02:00,36429.0,36410.0
2023-11-18 12:00:00+02:00,36410.0,36417.0
2023-11-18 14:00:00+02:00,36417.0,36443.8
2023-11-18 16:00:00+02:00,36443.8,36671.9
2023-11-18 18:00:00+02:00,36672.0,36633.5
2023-11-18 20:00:00+02:00,36633.5,36688.4
2023-11-18 22:00:00+02:00,36688.4,36550.0
2023-11-19 00:00:00+02:00,36550.0,36580.9
2023-11-19 02:00:00+02:00,36580.9,36493.9
2023-11-19 04:00:00+02:00,36493.9,36527.7
2023-11-19 06:00:00+02:00,36527.6,36521.9
2023-11-19 08:00:00+02:00,36522.0,36624.0
2023-11-19 10:00:00+02:00,36624.0,36638.8
2023-11-19 12:00:00+02:00,36638.7,36459.1
2023-11-19 14:00:00+02:00,36459.0,36495.1
2023-11-19 16:00:00+02:00,36495.1,36575.1
2023-11-19 18:00:00+02:00,36575.1,36610.9
2023-11-19 20:00:00+02:00,36610.9,36961.9
2023-11-19 22:00:00+02:00,36962.0,37001.7
2023-11-20 00:00:00+02:00,37001.7,37375.9
2023-11-20 02:00:00+02:00,37375.8,37308.0
2023-11-20 04:00:00+02:00,37308.0,37131.9
2023-11-20 06:00:00+02:00,37132.0,37149.1
2023-11-20 08:00:00+02:00,37149.1,37261.1
2023-11-20 10:00:00+02:00,37261.0,37212.8
2023-11-20 12:00:00+02:00,37212.9,37161.0
2023-11-20 14:00:00+02:00,37160.9,37107.2
2023-11-20 16:00:00+02:00,37107.2,37475.1
2023-11-20 18:00:00+02:00,37475.0,37598.1
2023-11-20 20:00:00+02:00,37598.0,37584.5
2023-11-20 22:00:00+02:00,37584.5,37433.2
2023-11-21 00:00:00+02:00,37433.1,37462.5
2023-11-21 02:00:00+02:00,37462.6,37620.5
2023-11-21 04:00:00+02:00,37620.5,37485.4
2023-11-21 06:00:00+02:00,37485.4,37374.1
2023-11-21 08:00:00+02:00,37374.2,37297.1
2023-11-21 10:00:00+02:00,37297.1,37327.0
2023-11-21 12:00:00+02:00,37327.1,37189.5
2023-11-21 14:00:00+02:00,37189.6,37027.2
2023-11-21 16:00:00+02:00,37027.1,36975.9
2023-11-21 18:00:00+02:00,36975.8,36913.6
2023-11-21 20:00:00+02:00,36913.6,36989.9
2023-11-21 22:00:00+02:00,36989.9,36839.9
2023-11-22 00:00:00+02:00,36840.0,35737.0
2023-11-22 02:00:00+02:00,35737.0,36085.2
2023-11-22 04:00:00+02:00,36085.1,36378.8
2023-11-22 06:00:00+02:00,36378.8,36359.0
2023-11-22 08:00:00+02:00,36358.9,36430.7
2023-11-22 10:00:00+02:00,36430.7,36683.5
2023-11-22 12:00:00+02:00,36683.5,36465.9
2023-11-22 14:00:00+02:00,36465.8,36597.0
2023-11-22 16:00:00+02:00,36597.3,36480.5
2023-11-22 18:00:00+02:00,36480.6,36582.9
2023-11-22 20:00:00+02:00,36582.8,37297.0
2023-11-22 22:00:00+02:00,37296.9,37618.3
2023-11-23 00:00:00+02:00,37618.3,37413.4
2023-11-23 02:00:00+02:00,37413.5,37414.0
2023-11-23 04:00:00+02:00,37414.1,37311.0
2023-11-23 06:00:00+02:00,37311.0,37331.6
2023-11-23 08:00:00+02:00,37331.6,37378.5
2023-11-23 10:00:00+02:00,37378.5,37643.7
2023-11-23 12:00:00+02:00,37643.7,37378.2
2023-11-23 14:00:00+02:00,37378.1,37243.0
2023-11-23 16:00:00+02:00,37243.0,36954.1
2023-11-23 18:00:00+02:00,36954.1,37173.6
2023-11-23 20:00:00+02:00,37173.6,37282.3
2023-11-23 22:00:00+02:00,37282.4,37250.9
2023-11-24 00:00:00+02:00,37250.9,37294.3
2023-11-24 02:00:00+02:00,37294.4,37395.2
2023-11-24 04:00:00+02:00,37395.2,37314.0
2023-11-24 06:00:00+02:00,37314.0,37430.0
2023-11-24 08:00:00+02:00,37430.0,37531.1
2023-11-24 10:00:00+02:00,37531.1,37634.0
2023-11-24 12:00:00+02:00,37634.0,37749.7
2023-11-24 14:00:00+02:00,37749.8,37770.9
2023-11-24 16:00:00+02:00,37770.9,38217.3
2023-11-24 18:00:00+02:00,38217.3,37846.9
2023-11-24 20:00:00+02:00,37846.9,37758.5
2023-11-24 22:00:00+02:00,37758.5,37818.7
2023-11-25 00:00:00+02:00,37818.6,37706.3
2023-11-25 02:00:00+02:00,37706.3,37786.1
2023-11-25 04:00:00+02:00,37786.2,37790.9
2023-11-25 06:00:00+02:00,37791.0,37810.7
2023-11-25 08:00:00+02:00,37810.6,37795.0
2023-11-25 10:00:00+02:00,37795.0,37738.0
2023-11-25 12:00:00+02:00,37738.0,37645.0
2023-11-25 14:00:00+02:00,37645.0,37716.4
2023-11-25 16:00:00+02:00,37716.4,37697.8
2023-11-25 18:00:00+02:00,37697.7,37765.6
2023-11-25 20:00:00+02:00,37765.6,37805.9
2023-11-25 22:00:00+02:00,37806.0,37780.9
2023-11-26 00:00:00+02:00,37781.0,37766.6
2023-11-26 02:00:00+02:00,37766.7,37672.5
2023-11-26 04:00:00+02:00,37672.5,37721.0
2023-11-26 06:00:00+02:00,37721.1,37766.5
2023-11-26 08:00:00+02:00,37766.4,37773.5
2023-11-26 10:00:00+02:00,37773.5,37751.6
2023-11-26 12:00:00+02:00,37751.6,37663.0
2023-11-26 14:00:00+02:00,37662.9,37500.0
2023-11-26 16:00:00+02:00,37499.9,37418.0
2023-11-26 18:00:00+02:00,37418.0,37264.3
2023-11-26 20:00:00+02:00,37264.4,37360.0
2023-11-26 22:00:00+02:00,37360.1,37604.1
2023-11-27 00:00:00+02:00,37604.0,37437.9
2023-11-27 02:00:00+02:00,37437.9,37473.5
2023-11-27 04:00:00+02:00,37473.5,37295.8
2023-11-27 06:00:00+02:00,37295.8,37298.1
2023-11-27 08:00:00+02:00,37298.0,37272.1
2023-11-27 10:00:00+02:00,37272.0,37359.4
2023-11-27 12:00:00+02:00,37359.3,37023.3
2023-11-27 14:00:00+02:00,37023.3,36943.7
2023-11-27 16:00:00+02:00,36943.7,36743.2
2023-11-27 18:00:00+02:00,36743.3,36914.8
2023-11-27 20:00:00+02:00,36914.8,36868.6
2023-11-27 22:00:00+02:00,36868.5,37020.9
2023-11-28 00:00:00+02:00,37020.9,37234.3
2023-11-28 02:00:00+02:00,37234.4,37190.6
2023-11-28 04:00:00+02:00,37190.5,37119.9
2023-11-28 06:00:00+02:00,37119.9,36894.9
2023-11-28 08:00:00+02:00,36894.9,37087.2
2023-11-28 10:00:00+02:00,37087.2,37076.4
2023-11-28 12:00:00+02:00,37076.3,37250.1
2023-11-28 14:00:00+02:00,37250.0,37401.7
2023-11-28 16:00:00+02:00,37401.6,37502.2
2023-11-28 18:00:00+02:00,37502.1,38202.5
2023-11-28 20:00:00+02:00,38202.4,38105.0
2023-11-28 22:00:00+02:00,38104.7,37932.0
2023-11-29 00:00:00+02:00,37932.1,37812.1
2023-11-29 02:00:00+02:00,37812.0,37921.8
2023-11-29 04:00:00+02:00,37921.9,37938.1
2023-11-29 06:00:00+02:00,37938.1,38021.0
2023-11-29 08:00:00+02:00,38021.1,38095.7
2023-11-29 10:00:00+02:00,38095.7,38275.0
2023-11-29 12:00:00+02:00,38275.1,38098.6
2023-11-29 14:00:00+02:00,38098.6,38106.9
2023-11-29 16:00:00+02:00,38106.9,37817.6
2023-11-29 18:00:00+02:00,37817.6,37765.2
2023-11-29 20:00:00+02:00,37765.2,37861.1
2023-11-29 22:00:00+02:00,37861.0,37727.2
2023-11-30 00:00:00+02:00,37727.2,37837.1
2023-11-30 02:00:00+02:00,37837.2,37685.8
2023-11-30 04:00:00+02:00,37685.7,38034.5
2023-11-30 06:00:00+02:00,38034.4,37871.1
2023-11-30 08:00:00+02:00,37871.2,37783.2
2023-11-30 10:00:00+02:00,37783.1,37702.7
2023-11-30 12:00:00+02:00,37702.7,37867.1
2023-11-30 14:00:00+02:00,37867.1,37709.6
2023-11-30 16:00:00+02:00,37709.5,37614.0
2023-11-30 18:00:00+02:00,37613.9,37728.7
2023-11-30 20:00:00+02:00,37728.7,37745.3
2023-11-30 22:00:00+02:00,37745.4,37730.8
2023-12-01 00:00:00+02:00,37730.9,37716.8
2023-12-01 02:00:00+02:00,37716.9,37927.3
2023-12-01 04:00:00+02:00,37927.4,38030.2
2023-12-01 06:00:00+02:00,38030.1,38106.6
2023-12-01 08:00:00+02:00,38106.7,38234.9
2023-12-01 10:00:00+02:00,38234.9,38706.1
2023-12-01 12:00:00+02:00,38706.1,38578.0
2023-12-01 14:00:00+02:00,38578.0,38361.3
2023-12-01 16:00:00+02:00,38361.3,38401.5
2023-12-01 18:00:00+02:00,38401.4,38787.1
2023-12-01 20:00:00+02:00,38787.1,38750.1
2023-12-01 22:00:00+02:00,38750.0,38760.4
2023-12-02 00:00:00+02:00,38760.4,38660.0
2023-12-02 02:00:00+02:00,38659.9,38734.4
2023-12-02 04:00:00+02:00,38734.4,38767.5
2023-12-02 06:00:00+02:00,38767.4,38727.3
2023-12-02 08:00:00+02:00,38727.3,38683.9
2023-12-02 10:00:00+02:00,38683.9,38757.5
2023-12-02 12:00:00+02:00,38757.5,38722.8
2023-12-02 14:00:00+02:00,38722.8,38796.3
2023-12-02 16:00:00+02:00,38796.3,38787.0
2023-12-02 18:00:00+02:00,38786.9,38779.3
2023-12-02 20:00:00+02:00,38779.4,39416.4
2023-12-02 22:00:00+02:00,39416.4,39553.0
2023-12-03 00:00:00+02:00,39553.1,39435.0
2023-12-03 02:00:00+02:00,39435.1,39472.0
2023-12-03 04:00:00+02:00,39472.0,39376.0
2023-12-03 06:00:00+02:00,39376.0,39406.4
2023-12-03 08:00:00+02:00,39406.4,39474.1
2023-12-03 10:00:00+02:00,39474.1,39449.8
2023-12-03 12:00:00+02:00,39449.8,39471.4
2023-12-03 14:00:00+02:00,39471.3,39664.1
2023-12-03 16:00:00+02:00,39664.2,39758.5
2023-12-03 18:00:00+02:00,39758.5,39519.0
2023-12-03 20:00:00+02:00,39519.0,39555.1
2023-12-03 22:00:00+02:00,39555.2,39704.7
2023-12-04 00:00:00+02:00,39704.6,39979.7
2023-12-04 02:00:00+02:00,39979.8,40613.7
2023-12-04 04:00:00+02:00,40613.6,40720.7
2023-12-04 06:00:00+02:00,40720.6,41517.1
2023-12-04 08:00:00+02:00,41517.1,41471.9
2023-12-04 10:00:00+02:00,41471.9,41559.6
2023-12-04 12:00:00+02:00,41559.5,41605.9
2023-12-04 14:00:00+02:00,41605.9,41742.0
2023-12-04 16:00:00+02:00,41741.9,41280.8
2023-12-04 18:00:00+02:00,41280.9,41621.7
2023-12-04 20:00:00+02:00,41622.7,42001.0
2023-12-04 22:00:00+02:00,42000.9,42050.0
2023-12-05 00:00:00+02:00,42050.0,41993.1
2023-12-05 02:00:00+02:00,41993.1,41808.3
2023-12-05 04:00:00+02:00,41808.3,41832.0
2023-12-05 06:00:00+02:00,41832.0,41910.0
2023-12-05 08:00:00+02:00,41910.0,41534.2
2023-12-05 10:00:00+02:00,41534.3,41701.0
2023-12-05 12:00:00+02:00,41701.0,41730.9
2023-12-05 14:00:00+02:00,41730.9,41826.3
2023-12-05 16:00:00+02:00,41826.2,42266.7
2023-12-05 18:00:00+02:00,42266.8,43389.3
2023-12-05 20:00:00+02:00,43389.2,43834.0
2023-12-05 22:00:00+02:00,43834.0,43907.0
2023-12-06 00:00:00+02:00,43907.0,44081.7
2023-12-06 02:00:00+02:00,44081.7,43885.2
2023-12-06 04:00:00+02:00,43885.2,43757.7
2023-12-06 06:00:00+02:00,43757.6,43691.9
2023-12-06 08:00:00+02:00,43691.9,43697.1
2023-12-06 10:00:00+02:00,43697.1,43890.8
2023-12-06 12:00:00+02:00,43890.7,43853.3
2023-12-06 14:00:00+02:00,43853.4,44111.1
2023-12-06 16:00:00+02:00,44111.0,43795.3
2023-12-06 18:00:00+02:00,43795.3,43971.4
2023-12-06 20:00:00+02:00,43971.4,44008.8
2023-12-06 22:00:00+02:00,44008.8,43837.8
2023-12-07 00:00:00+02:00,43837.7,43774.8
2023-12-07 02:00:00+02:00,43775.1,43937.5
2023-12-07 04:00:00+02:00,43937.6,43941.3
2023-12-07 06:00:00+02:00,43941.4,44019.9
2023-12-07 08:00:00+02:00,44019.9,43899.4
2023-12-07 10:00:00+02:00,43899.4,43376.2
2023-12-07 12:00:00+02:00,43376.1,43206.4
2023-12-07 14:00:00+02:00,43206.4,43318.0
2023-12-07 16:00:00+02:00,43318.1,43679.8
2023-12-07 18:00:00+02:00,43680.0,43448.8
2023-12-07 20:00:00+02:00,43448.8,43239.2
2023-12-07 22:00:00+02:00,43239.2,43397.2
2023-12-08 00:00:00+02:00,43397.1,43296.0
2023-12-08 02:00:00+02:00,43296.0,43429.9
2023-12-08 04:00:00+02:00,43430.0,43402.8
2023-12-08 06:00:00+02:00,43402.7,43458.6
2023-12-08 08:00:00+02:00,43458.7,43184.5
2023-12-08 10:00:00+02:00,43184.6,43163.3
2023-12-08 12:00:00+02:00,43163.2,43687.3
2023-12-08 14:00:00+02:00,43687.3,43599.0
2023-12-08 16:00:00+02:00,43599.0,43778.5
2023-12-08 18:00:00+02:00,43778.6,43760.1
2023-12-08 20:00:00+02:00,43760.1,43967.6
2023-12-08 22:00:00+02:00,43967.7,44572.0
2023-12-09 00:00:00+02:00,44572.0,44209.5
2023-12-09 02:00:00+02:00,44209.6,44148.0
2023-12-09 04:00:00+02:00,44148.0,44175.0
2023-12-09 06:00:00+02:00,44175.0,44314.0
2023-12-09 08:00:00+02:00,44313.9,44220.6
2023-12-09 10:00:00+02:00,44220.7,43865.5
2023-12-09 12:00:00+02:00,43865.6,43838.3
2023-12-09 14:00:00+02:00,43838.2,44030.0
2023-12-09 16:00:00+02:00,44030.0,44088.0
2023-12-09 18:00:00+02:00,44088.0,43922.2
2023-12-09 20:00:00+02:00,43922.3,43954.8
2023-12-09 22:00:00+02:00,43954.8,44012.3
2023-12-10 00:00:00+02:00,44012.3,43734.3
2023-12-10 02:00:00+02:00,43734.2,43824.0
2023-12-10 04:00:00+02:00,43824.0,43870.7
2023-12-10 06:00:00+02:00,43870.8,43927.5
2023-12-10 08:00:00+02:00,43927.5,43995.8
2023-12-10 10:00:00+02:00,43995.8,43625.1
2023-12-10 12:00:00+02:00,43625.0,43760.1
2023-12-10 14:00:00+02:00,43760.1,43871.4
2023-12-10 16:00:00+02:00,43871.3,43945.4
2023-12-10 18:00:00+02:00,43945.3,43851.5
2023-12-10 20:00:00+02:00,43851.6,43819.5
2023-12-10 22:00:00+02:00,43819.5,43833.4
2023-12-11 00:00:00+02:00,43833.4,43810.0
2023-12-11 02:00:00+02:00,43810.1,43241.7
2023-12-11 04:00:00+02:00,43241.8,42312.8
2023-12-11 06:00:00+02:00,42312.7,42053.4
2023-12-11 08:00:00+02:00,42053.5,42128.0
2023-12-11 10:00:00+02:00,42128.1,42386.2
2023-12-11 12:00:00+02:00,42386.2,42346.6
2023-12-11 14:00:00+02:00,42346.6,42020.0
2023-12-11 16:00:00+02:00,42020.1,41824.7
2023-12-11 18:00:00+02:00,41824.6,41379.4
2023-12-11 20:00:00+02:00,41379.4,40799.4
2023-12-11 22:00:00+02:00,40799.3,41225.1
2023-12-12 00:00:00+02:00,41225.1,41271.0
2023-12-12 02:00:00+02:00,41271.1,41703.5
2023-12-12 04:00:00+02:00,41703.5,41760.3
2023-12-12 06:00:00+02:00,41760.3,41590.4
2023-12-12 08:00:00+02:00,41590.3,41930.1
2023-12-12 10:00:00+02:00,41930.0,41819.1
2023-12-12 12:00:00+02:00,41819.1,41606.7
2023-12-12 14:00:00+02:00,41606.7,41833.6
2023-12-12 16:00:00+02:00,41833.7,41376.6
2023-12-12 18:00:00+02:00,41376.7,40734.5
2023-12-12 20:00:00+02:00,40734.5,41169.6
2023-12-12 22:00:00+02:00,41169.7,41131.2
2023-12-13 00:00:00+02:00,41131.2,41515.0
2023-12-13 02:00:00+02:00,41514.9,41055.6
2023-12-13 04:00:00+02:00,41055.6,40858.5
2023-12-13 06:00:00+02:00,40858.6,41046.5
2023-12-13 08:00:00+02:00,41046.4,41146.3
2023-12-13 10:00:00+02:00,41146.3,41249.5
2023-12-13 12:00:00+02:00,41249.5,41035.2
2023-12-13 14:00:00+02:00,41035.3,41488.1
2023-12-13 16:00:00+02:00,41488.0,41960.0
2023-12-13 18:00:00+02:00,41960.0,42138.1
2023-12-13 20:00:00+02:00,42138.1,42746.8
2023-12-13 22:00:00+02:00,42746.7,43000.6
2023-12-14 00:00:00+02:00,43000.6,42875.0
2023-12-14 02:00:00+02:00,42875.0,42848.0
2023-12-14 04:00:00+02:00,42848.0,42726.9
2023-12-14 06:00:00+02:00,42726.8,42817.8
2023-12-14 08:00:00+02:00,42817.8,42910.1
2023-12-14 10:00:00+02:00,42910.2,42898.0
2023-12-14 12:00:00+02:00,42897.9,43269.9
2023-12-14 14:00:00+02:00,43269.9,42564.7
2023-12-14 16:00:00+02:00,42564.8,42454.1
2023-12-14 18:00:00+02:00,42454.1,43216.3
2023-12-14 20:00:00+02:00,43216.4,43105.0
2023-12-14 22:00:00+02:00,43105.0,42985.7
2023-12-15 00:00:00+02:00,42985.7,43032.4
2023-12-15 02:00:00+02:00,43032.3,42995.4
2023-12-15 04:00:00+02:00,42995.4,42813.5
2023-12-15 06:00:00+02:00,42813.5,42609.7
2023-12-15 08:00:00+02:00,42609.6,42724.8
2023-12-15 10:00:00+02:00,42724.8,42859.8
2023-12-15 12:00:00+02:00,42859.8,42800.0
2023-12-15 14:00:00+02:00,42800.0,42311.4
2023-12-15 16:00:00+02:00,42311.4,41930.3
2023-12-15 18:00:00+02:00,41930.4,41874.4
2023-12-15 20:00:00+02:00,41874.4,42124.9
2023-12-15 22:00:00+02:00,42124.9,42255.2
2023-12-16 00:00:00+02:00,42254.9,41968.0
2023-12-16 02:00:00+02:00,41968.0,42094.9
2023-12-16 04:00:00+02:00,42094.8,42354.5
2023-12-16 06:00:00+02:00,42354.5,42291.8
2023-12-16 08:00:00+02:00,42291.8,42243.1
2023-12-16 10:00:00+02:00,42243.0,42232.0
2023-12-16 12:00:00+02:00,42232.0,42349.9
2023-12-16 14:00:00+02:00,42350.0,42417.1
2023-12-16 16:00:00+02:00,42417.0,42631.7
2023-12-16 18:00:00+02:00,42631.6,42526.9
2023-12-16 20:00:00+02:00,42526.9,42367.9
2023-12-16 22:00:00+02:00,42367.9,42314.5
2023-12-17 00:00:00+02:00,42314.5,42287.4
2023-12-17 02:00:00+02:00,42287.4,42029.0
2023-12-17 04:00:00+02:00,42029.0,41947.2
2023-12-17 06:00:00+02:00,41947.1,41919.0
2023-12-17 08:00:00+02:00,41919.0,41894.6
2023-12-17 10:00:00+02:00,41894.6,42003.8
2023-12-17 12:00:00+02:00,42003.8,41979.7
2023-12-17 14:00:00+02:00,41979.8,41877.5
2023-12-17 16:00:00+02:00,41877.6,41828.5
2023-12-17 18:00:00+02:00,41828.5,42121.2
2023-12-17 20:00:00+02:00,42121.1,42136.5
2023-12-17 22:00:00+02:00,42136.5,41970.1
2023-12-18 00:00:00+02:00,41970.1,41396.5
2023-12-18 02:00:00+02:00,41396.6,41001.5
2023-12-18 04:00:00+02:00,41001.5,41107.0
2023-12-18 06:00:00+02:00,41107.0,41032.2
2023-12-18 08:00:00+02:00,41032.2,41159.9
2023-12-18 10:00:00+02:00,41160.0,41079.8
2023-12-18 12:00:00+02:00,41079.8,41137.3
2023-12-18 14:00:00+02:00,41137.2,41381.3
2023-12-18 16:00:00+02:00,41381.3,41288.0
2023-12-18 18:00:00+02:00,41288.0,41403.0
2023-12-18 20:00:00+02:00,41402.9,41715.4
2023-12-18 22:00:00+02:00,41714.7,42643.1
2023-12-19 00:00:00+02:00,42643.0,42671.7
2023-12-19 02:00:00+02:00,42671.8,43346.1
2023-12-19 04:00:00+02:00,43346.1,43100.1
2023-12-19 06:00:00+02:00,43100.1,42985.9
2023-12-19 08:00:00+02:00,42985.9,43062.0
2023-12-19 10:00:00+02:00,43062.1,43061.0
2023-12-19 12:00:00+02:00,43061.0,43003.9
2023-12-19 14:00:00+02:00,43004.0,42894.0
2023-12-19 16:00:00+02:00,42894.0,42512.8
2023-12-19 18:00:00+02:00,42512.9,41881.7
2023-12-19 20:00:00+02:00,41881.8,42379.0
2023-12-19 22:00:00+02:00,42379.7,42549.3
2023-12-20 00:00:00+02:00,42549.2,42298.3
2023-12-20 02:00:00+02:00,42298.2,42329.2
2023-12-20 04:00:00+02:00,42329.1,42451.7
2023-12-20 06:00:00+02:00,42451.7,42739.9
2023-12-20 08:00:00+02:00,42740.0,42950.0
2023-12-20 10:00:00+02:00,42950.0,42815.7
2023-12-20 12:00:00+02:00,42815.6,42891.4
2023-12-20 14:00:00+02:00,42891.2,43816.8
2023-12-20 16:00:00+02:00,43816.8,44079.0
2023-12-20 18:00:00+02:00,44078.9,44033.6
2023-12-20 20:00:00+02:00,44033.5,43760.1
2023-12-20 22:00:00+02:00,43760.1,43499.9
2023-12-21 00:00:00+02:00,43499.8,43708.9
2023-12-21 02:00:00+02:00,43708.9,43493.2
2023-12-21 04:00:00+02:00,43493.1,43678.6
2023-12-21 06:00:00+02:00,43678.6,43541.4
2023-12-21 08:00:00+02:00,43541.4,43794.8
2023-12-21 10:00:00+02:00,43794.9,43795.0
2023-12-21 12:00:00+02:00,43795.0,43969.7
2023-12-21 14:00:00+02:00,43969.8,44179.1
2023-12-21 16:00:00+02:00,44179.0,43857.7
2023-12-21 18:00:00+02:00,43857.7,43481.5
2023-12-21 20:00:00+02:00,43481.5,43623.1
2023-12-21 22:00:00+02:00,43623.0,44037.9
2023-12-22 00:00:00+02:00,44037.9,43896.3
2023-12-22 02:00:00+02:00,43896.4,44159.5
2023-12-22 04:00:00+02:00,44159.1,44044.3
2023-12-22 06:00:00+02:00,44044.4,44172.5
2023-12-22 08:00:00+02:00,44172.5,43614.1
2023-12-22 10:00:00+02:00,43614.0,43782.2
2023-12-22 12:00:00+02:00,43782.3,43783.0
2023-12-22 14:00:00+02:00,43783.2,43734.2
2023-12-22 16:00:00+02:00,43734.3,43699.9
2023-12-22 18:00:00+02:00,43699.9,43713.0
2023-12-22 20:00:00+02:00,43712.9,43666.4
2023-12-22 22:00:00+02:00,43666.5,43733.0
2023-12-23 00:00:00+02:00,43733.0,43999.2
2023-12-23 02:00:00+02:00,43999.2,43656.9
2023-12-23 04:00:00+02:00,43656.9,43543.2
2023-12-23 06:00:00+02:00,43543.2,43632.2
2023-12-23 08:00:00+02:00,43632.1,43582.0
2023-12-23 10:00:00+02:00,43582.1,43655.9
2023-12-23 12:00:00+02:00,43655.9,43583.0
2023-12-23 14:00:00+02:00,43583.0,43740.8
2023-12-23 16:00:00+02:00,43740.9,43782.0
2023-12-23 18:00:00+02:00,43782.0,43778.3
2023-12-23 20:00:00+02:00,43778.3,43729.1
2023-12-23 22:00:00+02:00,43729.2,43802.0
2023-12-24 00:00:00+02:00,43802.0,43725.2
2023-12-24 02:00:00+02:00,43725.2,43809.9
2023-12-24 04:00:00+02:00,43810.0,43867.8
2023-12-24 06:00:00+02:00,43867.8,43528.1
2023-12-24 08:00:00+02:00,43528.0,43678.6
2023-12-24 10:00:00+02:00,43678.7,43723.3
2023-12-24 12:00:00+02:00,43723.4,43666.6
2023-12-24 14:00:00+02:00,43666.6,43790.9
2023-12-24 16:00:00+02:00,43790.9,43707.0
2023-12-24 18:00:00+02:00,43707.1,43658.4
2023-12-24 20:00:00+02:00,43658.4,43645.3
2023-12-24 22:00:00+02:00,43645.4,43516.8
2023-12-25 00:00:00+02:00,43516.8,43008.4
2023-12-25 02:00:00+02:00,43008.4,43072.9
2023-12-25 04:00:00+02:00,43072.9,43182.5
2023-12-25 06:00:00+02:00,43182.6,43267.4
2023-12-25 08:00:00+02:00,43267.3,43233.2
2023-12-25 10:00:00+02:00,43233.3,43182.8
2023-12-25 12:00:00+02:00,43182.9,43200.3
2023-12-25 14:00:00+02:00,43200.4,43714.1
2023-12-25 16:00:00+02:00,43714.0,43661.0
2023-12-25 18:00:00+02:00,43661.0,43601.0
2023-12-25 20:00:00+02:00,43601.1,43515.8
2023-12-25 22:00:00+02:00,43515.7,43551.1
2023-12-26 00:00:00+02:00,43551.1,43611.9
2023-12-26 02:00:00+02:00,43611.9,43549.2
2023-12-26 04:00:00+02:00,43549.2,43487.9
2023-12-26 06:00:00+02:00,43488.0,42793.2
2023-12-26 08:00:00+02:00,42793.0,42798.7
2023-12-26 10:00:00+02:00,42798.7,42449.0
2023-12-26 12:00:00+02:00,42449.0,42719.9
2023-12-26 14:00:00+02:00,42720.0,42757.3
2023-12-26 16:00:00+02:00,42757.2,42423.1
2023-12-26 18:00:00+02:00,42423.1,42049.0
2023-12-26 20:00:00+02:00,42049.1,42149.2
2023-12-26 22:00:00+02:00,42149.2,42361.3
2023-12-27 00:00:00+02:00,42361.4,42538.5
2023-12-27 02:00:00+02:00,42538.6,42493.1
2023-12-27 04:00:00+02:00,42493.1,42274.7
2023-12-27 06:00:00+02:00,42274.7,42485.7
2023-12-27 08:00:00+02:00,42485.8,42495.9
2023-12-27 10:00:00+02:00,42496.0,42775.1
2023-12-27 12:00:00+02:00,42775.1,43059.3
2023-12-27 14:00:00+02:00,43059.3,42942.8
2023-12-27 16:00:00+02:00,42942.9,43009.6
2023-12-27 18:00:00+02:00,43010.0,43052.2
2023-12-27 20:00:00+02:00,43052.2,43183.9
2023-12-27 22:00:00+02:00,43183.8,43388.1
2023-12-28 00:00:00+02:00,43388.1,43453.8
2023-12-28 02:00:00+02:00,43453.8,43461.4
2023-12-28 04:00:00+02:00,43461.4,43444.8
2023-12-28 06:00:00+02:00,43444.8,43259.4
2023-12-28 08:00:00+02:00,43259.4,43087.2
2023-12-28 10:00:00+02:00,43087.3,43085.0
2023-12-28 12:00:00+02:00,43085.0,43112.1
2023-12-28 14:00:00+02:00,43112.0,42837.3
2023-12-28 16:00:00+02:00,42837.2,42485.8
2023-12-28 18:00:00+02:00,42485.9,42590.4
2023-12-28 20:00:00+02:00,42590.3,42655.9
2023-12-28 22:00:00+02:00,42656.0,42494.4
2023-12-29 00:00:00+02:00,42494.5,42600.1
2023-12-29 02:00:00+02:00,42600.1,42374.8
2023-12-29 04:00:00+02:00,42374.8,42738.1
2023-12-29 06:00:00+02:00,42738.2,42724.5
2023-12-29 08:00:00+02:00,42724.5,42314.5
2023-12-29 10:00:00+02:00,42314.5,42703.0
2023-12-29 12:00:00+02:00,42702.9,42908.9
2023-12-29 14:00:00+02:00,42908.8,42865.0
2023-12-29 16:00:00+02:00,42865.0,42301.6
2023-12-29 18:00:00+02:00,42301.6,41846.3
2023-12-29 20:00:00+02:00,41846.2,42152.8
2023-12-29 22:00:00+02:00,42152.9,41974.0
2023-12-30 00:00:00+02:00,41974.1,42095.1
2023-12-30 02:00:00+02:00,42095.1,42200.1
2023-12-30 04:00:00+02:00,42200.0,42014.7
2023-12-30 06:00:00+02:00,42014.7,42148.2
2023-12-30 08:00:00+02:00,42148.2,41987.1
2023-12-30 10:00:00+02:00,41987.1,41725.1
2023-12-30 12:00:00+02:00,41725.1,41933.6
2023-12-30 14:00:00+02:00,41933.6,42068.1
2023-12-30 16:00:00+02:00,42068.2,42410.3
2023-12-30 18:00:00+02:00,42410.4,42522.0
2023-12-30 20:00:00+02:00,42522.1,42395.0
2023-12-30 22:00:00+02:00,42395.0,42335.9
2023-12-31 00:00:00+02:00,42335.9,42174.2
2023-12-31 02:00:00+02:00,42174.3,42212.0
2023-12-31 04:00:00+02:00,42212.0,42209.4
2023-12-31 06:00:00+02:00,42209.4,42235.2
2023-12-31 08:00:00+02:00,42235.3,42567.0
2023-12-31 10:00:00+02:00,42567.0,42782.7
2023-12-31 12:00:00+02:00,42782.6,42561.8
2023-12-31 14:00:00+02:00,42561.8,42495.0
2023-12-31 16:00:00+02:00,42495.1,42489.6
2023-12-31 18:00:00+02:00,42489.6,42651.9
2023-12-31 20:00:00+02:00,42651.9,42659.9
2023-12-31 22:00:00+02:00,42659.9,42558.9
2024-01-01 00:00:00+02:00,42559.0,42314.0
2024-01-01 02:00:00+02:00,42314.0,42647.9
2024-01-01 04:00:00+02:00,42647.9,42369.8
2024-01-01 06:00:00+02:00,42369.8,42272.6
2024-01-01 08:00:00+02:00,42272.6,42527.0
2024-01-01 10:00:00+02:00,42527.1,42688.8
2024-01-01 12:00:00+02:00,42688.8,42727.6
2024-01-01 14:00:00+02:00,42727.7,42753.9
2024-01-01 16:00:00+02:00,42753.8,42818.0
2024-01-01 18:00:00+02:00,42818.0,42847.0
2024-01-01 20:00:00+02:00,42847.0,43556.2
2024-01-01 22:00:00+02:00,43556.2,43679.8
2024-01-02 00:00:00+02:00,43679.7,44230.2
2024-01-02 02:00:00+02:00,44230.3,44926.3
2024-01-02 04:00:00+02:00,44926.5,45435.0
2024-01-02 06:00:00+02:00,45434.9,45218.2
2024-01-02 08:00:00+02:00,45218.2,45495.5
2024-01-02 10:00:00+02:00,45495.6,45730.5
2024-01-02 12:00:00+02:00,45730.0,45486.8
2024-01-02 14:00:00+02:00,45486.8,45686.3
2024-01-02 16:00:00+02:00,45686.2,45215.0
2024-01-02 18:00:00+02:00,45215.0,45001.2
2024-01-02 20:00:00+02:00,45001.3,45073.2
2024-01-02 22:00:00+02:00,45073.3,45155.0
2024-01-03 00:00:00+02:00,45154.9,44979.8
2024-01-03 02:00:00+02:00,44979.7,45347.8
2024-01-03 04:00:00+02:00,45347.8,45297.8
2024-01-03 06:00:00+02:00,45297.8,45200.0
2024-01-03 08:00:00+02:00,45200.0,45030.4
2024-01-03 10:00:00+02:00,45030.5,45378.7
2024-01-03 12:00:00+02:00,45378.6,43728.9
2024-01-03 14:00:00+02:00,43728.9,42545.7
2024-01-03 16:00:00+02:00,42545.7,43014.0
2024-01-03 18:00:00+02:00,43014.0,42914.5
2024-01-03 20:00:00+02:00,42914.5,42600.4
2024-01-03 22:00:00+02:00,42600.4,42927.1
2024-01-04 00:00:00+02:00,42927.1,42849.5
2024-01-04 02:00:00+02:00,42849.5,42716.6
2024-01-04 04:00:00+02:00,42716.6,43119.6
2024-01-04 06:00:00+02:00,43119.6,43191.3
2024-01-04 08:00:00+02:00,43191.3,42775.0
2024-01-04 10:00:00+02:00,42775.1,43020.6
2024-01-04 12:00:00+02:00,43020.7,43188.2
2024-01-04 14:00:00+02:00,43188.2,43344.2
2024-01-04 16:00:00+02:00,43344.3,44050.4
2024-01-04 18:00:00+02:00,44050.4,43983.0
2024-01-04 20:00:00+02:00,43983.0,43950.0
2024-01-04 22:00:00+02:00,43950.0,44434.1
2024-01-05 00:00:00+02:00,44434.1,44143.8
2024-01-05 02:00:00+02:00,44143.8,43374.5
2024-01-05 04:00:00+02:00,43373.5,43469.1
2024-01-05 06:00:00+02:00,43469.5,43644.2
2024-01-05 08:00:00+02:00,43643.1,43769.6
2024-01-05 10:00:00+02:00,43769.6,44147.8
2024-01-05 12:00:00+02:00,44147.8,43769.9
2024-01-05 14:00:00+02:00,43769.9,43978.6
2024-01-05 16:00:00+02:00,43978.6,43495.2
2024-01-05 18:00:00+02:00,43495.1,43603.5
2024-01-05 20:00:00+02:00,43603.6,43599.0
2024-01-05 22:00:00+02:00,43599.0,43936.2
2024-01-06 00:00:00+02:00,43936.3,44145.4
2024-01-06 02:00:00+02:00,44145.3,43961.5
2024-01-06 04:00:00+02:00,43961.5,43925.8
2024-01-06 06:00:00+02:00,43925.8,43695.9
2024-01-06 08:00:00+02:00,43695.8,43645.3
2024-01-06 10:00:00+02:00,43645.4,43653.6
2024-01-06 12:00:00+02:00,43653.7,43669.2
2024-01-06 14:00:00+02:00,43669.2,43701.2
2024-01-06 16:00:00+02:00,43701.1,43863.6
2024-01-06 18:00:00+02:00,43863.6,43962.1
2024-01-06 20:00:00+02:00,43962.0,43903.6
2024-01-06 22:00:00+02:00,43903.6,43881.3
2024-01-07 00:00:00+02:00,43881.3,43956.7
2024-01-07 02:00:00+02:00,43956.6,43961.6
2024-01-07 04:00:00+02:00,43961.5,43937.2
2024-01-07 06:00:00+02:00,43937.1,43880.4
2024-01-07 08:00:00+02:00,43880.5,44071.5
2024-01-07 10:00:00+02:00,44071.6,43923.0
2024-01-07 12:00:00+02:00,43923.0,44054.0
2024-01-07 14:00:00+02:00,44054.0,44406.2
2024-01-07 16:00:00+02:00,44406.3,44035.0
2024-01-07 18:00:00+02:00,44034.9,44056.3
2024-01-07 20:00:00+02:00,44056.3,44238.8
2024-01-07 22:00:00+02:00,44238.8,44218.8
2024-01-08 00:00:00+02:00,44218.7,43916.9
2024-01-08 02:00:00+02:00,43916.9,43699.3
2024-01-08 04:00:00+02:00,43699.3,43501.9
2024-01-08 06:00:00+02:00,43502.0,43630.5
2024-01-08 08:00:00+02:00,43630.5,43970.0
2024-01-08 10:00:00+02:00,43969.9,43716.3
2024-01-08 12:00:00+02:00,43716.3,44637.2
2024-01-08 14:00:00+02:00,44637.2,44915.9
2024-01-08 16:00:00+02:00,44915.9,44969.6
2024-01-08 18:00:00+02:00,44969.7,45643.0
2024-01-08 20:00:00+02:00,45643.5,47006.7
2024-01-08 22:00:00+02:00,47007.1,47087.2
2024-01-09 00:00:00+02:00,47087.2,46972.7
2024-01-09 02:00:00+02:00,46972.6,46574.9
2024-01-09 04:00:00+02:00,46575.0,46932.8
2024-01-09 06:00:00+02:00,46932.7,46721.4
2024-01-09 08:00:00+02:00,46721.3,46841.0
2024-01-09 10:00:00+02:00,46841.0,46497.8
2024-01-09 12:00:00+02:00,46497.8,46624.4
2024-01-09 14:00:00+02:00,46624.4,46835.4
2024-01-09 16:00:00+02:00,46835.3,46868.8
2024-01-09 18:00:00+02:00,46868.9,46718.8
2024-01-09 20:00:00+02:00,46718.7,46873.5
2024-01-09 22:00:00+02:00,46873.5,45450.2
2024-01-10 00:00:00+02:00,45450.1,46114.0
2024-01-10 02:00:00+02:00,46113.9,45944.4
2024-01-10 04:00:00+02:00,45944.5,46133.6
2024-01-10 06:00:00+02:00,46133.5,45988.4
2024-01-10 08:00:00+02:00,45988.4,45766.4
2024-01-10 10:00:00+02:00,45766.3,45666.9
2024-01-10 12:00:00+02:00,45664.8,45530.2
2024-01-10 14:00:00+02:00,45530.1,45120.3
2024-01-10 16:00:00+02:00,45120.3,45569.0
2024-01-10 18:00:00+02:00,45569.4,46409.9
2024-01-10 20:00:00+02:00,46410.0,46498.9
2024-01-10 22:00:00+02:00,46498.8,45960.0
2024-01-11 00:00:00+02:00,45961.8,46662.9
2024-01-11 02:00:00+02:00,46663.0,46506.7
2024-01-11 04:00:00+02:00,46506.7,46502.4
2024-01-11 06:00:00+02:00,46502.3,46073.9
2024-01-11 08:00:00+02:00,46074.0,46096.1
2024-01-11 10:00:00+02:00,46096.1,46212.8
2024-01-11 12:00:00+02:00,46212.8,47068.5
2024-01-11 14:00:00+02:00,47068.5,47329.5
2024-01-11 16:00:00+02:00,47329.5,46813.4
2024-01-11 18:00:00+02:00,46813.4,46517.3
2024-01-11 20:00:00+02:00,46517.4,46698.4
2024-01-11 22:00:00+02:00,46698.4,46156.5
2024-01-12 00:00:00+02:00,46156.4,46337.8
2024-01-12 02:00:00+02:00,46337.9,46144.8
2024-01-12 04:00:00+02:00,46144.8,45997.0
2024-01-12 06:00:00+02:00,45997.3,46200.9
2024-01-12 08:00:00+02:00,46200.9,46002.6
2024-01-12 10:00:00+02:00,46002.6,45938.0
2024-01-12 12:00:00+02:00,45938.1,45958.0
2024-01-12 14:00:00+02:00,45958.0,45788.4
2024-01-12 16:00:00+02:00,45788.4,44495.1
2024-01-12 18:00:00+02:00,44495.1,43836.4
2024-01-12 20:00:00+02:00,43834.1,43497.5
2024-01-12 22:00:00+02:00,43497.4,43466.2
2024-01-13 00:00:00+02:00,43466.0,42788.9
2024-01-13 02:00:00+02:00,42789.0,42688.1
2024-01-13 04:00:00+02:00,42688.2,42625.6
2024-01-13 06:00:00+02:00,42625.6,43111.0
2024-01-13 08:00:00+02:00,43111.0,43102.1
2024-01-13 10:00:00+02:00,43102.1,42927.4
2024-01-13 12:00:00+02:00,42927.4,42631.9
2024-01-13 14:00:00+02:00,42631.8,42744.2
2024-01-13 16:00:00+02:00,42744.2,43159.7
2024-01-13 18:00:00+02:00,43159.9,42899.2
2024-01-13 20:00:00+02:00,42899.1,42791.1
2024-01-13 22:00:00+02:00,42791.1,42969.4
2024-01-14 00:00:00+02:00,42969.4,42846.4
2024-01-14 02:00:00+02:00,42846.4,42771.9
2024-01-14 04:00:00+02:00,42771.8,42691.2
2024-01-14 06:00:00+02:00,42691.1,42757.5
2024-01-14 08:00:00+02:00,42757.5,43012.8
2024-01-14 10:00:00+02:00,43012.8,43065.8
2024-01-14 12:00:00+02:00,43065.8,42836.8
2024-01-14 14:00:00+02:00,42836.7,42894.3
2024-01-14 16:00:00+02:00,42894.3,42908.4
2024-01-14 18:00:00+02:00,42908.4,42979.7
2024-01-14 20:00:00+02:00,42979.8,42665.8
2024-01-14 22:00:00+02:00,42665.8,42558.0
2024-01-15 00:00:00+02:00,42558.0,41734.9
2024-01-15 02:00:00+02:00,41734.9,42280.9
2024-01-15 04:00:00+02:00,42280.9,42571.8
2024-01-15 06:00:00+02:00,42572.8,42746.3
2024-01-15 08:00:00+02:00,42746.3,42713.1
2024-01-15 10:00:00+02:00,42713.1,42759.8
2024-01-15 12:00:00+02:00,42759.9,42699.9
2024-01-15 14:00:00+02:00,42700.0,42856.8
2024-01-15 16:00:00+02:00,42856.9,42278.7
2024-01-15 18:00:00+02:00,42278.7,42704.4
2024-01-15 20:00:00+02:00,42704.4,42989.6
2024-01-15 22:00:00+02:00,42989.6,42717.7
2024-01-16 00:00:00+02:00,42717.7,42515.0
2024-01-16 02:00:00+02:00,42515.0,42591.7
2024-01-16 04:00:00+02:00,42591.7,42919.5
2024-01-16 06:00:00+02:00,42919.3,42765.3
2024-01-16 08:00:00+02:00,42765.4,42788.1
2024-01-16 10:00:00+02:00,42788.5,42937.0
2024-01-16 12:00:00+02:00,42937.1,42894.9
2024-01-16 14:00:00+02:00,42894.6,42805.7
2024-01-16 16:00:00+02:00,42805.6,43251.7
2024-01-16 18:00:00+02:00,43251.0,43051.4
2024-01-16 20:00:00+02:00,43051.4,43164.8
2024-01-16 22:00:00+02:00,43164.8,43427.5
2024-01-17 00:00:00+02:00,43427.4,43133.0
2024-01-17 02:00:00+02:00,43133.0,42965.4
2024-01-17 04:00:00+02:00,42965.4,42842.1
2024-01-17 06:00:00+02:00,42842.0,42778.5
2024-01-17 08:00:00+02:00,42778.6,42654.0
2024-01-17 10:00:00+02:00,42654.0,42677.0
2024-01-17 12:00:00+02:00,42676.9,42681.0
2024-01-17 14:00:00+02:00,42681.0,42610.4
2024-01-17 16:00:00+02:00,42610.4,42478.3
2024-01-17 18:00:00+02:00,42478.2,42375.4
2024-01-17 20:00:00+02:00,42375.5,42617.5
2024-01-17 22:00:00+02:00,42617.6,42685.7
2024-01-18 00:00:00+02:00,42685.7,42783.4
2024-01-18 02:00:00+02:00,42783.3,42595.2
2024-01-18 04:00:00+02:00,42595.2,42594.0
2024-01-18 06:00:00+02:00,42594.0,42777.0
2024-01-18 08:00:00+02:00,42777.1,42918.3
2024-01-18 10:00:00+02:00,42918.3,42746.4
2024-01-18 12:00:00+02:00,42746.4,42540.0
2024-01-18 14:00:00+02:00,42540.1,42511.2
2024-01-18 16:00:00+02:00,42511.1,42618.9
2024-01-18 18:00:00+02:00,42619.0,41813.9
2024-01-18 20:00:00+02:00,41813.9,41014.2
2024-01-18 22:00:00+02:00,41014.2,41120.7
2024-01-19 00:00:00+02:00,41120.7,41323.1
2024-01-19 02:00:00+02:00,41323.2,41266.4
2024-01-19 04:00:00+02:00,41266.4,41049.8
2024-01-19 06:00:00+02:00,41049.8,41207.1
2024-01-19 08:00:00+02:00,41207.1,41282.0
2024-01-19 10:00:00+02:00,41281.9,41396.5
2024-01-19 12:00:00+02:00,41396.6,41471.7
2024-01-19 14:00:00+02:00,41471.7,41397.2
2024-01-19 16:00:00+02:00,41397.3,40897.0
2024-01-19 18:00:00+02:00,40897.1,41239.1
2024-01-19 20:00:00+02:00,41239.2,41818.5
2024-01-19 22:00:00+02:00,41818.6,41635.1
2024-01-20 00:00:00+02:00,41635.1,41662.2
2024-01-20 02:00:00+02:00,41662.1,41664.9
2024-01-20 04:00:00+02:00,41664.8,41638.0
2024-01-20 06:00:00+02:00,41638.1,41630.0
2024-01-20 08:00:00+02:00,41630.0,41652.4
2024-01-20 10:00:00+02:00,41652.4,41519.1
2024-01-20 12:00:00+02:00,41518.9,41583.6
2024-01-20 14:00:00+02:00,41583.5,41633.6
2024-01-20 16:00:00+02:00,41633.6,41570.3
2024-01-20 18:00:00+02:00,41570.2,41586.6
2024-01-20 20:00:00+02:00,41586.6,41638.4
2024-01-20 22:00:00+02:00,41638.4,41732.3
2024-01-21 00:00:00+02:00,41732.3,41691.8
2024-01-21 02:00:00+02:00,41691.8,41662.9
2024-01-21 04:00:00+02:00,41662.8,41677.4
2024-01-21 06:00:00+02:00,41677.4,41630.3
2024-01-21 08:00:00+02:00,41630.4,41648.6
2024-01-21 10:00:00+02:00,41648.5,41746.3
2024-01-21 12:00:00+02:00,41746.2,41720.9
2024-01-21 14:00:00+02:00,41720.8,41853.6
2024-01-21 16:00:00+02:00,41853.6,41652.8
2024-01-21 18:00:00+02:00,41652.7,41675.5
2024-01-21 20:00:00+02:00,41675.6,41721.2
2024-01-21 22:00:00+02:00,41721.2,41781.8
2024-01-22 00:00:00+02:00,41781.8,41580.0
2024-01-22 02:00:00+02:00,41579.9,41363.9
2024-01-22 04:00:00+02:00,41363.9,41199.6
2024-01-22 06:00:00+02:00,41199.5,41133.6
2024-01-22 08:00:00+02:00,41133.6,41042.6
2024-01-22 10:00:00+02:00,41042.7,40745.4
2024-01-22 12:00:00+02:00,40745.4,40809.4
2024-01-22 14:00:00+02:00,40809.5,40941.9
2024-01-22 16:00:00+02:00,40942.0,40774.7
2024-01-22 18:00:00+02:00,40775.0,40714.8
2024-01-22 20:00:00+02:00,40714.9,39812.5
2024-01-22 22:00:00+02:00,39812.6,39854.4
2024-01-23 00:00:00+02:00,39854.4,39567.0
2024-01-23 02:00:00+02:00,39567.1,39828.0
2024-01-23 04:00:00+02:00,39828.0,40000.1
2024-01-23 06:00:00+02:00,40000.1,40064.8
2024-01-23 08:00:00+02:00,40064.8,39773.9
2024-01-23 10:00:00+02:00,39773.9,38964.5
2024-01-23 12:00:00+02:00,38964.6,38850.1
2024-01-23 14:00:00+02:00,38850.2,38857.8
2024-01-23 16:00:00+02:00,38857.9,39197.4
2024-01-23 18:00:00+02:00,39197.5,39404.0
2024-01-23 20:00:00+02:00,39404.0,39140.1
2024-01-23 22:00:00+02:00,39140.1,39216.6
2024-01-24 00:00:00+02:00,39216.6,39890.0
2024-01-24 02:00:00+02:00,39889.9,39763.2
2024-01-24 04:00:00+02:00,39763.2,39611.2
2024-01-24 06:00:00+02:00,39611.3,39791.8
2024-01-24 08:00:00+02:00,39791.7,39979.4
2024-01-24 10:00:00+02:00,39979.5,40015.6
2024-01-24 12:00:00+02:00,40015.7,40195.2
2024-01-24 14:00:00+02:00,40195.1,39976.2
2024-01-24 16:00:00+02:00,39976.2,40046.7
2024-01-24 18:00:00+02:00,40046.7,40131.0
2024-01-24 20:00:00+02:00,40131.0,39797.4
2024-01-24 22:00:00+02:00,39797.4,39788.1
2024-01-25 00:00:00+02:00,39788.1,40078.7
2024-01-25 02:00:00+02:00,40078.8,39975.6
2024-01-25 04:00:00+02:00,39975.5,40002.8
2024-01-25 06:00:00+02:00,40002.8,39865.4
2024-01-25 08:00:00+02:00,39865.4,40119.6
2024-01-25 10:00:00+02:00,40119.6,40023.4
2024-01-25 12:00:00+02:00,40023.4,40165.5
2024-01-25 14:00:00+02:00,40165.5,39907.1
2024-01-25 16:00:00+02:00,39907.1,39793.6
2024-01-25 18:00:00+02:00,39793.6,39801.4
2024-01-25 20:00:00+02:00,39801.3,39982.9
2024-01-25 22:00:00+02:00,39982.9,39917.8
2024-01-26 00:00:00+02:00,39917.8,39953.3
2024-01-26 02:00:00+02:00,39953.3,39928.3
2024-01-26 04:00:00+02:00,39928.3,40057.0
2024-01-26 06:00:00+02:00,40057.1,40091.3
2024-01-26 08:00:00+02:00,40091.2,39956.0
2024-01-26 10:00:00+02:00,39956.0,40065.6
2024-01-26 12:00:00+02:00,40065.6,41272.0
2024-01-26 14:00:00+02:00,41271.9,41002.2
2024-01-26 16:00:00+02:00,41002.1,41399.8
2024-01-26 18:00:00+02:00,41399.8,41899.2
2024-01-26 20:00:00+02:00,41899.3,42046.0
2024-01-26 22:00:00+02:00,42046.1,41976.9
2024-01-27 00:00:00+02:00,41976.9,41806.4
2024-01-27 02:00:00+02:00,41806.4,41804.9
2024-01-27 04:00:00+02:00,41804.8,41805.2
2024-01-27 06:00:00+02:00,41805.1,41748.2
2024-01-27 08:00:00+02:00,41748.1,41699.1
2024-01-27 10:00:00+02:00,41699.0,41656.4
2024-01-27 12:00:00+02:00,41656.4,41744.7
2024-01-27 14:00:00+02:00,41744.7,41726.9
2024-01-27 16:00:00+02:00,41727.0,41797.4
2024-01-27 18:00:00+02:00,41797.5,41769.4
2024-01-27 20:00:00+02:00,41769.4,41896.4
2024-01-27 22:00:00+02:00,41896.5,42137.8
2024-01-28 00:00:00+02:00,42137.8,42102.2
2024-01-28 02:00:00+02:00,42102.2,42074.4
2024-01-28 04:00:00+02:00,42074.5,42210.0
2024-01-28 06:00:00+02:00,42210.1,42538.1
2024-01-28 08:00:00+02:00,42538.1,42369.9
2024-01-28 10:00:00+02:00,42370.0,42559.9
2024-01-28 12:00:00+02:00,42559.9,42456.6
2024-01-28 14:00:00+02:00,42456.5,42385.8
2024-01-28 16:00:00+02:00,42385.7,42244.5
2024-01-28 18:00:00+02:00,42244.5,42152.5
2024-01-28 20:00:00+02:00,42152.6,41770.6
2024-01-28 22:00:00+02:00,41770.6,41963.1
2024-01-29 00:00:00+02:00,41963.0,42021.2
2024-01-29 02:00:00+02:00,42021.2,42144.3
2024-01-29 04:00:00+02:00,42144.4,42306.4
2024-01-29 06:00:00+02:00,42306.5,42127.1
2024-01-29 08:00:00+02:00,42127.9,42040.0
2024-01-29 10:00:00+02:00,42040.0,42279.6
2024-01-29 12:00:00+02:00,42279.6,42233.3
2024-01-29 14:00:00+02:00,42233.2,41989.7
2024-01-29 16:00:00+02:00,41989.6,42623.2
2024-01-29 18:00:00+02:00,42623.1,42980.8
2024-01-29 20:00:00+02:00,42980.8,42986.7
2024-01-29 22:00:00+02:00,42986.8,43158.4
2024-01-30 00:00:00+02:00,43158.4,43287.7
2024-01-30 02:00:00+02:00,43287.6,43422.1
2024-01-30 04:00:00+02:00,43422.0,43502.9
2024-01-30 06:00:00+02:00,43502.8,43351.5
2024-01-30 08:00:00+02:00,43351.4,43346.6
2024-01-30 10:00:00+02:00,43346.7,43312.1
2024-01-30 12:00:00+02:00,43312.0,43513.4
2024-01-30 14:00:00+02:00,43513.3,43271.8
2024-01-30 16:00:00+02:00,43271.7,43355.5
2024-01-30 18:00:00+02:00,43355.4,43378.4
2024-01-30 20:00:00+02:00,43378.5,43525.1
2024-01-30 22:00:00+02:00,43525.1,43528.5
2024-01-31 00:00:00+02:00,43528.5,42918.3
2024-01-31 02:00:00+02:00,42918.3,42770.9
2024-01-31 04:00:00+02:00,42770.9,42918.0
2024-01-31 06:00:00+02:00,42918.1,42964.9
2024-01-31 08:00:00+02:00,42965.0,43031.6
2024-01-31 10:00:00+02:00,43031.5,42638.2
2024-01-31 12:00:00+02:00,42638.2,42630.2
2024-01-31 14:00:00+02:00,42630.2,42788.0
2024-01-31 16:00:00+02:00,42787.9,43341.8
2024-01-31 18:00:00+02:00,43341.9,43705.0
2024-01-31 20:00:00+02:00,43705.1,43316.4
2024-01-31 22:00:00+02:00,43316.3,42472.8
2024-02-01 00:00:00+02:00,42472.8,42560.5
2024-02-01 02:00:00+02:00,42560.5,41969.9
2024-02-01 04:00:00+02:00,41969.9,41998.0
2024-02-01 06:00:00+02:00,41998.0,42148.1
2024-02-01 08:00:00+02:00,42148.0,42182.2
2024-02-01 10:00:00+02:00,42182.3,42141.0
2024-02-01 12:00:00+02:00,42141.0,42075.9
2024-02-01 14:00:00+02:00,42075.8,42206.0
2024-02-01 16:00:00+02:00,42206.1,42500.1
2024-02-01 18:00:00+02:00,42500.0,42909.3
2024-02-01 20:00:00+02:00,42909.3,43206.3
2024-02-01 22:00:00+02:00,43206.3,43080.0
2024-02-02 00:00:00+02:00,43080.1,43072.6
2024-02-02 02:00:00+02:00,43072.6,43106.4
2024-02-02 04:00:00+02:00,43106.4,43018.1
2024-02-02 06:00:00+02:00,43018.0,43091.2
2024-02-02 08:00:00+02:00,43091.2,43076.0
2024-02-02 10:00:00+02:00,43076.0,42972.1
2024-02-02 12:00:00+02:00,42972.1,43136.8
2024-02-02 14:00:00+02:00,43136.9,42671.0
2024-02-02 16:00:00+02:00,42671.1,43222.9
2024-02-02 18:00:00+02:00,43222.9,42937.0
2024-02-02 20:00:00+02:00,42938.0,43044.1
2024-02-02 22:00:00+02:00,43044.2,42976.3
2024-02-03 00:00:00+02:00,42976.3,43182.0
2024-02-03 02:00:00+02:00,43182.0,43200.5
2024-02-03 04:00:00+02:00,43200.4,43155.3
2024-02-03 06:00:00+02:00,43155.3,43154.4
2024-02-03 08:00:00+02:00,43154.5,43037.1
2024-02-03 10:00:00+02:00,43037.1,43077.2
2024-02-03 12:00:00+02:00,43077.2,42978.0
2024-02-03 14:00:00+02:00,42977.9,43050.1
2024-02-03 16:00:00+02:00,43050.2,43097.4
2024-02-03 18:00:00+02:00,43097.5,43215.9
2024-02-03 20:00:00+02:00,43215.9,43046.8
2024-02-03 22:00:00+02:00,43046.8,43030.0
2024-02-04 00:00:00+02:00,43029.9,42992.4
2024-02-04 02:00:00+02:00,42992.4,43026.8
2024-02-04 04:00:00+02:00,43026.7,43015.7
2024-02-04 06:00:00+02:00,43015.7,42875.0
2024-02-04 08:00:00+02:00,42875.0,42822.9
2024-02-04 10:00:00+02:00,42822.8,42920.8
2024-02-04 12:00:00+02:00,42920.7,43041.6
2024-02-04 14:00:00+02:00,43041.6,42977.2
2024-02-04 16:00:00+02:00,42977.2,42926.7
2024-02-04 18:00:00+02:00,42926.7,42884.3
2024-02-04 20:00:00+02:00,42884.3,42623.9
2024-02-04 22:00:00+02:00,42623.9,42762.0
2024-02-05 00:00:00+02:00,42762.0,42570.3
2024-02-05 02:00:00+02:00,42570.3,42513.6
2024-02-05 04:00:00+02:00,42513.7,42708.0
2024-02-05 06:00:00+02:00,42707.9,42767.8
2024-02-05 08:00:00+02:00,42767.7,43059.0
2024-02-05 10:00:00+02:00,43058.9,43028.4
2024-02-05 12:00:00+02:00,43028.4,43180.8
2024-02-05 14:00:00+02:00,43180.8,43434.7
2024-02-05 16:00:00+02:00,43434.6,42629.7
2024-02-05 18:00:00+02:00,42629.7,42714.9
2024-02-05 20:00:00+02:00,42714.8,42757.4
2024-02-05 22:00:00+02:00,42757.4,42368.5
2024-02-06 00:00:00+02:00,42368.5,42692.9
2024-02-06 02:00:00+02:00,42692.9,42650.5
2024-02-06 04:00:00+02:00,42650.5,42829.8
2024-02-06 06:00:00+02:00,42829.9,42764.2
2024-02-06 08:00:00+02:00,42764.2,42870.0
2024-02-06 10:00:00+02:00,42870.0,42980.2
2024-02-06 12:00:00+02:00,42980.1,42814.3
2024-02-06 14:00:00+02:00,42814.3,42862.5
2024-02-06 16:00:00+02:00,42862.6,43232.0
2024-02-06 18:00:00+02:00,43232.0,43163.9
2024-02-06 20:00:00+02:00,43164.0,43261.7
2024-02-06 22:00:00+02:00,43261.7,43149.0
2024-02-07 00:00:00+02:00,43149.1,43079.1
2024-02-07 02:00:00+02:00,43079.1,43028.2
2024-02-07 04:00:00+02:00,43028.2,42783.0
2024-02-07 06:00:00+02:00,42783.1,43009.9
2024-02-07 08:00:00+02:00,43009.8,42904.8
2024-02-07 10:00:00+02:00,42904.9,43128.9
2024-02-07 12:00:00+02:00,43128.9,42917.4
2024-02-07 14:00:00+02:00,42917.3,43121.4
2024-02-07 16:00:00+02:00,43121.4,43057.8
2024-02-07 18:00:00+02:00,43057.7,43488.6
2024-02-07 20:00:00+02:00,43488.6,43596.1
2024-02-07 22:00:00+02:00,43596.2,44174.7
2024-02-08 00:00:00+02:00,44174.8,44326.2
2024-02-08 02:00:00+02:00,44326.3,44628.6
2024-02-08 04:00:00+02:00,44628.7,44523.6
2024-02-08 06:00:00+02:00,44523.5,44537.3
2024-02-08 08:00:00+02:00,44537.4,44500.8
2024-02-08 10:00:00+02:00,44500.8,44666.5
2024-02-08 12:00:00+02:00,44666.4,44677.9
2024-02-08 14:00:00+02:00,44677.9,44971.7
2024-02-08 16:00:00+02:00,44971.7,45406.3
2024-02-08 18:00:00+02:00,45406.4,45027.3
2024-02-08 20:00:00+02:00,45027.4,45260.1
2024-02-08 22:00:00+02:00,45260.2,45298.3
2024-02-09 00:00:00+02:00,45298.2,45269.1
2024-02-09 02:00:00+02:00,45269.2,45473.9
2024-02-09 04:00:00+02:00,45473.9,46046.5
2024-02-09 06:00:00+02:00,46046.5,46244.9
2024-02-09 08:00:00+02:00,46244.9,46185.1
2024-02-09 10:00:00+02:00,46185.1,46497.7
2024-02-09 12:00:00+02:00,46497.8,47155.9
2024-02-09 14:00:00+02:00,47155.9,47446.0
2024-02-09 16:00:00+02:00,47446.0,47136.9
2024-02-09 18:00:00+02:00,47137.0,47624.0
2024-02-09 20:00:00+02:00,47624.0,47486.2
2024-02-09 22:00:00+02:00,47486.3,47482.1
2024-02-10 00:00:00+02:00,47482.1,47116.1
2024-02-10 02:00:00+02:00,47116.1,47280.0
2024-02-10 04:00:00+02:00,47280.1,47366.9
2024-02-10 06:00:00+02:00,47366.9,47313.6
2024-02-10 08:00:00+02:00,47313.7,47130.5
2024-02-10 10:00:00+02:00,47130.6,47052.1
2024-02-10 12:00:00+02:00,47052.1,47172.8
2024-02-10 14:00:00+02:00,47172.7,47286.0
2024-02-10 16:00:00+02:00,47286.0,47332.0
2024-02-10 18:00:00+02:00,47331.9,47180.8
2024-02-10 20:00:00+02:00,47180.8,47511.2
2024-02-10 22:00:00+02:00,47511.3,47934.2
2024-02-11 00:00:00+02:00,47934.1,47732.6
2024-02-11 02:00:00+02:00,47732.6,47620.0
2024-02-11 04:00:00+02:00,47620.0,48517.1
2024-02-11 06:00:00+02:00,48517.6,48217.2
2024-02-11 08:00:00+02:00,48217.3,48169.6
2024-02-11 10:00:00+02:00,48169.5,48135.1
2024-02-11 12:00:00+02:00,48135.1,48403.7
2024-02-11 14:00:00+02:00,48403.7,48053.3
2024-02-11 16:00:00+02:00,48053.2,48140.8
2024-02-11 18:00:00+02:00,48140.7,48289.2
2024-02-11 20:00:00+02:00,48289.1,48282.4
2024-02-11 22:00:00+02:00,48282.3,48118.3
2024-02-12 00:00:00+02:00,48118.3,48303.4
2024-02-12 02:00:00+02:00,48303.4,48479.7
2024-02-12 04:00:00+02:00,48479.7,48138.6
2024-02-12 06:00:00+02:00,48138.7,48063.7
2024-02-12 08:00:00+02:00,48063.7,48213.0
2024-02-12 10:00:00+02:00,48213.0,47887.0
2024-02-12 12:00:00+02:00,47886.8,47906.0
2024-02-12 14:00:00+02:00,47905.9,47948.8
2024-02-12 16:00:00+02:00,47948.9,49925.4
2024-02-12 18:00:00+02:00,49925.5,49868.1
2024-02-12 20:00:00+02:00,49868.1,49545.9
2024-02-12 22:00:00+02:00,49545.9,49835.3
2024-02-13 00:00:00+02:00,49835.4,49943.6
2024-02-13 02:00:00+02:00,49943.6,50161.8
2024-02-13 04:00:00+02:00,50161.7,49813.8
2024-02-13 06:00:00+02:00,49813.9,50072.3
2024-02-13 08:00:00+02:00,50072.3,50019.9
2024-02-13 10:00:00+02:00,50019.8,50237.7
2024-02-13 12:00:00+02:00,50237.6,50004.0
2024-02-13 14:00:00+02:00,50003.9,49543.2
2024-02-13 16:00:00+02:00,49543.1,48753.1
2024-02-13 18:00:00+02:00,48753.2,48854.2
2024-02-13 20:00:00+02:00,48854.2,49044.9
2024-02-13 22:00:00+02:00,49045.0,49531.9
2024-02-14 00:00:00+02:00,49531.9,49696.4
2024-02-14 02:00:00+02:00,49696.4,49436.0
2024-02-14 04:00:00+02:00,49436.1,49524.4
2024-02-14 06:00:00+02:00,49524.5,49551.1
2024-02-14 08:00:00+02:00,49551.1,49845.0
2024-02-14 10:00:00+02:00,49844.9,51568.3
2024-02-14 12:00:00+02:00,51568.3,51601.2
2024-02-14 14:00:00+02:00,51601.1,51820.1
2024-02-14 16:00:00+02:00,51820.0,51616.4
2024-02-14 18:00:00+02:00,51616.5,51684.5
2024-02-14 20:00:00+02:00,51684.5,51707.5
2024-02-14 22:00:00+02:00,51707.5,51751.2
2024-02-15 00:00:00+02:00,51751.3,51823.2
2024-02-15 02:00:00+02:00,51823.1,51928.1
2024-02-15 04:00:00+02:00,51928.2,52379.9
2024-02-15 06:00:00+02:00,52379.9,51982.9
2024-02-15 08:00:00+02:00,51982.9,51802.4
2024-02-15 10:00:00+02:00,51802.5,52199.2
2024-02-15 12:00:00+02:00,52199.2,52359.1
2024-02-15 14:00:00+02:00,52359.0,52247.0
2024-02-15 16:00:00+02:00,52247.0,51968.7
2024-02-15 18:00:00+02:00,51968.6,51909.5
2024-02-15 20:00:00+02:00,51909.6,52022.0
2024-02-15 22:00:00+02:00,52022.1,51349.1
2024-02-16 00:00:00+02:00,51349.1,51898.5
2024-02-16 02:00:00+02:00,51898.4,51972.5
2024-02-16 04:00:00+02:00,51972.5,52309.9
2024-02-16 06:00:00+02:00,52309.8,52099.5
2024-02-16 08:00:00+02:00,52099.4,51786.4
2024-02-16 10:00:00+02:00,51786.4,51872.0
2024-02-16 12:00:00+02:00,51871.9,52241.1
2024-02-16 14:00:00+02:00,52241.2,52494.7
2024-02-16 16:00:00+02:00,52494.7,51909.3
2024-02-16 18:00:00+02:00,51909.2,52047.2
2024-02-16 20:00:00+02:00,52047.2,51780.2
2024-02-16 22:00:00+02:00,51780.2,52002.5
2024-02-17 00:00:00+02:00,52002.6,52148.6
2024-02-17 02:00:00+02:00,52148.7,51993.3
2024-02-17 04:00:00+02:00,51993.4,51993.6
2024-02-17 06:00:00+02:00,51993.6,51948.4
2024-02-17 08:00:00+02:00,51948.4,51933.9
2024-02-17 10:00:00+02:00,51933.9,51705.1
2024-02-17 12:00:00+02:00,51705.1,51723.7
2024-02-17 14:00:00+02:00,51723.7,51221.1
2024-02-17 16:00:00+02:00,51221.1,51013.4
2024-02-17 18:00:00+02:00,51013.4,51245.9
2024-02-17 20:00:00+02:00,51246.0,51428.8
2024-02-17 22:00:00+02:00,51428.2,51838.2
2024-02-18 00:00:00+02:00,51838.1,51679.4
2024-02-18 02:00:00+02:00,51679.5,51561.8
2024-02-18 04:00:00+02:00,51561.7,51518.0
2024-02-18 06:00:00+02:00,51518.0,51688.6
2024-02-18 08:00:00+02:00,51688.6,51703.7
2024-02-18 10:00:00+02:00,51703.7,52007.0
2024-02-18 12:00:00+02:00,52007.0,51861.1
2024-02-18 14:00:00+02:00,51861.1,51657.0
2024-02-18 16:00:00+02:00,51657.1,51808.9
2024-02-18 18:00:00+02:00,51809.0,51875.4
2024-02-18 20:00:00+02:00,51875.3,51791.5
2024-02-18 22:00:00+02:00,51791.6,51894.5
2024-02-19 00:00:00+02:00,51894.6,52175.9
2024-02-19 02:00:00+02:00,52175.9,52128.9
2024-02-19 04:00:00+02:00,52128.9,52104.0
2024-02-19 06:00:00+02:00,52104.0,52168.9
2024-02-19 08:00:00+02:00,52168.9,52423.9
2024-02-19 10:00:00+02:00,52424.0,52290.9
2024-02-19 12:00:00+02:00,52291.0,52375.9
2024-02-19 14:00:00+02:00,52375.9,52176.1
2024-02-19 16:00:00+02:00,52176.1,52157.5
2024-02-19 18:00:00+02:00,52157.5,52188.4
2024-02-19 20:00:00+02:00,52188.4,51851.6
2024-02-19 22:00:00+02:00,51851.6,51925.6
2024-02-20 00:00:00+02:00,51925.6,51813.8
2024-02-20 02:00:00+02:00,51813.7,51667.1
2024-02-20 04:00:00+02:00,51667.1,51608.9
2024-02-20 06:00:00+02:00,51608.8,51941.3
2024-02-20 08:00:00+02:00,51941.3,51869.2
2024-02-20 10:00:00+02:00,51869.2,51792.8
2024-02-20 12:00:00+02:00,51792.7,52325.8
2024-02-20 14:00:00+02:00,52325.9,52890.0
2024-02-20 16:00:00+02:00,52889.9,51712.7
2024-02-20 18:00:00+02:00,51712.7,51346.4
2024-02-20 20:00:00+02:00,51346.5,52131.3
2024-02-20 22:00:00+02:00,52131.2,52052.1
2024-02-21 00:00:00+02:00,52052.0,52297.4
2024-02-21 02:00:00+02:00,52297.3,52140.3
2024-02-21 04:00:00+02:00,52140.3,52042.5
2024-02-21 06:00:00+02:00,52042.4,51866.3
2024-02-21 08:00:00+02:00,51866.2,51599.9
2024-02-21 10:00:00+02:00,51599.9,51115.4
2024-02-21 12:00:00+02:00,51115.3,50988.1
2024-02-21 14:00:00+02:00,50988.2,51218.0
2024-02-21 16:00:00+02:00,51218.0,51183.7
2024-02-21 18:00:00+02:00,51183.6,50956.5
2024-02-21 20:00:00+02:00,50956.6,51082.0
2024-02-21 22:00:00+02:00,51081.9,51412.9
2024-02-22 00:00:00+02:00,51412.8,51877.8
2024-02-22 02:00:00+02:00,51877.9,51268.5
2024-02-22 04:00:00+02:00,51268.5,51612.1
2024-02-22 06:00:00+02:00,51612.1,51558.8
2024-02-22 08:00:00+02:00,51558.7,51860.6
2024-02-22 10:00:00+02:00,51860.6,51978.9
2024-02-22 12:00:00+02:00,51978.9,51659.2
2024-02-22 14:00:00+02:00,51659.1,51193.4
2024-02-22 16:00:00+02:00,51193.3,51630.0
2024-02-22 18:00:00+02:00,51630.0,51725.7
2024-02-22 20:00:00+02:00,51725.7,51547.0
2024-02-22 22:00:00+02:00,51546.9,51685.0
2024-02-23 00:00:00+02:00,51685.1,51316.9
2024-02-23 02:00:00+02:00,51316.9,51336.8
2024-02-23 04:00:00+02:00,51336.8,51129.7
2024-02-23 06:00:00+02:00,51129.8,51264.1
2024-02-23 08:00:00+02:00,51264.1,50952.3
2024-02-23 10:00:00+02:00,50952.3,51046.1
2024-02-23 12:00:00+02:00,51046.0,51254.1
2024-02-23 14:00:00+02:00,51254.1,51087.8
2024-02-23 16:00:00+02:00,51087.9,50938.1
2024-02-23 18:00:00+02:00,50938.2,51160.8
2024-02-23 20:00:00+02:00,51160.7,51131.0
2024-02-23 22:00:00+02:00,51130.9,51007.0
2024-02-24 00:00:00+02:00,51006.4,50771.9
2024-02-24 02:00:00+02:00,50771.9,50614.8
2024-02-24 04:00:00+02:00,50614.9,50878.2
2024-02-24 06:00:00+02:00,50878.2,51067.8
2024-02-24 08:00:00+02:00,51067.8,51099.8
2024-02-24 10:00:00+02:00,51099.8,51104.7
2024-02-24 12:00:00+02:00,51104.8,51151.9
2024-02-24 14:00:00+02:00,51151.8,51166.6
2024-02-24 16:00:00+02:00,51166.5,51124.6
2024-02-24 18:00:00+02:00,51124.7,51570.8
2024-02-24 20:00:00+02:00,51570.7,51590.0
2024-02-24 22:00:00+02:00,51589.9,51590.2
2024-02-25 00:00:00+02:00,51590.1,51602.1
2024-02-25 02:00:00+02:00,51602.1,51718.8
2024-02-25 04:00:00+02:00,51718.8,51654.2
2024-02-25 06:00:00+02:00,51654.1,51699.1
2024-02-25 08:00:00+02:00,51699.1,51756.8
2024-02-25 10:00:00+02:00,51756.9,51671.5
2024-02-25 12:00:00+02:00,51671.4,51672.3
2024-02-25 14:00:00+02:00,51672.3,51646.3
2024-02-25 16:00:00+02:00,51646.4,51547.8
2024-02-25 18:00:00+02:00,51547.9,51599.1
2024-02-25 20:00:00+02:00,51599.1,51708.0
2024-02-25 22:00:00+02:00,51707.9,51802.4
2024-02-26 00:00:00+02:00,51802.3,51764.9
2024-02-26 02:00:00+02:00,51764.9,51507.9
2024-02-26 04:00:00+02:00,51507.9,51596.1
2024-02-26 06:00:00+02:00,51596.1,51604.6
2024-02-26 08:00:00+02:00,51604.6,51327.5
2024-02-26 10:00:00+02:00,51327.5,50984.4
2024-02-26 12:00:00+02:00,50984.4,51126.4
2024-02-26 14:00:00+02:00,51126.3,51264.1
2024-02-26 16:00:00+02:00,51264.1,52872.3
2024-02-26 18:00:00+02:00,52872.2,53550.0
2024-02-26 20:00:00+02:00,53550.0,54531.3
2024-02-26 22:00:00+02:00,54531.2,54683.2
2024-02-27 00:00:00+02:00,54683.3,54511.6
2024-02-27 02:00:00+02:00,54511.7,55857.4
2024-02-27 04:00:00+02:00,55857.3,55774.3
2024-02-27 06:00:00+02:00,55773.1,56131.0
2024-02-27 08:00:00+02:00,56131.1,56100.0
2024-02-27 10:00:00+02:00,56100.1,56660.4
2024-02-27 12:00:00+02:00,56660.5,56581.4
2024-02-27 14:00:00+02:00,56581.4,57160.9
2024-02-27 16:00:00+02:00,57160.9,56775.0
2024-02-27 18:00:00+02:00,56775.1,56804.2
2024-02-27 20:00:00+02:00,56804.1,57390.7
2024-02-27 22:00:00+02:00,57390.7,56755.8
2024-02-28 00:00:00+02:00,56755.7,57074.5
2024-02-28 02:00:00+02:00,57074.5,56813.3
2024-02-28 04:00:00+02:00,56813.3,56963.3
2024-02-28 06:00:00+02:00,56963.3,57115.9
2024-02-28 08:00:00+02:00,57116.0,58300.0
2024-02-28 10:00:00+02:00,58299.9,59357.0
2024-02-28 12:00:00+02:00,59357.1,58997.4
2024-02-28 14:00:00+02:00,58997.4,60542.0
2024-02-28 16:00:00+02:00,60541.9,61000.0
2024-02-28 18:00:00+02:00,61000.0,61467.8
2024-02-28 20:00:00+02:00,61467.8,61032.8
2024-02-28 22:00:00+02:00,61032.8,60611.6
2024-02-29 00:00:00+02:00,60611.7,62487.9
2024-02-29 02:00:00+02:00,62487.9,61480.7
2024-02-29 04:00:00+02:00,61480.6,61638.6
2024-02-29 06:00:00+02:00,61638.6,62620.9
2024-02-29 08:00:00+02:00,62620.9,62761.5
2024-02-29 10:00:00+02:00,62761.6,62772.3
2024-02-29 12:00:00+02:00,62772.2,63019.8
2024-02-29 14:00:00+02:00,63019.8,63004.2
2024-02-29 16:00:00+02:00,63004.1,62809.1
2024-02-29 18:00:00+02:00,62809.1,61082.9
2024-02-29 20:00:00+02:00,61082.9,61681.8
2024-02-29 22:00:00+02:00,61681.7,61435.8
2024-03-01 00:00:00+02:00,61435.8,61203.3
2024-03-01 02:00:00+02:00,61203.3,61294.4
2024-03-01 04:00:00+02:00,61294.4,61183.4
2024-03-01 06:00:00+02:00,61183.4,61385.9
2024-03-01 08:00:00+02:00,61385.9,61485.8
2024-03-01 10:00:00+02:00,61485.9,62200.1
2024-03-01 12:00:00+02:00,62200.1,61927.7
2024-03-01 14:00:00+02:00,61927.7,62510.2
2024-03-01 16:00:00+02:00,62510.2,61335.3
2024-03-01 18:00:00+02:00,61335.4,61977.0
2024-03-01 20:00:00+02:00,61976.9,62270.5
2024-03-01 22:00:00+02:00,62270.5,62565.4
2024-03-02 00:00:00+02:00,62565.5,62430.6
2024-03-02 02:00:00+02:00,62430.6,62089.0
2024-03-02 04:00:00+02:00,62088.9,62374.3
2024-03-02 06:00:00+02:00,62374.4,62072.4
2024-03-02 08:00:00+02:00,62072.4,62071.9
2024-03-02 10:00:00+02:00,62071.9,61914.1
2024-03-02 12:00:00+02:00,61914.2,61900.0
2024-03-02 14:00:00+02:00,61900.0,61864.0
2024-03-02 16:00:00+02:00,61864.0,61834.5
2024-03-02 18:00:00+02:00,61834.5,61836.7
2024-03-02 20:00:00+02:00,61836.6,62185.3
2024-03-02 22:00:00+02:00,62185.3,61967.3
2024-03-03 00:00:00+02:00,61967.4,62039.9
2024-03-03 02:00:00+02:00,62039.9,61856.9
2024-03-03 04:00:00+02:00,61856.8,61997.1
2024-03-03 06:00:00+02:00,61997.1,61954.8
2024-03-03 08:00:00+02:00,61954.8,61641.0
2024-03-03 10:00:00+02:00,61641.0,61782.2
2024-03-03 12:00:00+02:00,61782.2,61900.0
2024-03-03 14:00:00+02:00,61900.0,62450.0
2024-03-03 16:00:00+02:00,62449.9,62210.7
2024-03-03 18:00:00+02:00,62210.8,62635.8
2024-03-03 20:00:00+02:00,62635.9,62797.1
2024-03-03 22:00:00+02:00,62797.1,62895.5
2024-03-04 00:00:00+02:00,62895.5,63178.5
2024-03-04 02:00:00+02:00,63178.5,63587.6
2024-03-04 04:00:00+02:00,63589.1,63523.9
2024-03-04 06:00:00+02:00,63524.0,63406.1
2024-03-04 08:00:00+02:00,63406.1,64120.6
2024-03-04 10:00:00+02:00,64120.6,65383.7
2024-03-04 12:00:00+02:00,65383.8,65314.0
2024-03-04 14:00:00+02:00,65313.9,65173.2
2024-03-04 16:00:00+02:00,65173.3,66505.4
2024-03-04 18:00:00+02:00,66505.4,66935.9
2024-03-04 20:00:00+02:00,66936.0,67483.2
2024-03-04 22:00:00+02:00,67483.2,67452.9
2024-03-05 00:00:00+02:00,67452.7,68296.4
2024-03-05 02:00:00+02:00,68296.5,68603.3
2024-03-05 04:00:00+02:00,68603.4,68203.8
2024-03-05 06:00:00+02:00,68203.7,67062.4
2024-03-05 08:00:00+02:00,67062.4,66223.8
2024-03-05 10:00:00+02:00,66223.8,66518.9
2024-03-05 12:00:00+02:00,66518.9,66749.0
2024-03-05 14:00:00+02:00,66749.1,67851.9
2024-03-05 16:00:00+02:00,67851.9,66841.3
2024-03-05 18:00:00+02:00,66839.8,65660.7
2024-03-05 20:00:00+02:00,65660.7,61510.2
2024-03-05 22:00:00+02:00,61497.3,63301.1
2024-03-06 00:00:00+02:00,63301.2,63747.4
2024-03-06 02:00:00+02:00,63747.5,63160.0
2024-03-06 04:00:00+02:00,63159.9,63323.6
2024-03-06 06:00:00+02:00,63323.6,66475.9
2024-03-06 08:00:00+02:00,66476.4,66759.4
2024-03-06 10:00:00+02:00,66759.3,66192.5
2024-03-06 12:00:00+02:00,66192.5,67383.9
2024-03-06 14:00:00+02:00,67383.9,66394.1
2024-03-06 16:00:00+02:00,66394.0,66541.3
2024-03-06 18:00:00+02:00,66541.3,67397.2
2024-03-06 20:00:00+02:00,67397.2,66803.5
2024-03-06 22:00:00+02:00,66803.5,66475.2
2024-03-07 00:00:00+02:00,66475.1,66128.1
2024-03-07 02:00:00+02:00,66128.0,66483.9
2024-03-07 04:00:00+02:00,66483.9,65914.9
2024-03-07 06:00:00+02:00,65915.0,65852.8
2024-03-07 08:00:00+02:00,65852.8,66447.8
2024-03-07 10:00:00+02:00,66447.8,66774.7
2024-03-07 12:00:00+02:00,66774.7,66974.9
2024-03-07 14:00:00+02:00,66975.0,66978.0
2024-03-07 16:00:00+02:00,66978.0,67317.1
2024-03-07 18:00:00+02:00,67317.2,67655.1
2024-03-07 20:00:00+02:00,67656.4,67559.3
2024-03-07 22:00:00+02:00,67559.4,67301.7
2024-03-08 00:00:00+02:00,67303.0,66870.0
2024-03-08 02:00:00+02:00,66870.0,66998.9
2024-03-08 04:00:00+02:00,66999.0,67219.9
2024-03-08 06:00:00+02:00,67220.0,66961.4
2024-03-08 08:00:00+02:00,66961.4,67308.5
2024-03-08 10:00:00+02:00,67308.5,67202.0
2024-03-08 12:00:00+02:00,67202.0,67822.0
2024-03-08 14:00:00+02:00,67821.5,67836.9
2024-03-08 16:00:00+02:00,67836.9,67685.8
2024-03-08 18:00:00+02:00,67685.8,68402.2
2024-03-08 20:00:00+02:00,68402.2,68922.0
2024-03-08 22:00:00+02:00,68921.9,68219.9
2024-03-09 00:00:00+02:00,68220.0,68180.2
2024-03-09 02:00:00+02:00,68180.2,67971.7
2024-03-09 04:00:00+02:00,67971.8,68297.1
2024-03-09 06:00:00+02:00,68297.2,68299.6
2024-03-09 08:00:00+02:00,68299.7,68336.3
2024-03-09 10:00:00+02:00,68336.3,68366.5
2024-03-09 12:00:00+02:00,68366.6,68360.3
2024-03-09 14:00:00+02:00,68360.3,68400.3
2024-03-09 16:00:00+02:00,68400.2,68341.6
2024-03-09 18:00:00+02:00,68341.5,68218.3
2024-03-09 20:00:00+02:00,68218.3,68255.0
2024-03-09 22:00:00+02:00,68255.0,68432.0
2024-03-10 00:00:00+02:00,68431.9,68360.1
2024-03-10 02:00:00+02:00,68360.2,69029.7
2024-03-10 04:00:00+02:00,69029.8,69208.1
2024-03-10 06:00:00+02:00,69208.0,69402.2
2024-03-10 08:00:00+02:00,69402.2,69430.0
2024-03-10 10:00:00+02:00,69429.9,69902.5
2024-03-10 12:00:00+02:00,69902.5,69639.5
2024-03-10 14:00:00+02:00,69639.6,69388.8
2024-03-10 16:00:00+02:00,69388.7,69254.7
2024-03-10 18:00:00+02:00,69254.6,69484.0
2024-03-10 20:00:00+02:00,69484.0,69465.0
2024-03-10 22:00:00+02:00,69465.1,69175.8
2024-03-11 00:00:00+02:00,69175.7,69001.8
2024-03-11 02:00:00+02:00,69001.8,68365.5
2024-03-11 04:00:00+02:00,68365.5,68657.4
2024-03-11 06:00:00+02:00,68657.4,68609.2
2024-03-11 08:00:00+02:00,68609.1,71223.8
2024-03-11 10:00:00+02:00,71223.9,71894.6
2024-03-11 12:00:00+02:00,71894.6,71558.6
2024-03-11 14:00:00+02:00,71558.6,71584.9
2024-03-11 16:00:00+02:00,71584.9,72061.4
2024-03-11 18:00:00+02:00,72061.3,72548.0
2024-03-11 20:00:00+02:00,72548.0,72041.3
2024-03-11 22:00:00+02:00,72041.3,72595.2
2024-03-12 00:00:00+02:00,72595.2,72153.8
2024-03-12 02:00:00+02:00,72153.9,72530.6
2024-03-12 04:00:00+02:00,72530.6,71673.4
2024-03-12 06:00:00+02:00,71673.3,72043.0
2024-03-12 08:00:00+02:00,72043.0,72175.5
2024-03-12 10:00:00+02:00,72175.6,72019.5
2024-03-12 12:00:00+02:00,72019.5,72098.7
2024-03-12 14:00:00+02:00,72098.7,72376.5
2024-03-12 16:00:00+02:00,72376.5,71779.2
2024-03-12 18:00:00+02:00,71779.2,71161.2
2024-03-12 20:00:00+02:00,71161.2,71403.1
2024-03-12 22:00:00+02:00,71403.0,70894.9
2024-03-13 00:00:00+02:00,70895.0,71503.2
2024-03-13 02:00:00+02:00,71503.3,72076.7
2024-03-13 04:00:00+02:00,72076.7,72135.8
2024-03-13 06:00:00+02:00,72135.8,72227.4
2024-03-13 08:00:00+02:00,72227.5,72964.0
2024-03-13 10:00:00+02:00,72964.1,73389.2
2024-03-13 12:00:00+02:00,73389.3,73149.9
2024-03-13 14:00:00+02:00,73149.8,72240.0
2024-03-13 16:00:00+02:00,72239.9,72670.2
2024-03-13 18:00:00+02:00,72670.2,72889.3
2024-03-13 20:00:00+02:00,72889.3,73399.9
2024-03-13 22:00:00+02:00,73399.9,73295.4
2024-03-14 00:00:00+02:00,73295.4,73127.6
2024-03-14 02:00:00+02:00,73127.6,72993.5
2024-03-14 04:00:00+02:00,72993.4,73333.3
2024-03-14 06:00:00+02:00,73333.3,73210.6
2024-03-14 08:00:00+02:00,73210.7,73280.7
2024-03-14 10:00:00+02:00,73280.7,73391.4
2024-03-14 12:00:00+02:00,73391.4,72939.4
2024-03-14 14:00:00+02:00,72939.4,71951.3
2024-03-14 16:00:00+02:00,71951.2,70904.5
2024-03-14 18:00:00+02:00,70904.5,71097.2
2024-03-14 20:00:00+02:00,71097.1,69500.4
2024-03-14 22:00:00+02:00,69500.4,71163.8
2024-03-15 00:00:00+02:00,71163.8,71455.5
2024-03-15 02:00:00+02:00,71455.6,71700.0
2024-03-15 04:00:00+02:00,71699.9,68266.0
2024-03-15 06:00:00+02:00,68266.0,67478.8
2024-03-15 08:00:00+02:00,67478.7,68487.4
2024-03-15 10:00:00+02:00,68487.4,67857.8
2024-03-15 12:00:00+02:00,67857.8,67818.3
2024-03-15 14:00:00+02:00,67818.3,68498.0
2024-03-15 16:00:00+02:00,68498.0,68199.2
2024-03-15 18:00:00+02:00,68199.2,68262.3
2024-03-15 20:00:00+02:00,68262.2,69003.0
2024-03-15 22:00:00+02:00,69002.9,68342.3
2024-03-16 00:00:00+02:00,68342.2,69552.2
2024-03-16 02:00:00+02:00,69552.1,69332.4
2024-03-16 04:00:00+02:00,69332.5,69247.6
2024-03-16 06:00:00+02:00,69247.6,69032.4
2024-03-16 08:00:00+02:00,69032.4,69490.2
2024-03-16 10:00:00+02:00,69490.2,68995.0
2024-03-16 12:00:00+02:00,68995.0,68300.1
2024-03-16 14:00:00+02:00,68300.0,67750.1
2024-03-16 16:00:00+02:00,67750.1,68431.8
2024-03-16 18:00:00+02:00,68431.9,67325.9
2024-03-16 20:00:00+02:00,67326.0,66969.1
2024-03-16 22:00:00+02:00,66969.1,66284.0
2024-03-17 00:00:00+02:00,66283.9,65351.0
2024-03-17 02:00:00+02:00,65351.0,66213.1
2024-03-17 04:00:00+02:00,66213.1,66574.4
2024-03-17 06:00:00+02:00,66574.5,66284.1
2024-03-17 08:00:00+02:00,66284.0,65681.2
2024-03-17 10:00:00+02:00,65681.1,66505.0
2024-03-17 12:00:00+02:00,66504.9,67015.0
2024-03-17 14:00:00+02:00,67014.9,67186.0
2024-03-17 16:00:00+02:00,67186.0,68009.8
2024-03-17 18:00:00+02:00,68009.9,68592.4
2024-03-17 20:00:00+02:00,68592.4,68575.5
2024-03-17 22:00:00+02:00,68575.5,68201.2
2024-03-18 00:00:00+02:00,68201.1,68447.9
2024-03-18 02:00:00+02:00,68447.9,67686.6
2024-03-18 04:00:00+02:00,67686.7,68038.1
2024-03-18 06:00:00+02:00,68038.1,68746.5
2024-03-18 08:00:00+02:00,68746.6,68262.9
2024-03-18 10:00:00+02:00,68262.9,67899.2
2024-03-18 12:00:00+02:00,67899.3,68307.7
2024-03-18 14:00:00+02:00,68307.6,67605.8
2024-03-18 16:00:00+02:00,67605.7,67509.2
2024-03-18 18:00:00+02:00,67509.2,67432.2
2024-03-18 20:00:00+02:00,67432.3,66985.7
2024-03-18 22:00:00+02:00,66985.8,67673.9
2024-03-19 00:00:00+02:00,67673.8,67660.0
2024-03-19 02:00:00+02:00,67660.0,65899.1
2024-03-19 04:00:00+02:00,65899.4,65930.5
2024-03-19 06:00:00+02:00,65930.4,65265.9
2024-03-19 08:00:00+02:00,65265.8,64742.1
2024-03-19 10:00:00+02:00,64742.1,64184.5
2024-03-19 12:00:00+02:00,64184.4,63137.1
2024-03-19 14:00:00+02:00,63137.1,63606.8
2024-03-19 16:00:00+02:00,63606.9,64084.0
2024-03-19 18:00:00+02:00,64084.1,64916.5
2024-03-19 20:00:00+02:00,64916.4,64435.0
2024-03-19 22:00:00+02:00,64435.0,63998.8
2024-03-20 00:00:00+02:00,63998.9,61974.1
2024-03-20 02:00:00+02:00,61974.1,62430.1
2024-03-20 04:00:00+02:00,62430.1,61894.8
2024-03-20 06:00:00+02:00,61896.3,61596.4
2024-03-20 08:00:00+02:00,61596.0,62995.1
2024-03-20 10:00:00+02:00,62995.1,63259.1
2024-03-20 12:00:00+02:00,63259.2,63432.0
2024-03-20 14:00:00+02:00,63432.0,63640.5
2024-03-20 16:00:00+02:00,63640.6,63649.0
2024-03-20 18:00:00+02:00,63648.9,64149.9
2024-03-20 20:00:00+02:00,64149.9,65821.6
2024-03-20 22:00:00+02:00,65821.6,67716.9
2024-03-21 00:00:00+02:00,67716.9,67876.4
2024-03-21 02:00:00+02:00,67876.4,67835.4
2024-03-21 04:00:00+02:00,67835.4,66707.8
2024-03-21 06:00:00+02:00,66707.8,67059.3
2024-03-21 08:00:00+02:00,67059.2,67031.8
2024-03-21 10:00:00+02:00,67031.8,66899.6
2024-03-21 12:00:00+02:00,66899.5,67082.3
2024-03-21 14:00:00+02:00,67082.3,66782.1
2024-03-21 16:00:00+02:00,66782.2,66601.6
2024-03-21 18:00:00+02:00,66601.6,65785.1
2024-03-21 20:00:00+02:00,65784.6,65276.0
2024-03-21 22:00:00+02:00,65274.3,65693.2
2024-03-22 00:00:00+02:00,65693.1,65539.9
2024-03-22 02:00:00+02:00,65539.9,65284.2
2024-03-22 04:00:00+02:00,65284.1,66017.8
2024-03-22 06:00:00+02:00,66017.8,66470.1
2024-03-22 08:00:00+02:00,66470.2,66223.4
2024-03-22 10:00:00+02:00,66223.3,65536.2
2024-03-22 12:00:00+02:00,65536.2,64268.0
2024-03-22 14:00:00+02:00,64268.1,63097.2
2024-03-22 16:00:00+02:00,63097.1,63920.0
2024-03-22 18:00:00+02:00,63920.0,63624.2
2024-03-22 20:00:00+02:00,63624.1,63907.2
2024-03-22 22:00:00+02:00,63907.4,63010.6
2024-03-23 00:00:00+02:00,63010.6,63826.0
2024-03-23 02:00:00+02:00,63826.1,64147.3
2024-03-23 04:00:00+02:00,64147.3,63592.0
2024-03-23 06:00:00+02:00,63592.0,64106.6
2024-03-23 08:00:00+02:00,64106.7,64606.5
2024-03-23 10:00:00+02:00,64606.6,64511.4
2024-03-23 12:00:00+02:00,64511.3,64674.9
2024-03-23 14:00:00+02:00,64674.8,64628.2
2024-03-23 16:00:00+02:00,64628.2,65147.5
2024-03-23 18:00:00+02:00,65147.4,65701.1
2024-03-23 20:00:00+02:00,65701.2,64917.9
2024-03-23 22:00:00+02:00,64918.0,64980.1
2024-03-24 00:00:00+02:00,64980.2,64020.3
2024-03-24 02:00:00+02:00,64020.4,64512.0
2024-03-24 04:00:00+02:00,64512.2,64007.6
2024-03-24 06:00:00+02:00,64008.1,64343.4
2024-03-24 08:00:00+02:00,64343.5,64624.6
2024-03-24 10:00:00+02:00,64624.6,64924.7
2024-03-24 12:00:00+02:00,64924.8,65371.9
2024-03-24 14:00:00+02:00,65371.9,65399.9
2024-03-24 16:00:00+02:00,65399.9,65718.6
2024-03-24 18:00:00+02:00,65718.6,65384.7
2024-03-24 20:00:00+02:00,65384.4,65886.8
2024-03-24 22:00:00+02:00,65886.8,66575.0
2024-03-25 00:00:00+02:00,66574.9,67260.9
2024-03-25 02:00:00+02:00,67260.9,66613.3
2024-03-25 04:00:00+02:00,66613.3,67407.8
2024-03-25 06:00:00+02:00,67407.8,67395.0
2024-03-25 08:00:00+02:00,67395.1,66866.6
2024-03-25 10:00:00+02:00,66866.5,67101.9
2024-03-25 12:00:00+02:00,67101.9,66855.9
2024-03-25 14:00:00+02:00,66855.1,68046.6
2024-03-25 16:00:00+02:00,68046.6,69844.6
2024-03-25 18:00:00+02:00,69844.5,70605.8
2024-03-25 20:00:00+02:00,70605.9,71019.6
2024-03-25 22:00:00+02:00,71019.6,69904.6
2024-03-26 00:00:00+02:00,69904.5,69920.5
2024-03-26 02:00:00+02:00,69920.6,70332.0
2024-03-26 04:00:00+02:00,70332.0,70473.8
2024-03-26 06:00:00+02:00,70473.7,70344.1
2024-03-26 08:00:00+02:00,70344.2,70535.0
2024-03-26 10:00:00+02:00,70535.0,71191.4
2024-03-26 12:00:00+02:00,71191.5,70734.2
2024-03-26 14:00:00+02:00,70734.1,70459.4
2024-03-26 16:00:00+02:00,70459.3,70307.1
2024-03-26 18:00:00+02:00,70307.0,70125.4
2024-03-26 20:00:00+02:00,70125.4,69523.3
2024-03-26 22:00:00+02:00,69523.2,70054.4
2024-03-27 00:00:00+02:00,70054.3,70044.1
2024-03-27 02:00:00+02:00,70044.2,70387.9
2024-03-27 04:00:00+02:00,70387.9,70445.1
2024-03-27 06:00:00+02:00,70445.2,70529.9
2024-03-27 08:00:00+02:00,70529.9,69798.8
2024-03-27 10:00:00+02:00,69797.5,70116.4
2024-03-27 12:00:00+02:00,70116.4,70290.3
2024-03-27 14:00:00+02:00,70290.2,69966.2
2024-03-27 16:00:00+02:00,69966.3,68922.0
2024-03-27 18:00:00+02:00,68922.1,68732.2
2024-03-27 20:00:00+02:00,68732.3,68707.8
2024-03-27 22:00:00+02:00,68707.7,68982.8
2024-03-28 00:00:00+02:00,68982.9,69532.6
2024-03-28 02:00:00+02:00,69532.6,69506.1
2024-03-28 04:00:00+02:00,69506.0,69349.3
2024-03-28 06:00:00+02:00,69349.3,69758.0
2024-03-28 08:00:00+02:00,69757.9,70456.8
2024-03-28 10:00:00+02:00,70457.0,70622.9
2024-03-28 12:00:00+02:00,70623.0,70707.7
2024-03-28 14:00:00+02:00,70707.7,70924.5
2024-03-28 16:00:00+02:00,70924.5,71335.1
2024-03-28 18:00:00+02:00,71335.2,70848.0
2024-03-28 20:00:00+02:00,70847.9,70837.1
2024-03-28 22:00:00+02:00,70837.1,70829.0
2024-03-29 00:00:00+02:00,70829.1,70838.7
2024-03-29 03:00:00+03:00,70838.8,70840.8
2024-03-29 05:00:00+03:00,70840.8,70491.8
2024-03-29 07:00:00+03:00,70491.7,70237.1
2024-03-29 09:00:00+03:00,70237.0,69855.6
2024-03-29 11:00:00+03:00,69855.6,69802.3
2024-03-29 13:00:00+03:00,69802.3,70182.9
2024-03-29 15:00:00+03:00,70183.0,70497.8
2024-03-29 17:00:00+03:00,70497.7,69240.1
2024-03-29 19:00:00+03:00,69240.4,69465.3
2024-03-29 21:00:00+03:00,69465.2,69720.6
2024-03-29 23:00:00+03:00,69720.5,69475.2
2024-03-30 01:00:00+03:00,69475.2,69903.6
2024-03-30 03:00:00+03:00,69903.6,70038.0
2024-03-30 05:00:00+03:00,70038.0,69836.8
2024-03-30 07:00:00+03:00,69836.8,70075.1
2024-03-30 09:00:00+03:00,70075.0,69900.1
2024-03-30 11:00:00+03:00,69900.2,70075.2
2024-03-30 13:00:00+03:00,70075.3,70237.1
2024-03-30 15:00:00+03:00,70237.1,70213.4
2024-03-30 17:00:00+03:00,70213.3,70064.9
2024-03-30 19:00:00+03:00,70065.0,70100.0
2024-03-30 21:00:00+03:00,70099.9,69944.7
2024-03-30 23:00:00+03:00,69944.7,69775.1
2024-03-31 01:00:00+03:00,69775.0,69642.1
2024-03-31 03:00:00+03:00,69642.0,70095.9
2024-03-31 05:00:00+03:00,70095.9,69980.8
2024-03-31 07:00:00+03:00,69980.9,70428.6
2024-03-31 09:00:00+03:00,70428.6,70366.5
2024-03-31 11:00:00+03:00,70367.5,70291.7
2024-03-31 13:00:00+03:00,70291.7,70442.6
2024-03-31 15:00:00+03:00,70442.6,70657.5
2024-03-31 17:00:00+03:00,70657.5,70446.2
2024-03-31 19:00:00+03:00,70446.2,70573.3
2024-03-31 21:00:00+03:00,70573.3,71135.1
2024-03-31 23:00:00+03:00,71135.1,70929.9
2024-04-01 01:00:00+03:00,70930.0,71363.0
2024-04-01 03:00:00+03:00,71363.0,70885.1
2024-04-01 05:00:00+03:00,70885.0,70650.1
2024-04-01 07:00:00+03:00,70650.0,69212.2
2024-04-01 09:00:00+03:00,69212.2,69637.0
2024-04-01 11:00:00+03:00,69637.0,69448.4
2024-04-01 13:00:00+03:00,69448.4,69520.4
2024-04-01 15:00:00+03:00,69520.4,69932.2
2024-04-01 17:00:00+03:00,69932.2,68281.0
2024-04-01 19:00:00+03:00,68280.9,68784.8
2024-04-01 21:00:00+03:00,68784.8,69682.1
2024-04-01 23:00:00+03:00,69682.2,69629.1
2024-04-02 01:00:00+03:00,69629.0,69700.0
2024-04-02 03:00:00+03:00,69700.0,69437.3
2024-04-02 05:00:00+03:00,69437.2,66734.1
2024-04-02 07:00:00+03:00,66734.1,66794.0
2024-04-02 09:00:00+03:00,66794.0,66503.3
2024-04-02 11:00:00+03:00,66503.4,66120.3
2024-04-02 13:00:00+03:00,66120.2,65684.2
2024-04-02 15:00:00+03:00,65684.2,65268.8
2024-04-02 17:00:00+03:00,65268.9,64928.3
2024-04-02 19:00:00+03:00,64928.2,65650.3
2024-04-02 21:00:00+03:00,65650.2,65946.8
2024-04-02 23:00:00+03:00,65946.8,65722.9
2024-04-03 01:00:00+03:00,65722.9,65505.3
2024-04-03 03:00:00+03:00,65502.4,65829.9
2024-04-03 05:00:00+03:00,65830.0,66252.2
2024-04-03 07:00:00+03:00,66252.2,66112.7
2024-04-03 09:00:00+03:00,66112.7,66181.1
2024-04-03 11:00:00+03:00,66181.2,66511.6
2024-04-03 13:00:00+03:00,66511.6,66094.3
2024-04-03 15:00:00+03:00,66094.2,65843.1
2024-04-03 17:00:00+03:00,65843.2,65873.9
2024-04-03 19:00:00+03:00,65873.9,65980.7
2024-04-03 21:00:00+03:00,65980.7,65798.8
2024-04-03 23:00:00+03:00,65798.8,65944.7
2024-04-04 01:00:00+03:00,65944.7,65971.9
2024-04-04 03:00:00+03:00,65971.8,66150.0
2024-04-04 05:00:00+03:00,66150.1,65637.2
2024-04-04 07:00:00+03:00,65637.2,65606.1
2024-04-04 09:00:00+03:00,65606.1,66104.8
2024-04-04 11:00:00+03:00,66104.7,66291.8
2024-04-04 13:00:00+03:00,66291.9,66361.5
2024-04-04 15:00:00+03:00,66361.5,67231.5
2024-04-04 17:00:00+03:00,67231.5,67631.8
2024-04-04 19:00:00+03:00,67631.7,68847.4
2024-04-04 21:00:00+03:00,68847.0,68484.0
2024-04-04 23:00:00+03:00,68483.9,67808.4
2024-04-05 01:00:00+03:00,67808.3,68489.9
2024-04-05 03:00:00+03:00,68489.8,68165.6
2024-04-05 05:00:00+03:00,68165.6,67885.4
2024-04-05 07:00:00+03:00,67885.5,66907.4
2024-04-05 09:00:00+03:00,66907.3,66937.4
2024-04-05 11:00:00+03:00,66937.4,66817.4
2024-04-05 13:00:00+03:00,66817.4,66502.8
2024-04-05 15:00:00+03:00,66502.8,67491.7
2024-04-05 17:00:00+03:00,67491.8,68201.5
2024-04-05 19:00:00+03:00,68200.0,67455.8
2024-04-05 21:00:00+03:00,67455.8,67400.0
2024-04-05 23:00:00+03:00,67400.0,67493.6
2024-04-06 01:00:00+03:00,67493.6,67825.7
2024-04-06 03:00:00+03:00,67825.8,67699.9
2024-04-06 05:00:00+03:00,67700.0,67793.3
2024-04-06 07:00:00+03:00,67793.4,68028.5
2024-04-06 09:00:00+03:00,68028.5,67985.1
2024-04-06 11:00:00+03:00,67985.1,67795.0
2024-04-06 13:00:00+03:00,67794.9,67655.0
2024-04-06 15:00:00+03:00,67654.9,67688.1
2024-04-06 17:00:00+03:00,67688.2,68094.0
2024-04-06 19:00:00+03:00,68094.0,68290.0
2024-04-06 21:00:00+03:00,68290.0,68259.5
2024-04-06 23:00:00+03:00,68259.4,68305.6
2024-04-07 01:00:00+03:00,68305.5,68901.6
2024-04-07 03:00:00+03:00,68901.5,69540.4
2024-04-07 05:00:00+03:00,69540.4,69402.1
2024-04-07 07:00:00+03:00,69402.2,69399.9
2024-04-07 09:00:00+03:00,69399.9,69367.4
2024-04-07 11:00:00+03:00,69367.3,69309.4
2024-04-07 13:00:00+03:00,69309.4,69366.1
2024-04-07 15:00:00+03:00,69366.2,69363.2
2024-04-07 17:00:00+03:00,69363.1,69567.9
2024-04-07 19:00:00+03:00,69567.9,69826.4
2024-04-07 21:00:00+03:00,69826.4,69089.9
2024-04-07 23:00:00+03:00,69090.0,69049.2
2024-04-08 01:00:00+03:00,69049.3,69362.7
2024-04-08 03:00:00+03:00,69362.7,69458.1
2024-04-08 05:00:00+03:00,69458.1,69484.9
2024-04-08 07:00:00+03:00,69485.0,69728.4
2024-04-08 09:00:00+03:00,69728.4,70745.4
2024-04-08 11:00:00+03:00,70745.4,72263.2
2024-04-08 13:00:00+03:00,72263.2,72472.6
2024-04-08 15:00:00+03:00,72472.6,71994.7
2024-04-08 17:00:00+03:00,71994.8,71815.7
2024-04-08 19:00:00+03:00,71815.7,71740.0
2024-04-08 21:00:00+03:00,71740.1,71807.2
2024-04-08 23:00:00+03:00,71807.3,71742.8
2024-04-09 01:00:00+03:00,71742.9,71678.4
2024-04-09 03:00:00+03:00,71678.3,71318.6
2024-04-09 05:00:00+03:00,71318.5,71339.0
2024-04-09 07:00:00+03:00,71339.0,71110.5
2024-04-09 09:00:00+03:00,71110.5,70444.0
2024-04-09 11:00:00+03:00,70444.1,70442.6
2024-04-09 13:00:00+03:00,70442.6,70858.3
2024-04-09 15:00:00+03:00,70858.2,69979.8
2024-04-09 17:00:00+03:00,69979.7,69322.8
2024-04-09 19:00:00+03:00,69322.8,68878.3
2024-04-09 21:00:00+03:00,68878.2,69049.7
2024-04-09 23:00:00+03:00,69049.6,69257.6
2024-04-10 01:00:00+03:00,69257.6,69189.3
2024-04-10 03:00:00+03:00,69189.2,69326.5
2024-04-10 05:00:00+03:00,69326.4,69193.1
2024-04-10 07:00:00+03:00,69193.2,69300.1
2024-04-10 09:00:00+03:00,69300.0,69381.6
2024-04-10 11:00:00+03:00,69381.6,69184.2
2024-04-10 13:00:00+03:00,69184.3,69094.7
2024-04-10 15:00:00+03:00,69094.8,68300.0
2024-04-10 17:00:00+03:00,68299.9,68687.9
2024-04-10 19:00:00+03:00,68688.0,69395.6
2024-04-10 21:00:00+03:00,69395.6,70121.0
2024-04-10 23:00:00+03:00,70120.3,70050.0
2024-04-11 01:00:00+03:00,70049.9,70681.7
2024-04-11 03:00:00+03:00,70681.8,70610.2
2024-04-11 05:00:00+03:00,70610.3,70900.5
2024-04-11 07:00:00+03:00,70900.5,70639.1
2024-04-11 09:00:00+03:00,70639.1,70789.1
2024-04-11 11:00:00+03:00,70789.1,70661.9
2024-04-11 13:00:00+03:00,70661.9,70043.3
2024-04-11 15:00:00+03:00,70043.4,70322.8
2024-04-11 17:00:00+03:00,70322.7,70045.9
2024-04-11 19:00:00+03:00,70045.9,70244.7
2024-04-11 21:00:00+03:00,70244.7,70491.4
2024-04-11 23:00:00+03:00,70491.3,70172.4
2024-04-12 01:00:00+03:00,70172.3,70055.7
2024-04-12 03:00:00+03:00,70055.6,70330.1
2024-04-12 05:00:00+03:00,70330.0,71034.3
2024-04-12 07:00:00+03:00,71034.3,71009.8
2024-04-12 09:00:00+03:00,71009.8,70825.9
2024-04-12 11:00:00+03:00,70825.9,70711.6
2024-04-12 13:00:00+03:00,70711.6,70950.9
2024-04-12 15:00:00+03:00,70950.9,69934.4
2024-04-12 17:00:00+03:00,69934.5,69374.1
2024-04-12 19:00:00+03:00,69374.0,68191.3
2024-04-12 21:00:00+03:00,68191.3,66867.5
2024-04-12 23:00:00+03:00,66867.6,66985.2
2024-04-13 01:00:00+03:00,66985.2,67136.4
2024-04-13 03:00:00+03:00,67136.4,65928.3
2024-04-13 05:00:00+03:00,65928.4,67188.4
2024-04-13 07:00:00+03:00,67188.5,67375.7
2024-04-13 09:00:00+03:00,67375.7,67466.1
2024-04-13 11:00:00+03:00,67466.1,67408.6
2024-04-13 13:00:00+03:00,67408.5,67377.0
2024-04-13 15:00:00+03:00,67377.1,67563.3
2024-04-13 17:00:00+03:00,67563.4,67683.2
2024-04-13 19:00:00+03:00,67683.2,66755.5
2024-04-13 21:00:00+03:00,66755.4,64779.1
2024-04-13 23:00:00+03:00,64779.1,62922.4
2024-04-14 01:00:00+03:00,62922.5,63939.7
2024-04-14 03:00:00+03:00,63939.7,63738.0
2024-04-14 05:00:00+03:00,63738.1,63428.7
2024-04-14 07:00:00+03:00,63428.5,64370.2
2024-04-14 09:00:00+03:00,64370.3,64449.9
2024-04-14 11:00:00+03:00,64449.9,64119.2
2024-04-14 13:00:00+03:00,64119.2,64150.2
2024-04-14 15:00:00+03:00,64150.2,64357.4
2024-04-14 17:00:00+03:00,64357.4,64163.3
2024-04-14 19:00:00+03:00,64163.3,63849.8
2024-04-14 21:00:00+03:00,63849.7,64146.0
2024-04-14 23:00:00+03:00,64146.0,63652.7
2024-04-15 01:00:00+03:00,63652.8,65615.9
2024-04-15 03:00:00+03:00,65615.9,65255.9
2024-04-15 05:00:00+03:00,65256.0,65107.9
2024-04-15 07:00:00+03:00,65108.0,65428.1
2024-04-15 09:00:00+03:00,65428.1,66224.8
2024-04-15 11:00:00+03:00,66224.9,66557.3
2024-04-15 13:00:00+03:00,66557.3,65848.6
2024-04-15 15:00:00+03:00,65848.6,65842.5
2024-04-15 17:00:00+03:00,65842.4,64552.8
2024-04-15 19:00:00+03:00,64552.6,63887.7
2024-04-15 21:00:00+03:00,63887.6,63269.9
2024-04-15 23:00:00+03:00,63269.9,63238.5
2024-04-16 01:00:00+03:00,63238.5,63392.7
2024-04-16 03:00:00+03:00,63392.8,63113.1
2024-04-16 05:00:00+03:00,63112.9,62937.6
2024-04-16 07:00:00+03:00,62937.6,62682.8
2024-04-16 09:00:00+03:00,62682.7,63487.9
2024-04-16 11:00:00+03:00,63488.0,63220.0
2024-04-16 13:00:00+03:00,63220.0,63064.6
2024-04-16 15:00:00+03:00,63064.6,62665.0
2024-04-16 17:00:00+03:00,62666.0,61749.2
2024-04-16 19:00:00+03:00,61749.2,62472.3
2024-04-16 21:00:00+03:00,62472.2,62691.0
2024-04-16 23:00:00+03:00,62690.9,63977.3
2024-04-17 01:00:00+03:00,63977.0,63765.0
2024-04-17 03:00:00+03:00,63764.9,63993.1
2024-04-17 05:00:00+03:00,63993.1,63806.0
2024-04-17 07:00:00+03:00,63806.1,63893.1
2024-04-17 09:00:00+03:00,63893.2,63260.8
2024-04-17 11:00:00+03:00,63260.7,63302.2
2024-04-17 13:00:00+03:00,63302.3,62576.9
2024-04-17 15:00:00+03:00,62576.8,62606.6
2024-04-17 17:00:00+03:00,62606.5,60272.0
2024-04-17 19:00:00+03:00,60274.0,61242.7
2024-04-17 21:00:00+03:00,61242.8,60997.2
2024-04-17 23:00:00+03:00,60997.1,61282.7
2024-04-18 01:00:00+03:00,61282.7,61254.5
2024-04-18 03:00:00+03:00,61254.5,61618.7
2024-04-18 05:00:00+03:00,61618.8,61953.5
2024-04-18 07:00:00+03:00,61953.6,61051.4
2024-04-18 09:00:00+03:00,61051.4,61154.7
2024-04-18 11:00:00+03:00,61154.6,61608.4
2024-04-18 13:00:00+03:00,61608.4,62563.0
2024-04-18 15:00:00+03:00,62563.0,62759.5
2024-04-18 17:00:00+03:00,62759.5,63474.0
2024-04-18 19:00:00+03:00,63473.9,62755.2
2024-04-18 21:00:00+03:00,62755.1,63438.0
2024-04-18 23:00:00+03:00,63437.3,63429.1
2024-04-19 01:00:00+03:00,63429.1,63445.0
2024-04-19 03:00:00+03:00,63445.0,61000.0
2024-04-19 05:00:00+03:00,61000.0,61757.1
2024-04-19 07:00:00+03:00,61757.1,62045.6
2024-04-19 09:00:00+03:00,62045.6,64519.6
2024-04-19 11:00:00+03:00,64519.5,64744.8
2024-04-19 13:00:00+03:00,64744.8,64839.8
2024-04-19 15:00:00+03:00,64839.8,64870.9
2024-04-19 17:00:00+03:00,64870.8,64417.7
2024-04-19 19:00:00+03:00,64417.6,64604.2
2024-04-19 21:00:00+03:00,64604.3,64307.2
2024-04-19 23:00:00+03:00,64307.2,64378.9
2024-04-20 01:00:00+03:00,64378.9,63787.4
2024-04-20 03:00:00+03:00,63787.4,63623.7
2024-04-20 05:00:00+03:00,63623.7,63931.8
2024-04-20 07:00:00+03:00,63931.8,64117.8
2024-04-20 09:00:00+03:00,64117.6,63937.9
2024-04-20 11:00:00+03:00,63938.0,63583.4
2024-04-20 13:00:00+03:00,63583.4,63688.7
2024-04-20 15:00:00+03:00,63688.7,63846.5
2024-04-20 17:00:00+03:00,63846.4,64771.0
2024-04-20 19:00:00+03:00,64771.0,65167.9
2024-04-20 21:00:00+03:00,65167.9,64834.7
2024-04-20 23:00:00+03:00,64834.8,64700.4
2024-04-21 01:00:00+03:00,64700.3,64897.2
2024-04-21 03:00:00+03:00,64897.2,64915.7
2024-04-21 05:00:00+03:00,64915.6,65131.2
2024-04-21 07:00:00+03:00,65131.3,64992.9
2024-04-21 09:00:00+03:00,64992.9,65109.8
2024-04-21 11:00:00+03:00,65109.8,64872.6
2024-04-21 13:00:00+03:00,64872.7,65203.5
2024-04-21 15:00:00+03:00,65203.5,64850.1
2024-04-21 17:00:00+03:00,64850.2,65015.0
2024-04-21 19:00:00+03:00,65014.9,64793.0
2024-04-21 21:00:00+03:00,64793.0,64506.9
2024-04-21 23:00:00+03:00,64507.0,64632.0
2024-04-22 01:00:00+03:00,64632.2,64912.6
2024-04-22 03:00:00+03:00,64912.7,64634.3
2024-04-22 05:00:00+03:00,64634.4,65677.6
2024-04-22 07:00:00+03:00,65677.5,66342.8
2024-04-22 09:00:00+03:00,66342.8,65943.7
2024-04-22 11:00:00+03:00,65943.8,65913.6
2024-04-22 13:00:00+03:00,65913.6,65856.2
2024-04-22 15:00:00+03:00,65856.1,66077.2
2024-04-22 17:00:00+03:00,66077.2,65966.8
2024-04-22 19:00:00+03:00,65966.8,66507.2
2024-04-22 21:00:00+03:00,66507.2,66495.6
2024-04-22 23:00:00+03:00,66495.6,66490.8
2024-04-23 01:00:00+03:00,66490.9,66778.0
2024-04-23 03:00:00+03:00,66777.9,66742.0
2024-04-23 05:00:00+03:00,66742.0,66410.1
2024-04-23 07:00:00+03:00,66410.0,66462.0
2024-04-23 09:00:00+03:00,66462.0,66079.9
2024-04-23 11:00:00+03:00,66079.9,66040.0
2024-04-23 13:00:00+03:00,66039.9,66023.5
2024-04-23 15:00:00+03:00,66023.5,66467.2
2024-04-23 17:00:00+03:00,66467.3,66393.2
2024-04-23 19:00:00+03:00,66393.2,66723.6
2024-04-23 21:00:00+03:00,66723.6,66456.0
2024-04-23 23:00:00+03:00,66455.9,66323.5
2024-04-24 01:00:00+03:00,66323.5,66386.3
2024-04-24 03:00:00+03:00,66386.2,66704.9
2024-04-24 05:00:00+03:00,66704.9,66585.7
2024-04-24 07:00:00+03:00,66585.8,66706.8
2024-04-24 09:00:00+03:00,66706.8,66588.9
2024-04-24 11:00:00+03:00,66588.9,66328.4
2024-04-24 13:00:00+03:00,66328.5,66550.7
2024-04-24 15:00:00+03:00,66550.7,66040.9
2024-04-24 17:00:00+03:00,66041.0,64594.0
2024-04-24 19:00:00+03:00,64593.5,64850.0
2024-04-24 21:00:00+03:00,64850.0,63960.9
2024-04-24 23:00:00+03:00,63960.8,64362.1
2024-04-25 01:00:00+03:00,64362.0,64250.0
2024-04-25 03:00:00+03:00,64250.0,64028.4
2024-04-25 05:00:00+03:00,64028.4,64260.0
2024-04-25 07:00:00+03:00,64259.9,64190.7
2024-04-25 09:00:00+03:00,64190.7,63996.1
2024-04-25 11:00:00+03:00,63996.2,63948.2
2024-04-25 13:00:00+03:00,63948.2,63826.9
2024-04-25 15:00:00+03:00,63827.0,63399.9
2024-04-25 17:00:00+03:00,63400.0,64091.7
2024-04-25 19:00:00+03:00,64091.6,64674.9
2024-04-25 21:00:00+03:00,64674.9,64721.5
2024-04-25 23:00:00+03:00,64721.6,64672.8
2024-04-26 01:00:00+03:00,64672.8,64478.8
2024-04-26 03:00:00+03:00,64478.8,64371.0
2024-04-26 05:00:00+03:00,64370.9,64359.7
2024-04-26 07:00:00+03:00,64359.6,64527.1
2024-04-26 09:00:00+03:00,64527.1,64236.6
2024-04-26 11:00:00+03:00,64236.7,64454.1
2024-04-26 13:00:00+03:00,64454.1,64213.6
2024-04-26 15:00:00+03:00,64213.6,64465.4
2024-04-26 17:00:00+03:00,64465.4,63481.3
2024-04-26 19:00:00+03:00,63481.2,63984.0
2024-04-26 21:00:00+03:00,63984.5,63723.6
2024-04-26 23:00:00+03:00,63723.6,64029.6
2024-04-27 01:00:00+03:00,64029.6,63748.8
2024-04-27 03:00:00+03:00,63748.7,62564.9
2024-04-27 05:00:00+03:00,62565.0,63047.2
2024-04-27 07:00:00+03:00,63047.2,62957.6
2024-04-27 09:00:00+03:00,62957.7,62944.3
2024-04-27 11:00:00+03:00,62944.3,62958.2
2024-04-27 13:00:00+03:00,62958.1,62834.5
2024-04-27 15:00:00+03:00,62834.4,63191.5
2024-04-27 17:00:00+03:00,63191.5,62928.4
2024-04-27 19:00:00+03:00,62928.3,63381.1
2024-04-27 21:00:00+03:00,63381.1,63329.8
2024-04-27 23:00:00+03:00,63329.9,63255.2
2024-04-28 01:00:00+03:00,63255.3,63421.0
2024-04-28 03:00:00+03:00,63420.9,63569.3
2024-04-28 05:00:00+03:00,63569.3,63989.8
2024-04-28 07:00:00+03:00,63989.9,63921.0
2024-04-28 09:00:00+03:00,63921.1,63883.1
2024-04-28 11:00:00+03:00,63883.2,63728.4
2024-04-28 13:00:00+03:00,63728.3,63459.1
2024-04-28 15:00:00+03:00,63459.0,63740.2
2024-04-28 17:00:00+03:00,63740.2,63508.6
2024-04-28 19:00:00+03:00,63508.5,63730.1
2024-04-28 21:00:00+03:00,63730.1,63688.9
2024-04-28 23:00:00+03:00,63688.9,63640.8
2024-04-29 01:00:00+03:00,63640.9,63088.3
2024-04-29 03:00:00+03:00,63088.4,63197.8
2024-04-29 05:00:00+03:00,63197.9,62259.9
2024-04-29 07:00:00+03:00,62259.9,62422.3
2024-04-29 09:00:00+03:00,62422.3,62362.0
2024-04-29 11:00:00+03:00,62362.1,62508.6
2024-04-29 13:00:00+03:00,62508.6,62222.9
2024-04-29 15:00:00+03:00,62222.6,61990.1
2024-04-29 17:00:00+03:00,61990.1,63012.2
2024-04-29 19:00:00+03:00,63012.2,63000.0
2024-04-29 21:00:00+03:00,63000.0,62953.4
2024-04-29 23:00:00+03:00,62953.4,63066.4
2024-04-30 01:00:00+03:00,63066.4,63842.4
2024-04-30 03:00:00+03:00,63842.4,63580.4
2024-04-30 05:00:00+03:00,63580.4,63627.1
2024-04-30 07:00:00+03:00,63627.1,63295.9
2024-04-30 09:00:00+03:00,63296.0,63123.8
2024-04-30 11:00:00+03:00,63123.7,61659.0
2024-04-30 13:00:00+03:00,61658.9,61182.3
2024-04-30 15:00:00+03:00,61182.3,60800.0
2024-04-30 17:00:00+03:00,60800.1,60764.9
2024-04-30 19:00:00+03:00,60764.9,60352.4
2024-04-30 21:00:00+03:00,60352.4,59276.2
2024-04-30 23:00:00+03:00,59276.1,60149.2
2024-05-01 01:00:00+03:00,60149.2,60651.2
2024-05-01 03:00:00+03:00,60651.2,60110.6
2024-05-01 05:00:00+03:00,60110.6,60214.0
2024-05-01 07:00:00+03:00,60214.0,60030.1
2024-05-01 09:00:00+03:00,60030.1,57482.0
2024-05-01 11:00:00+03:00,57482.0,57090.0
2024-05-01 13:00:00+03:00,57090.0,57862.1
2024-05-01 15:00:00+03:00,57862.2,57283.4
2024-05-01 17:00:00+03:00,57283.5,56865.2
2024-05-01 19:00:00+03:00,56865.3,57398.6
2024-05-01 21:00:00+03:00,57398.5,56935.7
2024-05-01 23:00:00+03:00,56935.7,57888.0
2024-05-02 01:00:00+03:00,57888.0,58307.6
2024-05-02 03:00:00+03:00,58307.7,57096.6
2024-05-02 05:00:00+03:00,57096.5,57407.6
2024-05-02 07:00:00+03:00,57407.7,57463.2
2024-05-02 09:00:00+03:00,57463.1,57645.0
2024-05-02 11:00:00+03:00,57645.0,57775.7
2024-05-02 13:00:00+03:00,57775.8,58538.4
2024-05-02 15:00:00+03:00,58538.5,58429.5
2024-05-02 17:00:00+03:00,58429.6,59230.7
2024-05-02 19:00:00+03:00,59230.8,59170.0
2024-05-02 21:00:00+03:00,59169.9,59324.4
2024-05-02 23:00:00+03:00,59324.5,59085.1
2024-05-03 01:00:00+03:00,59085.1,59036.7
2024-05-03 03:00:00+03:00,59036.7,59284.8
2024-05-03 05:00:00+03:00,59284.9,59687.9
2024-05-03 07:00:00+03:00,59687.9,59495.0
2024-05-03 09:00:00+03:00,59495.0,59158.1
2024-05-03 11:00:00+03:00,59158.1,59445.3
2024-05-03 13:00:00+03:00,59445.3,59269.3
2024-05-03 15:00:00+03:00,59269.4,61654.1
2024-05-03 17:00:00+03:00,61654.0,61662.1
2024-05-03 19:00:00+03:00,61662.2,61770.8
2024-05-03 21:00:00+03:00,61770.8,62031.9
2024-05-03 23:00:00+03:00,62031.9,62713.8
2024-05-04 01:00:00+03:00,62713.8,62853.7
2024-05-04 03:00:00+03:00,62853.7,62832.1
2024-05-04 05:00:00+03:00,62832.1,62698.1
2024-05-04 07:00:00+03:00,62698.0,63358.8
2024-05-04 09:00:00+03:00,63358.9,62931.3
2024-05-04 11:00:00+03:00,62931.4,63155.0
2024-05-04 13:00:00+03:00,63154.9,63850.0
2024-05-04 15:00:00+03:00,63850.0,63704.9
2024-05-04 17:00:00+03:00,63705.0,63590.0
2024-05-04 19:00:00+03:00,63590.1,63438.3
2024-05-04 21:00:00+03:00,63438.4,63885.2
2024-05-04 23:00:00+03:00,63885.2,63877.3
2024-05-05 01:00:00+03:00,63877.4,63864.2
2024-05-05 03:00:00+03:00,63864.3,63286.0
2024-05-05 05:00:00+03:00,63285.9,63209.8
2024-05-05 07:00:00+03:00,63209.8,63184.8
2024-05-05 09:00:00+03:00,63184.8,63697.1
2024-05-05 11:00:00+03:00,63697.1,63638.3
2024-05-05 13:00:00+03:00,63638.3,63838.0
2024-05-05 15:00:00+03:00,63838.1,64088.3
2024-05-05 17:00:00+03:00,64088.3,64398.0
2024-05-05 19:00:00+03:00,64398.1,64190.0
2024-05-05 21:00:00+03:00,64189.9,63846.0
2024-05-05 23:00:00+03:00,63846.0,63848.3
2024-05-06 01:00:00+03:00,63848.3,63988.0
2024-05-06 03:00:00+03:00,63987.9,64108.3
2024-05-06 05:00:00+03:00,64108.3,63830.1
2024-05-06 07:00:00+03:00,63830.0,64146.0
2024-05-06 09:00:00+03:00,64146.0,64509.6
2024-05-06 11:00:00+03:00,64509.5,65133.7
2024-05-06 13:00:00+03:00,65133.7,64178.1
2024-05-06 15:00:00+03:00,64178.1,63856.0
2024-05-06 17:00:00+03:00,63855.9,63599.8
2024-05-06 19:00:00+03:00,63599.9,63151.7
2024-05-06 21:00:00+03:00,63151.8,63200.0
2024-05-06 23:00:00+03:00,63199.9,63514.0
2024-05-07 01:00:00+03:00,63514.0,63142.8
2024-05-07 03:00:00+03:00,63142.7,63861.1
2024-05-07 05:00:00+03:00,63861.1,63204.1
2024-05-07 07:00:00+03:00,63204.1,63530.0
2024-05-07 09:00:00+03:00,63530.0,63648.9
2024-05-07 11:00:00+03:00,63648.9,64091.9
2024-05-07 13:00:00+03:00,64091.9,63472.4
2024-05-07 15:00:00+03:00,63472.4,63191.5
2024-05-07 17:00:00+03:00,63191.5,63710.0
2024-05-07 19:00:00+03:00,63710.1,63362.1
2024-05-07 21:00:00+03:00,63362.0,63034.7
2024-05-07 23:00:00+03:00,63034.7,63040.3
2024-05-08 01:00:00+03:00,63040.4,62296.0
2024-05-08 03:00:00+03:00,62296.0,62500.1
2024-05-08 05:00:00+03:00,62500.0,62864.0
2024-05-08 07:00:00+03:00,62864.0,62590.0
2024-05-08 09:00:00+03:00,62589.9,62186.7
2024-05-08 11:00:00+03:00,62186.7,62285.6
2024-05-08 13:00:00+03:00,62285.7,62224.9
2024-05-08 15:00:00+03:00,62224.9,62417.4
2024-05-08 17:00:00+03:00,62417.4,62251.8
2024-05-08 19:00:00+03:00,62251.9,62574.7
2024-05-08 21:00:00+03:00,62574.6,62148.7
2024-05-08 23:00:00+03:00,62148.6,61464.0
2024-05-09 01:00:00+03:00,61464.1,61157.9
2024-05-09 03:00:00+03:00,61157.9,61528.9
2024-05-09 05:00:00+03:00,61529.0,61647.4
2024-05-09 07:00:00+03:00,61647.5,61547.2
2024-05-09 09:00:00+03:00,61547.2,61222.5
2024-05-09 11:00:00+03:00,61222.5,61272.7
2024-05-09 13:00:00+03:00,61272.8,61033.0
2024-05-09 15:00:00+03:00,61033.0,61165.4
2024-05-09 17:00:00+03:00,61165.4,62122.5
2024-05-09 19:00:00+03:00,62122.5,61916.0
2024-05-09 21:00:00+03:00,61916.0,62420.6
2024-05-09 23:00:00+03:00,62420.6,62500.5
2024-05-10 01:00:00+03:00,62500.5,63050.1
2024-05-10 03:00:00+03:00,63050.0,62850.8
2024-05-10 05:00:00+03:00,62850.8,62880.0
2024-05-10 07:00:00+03:00,62880.0,62745.4
2024-05-10 09:00:00+03:00,62745.5,63053.9
2024-05-10 11:00:00+03:00,63053.8,63108.8
2024-05-10 13:00:00+03:00,63108.9,63276.5
2024-05-10 15:00:00+03:00,63276.5,62977.6
2024-05-10 17:00:00+03:00,62977.5,60893.8
2024-05-10 19:00:00+03:00,60893.7,60368.4
2024-05-10 21:00:00+03:00,60368.3,60682.4
2024-05-10 23:00:00+03:00,60682.4,60697.7
2024-05-11 01:00:00+03:00,60697.7,60778.1
2024-05-11 03:00:00+03:00,60778.0,60840.7
2024-05-11 05:00:00+03:00,60840.7,60706.0
2024-05-11 07:00:00+03:00,60706.0,60900.6
2024-05-11 09:00:00+03:00,60900.6,60988.9
2024-05-11 11:00:00+03:00,60989.0,60876.2
2024-05-11 13:00:00+03:00,60876.2,60654.5
2024-05-11 15:00:00+03:00,60654.6,60939.2
2024-05-11 17:00:00+03:00,60939.1,61146.1
2024-05-11 19:00:00+03:00,61146.1,61070.2
2024-05-11 21:00:00+03:00,61070.1,61112.9
2024-05-11 23:00:00+03:00,61113.0,60890.1
2024-05-12 01:00:00+03:00,60890.0,60809.2
2024-05-12 03:00:00+03:00,60809.2,60840.7
2024-05-12 05:00:00+03:00,60840.7,60902.5
2024-05-12 07:00:00+03:00,60902.6,61018.2
2024-05-12 09:00:00+03:00,61018.2,60803.8
2024-05-12 11:00:00+03:00,60803.8,60975.7
2024-05-12 13:00:00+03:00,60975.8,61120.0
2024-05-12 15:00:00+03:00,61120.1,61172.6
2024-05-12 17:00:00+03:00,61172.6,61395.9
2024-05-12 19:00:00+03:00,61395.9,61585.0
2024-05-12 21:00:00+03:00,61585.0,61393.5
2024-05-12 23:00:00+03:00,61393.4,61219.9
2024-05-13 01:00:00+03:00,61219.9,61455.8
2024-05-13 03:00:00+03:00,61455.7,61394.0
2024-05-13 05:00:00+03:00,61394.0,61130.0
2024-05-13 07:00:00+03:00,61130.0,60837.8
2024-05-13 09:00:00+03:00,60837.8,62296.6
2024-05-13 11:00:00+03:00,62296.5,63028.3
2024-05-13 13:00:00+03:00,63028.3,62700.0
2024-05-13 15:00:00+03:00,62699.9,62762.9
2024-05-13 17:00:00+03:00,62763.0,62980.5
2024-05-13 19:00:00+03:00,62981.2,62784.0
2024-05-13 21:00:00+03:00,62784.1,63140.5
2024-05-13 23:00:00+03:00,63139.6,62881.6
2024-05-14 01:00:00+03:00,62881.5,62912.1
2024-05-14 03:00:00+03:00,62912.2,62627.3
2024-05-14 05:00:00+03:00,62627.3,62464.8
2024-05-14 07:00:00+03:00,62464.8,62693.9
2024-05-14 09:00:00+03:00,62693.9,62002.1
2024-05-14 11:00:00+03:00,62002.0,61767.5
2024-05-14 13:00:00+03:00,61767.4,61770.2
2024-05-14 15:00:00+03:00,61770.2,61670.5
2024-05-14 17:00:00+03:00,61670.6,61749.9
2024-05-14 19:00:00+03:00,61750.0,61288.8
2024-05-14 21:00:00+03:00,61288.9,61563.6
2024-05-14 23:00:00+03:00,61563.6,61670.0
2024-05-15 01:00:00+03:00,61670.1,61550.5
2024-05-15 03:00:00+03:00,61550.5,61668.7
2024-05-15 05:00:00+03:00,61668.7,61923.2
2024-05-15 07:00:00+03:00,61923.2,61902.1
2024-05-15 09:00:00+03:00,61902.1,62157.4
2024-05-15 11:00:00+03:00,62157.5,62626.1
2024-05-15 13:00:00+03:00,62626.1,62447.4
2024-05-15 15:00:00+03:00,62447.3,64106.7
2024-05-15 17:00:00+03:00,64106.6,64685.5
2024-05-15 19:00:00+03:00,64685.4,65004.4
2024-05-15 21:00:00+03:00,65004.5,65959.6
2024-05-15 23:00:00+03:00,65959.6,65835.5
2024-05-16 01:00:00+03:00,65835.5,66175.4
2024-05-16 03:00:00+03:00,66175.4,65966.0
2024-05-16 05:00:00+03:00,65965.9,65946.9
2024-05-16 07:00:00+03:00,65946.8,65757.4
2024-05-16 09:00:00+03:00,65757.3,66100.0
2024-05-16 11:00:00+03:00,66100.0,66320.0
2024-05-16 13:00:00+03:00,66319.9,66483.8
2024-05-16 15:00:00+03:00,66483.8,66299.9
2024-05-16 17:00:00+03:00,66300.0,65800.1
2024-05-16 19:00:00+03:00,65800.0,64976.6
2024-05-16 21:00:00+03:00,64976.7,65152.2
2024-05-16 23:00:00+03:00,65152.3,65429.1
2024-05-17 01:00:00+03:00,65429.0,65217.7
2024-05-17 03:00:00+03:00,65217.7,65311.0
2024-05-17 05:00:00+03:00,65311.1,65545.2
2024-05-17 07:00:00+03:00,65545.1,65674.9
2024-05-17 09:00:00+03:00,65675.0,66350.6
2024-05-17 11:00:00+03:00,66350.5,66324.1
2024-05-17 13:00:00+03:00,66324.2,66182.7
2024-05-17 15:00:00+03:00,66182.6,65918.7
2024-05-17 17:00:00+03:00,65918.7,67170.0
2024-05-17 19:00:00+03:00,67169.9,66677.4
2024-05-17 21:00:00+03:00,66677.4,67007.5
2024-05-17 23:00:00+03:00,67007.5,66779.1
2024-05-18 01:00:00+03:00,66779.1,66980.0
2024-05-18 03:00:00+03:00,66980.0,66943.5
2024-05-18 05:00:00+03:00,66943.5,66918.9
2024-05-18 07:00:00+03:00,66919.0,66826.2
2024-05-18 09:00:00+03:00,66826.2,66854.1
2024-05-18 11:00:00+03:00,66854.1,67103.4
2024-05-18 13:00:00+03:00,67103.4,67152.4
2024-05-18 15:00:00+03:00,67152.5,66831.4
2024-05-18 17:00:00+03:00,66831.4,66781.4
2024-05-18 19:00:00+03:00,66781.3,66826.8
2024-05-18 21:00:00+03:00,66826.9,66881.7
2024-05-18 23:00:00+03:00,66881.8,66869.8
2024-05-19 01:00:00+03:00,66869.8,66884.9
2024-05-19 03:00:00+03:00,66884.9,66894.0
2024-05-19 05:00:00+03:00,66894.0,67133.0
2024-05-19 07:00:00+03:00,67133.1,67069.5
2024-05-19 09:00:00+03:00,67069.5,67295.0
2024-05-19 11:00:00+03:00,67295.1,67146.9
2024-05-19 13:00:00+03:00,67146.9,67303.3
2024-05-19 15:00:00+03:00,67303.4,67010.5
2024-05-19 17:00:00+03:00,67010.5,66863.0
2024-05-19 19:00:00+03:00,66863.0,66693.7
2024-05-19 21:00:00+03:00,66693.6,66002.9
2024-05-19 23:00:00+03:00,66002.9,66253.3
2024-05-20 01:00:00+03:00,66253.3,66239.4
2024-05-20 03:00:00+03:00,66239.4,66494.0
2024-05-20 05:00:00+03:00,66494.0,66643.1
2024-05-20 07:00:00+03:00,66643.0,67107.5
2024-05-20 09:00:00+03:00,67107.5,66788.9
2024-05-20 11:00:00+03:00,66788.9,66865.7
2024-05-20 13:00:00+03:00,66865.7,66974.0
2024-05-20 15:00:00+03:00,66974.0,67063.8
2024-05-20 17:00:00+03:00,67063.9,67382.1
2024-05-20 19:00:00+03:00,67382.1,68294.7
2024-05-20 21:00:00+03:00,68294.6,69996.4
2024-05-20 23:00:00+03:00,69996.5,69692.9
2024-05-21 01:00:00+03:00,69693.0,71466.5
2024-05-21 03:00:00+03:00,71466.5,71124.8
2024-05-21 05:00:00+03:00,71124.8,71323.8
2024-05-21 07:00:00+03:00,71323.7,71236.8
2024-05-21 09:00:00+03:00,71236.7,70926.4
2024-05-21 11:00:00+03:00,70926.3,71037.3
2024-05-21 13:00:00+03:00,71037.2,71163.0
2024-05-21 15:00:00+03:00,71163.0,70622.9
2024-05-21 17:00:00+03:00,70622.9,69874.9
2024-05-21 19:00:00+03:00,69874.8,69914.2
2024-05-21 21:00:00+03:00,69914.3,69317.7
2024-05-21 23:00:00+03:00,69319.2,69751.7
2024-05-22 01:00:00+03:00,69751.7,70168.8
2024-05-22 03:00:00+03:00,70168.7,70200.0
2024-05-22 05:00:00+03:00,70200.0,70002.0
2024-05-22 07:00:00+03:00,70001.9,69956.4
2024-05-22 09:00:00+03:00,69956.5,69759.6
2024-05-22 11:00:00+03:00,69759.6,70030.3
2024-05-22 13:00:00+03:00,70030.3,69770.3
2024-05-22 15:00:00+03:00,69770.3,69626.0
2024-05-22 17:00:00+03:00,69626.1,70485.7
2024-05-22 19:00:00+03:00,70485.7,69891.0
2024-05-22 21:00:00+03:00,69890.2,69668.0
2024-05-22 23:00:00+03:00,69668.0,69532.3
2024-05-23 01:00:00+03:00,69532.4,69219.1
2024-05-23 03:00:00+03:00,69219.2,69527.1
2024-05-23 05:00:00+03:00,69527.1,69483.2
2024-05-23 07:00:00+03:00,69483.2,69508.6
2024-05-23 09:00:00+03:00,69508.7,69770.6
2024-05-23 11:00:00+03:00,69770.6,69687.6
2024-05-23 13:00:00+03:00,69687.7,70019.5
2024-05-23 15:00:00+03:00,70019.4,68062.8
2024-05-23 17:00:00+03:00,68062.8,68103.0
2024-05-23 19:00:00+03:00,68102.9,67672.6
2024-05-23 21:00:00+03:00,67672.6,67239.0
2024-05-23 23:00:00+03:00,67239.1,68019.1
2024-05-24 01:00:00+03:00,68019.2,67999.9
2024-05-24 03:00:00+03:00,67999.9,67761.3
2024-05-24 05:00:00+03:00,67761.3,67905.8
2024-05-24 07:00:00+03:00,67905.8,67318.4
2024-05-24 09:00:00+03:00,67318.3,67191.2
2024-05-24 11:00:00+03:00,67191.2,67397.8
2024-05-24 13:00:00+03:00,67397.8,67383.4
2024-05-24 15:00:00+03:00,67383.3,67105.7
2024-05-24 17:00:00+03:00,67105.7,68340.2
2024-05-24 19:00:00+03:00,68340.3,68927.8
2024-05-24 21:00:00+03:00,68927.9,69127.4
2024-05-24 23:00:00+03:00,69127.3,68896.0
2024-05-25 01:00:00+03:00,68896.1,68584.1
2024-05-25 03:00:00+03:00,68584.0,68622.0
2024-05-25 05:00:00+03:00,68622.1,68772.5
2024-05-25 07:00:00+03:00,68772.6,68744.1
2024-05-25 09:00:00+03:00,68744.1,68775.0
2024-05-25 11:00:00+03:00,68775.1,69117.9
2024-05-25 13:00:00+03:00,69118.0,69112.5
2024-05-25 15:00:00+03:00,69112.4,69038.3
2024-05-25 17:00:00+03:00,69038.3,68949.1
2024-05-25 19:00:00+03:00,68949.0,69075.3
2024-05-25 21:00:00+03:00,69075.3,69167.0
2024-05-25 23:00:00+03:00,69166.9,69167.1
2024-05-26 01:00:00+03:00,69167.1,69314.4
2024-05-26 03:00:00+03:00,69314.5,69180.6
2024-05-26 05:00:00+03:00,69180.5,69093.2
2024-05-26 07:00:00+03:00,69093.2,69161.0
2024-05-26 09:00:00+03:00,69161.1,69359.2
2024-05-26 11:00:00+03:00,69359.2,69106.7
2024-05-26 13:00:00+03:00,69106.7,69160.3
2024-05-26 15:00:00+03:00,69160.3,69161.8
2024-05-26 17:00:00+03:00,69161.8,68864.6
2024-05-26 19:00:00+03:00,68864.7,68796.4
2024-05-26 21:00:00+03:00,68796.4,68925.4
2024-05-26 23:00:00+03:00,68925.5,68543.7
2024-05-27 01:00:00+03:00,68543.6,68524.3
2024-05-27 03:00:00+03:00,68524.4,69090.6
2024-05-27 05:00:00+03:00,69090.7,68900.6
2024-05-27 07:00:00+03:00,68900.5,68545.0
2024-05-27 09:00:00+03:00,68545.0,68661.1
2024-05-27 11:00:00+03:00,68661.0,68615.9
2024-05-27 13:00:00+03:00,68615.9,68462.9
2024-05-27 15:00:00+03:00,68463.0,68951.7
2024-05-27 17:00:00+03:00,68951.7,70421.5
2024-05-27 19:00:00+03:00,70421.4,70238.5
2024-05-27 21:00:00+03:00,70238.5,69298.0
2024-05-27 23:00:00+03:00,69297.9,69835.7
2024-05-28 01:00:00+03:00,69835.7,69461.6
2024-05-28 03:00:00+03:00,69461.5,68640.8
2024-05-28 05:00:00+03:00,68640.7,68070.0
2024-05-28 07:00:00+03:00,68070.0,68076.2
2024-05-28 09:00:00+03:00,68076.2,67712.0
2024-05-28 11:00:00+03:00,67712.1,68357.0
2024-05-28 13:00:00+03:00,68357.0,68411.3
2024-05-28 15:00:00+03:00,68411.3,67821.9
2024-05-28 17:00:00+03:00,67822.0,68399.7
2024-05-28 19:00:00+03:00,68399.8,67812.4
2024-05-28 21:00:00+03:00,67812.4,68466.5
2024-05-28 23:00:00+03:00,68466.4,68434.8
2024-05-29 01:00:00+03:00,68434.7,68440.5
2024-05-29 03:00:00+03:00,68440.4,68604.2
2024-05-29 05:00:00+03:00,68604.2,68862.1
2024-05-29 07:00:00+03:00,68862.0,68630.0
2024-05-29 09:00:00+03:00,68630.1,67993.6
2024-05-29 11:00:00+03:00,67993.7,67951.2
2024-05-29 13:00:00+03:00,67951.2,67816.9
2024-05-29 15:00:00+03:00,67816.8,67921.6
2024-05-29 17:00:00+03:00,67921.5,67421.0
2024-05-29 19:00:00+03:00,67421.0,67658.6
2024-05-29 21:00:00+03:00,67658.6,67315.9
2024-05-29 23:00:00+03:00,67316.0,67737.0
2024-05-30 01:00:00+03:00,67737.0,67686.7
2024-05-30 03:00:00+03:00,67686.8,67842.6
2024-05-30 05:00:00+03:00,67842.5,68156.0
2024-05-30 07:00:00+03:00,68156.0,68180.0
2024-05-30 09:00:00+03:00,68180.0,67627.8
2024-05-30 11:00:00+03:00,67627.9,67789.0
2024-05-30 13:00:00+03:00,67789.0,67855.7
2024-05-30 15:00:00+03:00,67855.8,68654.6
2024-05-30 17:00:00+03:00,68654.6,68566.4
2024-05-30 19:00:00+03:00,68566.4,69366.5
2024-05-30 21:00:00+03:00,69366.5,68705.0
2024-05-30 23:00:00+03:00,68705.0,68462.6
2024-05-31 01:00:00+03:00,68462.6,68402.5
2024-05-31 03:00:00+03:00,68402.6,68480.0
2024-05-31 05:00:00+03:00,68480.0,68574.0
2024-05-31 07:00:00+03:00,68574.0,68487.9
2024-05-31 09:00:00+03:00,68487.9,68226.1
2024-05-31 11:00:00+03:00,68226.2,67983.5
2024-05-31 13:00:00+03:00,67983.5,68387.8
2024-05-31 15:00:00+03:00,68387.9,68118.8
2024-05-31 17:00:00+03:00,68118.9,67252.7
2024-05-31 19:00:00+03:00,67252.6,67380.7
2024-05-31 21:00:00+03:00,67380.6,67719.9
2024-05-31 23:00:00+03:00,67720.0,67602.3
2024-06-01 01:00:00+03:00,67602.5,67577.9
2024-06-01 03:00:00+03:00,67577.9,67600.0
2024-06-01 05:00:00+03:00,67600.0,67749.9
2024-06-01 07:00:00+03:00,67750.0,67730.7
2024-06-01 09:00:00+03:00,67730.6,67677.9
2024-06-01 11:00:00+03:00,67677.8,67753.8
2024-06-01 13:00:00+03:00,67753.8,67704.0
2024-06-01 15:00:00+03:00,67704.0,67760.0
2024-06-01 17:00:00+03:00,67760.0,67728.2
2024-06-01 19:00:00+03:00,67728.2,67809.1
2024-06-01 21:00:00+03:00,67809.1,67779.7
2024-06-01 23:00:00+03:00,67779.7,67787.6
2024-06-02 01:00:00+03:00,67787.7,67799.2
2024-06-02 03:00:00+03:00,67799.2,67790.0
2024-06-02 05:00:00+03:00,67790.0,67826.1
2024-06-02 07:00:00+03:00,67826.0,67746.3
2024-06-02 09:00:00+03:00,67746.3,67743.0
2024-06-02 11:00:00+03:00,67743.0,67573.9
2024-06-02 13:00:00+03:00,67574.0,68284.1
2024-06-02 15:00:00+03:00,68284.0,68200.0
2024-06-02 17:00:00+03:00,68200.0,68189.8
2024-06-02 19:00:00+03:00,68189.8,67921.8
2024-06-02 21:00:00+03:00,67921.8,67765.3
2024-06-02 23:00:00+03:00,67765.4,67848.7
2024-06-03 01:00:00+03:00,67848.7,67805.9
2024-06-03 03:00:00+03:00,67805.9,68521.5
2024-06-03 05:00:00+03:00,68521.5,68435.9
2024-06-03 07:00:00+03:00,68435.9,68746.8
2024-06-03 09:00:00+03:00,68746.8,68949.9
2024-06-03 11:00:00+03:00,68950.0,69050.0
2024-06-03 13:00:00+03:00,69050.1,69125.5
2024-06-03 15:00:00+03:00,69125.5,69830.1
2024-06-03 17:00:00+03:00,69830.1,69650.0
2024-06-03 19:00:00+03:00,69650.0,69309.9
2024-06-03 21:00:00+03:00,69309.9,69257.2
2024-06-03 23:00:00+03:00,69257.2,69129.1
2024-06-04 01:00:00+03:00,69129.1,68851.4
2024-06-04 03:00:00+03:00,68851.3,69259.9
2024-06-04 05:00:00+03:00,69259.9,69199.1
2024-06-04 07:00:00+03:00,69199.1,68995.4
2024-06-04 09:00:00+03:00,68995.3,69054.7
2024-06-04 11:00:00+03:00,69054.6,68752.5
2024-06-04 13:00:00+03:00,68752.5,68992.8
2024-06-04 15:00:00+03:00,68992.8,69566.6
2024-06-04 17:00:00+03:00,69566.7,70492.0
2024-06-04 19:00:00+03:00,70492.1,70606.3
2024-06-04 21:00:00+03:00,70606.3,70459.0
2024-06-04 23:00:00+03:00,70459.1,70650.0
2024-06-05 01:00:00+03:00,70650.0,70580.0
2024-06-05 03:00:00+03:00,70580.0,71020.7
2024-06-05 05:00:00+03:00,71020.7,70994.0
2024-06-05 07:00:00+03:00,70994.0,71038.4
2024-06-05 09:00:00+03:00,71038.4,71244.1
2024-06-05 11:00:00+03:00,71244.0,70947.9
2024-06-05 13:00:00+03:00,70948.0,71008.4
2024-06-05 15:00:00+03:00,71008.4,70773.1
2024-06-05 17:00:00+03:00,70773.1,71625.1
2024-06-05 19:00:00+03:00,71625.2,71660.0
2024-06-05 21:00:00+03:00,71660.0,71314.8
2024-06-05 23:00:00+03:00,71314.8,71177.2
2024-06-06 01:00:00+03:00,71177.2,71133.3
2024-06-06 03:00:00+03:00,71133.3,71167.7
2024-06-06 05:00:00+03:00,71167.6,71087.8
2024-06-06 07:00:00+03:00,71087.7,70945.7
2024-06-06 09:00:00+03:00,70945.8,71077.3
2024-06-06 11:00:00+03:00,71077.2,71026.3
2024-06-06 13:00:00+03:00,71026.4,71219.2
2024-06-06 15:00:00+03:00,71219.3,71163.5
2024-06-06 17:00:00+03:00,71163.5,71334.3
2024-06-06 19:00:00+03:00,71334.3,71137.8
2024-06-06 21:00:00+03:00,71137.9,70526.1
2024-06-06 23:00:00+03:00,70526.0,70784.6
2024-06-07 01:00:00+03:00,70784.6,70830.0
2024-06-07 03:00:00+03:00,70830.0,70870.0
2024-06-07 05:00:00+03:00,70869.9,71032.9
2024-06-07 07:00:00+03:00,71032.8,71324.0
2024-06-07 09:00:00+03:00,71324.0,71147.9
2024-06-07 11:00:00+03:00,71147.9,71332.5
2024-06-07 13:00:00+03:00,71332.4,71750.0
2024-06-07 15:00:00+03:00,71749.9,71576.8
2024-06-07 17:00:00+03:00,71576.7,71150.0
2024-06-07 19:00:00+03:00,71150.1,69834.0
2024-06-07 21:00:00+03:00,69834.0,69287.2
2024-06-07 23:00:00+03:00,69287.2,69279.8
2024-06-08 01:00:00+03:00,69279.7,69377.0
2024-06-08 03:00:00+03:00,69377.0,69497.9
2024-06-08 05:00:00+03:00,69498.0,69454.6
2024-06-08 07:00:00+03:00,69454.6,69342.8
2024-06-08 09:00:00+03:00,69342.9,69612.5
2024-06-08 11:00:00+03:00,69612.5,69488.0
2024-06-08 13:00:00+03:00,69488.0,69404.5
2024-06-08 15:00:00+03:00,69404.5,69466.9
2024-06-08 17:00:00+03:00,69467.0,69462.1
2024-06-08 19:00:00+03:00,69462.0,69485.5
2024-06-08 21:00:00+03:00,69485.5,69486.6
2024-06-08 23:00:00+03:00,69486.6,69432.1
2024-06-09 01:00:00+03:00,69432.0,69346.5
2024-06-09 03:00:00+03:00,69346.6,69315.0
2024-06-09 05:00:00+03:00,69315.1,69300.9
2024-06-09 07:00:00+03:00,69300.9,69325.1
2024-06-09 09:00:00+03:00,69325.0,69331.9
2024-06-09 11:00:00+03:00,69331.9,69402.1
2024-06-09 13:00:00+03:00,69402.1,69400.6
2024-06-09 15:00:00+03:00,69400.6,69482.2
2024-06-09 17:00:00+03:00,69482.2,69530.1
2024-06-09 19:00:00+03:00,69530.1,69684.8
2024-06-09 21:00:00+03:00,69684.7,69742.6
2024-06-09 23:00:00+03:00,69742.5,69774.1
2024-06-10 01:00:00+03:00,69774.2,69667.1
2024-06-10 03:00:00+03:00,69667.1,69645.1
2024-06-10 05:00:00+03:00,69645.0,69637.3
2024-06-10 07:00:00+03:00,69637.4,69595.1
2024-06-10 09:00:00+03:00,69595.2,69325.3
2024-06-10 11:00:00+03:00,69325.3,69471.6
2024-06-10 13:00:00+03:00,69471.6,69506.7
2024-06-10 15:00:00+03:00,69506.6,69444.0
2024-06-10 17:00:00+03:00,69443.9,70090.9
2024-06-10 19:00:00+03:00,70090.9,70071.1
2024-06-10 21:00:00+03:00,70071.0,69524.2
2024-06-10 23:00:00+03:00,69524.3,69616.2
2024-06-11 01:00:00+03:00,69616.3,69558.7
2024-06-11 03:00:00+03:00,69558.8,68741.4
2024-06-11 05:00:00+03:00,68741.4,68472.3
2024-06-11 07:00:00+03:00,68472.2,67930.4
2024-06-11 09:00:00+03:00,67930.3,67582.0
2024-06-11 11:00:00+03:00,67582.1,67104.9
2024-06-11 13:00:00+03:00,67104.9,66919.6
2024-06-11 15:00:00+03:00,66919.6,66832.9
2024-06-11 17:00:00+03:00,66833.0,66266.0
2024-06-11 19:00:00+03:00,66266.0,66785.2
2024-06-11 21:00:00+03:00,66785.2,67420.6
2024-06-11 23:00:00+03:00,67420.5,67411.6
2024-06-12 01:00:00+03:00,67411.6,67320.7
2024-06-12 03:00:00+03:00,67320.6,67187.8
2024-06-12 05:00:00+03:00,67187.8,67413.0
2024-06-12 07:00:00+03:00,67413.0,67257.6
2024-06-12 09:00:00+03:00,67257.7,67449.4
2024-06-12 11:00:00+03:00,67449.5,67760.1
2024-06-12 13:00:00+03:00,67760.2,67789.9
2024-06-12 15:00:00+03:00,67790.0,69324.9
2024-06-12 17:00:00+03:00,69325.0,69738.0
2024-06-12 19:00:00+03:00,69738.0,69804.0
2024-06-12 21:00:00+03:00,69804.0,67523.2
2024-06-12 23:00:00+03:00,67523.1,68531.7
2024-06-13 01:00:00+03:00,68531.8,68270.3
2024-06-13 03:00:00+03:00,68270.3,67980.2
2024-06-13 05:00:00+03:00,67980.3,67471.1
2024-06-13 07:00:00+03:00,67471.1,67600.0
2024-06-13 09:00:00+03:00,67599.9,67724.9
2024-06-13 11:00:00+03:00,67724.9,67426.7
2024-06-13 13:00:00+03:00,67426.7,67744.6
2024-06-13 15:00:00+03:00,67744.6,67580.5
2024-06-13 17:00:00+03:00,67580.5,66464.4
2024-06-13 19:00:00+03:00,66464.3,66920.1
2024-06-13 21:00:00+03:00,66920.0,66620.8
2024-06-13 23:00:00+03:00,66620.9,66983.4
2024-06-14 01:00:00+03:00,66983.3,66786.9
2024-06-14 03:00:00+03:00,66786.8,66809.5
2024-06-14 05:00:00+03:00,66809.5,66749.7
2024-06-14 07:00:00+03:00,66749.8,67058.0
2024-06-14 09:00:00+03:00,67058.0,66906.2
2024-06-14 11:00:00+03:00,66906.3,66915.2
2024-06-14 13:00:00+03:00,66915.1,67034.2
2024-06-14 15:00:00+03:00,67034.1,67066.1
2024-06-14 17:00:00+03:00,67066.1,66380.0
2024-06-14 19:00:00+03:00,66380.0,65401.0
2024-06-14 21:00:00+03:00,65400.1,65514.9
2024-06-14 23:00:00+03:00,65514.9,66179.9
2024-06-15 01:00:00+03:00,66179.9,66039.7
2024-06-15 03:00:00+03:00,66039.7,66069.0
2024-06-15 05:00:00+03:00,66068.9,66266.0
2024-06-15 07:00:00+03:00,66265.9,66224.8
2024-06-15 09:00:00+03:00,66224.7,66082.6
2024-06-15 11:00:00+03:00,66082.5,66220.7
2024-06-15 13:00:00+03:00,66220.7,66305.2
2024-06-15 15:00:00+03:00,66305.2,66291.9
2024-06-15 17:00:00+03:00,66291.9,66311.9
2024-06-15 19:00:00+03:00,66311.8,66239.5
2024-06-15 21:00:00+03:00,66239.5,66144.2
2024-06-15 23:00:00+03:00,66144.1,66114.8
2024-06-16 01:00:00+03:00,66114.8,66213.7
2024-06-16 03:00:00+03:00,66213.7,66163.1
2024-06-16 05:00:00+03:00,66163.1,66129.6
2024-06-16 07:00:00+03:00,66129.6,66251.9
2024-06-16 09:00:00+03:00,66252.0,66249.4
2024-06-16 11:00:00+03:00,66249.3,66392.3
2024-06-16 13:00:00+03:00,66392.2,66471.4
2024-06-16 15:00:00+03:00,66471.4,66744.3
2024-06-16 17:00:00+03:00,66744.2,66690.4
2024-06-16 19:00:00+03:00,66690.4,66563.0
2024-06-16 21:00:00+03:00,66563.0,66542.5
2024-06-16 23:00:00+03:00,66542.4,66510.6
2024-06-17 01:00:00+03:00,66510.6,66653.6
2024-06-17 03:00:00+03:00,66653.5,66452.1
2024-06-17 05:00:00+03:00,66451.8,66200.0
2024-06-17 07:00:00+03:00,66199.9,66334.2
2024-06-17 09:00:00+03:00,66334.3,66147.3
2024-06-17 11:00:00+03:00,66147.3,65696.3
2024-06-17 13:00:00+03:00,65696.3,65791.8
2024-06-17 15:00:00+03:00,65791.9,65180.7
2024-06-17 17:00:00+03:00,65180.6,65341.9
2024-06-17 19:00:00+03:00,65341.8,66587.2
2024-06-17 21:00:00+03:00,66587.2,66661.4
2024-06-17 23:00:00+03:00,66661.4,66550.0
2024-06-18 01:00:00+03:00,66550.0,66472.1
2024-06-18 03:00:00+03:00,66472.1,65103.8
2024-06-18 05:00:00+03:00,65103.7,65474.9
2024-06-18 07:00:00+03:00,65474.9,65570.7
2024-06-18 09:00:00+03:00,65570.8,65646.4
2024-06-18 11:00:00+03:00,65646.3,65455.4
2024-06-18 13:00:00+03:00,65455.5,65339.2
2024-06-18 15:00:00+03:00,65339.2,64820.6
2024-06-18 17:00:00+03:00,64820.7,64676.8
2024-06-18 19:00:00+03:00,64676.7,64586.2
2024-06-18 21:00:00+03:00,64586.6,64400.0
2024-06-18 23:00:00+03:00,64399.7,65199.8
2024-06-19 01:00:00+03:00,65199.9,65150.0
2024-06-19 03:00:00+03:00,65149.9,65007.9
2024-06-19 05:00:00+03:00,65008.0,65377.1
2024-06-19 07:00:00+03:00,65377.0,65376.4
2024-06-19 09:00:00+03:00,65376.4,65295.0
2024-06-19 11:00:00+03:00,65294.9,65270.7
2024-06-19 13:00:00+03:00,65270.7,65181.9
2024-06-19 15:00:00+03:00,65182.0,65057.9
2024-06-19 17:00:00+03:00,65058.0,64895.0
2024-06-19 19:00:00+03:00,64895.0,65056.7
2024-06-19 21:00:00+03:00,65056.8,64851.3
2024-06-19 23:00:00+03:00,64851.4,64973.0
2024-06-20 01:00:00+03:00,64973.0,64933.6
2024-06-20 03:00:00+03:00,64933.6,65134.9
2024-06-20 05:00:00+03:00,65135.0,65156.0
2024-06-20 07:00:00+03:00,65156.0,65488.1
2024-06-20 09:00:00+03:00,65488.0,65831.4
2024-06-20 11:00:00+03:00,65831.3,65697.2
2024-06-20 13:00:00+03:00,65697.2,66150.0
2024-06-20 15:00:00+03:00,66150.0,65118.8
2024-06-20 17:00:00+03:00,65118.8,64794.4
2024-06-20 19:00:00+03:00,64794.3,64948.0
2024-06-20 21:00:00+03:00,64948.0,65032.9
2024-06-20 23:00:00+03:00,65032.9,65012.3
2024-06-21 01:00:00+03:00,65012.4,64854.0
2024-06-21 03:00:00+03:00,64854.0,64953.0
2024-06-21 05:00:00+03:00,64953.0,64473.4
2024-06-21 07:00:00+03:00,64473.4,64641.8
2024-06-21 09:00:00+03:00,64641.7,64179.4
2024-06-21 11:00:00+03:00,64179.5,64078.7
2024-06-21 13:00:00+03:00,64078.6,63745.5
2024-06-21 15:00:00+03:00,63745.1,63594.2
2024-06-21 17:00:00+03:00,63594.1,63716.9
2024-06-21 19:00:00+03:00,63717.0,63651.7
2024-06-21 21:00:00+03:00,63651.8,64207.5
2024-06-21 23:00:00+03:00,64207.6,64065.1
2024-06-22 01:00:00+03:00,64065.2,64124.0
2024-06-22 03:00:00+03:00,64124.1,64124.2
2024-06-22 05:00:00+03:00,64124.2,64297.2
2024-06-22 07:00:00+03:00,64297.2,64392.8
2024-06-22 09:00:00+03:00,64392.9,64490.1
2024-06-22 11:00:00+03:00,64490.0,64304.3
2024-06-22 13:00:00+03:00,64304.3,64245.0
2024-06-22 15:00:00+03:00,64244.9,64261.6
2024-06-22 17:00:00+03:00,64261.6,64283.4
2024-06-22 19:00:00+03:00,64283.3,64229.4
2024-06-22 21:00:00+03:00,64229.4,64270.9
2024-06-22 23:00:00+03:00,64270.9,64300.1
2024-06-23 01:00:00+03:00,64300.0,64240.0
2024-06-23 03:00:00+03:00,64240.1,64443.9
2024-06-23 05:00:00+03:00,64444.0,64389.0
2024-06-23 07:00:00+03:00,64389.0,64344.0
2024-06-23 09:00:00+03:00,64344.1,64390.0
2024-06-23 11:00:00+03:00,64390.0,64387.9
2024-06-23 13:00:00+03:00,64388.0,64310.7
2024-06-23 15:00:00+03:00,64310.7,64273.9
2024-06-23 17:00:00+03:00,64274.0,64071.8
2024-06-23 19:00:00+03:00,64071.8,64094.6
2024-06-23 21:00:00+03:00,64094.7,64128.7
2024-06-23 23:00:00+03:00,64128.7,63818.9
2024-06-24 01:00:00+03:00,63819.0,63194.9
2024-06-24 03:00:00+03:00,63194.9,63290.7
2024-06-24 05:00:00+03:00,63290.7,62840.1
2024-06-24 07:00:00+03:00,62840.0,62296.4
2024-06-24 09:00:00+03:00,62296.4,62433.6
2024-06-24 11:00:00+03:00,62433.6,61370.0
2024-06-24 13:00:00+03:00,61370.1,61257.3
2024-06-24 15:00:00+03:00,61257.3,61542.0
2024-06-24 17:00:00+03:00,61542.1,60823.2
2024-06-24 19:00:00+03:00,60823.3,60232.2
2024-06-24 21:00:00+03:00,60232.5,59294.7
2024-06-24 23:00:00+03:00,59292.8,60081.6
2024-06-25 01:00:00+03:00,60081.5,60273.6
2024-06-25 03:00:00+03:00,60273.5,60470.3
2024-06-25 05:00:00+03:00,60470.3,61271.1
2024-06-25 07:00:00+03:00,61271.1,60998.9
2024-06-25 09:00:00+03:00,60997.7,60660.8
2024-06-25 11:00:00+03:00,60660.9,61445.1
2024-06-25 13:00:00+03:00,61445.2,61170.7
2024-06-25 15:00:00+03:00,61170.7,61179.0
2024-06-25 17:00:00+03:00,61179.0,61776.0
2024-06-25 19:00:00+03:00,61775.9,61344.2
2024-06-25 21:00:00+03:00,61344.3,61957.9
2024-06-25 23:00:00+03:00,61957.1,61900.3
2024-06-26 01:00:00+03:00,61900.2,61777.8
2024-06-26 03:00:00+03:00,61777.9,62065.2
2024-06-26 05:00:00+03:00,62065.3,61910.4
2024-06-26 07:00:00+03:00,61910.4,61537.9
2024-06-26 09:00:00+03:00,61537.8,61705.3
2024-06-26 11:00:00+03:00,61705.3,61365.3
2024-06-26 13:00:00+03:00,61365.3,61427.2
2024-06-26 15:00:00+03:00,61427.3,61740.0
2024-06-26 17:00:00+03:00,61739.9,61453.2
2024-06-26 19:00:00+03:00,61453.3,61227.7
2024-06-26 21:00:00+03:00,61227.8,60991.0
2024-06-26 23:00:00+03:00,60990.9,61056.0
2024-06-27 01:00:00+03:00,61056.0,60860.1
2024-06-27 03:00:00+03:00,60860.1,61047.2
2024-06-27 05:00:00+03:00,61047.3,61027.1
2024-06-27 07:00:00+03:00,61027.0,60790.1
2024-06-27 09:00:00+03:00,60790.2,60786.4
2024-06-27 11:00:00+03:00,60786.4,61276.4
2024-06-27 13:00:00+03:00,61276.4,61188.5
2024-06-27 15:00:00+03:00,61188.5,61981.4
2024-06-27 17:00:00+03:00,61981.5,61570.5
2024-06-27 19:00:00+03:00,61570.6,61820.1
2024-06-27 21:00:00+03:00,61820.0,61445.9
2024-06-27 23:00:00+03:00,61445.9,61530.1
2024-06-28 01:00:00+03:00,61530.1,61682.0
2024-06-28 03:00:00+03:00,61682.1,62061.1
2024-06-28 05:00:00+03:00,62061.2,61803.0
2024-06-28 07:00:00+03:00,61803.0,61578.1
2024-06-28 09:00:00+03:00,61578.1,61317.9
2024-06-28 11:00:00+03:00,61318.0,61530.2
2024-06-28 13:00:00+03:00,61530.2,61671.5
2024-06-28 15:00:00+03:00,61671.5,61279.9
2024-06-28 17:00:00+03:00,61279.9,61039.9
2024-06-28 19:00:00+03:00,61039.9,60812.3
2024-06-28 21:00:00+03:00,60812.4,60132.2
2024-06-28 23:00:00+03:00,60132.2,60365.4
2024-06-29 01:00:00+03:00,60365.4,60429.8
2024-06-29 03:00:00+03:00,60429.8,60900.6
2024-06-29 05:00:00+03:00,60900.6,60760.1
2024-06-29 07:00:00+03:00,60760.0,60756.1
2024-06-29 09:00:00+03:00,60756.0,61049.8
2024-06-29 11:00:00+03:00,61049.8,60970.8
2024-06-29 13:00:00+03:00,60970.8,61111.0
2024-06-29 15:00:00+03:00,61110.9,61101.2
2024-06-29 17:00:00+03:00,61101.2,61107.9
2024-06-29 19:00:00+03:00,61107.8,61034.8
2024-06-29 21:00:00+03:00,61034.8,61056.5
2024-06-29 23:00:00+03:00,61056.4,61048.1
2024-06-30 01:00:00+03:00,61048.2,60982.4
2024-06-30 03:00:00+03:00,60982.5,60958.7
2024-06-30 05:00:00+03:00,60958.8,60898.2
2024-06-30 07:00:00+03:00,60898.2,60788.7
2024-06-30 09:00:00+03:00,60788.7,61533.6
2024-06-30 11:00:00+03:00,61533.6,61520.0
2024-06-30 13:00:00+03:00,61520.0,61555.6
2024-06-30 15:00:00+03:00,61555.6,61711.0
2024-06-30 17:00:00+03:00,61711.0,61722.4
2024-06-30 19:00:00+03:00,61722.5,61697.7
2024-06-30 21:00:00+03:00,61697.7,62016.8
2024-06-30 23:00:00+03:00,62016.8,61931.6
2024-07-01 01:00:00+03:00,61931.7,62766.0
2024-07-01 03:00:00+03:00,62766.1,63631.9
2024-07-01 05:00:00+03:00,63631.9,63416.4
2024-07-01 07:00:00+03:00,63416.5,63410.4
2024-07-01 09:00:00+03:00,63410.5,63265.5
2024-07-01 11:00:00+03:00,63265.5,62920.2
2024-07-01 13:00:00+03:00,62920.3,62657.9
2024-07-01 15:00:00+03:00,62657.9,62676.0
2024-07-01 17:00:00+03:00,62676.0,63119.9
2024-07-01 19:00:00+03:00,63120.0,63683.5
2024-07-01 21:00:00+03:00,63683.6,63207.6
2024-07-01 23:00:00+03:00,63207.2,63113.6
2024-07-02 01:00:00+03:00,63113.6,62883.6
2024-07-02 03:00:00+03:00,62883.7,62914.6
2024-07-02 05:00:00+03:00,62914.6,63115.7
2024-07-02 07:00:00+03:00,63118.0,63010.2
2024-07-02 09:00:00+03:00,63010.2,62617.9
2024-07-02 11:00:00+03:00,62617.9,62651.8
2024-07-02 13:00:00+03:00,62651.8,62823.3
2024-07-02 15:00:00+03:00,62823.3,62625.3
2024-07-02 17:00:00+03:00,62625.3,61945.0
2024-07-02 19:00:00+03:00,61945.0,62144.2
2024-07-02 21:00:00+03:00,62144.2,61944.0
2024-07-02 23:00:00+03:00,61944.0,61952.6
2024-07-03 01:00:00+03:00,61952.6,62123.6
2024-07-03 03:00:00+03:00,62123.5,61617.9
2024-07-03 05:00:00+03:00,61617.9,60983.5
2024-07-03 07:00:00+03:00,60983.4,61114.0
2024-07-03 09:00:00+03:00,61115.0,60859.9
2024-07-03 11:00:00+03:00,60859.8,60601.1
2024-07-03 13:00:00+03:00,60601.2,60384.9
2024-07-03 15:00:00+03:00,60384.9,60589.1
2024-07-03 17:00:00+03:00,60589.1,60176.1
2024-07-03 19:00:00+03:00,60176.1,60372.3
2024-07-03 21:00:00+03:00,60372.3,59661.2
2024-07-03 23:00:00+03:00,59661.2,60235.5
2024-07-04 01:00:00+03:00,60235.5,60208.0
2024-07-04 03:00:00+03:00,60208.0,58561.7
2024-07-04 05:00:00+03:00,58561.7,59092.4
2024-07-04 07:00:00+03:00,59092.4,58885.4
2024-07-04 09:00:00+03:00,58885.4,58214.0
2024-07-04 11:00:00+03:00,58214.0,57725.9
2024-07-04 13:00:00+03:00,57725.9,57748.4
2024-07-04 15:00:00+03:00,57748.4,57402.1
2024-07-04 17:00:00+03:00,57402.2,58137.6
2024-07-04 19:00:00+03:00,58137.5,58230.4
2024-07-04 21:00:00+03:00,58230.4,58267.0
2024-07-04 23:00:00+03:00,58266.9,58485.9
2024-07-05 01:00:00+03:00,58485.8,57045.9
2024-07-05 03:00:00+03:00,57045.9,57150.9
2024-07-05 05:00:00+03:00,57150.8,55214.6
2024-07-05 07:00:00+03:00,55214.7,54771.9
2024-07-05 09:00:00+03:00,54772.0,54389.4
2024-07-05 11:00:00+03:00,54389.4,54505.0
2024-07-05 13:00:00+03:00,54504.9,55458.9
2024-07-05 15:00:00+03:00,55459.0,55801.9
2024-07-05 17:00:00+03:00,55801.8,56637.5
2024-07-05 19:00:00+03:00,56637.5,56422.4
2024-07-05 21:00:00+03:00,56422.5,56446.2
2024-07-05 23:00:00+03:00,56446.1,56491.7
2024-07-06 01:00:00+03:00,56491.7,56604.9
2024-07-06 03:00:00+03:00,56604.9,56195.0
2024-07-06 05:00:00+03:00,56195.0,56388.3
2024-07-06 07:00:00+03:00,56388.4,56342.0
2024-07-06 09:00:00+03:00,56342.1,56571.1
2024-07-06 11:00:00+03:00,56571.1,56739.0
2024-07-06 13:00:00+03:00,56739.0,56713.2
2024-07-06 15:00:00+03:00,56713.2,56963.0
2024-07-06 17:00:00+03:00,56963.0,57285.4
2024-07-06 19:00:00+03:00,57285.4,57932.3
2024-07-06 21:00:00+03:00,57932.4,57834.8
2024-07-06 23:00:00+03:00,57834.9,57844.5
2024-07-07 01:00:00+03:00,57844.6,58216.0
2024-07-07 03:00:00+03:00,58216.0,58099.5
2024-07-07 05:00:00+03:00,58099.4,57943.9
2024-07-07 07:00:00+03:00,57944.0,57631.5
2024-07-07 09:00:00+03:00,57631.6,57344.4
2024-07-07 11:00:00+03:00,57344.5,57710.0
2024-07-07 13:00:00+03:00,57710.1,57436.9
2024-07-07 15:00:00+03:00,57436.9,56846.1
2024-07-07 17:00:00+03:00,56846.1,56806.2
2024-07-07 19:00:00+03:00,56806.2,57218.8
2024-07-07 21:00:00+03:00,57218.7,57133.9
2024-07-07 23:00:00+03:00,57133.9,56565.8
2024-07-08 01:00:00+03:00,56566.0,55830.9
2024-07-08 03:00:00+03:00,55831.0,54930.0
2024-07-08 05:00:00+03:00,54930.0,55136.6
2024-07-08 07:00:00+03:00,55136.6,55455.9
2024-07-08 09:00:00+03:00,55456.0,55828.4
2024-07-08 11:00:00+03:00,55828.4,57498.6
2024-07-08 13:00:00+03:00,57498.5,57137.3
2024-07-08 15:00:00+03:00,57137.3,57217.9
2024-07-08 17:00:00+03:00,57217.9,55736.8
2024-07-08 19:00:00+03:00,55736.8,56262.5
2024-07-08 21:00:00+03:00,56262.5,56462.3
2024-07-08 23:00:00+03:00,56462.9,56622.3
2024-07-09 01:00:00+03:00,56622.3,56686.4
2024-07-09 03:00:00+03:00,56686.4,56534.5
2024-07-09 05:00:00+03:00,56534.5,57139.5
2024-07-09 07:00:00+03:00,57139.5,57261.8
2024-07-09 09:00:00+03:00,57261.8,57102.5
2024-07-09 11:00:00+03:00,57102.5,57563.4
2024-07-09 13:00:00+03:00,57563.4,57407.1
2024-07-09 15:00:00+03:00,57407.1,57313.4
2024-07-09 17:00:00+03:00,57313.5,57445.3
2024-07-09 19:00:00+03:00,57445.3,57497.1
2024-07-09 21:00:00+03:00,57497.0,57837.7
2024-07-09 23:00:00+03:00,57837.7,57782.9
2024-07-10 01:00:00+03:00,57782.8,58023.2
2024-07-10 03:00:00+03:00,58023.1,57775.4
2024-07-10 05:00:00+03:00,57775.4,58157.7
2024-07-10 07:00:00+03:00,58157.6,58951.5
2024-07-10 09:00:00+03:00,58951.5,58948.1
2024-07-10 11:00:00+03:00,58948.0,58474.6
2024-07-10 13:00:00+03:00,58474.7,58469.4
2024-07-10 15:00:00+03:00,58469.4,57718.7
2024-07-10 17:00:00+03:00,57719.3,57658.0
2024-07-10 19:00:00+03:00,57658.1,57608.3
2024-07-10 21:00:00+03:00,57608.3,57374.1
2024-07-10 23:00:00+03:00,57374.8,57411.1
2024-07-11 01:00:00+03:00,57411.1,57707.0
2024-07-11 03:00:00+03:00,57707.0,58260.9
2024-07-11 05:00:00+03:00,58260.9,57540.5
2024-07-11 07:00:00+03:00,57540.4,57967.1
2024-07-11 09:00:00+03:00,57967.1,58168.1
2024-07-11 11:00:00+03:00,58168.2,58265.7
2024-07-11 13:00:00+03:00,58265.8,58754.1
2024-07-11 15:00:00+03:00,58754.0,58544.2
2024-07-11 17:00:00+03:00,58544.3,57382.8
2024-07-11 19:00:00+03:00,57382.8,57778.3
2024-07-11 21:00:00+03:00,57778.4,57354.7
2024-07-11 23:00:00+03:00,57354.8,57434.9
2024-07-12 01:00:00+03:00,57434.8,57315.5
2024-07-12 03:00:00+03:00,57315.7,56919.9
2024-07-12 05:00:00+03:00,56919.9,56887.6
2024-07-12 07:00:00+03:00,56887.6,57003.6
2024-07-12 09:00:00+03:00,57003.5,57071.4
2024-07-12 11:00:00+03:00,57071.4,56933.7
2024-07-12 13:00:00+03:00,56933.7,57188.8
2024-07-12 15:00:00+03:00,57188.7,57816.2
2024-07-12 17:00:00+03:00,57816.3,58188.9
2024-07-12 19:00:00+03:00,58188.9,58138.4
2024-07-12 21:00:00+03:00,58138.5,57546.1
2024-07-12 23:00:00+03:00,57546.2,57567.3
2024-07-13 01:00:00+03:00,57567.0,57870.0
2024-07-13 03:00:00+03:00,57870.0,57861.7
2024-07-13 05:00:00+03:00,57861.7,57792.4
2024-07-13 07:00:00+03:00,57792.5,58046.7
2024-07-13 09:00:00+03:00,58046.7,58140.0
2024-07-13 11:00:00+03:00,58140.0,58654.1
2024-07-13 13:00:00+03:00,58654.1,58513.9
2024-07-13 15:00:00+03:00,58514.0,58588.2
2024-07-13 17:00:00+03:00,58588.1,58808.5
2024-07-13 19:00:00+03:00,58808.5,58686.3
2024-07-13 21:00:00+03:00,58686.3,58596.6
2024-07-13 23:00:00+03:00,58596.7,58668.5
2024-07-14 01:00:00+03:00,58668.5,59174.0
2024-07-14 03:00:00+03:00,59173.9,59679.7
2024-07-14 05:00:00+03:00,59679.8,59435.0
2024-07-14 07:00:00+03:00,59435.0,60231.4
2024-07-14 09:00:00+03:00,60231.5,60031.3
2024-07-14 11:00:00+03:00,60031.2,60161.9
2024-07-14 13:00:00+03:00,60161.9,60079.0
2024-07-14 15:00:00+03:00,60079.0,59669.2
2024-07-14 17:00:00+03:00,59669.3,60053.3
2024-07-14 19:00:00+03:00,60053.3,59976.3
2024-07-14 21:00:00+03:00,59976.2,59886.3
2024-07-14 23:00:00+03:00,59886.3,61260.1
2024-07-15 01:00:00+03:00,61260.1,60766.0
2024-07-15 03:00:00+03:00,60766.0,61373.1
2024-07-15 05:00:00+03:00,61373.1,62617.3
2024-07-15 07:00:00+03:00,62617.3,62769.1
2024-07-15 09:00:00+03:00,62769.2,62816.0
2024-07-15 11:00:00+03:00,62816.1,62609.3
2024-07-15 13:00:00+03:00,62610.0,62431.9
2024-07-15 15:00:00+03:00,62432.0,62877.7
2024-07-15 17:00:00+03:00,62877.6,62985.9
2024-07-15 19:00:00+03:00,62986.0,63045.1
2024-07-15 21:00:00+03:00,63045.2,63309.9
2024-07-15 23:00:00+03:00,63309.9,63499.2
2024-07-16 01:00:00+03:00,63499.2,64680.6
2024-07-16 03:00:00+03:00,64680.6,64811.9
2024-07-16 05:00:00+03:00,64811.9,64725.1
2024-07-16 07:00:00+03:00,64725.1,63632.0
2024-07-16 09:00:00+03:00,63631.9,62881.8
2024-07-16 11:00:00+03:00,62881.8,63152.2
2024-07-16 13:00:00+03:00,63152.2,63719.8
2024-07-16 15:00:00+03:00,63719.8,63391.1
2024-07-16 17:00:00+03:00,63390.5,64833.9
2024-07-16 19:00:00+03:00,64833.9,64509.9
2024-07-16 21:00:00+03:00,64509.9,65125.2
2024-07-16 23:00:00+03:00,65125.2,64464.5
2024-07-17 01:00:00+03:00,64464.4,65010.0
2024-07-17 03:00:00+03:00,65010.0,65632.9
2024-07-17 05:00:00+03:00,65632.9,65662.8
2024-07-17 07:00:00+03:00,65662.8,65587.3
2024-07-17 09:00:00+03:00,65587.3,65226.2
2024-07-17 11:00:00+03:00,65226.2,65299.9
2024-07-17 13:00:00+03:00,65300.0,64700.0
2024-07-17 15:00:00+03:00,64699.9,65102.1
2024-07-17 17:00:00+03:00,65102.1,64695.8
2024-07-17 19:00:00+03:00,64696.0,64255.2
2024-07-17 21:00:00+03:00,64255.2,64550.6
2024-07-17 23:00:00+03:00,64550.7,64276.5
2024-07-18 01:00:00+03:00,64276.6,64055.7
2024-07-18 03:00:00+03:00,64055.8,64640.1
2024-07-18 05:00:00+03:00,64640.0,64827.8
2024-07-18 07:00:00+03:00,64827.9,64719.4
2024-07-18 09:00:00+03:00,64719.5,64644.8
2024-07-18 11:00:00+03:00,64644.8,64831.7
2024-07-18 13:00:00+03:00,64831.6,64728.9
2024-07-18 15:00:00+03:00,64729.0,64568.2
2024-07-18 17:00:00+03:00,64568.3,63500.1
2024-07-18 19:00:00+03:00,63500.1,63529.9
2024-07-18 21:00:00+03:00,63529.9,63535.6
2024-07-18 23:00:00+03:00,63535.5,63817.1
2024-07-19 01:00:00+03:00,63817.0,63959.9
2024-07-19 03:00:00+03:00,63960.0,63791.1
2024-07-19 05:00:00+03:00,63791.2,64298.0
2024-07-19 07:00:00+03:00,64297.9,64143.2
2024-07-19 09:00:00+03:00,64143.1,63673.9
2024-07-19 11:00:00+03:00,63673.9,63672.0
2024-07-19 13:00:00+03:00,63671.9,64095.2
2024-07-19 15:00:00+03:00,64095.6,65104.0
2024-07-19 17:00:00+03:00,65105.1,65791.5
2024-07-19 19:00:00+03:00,65791.5,66711.1
2024-07-19 21:00:00+03:00,66711.2,67107.8
2024-07-19 23:00:00+03:00,67107.8,66861.4
2024-07-20 01:00:00+03:00,66861.5,66627.9
2024-07-20 03:00:00+03:00,66627.9,66327.4
2024-07-20 05:00:00+03:00,66327.5,66568.7
2024-07-20 07:00:00+03:00,66568.7,66506.1
2024-07-20 09:00:00+03:00,66506.1,66526.3
2024-07-20 11:00:00+03:00,66526.4,66545.4
2024-07-20 13:00:00+03:00,66545.3,66445.9
2024-07-20 15:00:00+03:00,66446.0,66502.9
2024-07-20 17:00:00+03:00,66503.0,66797.0
2024-07-20 19:00:00+03:00,66797.0,67368.8
2024-07-20 21:00:00+03:00,67368.8,67195.0
2024-07-20 23:00:00+03:00,67195.0,67059.2
2024-07-21 01:00:00+03:00,67059.3,67095.6
2024-07-21 03:00:00+03:00,67095.6,67242.1
2024-07-21 05:00:00+03:00,67242.2,67145.8
2024-07-21 07:00:00+03:00,67145.8,67015.4
2024-07-21 09:00:00+03:00,67015.4,66670.0
2024-07-21 11:00:00+03:00,66669.9,66944.1
2024-07-21 13:00:00+03:00,66944.1,66845.4
2024-07-21 15:00:00+03:00,66845.4,66731.9
2024-07-21 17:00:00+03:00,66731.9,67130.9
2024-07-21 19:00:00+03:00,67130.9,66620.9
2024-07-21 21:00:00+03:00,66620.9,67391.4
2024-07-21 23:00:00+03:00,67391.5,68169.8
2024-07-22 01:00:00+03:00,68169.8,68138.0
2024-07-22 03:00:00+03:00,68138.0,67809.1
2024-07-22 05:00:00+03:00,67809.0,67847.3
2024-07-22 07:00:00+03:00,67847.3,67600.0
2024-07-22 09:00:00+03:00,67600.0,67210.3
2024-07-22 11:00:00+03:00,67210.4,67389.3
2024-07-22 13:00:00+03:00,67389.4,67479.1
2024-07-22 15:00:00+03:00,67479.1,67073.5
2024-07-22 17:00:00+03:00,67073.5,67044.3
2024-07-22 19:00:00+03:00,67044.3,67429.8
2024-07-22 21:00:00+03:00,67429.9,68193.5
2024-07-22 23:00:00+03:00,68193.6,67822.2
2024-07-23 01:00:00+03:00,67822.2,67499.2
2024-07-23 03:00:00+03:00,67499.2,67380.3
2024-07-23 05:00:00+03:00,67380.2,67437.3
2024-07-23 07:00:00+03:00,67437.3,66399.9
2024-07-23 09:00:00+03:00,66400.0,66550.0
2024-07-23 11:00:00+03:00,66549.9,66897.0
2024-07-23 13:00:00+03:00,66897.0,66641.0
2024-07-23 15:00:00+03:00,66641.0,66072.0
2024-07-23 17:00:00+03:00,66072.8,66552.8
2024-07-23 19:00:00+03:00,66552.8,65921.0
2024-07-23 21:00:00+03:00,65921.0,65516.1
2024-07-23 23:00:00+03:00,65516.2,65853.9
2024-07-24 01:00:00+03:00,65854.0,65916.4
2024-07-24 03:00:00+03:00,65916.3,65646.7
2024-07-24 05:00:00+03:00,65646.7,66027.5
2024-07-24 07:00:00+03:00,66027.4,65793.4
2024-07-24 09:00:00+03:00,65793.5,66049.0
2024-07-24 11:00:00+03:00,66049.0,66377.6
2024-07-24 13:00:00+03:00,66377.5,66345.7
2024-07-24 15:00:00+03:00,66345.7,66315.7
2024-07-24 17:00:00+03:00,66315.7,66155.7
2024-07-24 19:00:00+03:00,66155.8,66561.6
2024-07-24 21:00:00+03:00,66560.0,65631.8
2024-07-24 23:00:00+03:00,65631.8,65624.0
2024-07-25 01:00:00+03:00,65624.0,65350.8
2024-07-25 03:00:00+03:00,65350.7,64467.9
2024-07-25 05:00:00+03:00,64467.9,64074.0
2024-07-25 07:00:00+03:00,64073.9,64245.0
2024-07-25 09:00:00+03:00,64244.9,64115.1
2024-07-25 11:00:00+03:00,64115.0,64290.4
2024-07-25 13:00:00+03:00,64291.1,64082.6
2024-07-25 15:00:00+03:00,64082.6,64034.0
2024-07-25 17:00:00+03:00,64034.0,64773.3
2024-07-25 19:00:00+03:00,64773.3,65028.9
2024-07-25 21:00:00+03:00,65028.8,64669.5
2024-07-25 23:00:00+03:00,64669.5,65815.0
2024-07-26 01:00:00+03:00,65815.0,65773.0
2024-07-26 03:00:00+03:00,65773.0,66402.1
2024-07-26 05:00:00+03:00,66402.1,67014.0
2024-07-26 07:00:00+03:00,67014.0,66899.9
2024-07-26 09:00:00+03:00,66899.9,66873.8
2024-07-26 11:00:00+03:00,66873.7,67256.6
2024-07-26 13:00:00+03:00,67256.7,67293.9
2024-07-26 15:00:00+03:00,67293.9,67862.7
2024-07-26 17:00:00+03:00,67862.7,67528.0
2024-07-26 19:00:00+03:00,67527.9,67340.3
2024-07-26 21:00:00+03:00,67340.4,67957.2
2024-07-26 23:00:00+03:00,67957.2,67917.1
2024-07-27 01:00:00+03:00,67917.1,67882.5
2024-07-27 03:00:00+03:00,67882.5,67634.5
2024-07-27 05:00:00+03:00,67634.4,67766.2
2024-07-27 07:00:00+03:00,67766.2,67860.9
2024-07-27 09:00:00+03:00,67860.9,68013.6
2024-07-27 11:00:00+03:00,68013.5,68193.5
2024-07-27 13:00:00+03:00,68193.5,68184.7
2024-07-27 15:00:00+03:00,68184.7,69205.9
2024-07-27 17:00:00+03:00,69205.9,68822.0
2024-07-27 19:00:00+03:00,68821.9,68514.5
2024-07-27 21:00:00+03:00,68514.4,68209.2
2024-07-27 23:00:00+03:00,68209.3,68828.7
2024-07-28 01:00:00+03:00,68828.8,67873.8
2024-07-28 03:00:00+03:00,67873.7,68050.0
2024-07-28 05:00:00+03:00,68050.0,67910.9
2024-07-28 07:00:00+03:00,67910.9,67396.5
2024-07-28 09:00:00+03:00,67396.4,67517.7
2024-07-28 11:00:00+03:00,67517.6,67407.9
2024-07-28 13:00:00+03:00,67407.8,67800.0
2024-07-28 15:00:00+03:00,67800.1,67950.2
2024-07-28 17:00:00+03:00,67950.2,67624.3
2024-07-28 19:00:00+03:00,67624.2,67950.6
2024-07-28 21:00:00+03:00,67950.6,68090.0
2024-07-28 23:00:00+03:00,68090.0,68000.0
2024-07-29 01:00:00+03:00,68000.0,68215.5
2024-07-29 03:00:00+03:00,68215.5,68509.4
2024-07-29 05:00:00+03:00,68509.4,69323.1
2024-07-29 07:00:00+03:00,69323.1,69626.8
2024-07-29 09:00:00+03:00,69626.8,69510.6
2024-07-29 11:00:00+03:00,69510.5,69503.3
2024-07-29 13:00:00+03:00,69503.3,69549.9
2024-07-29 15:00:00+03:00,69549.8,69249.8
2024-07-29 17:00:00+03:00,69249.9,68067.2
2024-07-29 19:00:00+03:00,68067.3,66980.8
2024-07-29 21:00:00+03:00,66980.7,67276.6
2024-07-29 23:00:00+03:00,67276.7,67459.9
2024-07-30 01:00:00+03:00,67460.0,66750.0
2024-07-30 03:00:00+03:00,66750.1,66176.5
2024-07-30 05:00:00+03:00,66176.5,66585.6
2024-07-30 07:00:00+03:00,66585.7,66455.9
2024-07-30 09:00:00+03:00,66455.9,66914.0
2024-07-30 11:00:00+03:00,66914.0,66580.0
2024-07-30 13:00:00+03:00,66580.1,66532.5
2024-07-30 15:00:00+03:00,66532.6,66357.3
2024-07-30 17:00:00+03:00,66357.3,66198.0
2024-07-30 19:00:00+03:00,66198.0,65839.8
2024-07-30 21:00:00+03:00,65839.8,65899.4
2024-07-30 23:00:00+03:00,65900.0,66265.0
2024-07-31 01:00:00+03:00,66264.9,66159.3
2024-07-31 03:00:00+03:00,66159.3,66269.1
2024-07-31 05:00:00+03:00,66269.1,66028.9
2024-07-31 07:00:00+03:00,66028.1,66154.2
2024-07-31 09:00:00+03:00,66153.9,66196.4
2024-07-31 11:00:00+03:00,66196.4,66230.0
2024-07-31 13:00:00+03:00,66230.0,66062.6
2024-07-31 15:00:00+03:00,66062.7,66484.5
2024-07-31 17:00:00+03:00,66484.6,66354.5
2024-07-31 19:00:00+03:00,66354.4,66656.1
2024-07-31 21:00:00+03:00,66656.1,65229.8
2024-07-31 23:00:00+03:00,65228.1,64950.0
2024-08-01 01:00:00+03:00,64950.1,64601.8
2024-08-01 03:00:00+03:00,64601.8,64172.6
2024-08-01 05:00:00+03:00,64172.7,63912.8
2024-08-01 07:00:00+03:00,63912.7,64279.5
2024-08-01 09:00:00+03:00,64279.5,64297.4
2024-08-01 11:00:00+03:00,64297.5,64441.9
2024-08-01 13:00:00+03:00,64441.9,64645.3
2024-08-01 15:00:00+03:00,64645.2,64724.7
2024-08-01 17:00:00+03:00,64724.6,62892.6
2024-08-01 19:00:00+03:00,62892.6,63202.4
2024-08-01 21:00:00+03:00,63202.5,63403.0
2024-08-01 23:00:00+03:00,63403.0,64879.7
2024-08-02 01:00:00+03:00,64879.8,65328.9
2024-08-02 03:00:00+03:00,65329.0,64628.5
2024-08-02 05:00:00+03:00,64628.4,64600.1
2024-08-02 07:00:00+03:00,64600.1,64160.9
2024-08-02 09:00:00+03:00,64161.0,64146.0
2024-08-02 11:00:00+03:00,64146.0,64485.3
2024-08-02 13:00:00+03:00,64485.4,64640.0
2024-08-02 15:00:00+03:00,64640.0,65208.2
2024-08-02 17:00:00+03:00,65208.2,63393.5
2024-08-02 19:00:00+03:00,63393.5,63075.4
2024-08-02 21:00:00+03:00,63075.4,62619.7
2024-08-02 23:00:00+03:00,62619.6,61966.6
2024-08-03 01:00:00+03:00,61966.6,61483.7
2024-08-03 03:00:00+03:00,61483.7,61313.9
2024-08-03 05:00:00+03:00,61313.9,61862.2
2024-08-03 07:00:00+03:00,61862.2,61673.9
2024-08-03 09:00:00+03:00,61673.8,61636.0
2024-08-03 11:00:00+03:00,61636.0,61707.6
2024-08-03 13:00:00+03:00,61707.6,61884.8
2024-08-03 15:00:00+03:00,61884.7,61982.7
2024-08-03 17:00:00+03:00,61982.8,60857.7
2024-08-03 19:00:00+03:00,60857.8,60553.1
2024-08-03 21:00:00+03:00,60553.0,60216.7
2024-08-03 23:00:00+03:00,60216.8,60631.3
2024-08-04 01:00:00+03:00,60631.4,60684.6
2024-08-04 03:00:00+03:00,60684.5,60715.0
2024-08-04 05:00:00+03:00,60715.0,60705.3
2024-08-04 07:00:00+03:00,60705.3,60762.0
2024-08-04 09:00:00+03:00,60762.1,60346.0
2024-08-04 11:00:00+03:00,60344.6,60678.8
2024-08-04 13:00:00+03:00,60678.8,60880.1
2024-08-04 15:00:00+03:00,60880.1,60800.1
2024-08-04 17:00:00+03:00,60800.2,59070.0
2024-08-04 19:00:00+03:00,59069.9,57844.4
2024-08-04 21:00:00+03:00,57842.1,59234.0
2024-08-04 23:00:00+03:00,59233.9,58443.9
2024-08-05 01:00:00+03:00,58444.0,58144.5
2024-08-05 03:00:00+03:00,58144.5,54389.5
2024-08-05 05:00:00+03:00,54389.6,53864.1
2024-08-05 07:00:00+03:00,53864.0,52696.4
2024-08-05 09:00:00+03:00,52696.5,52645.6
2024-08-05 11:00:00+03:00,52645.6,52637.8
2024-08-05 13:00:00+03:00,52637.7,51316.8
2024-08-05 15:00:00+03:00,51316.7,51927.7
2024-08-05 17:00:00+03:00,51927.7,54289.8
2024-08-05 19:00:00+03:00,54289.7,54676.2
2024-08-05 21:00:00+03:00,54676.2,53450.4
2024-08-05 23:00:00+03:00,53450.3,54344.9
2024-08-06 01:00:00+03:00,54344.9,54003.1
2024-08-06 03:00:00+03:00,54003.5,55690.0
2024-08-06 05:00:00+03:00,55689.9,55638.1
2024-08-06 07:00:00+03:00,55638.1,55910.0
2024-08-06 09:00:00+03:00,55909.9,55979.1
2024-08-06 11:00:00+03:00,55979.0,55185.0
2024-08-06 13:00:00+03:00,55185.0,55188.0
2024-08-06 15:00:00+03:00,55188.0,55180.1
2024-08-06 17:00:00+03:00,55180.2,56370.0
2024-08-06 19:00:00+03:00,56370.0,56456.0
2024-08-06 21:00:00+03:00,56455.0,56737.0
2024-08-06 23:00:00+03:00,56737.0,56429.0
2024-08-07 01:00:00+03:00,56429.0,55991.2
2024-08-07 03:00:00+03:00,55991.3,56935.2
2024-08-07 05:00:00+03:00,56935.2,56826.8
2024-08-07 07:00:00+03:00,56826.9,56765.9
2024-08-07 09:00:00+03:00,56766.0,56898.7
2024-08-07 11:00:00+03:00,56898.8,57319.4
2024-08-07 13:00:00+03:00,57319.4,56938.0
2024-08-07 15:00:00+03:00,56938.0,56800.9
2024-08-07 17:00:00+03:00,56800.9,56067.5
2024-08-07 19:00:00+03:00,56067.4,55545.4
2024-08-07 21:00:00+03:00,55545.9,54739.9
2024-08-07 23:00:00+03:00,54739.9,55390.0
2024-08-08 01:00:00+03:00,55389.1,55102.9
2024-08-08 03:00:00+03:00,55102.9,56842.1
2024-08-08 05:00:00+03:00,56842.0,57031.7
2024-08-08 07:00:00+03:00,57031.8,56934.9
2024-08-08 09:00:00+03:00,56934.9,57166.4
2024-08-08 11:00:00+03:00,57166.4,57316.6
2024-08-08 13:00:00+03:00,57316.5,57292.3
2024-08-08 15:00:00+03:00,57292.4,57247.9
2024-08-08 17:00:00+03:00,57247.9,59391.3
2024-08-08 19:00:00+03:00,59391.9,59439.4
2024-08-08 21:00:00+03:00,59439.5,59389.1
2024-08-08 23:00:00+03:00,59389.0,61154.7
2024-08-09 01:00:00+03:00,61154.8,61659.8
2024-08-09 03:00:00+03:00,61659.8,61366.7
2024-08-09 05:00:00+03:00,61366.7,61327.0
2024-08-09 07:00:00+03:00,61327.0,60957.3
2024-08-09 09:00:00+03:00,60957.3,60844.0
2024-08-09 11:00:00+03:00,60844.1,60723.8
2024-08-09 13:00:00+03:00,60723.8,60633.5
2024-08-09 15:00:00+03:00,60633.5,60425.4
2024-08-09 17:00:00+03:00,60425.5,59786.4
2024-08-09 19:00:00+03:00,59786.4,60172.7
2024-08-09 21:00:00+03:00,60172.7,60649.5
2024-08-09 23:00:00+03:00,60649.6,60696.6
2024-08-10 01:00:00+03:00,60696.6,60808.6
2024-08-10 03:00:00+03:00,60808.6,60429.8
2024-08-10 05:00:00+03:00,60429.9,60410.0
2024-08-10 07:00:00+03:00,60410.0,60336.1
2024-08-10 09:00:00+03:00,60336.1,60809.5
2024-08-10 11:00:00+03:00,60809.6,60866.9
2024-08-10 13:00:00+03:00,60866.9,60892.4
2024-08-10 15:00:00+03:00,60892.3,60399.9
2024-08-10 17:00:00+03:00,60400.0,60480.5
2024-08-10 19:00:00+03:00,60480.5,60739.0
2024-08-10 21:00:00+03:00,60738.9,60989.1
2024-08-10 23:00:00+03:00,60989.1,61040.6
2024-08-11 01:00:00+03:00,61040.6,60889.9
2024-08-11 03:00:00+03:00,60889.8,61082.1
2024-08-11 05:00:00+03:00,61082.1,61054.8
2024-08-11 07:00:00+03:00,61054.8,61080.9
2024-08-11 09:00:00+03:00,61081.0,61224.9
2024-08-11 11:00:00+03:00,61225.0,61078.8
2024-08-11 13:00:00+03:00,61078.7,60637.6
2024-08-11 15:00:00+03:00,60637.5,60425.0
2024-08-11 17:00:00+03:00,60424.9,60100.0
2024-08-11 19:00:00+03:00,60099.9,60237.8
2024-08-11 21:00:00+03:00,60237.8,59598.0
2024-08-11 23:00:00+03:00,59598.1,58976.4
2024-08-12 01:00:00+03:00,58976.3,58693.1
2024-08-12 03:00:00+03:00,58693.1,58564.1
2024-08-12 05:00:00+03:00,58564.1,58488.6
2024-08-12 07:00:00+03:00,58488.6,58549.4
2024-08-12 09:00:00+03:00,58549.4,58640.1
2024-08-12 11:00:00+03:00,58640.1,58267.5
2024-08-12 13:00:00+03:00,58267.5,59809.2
2024-08-12 15:00:00+03:00,59809.2,58133.7
2024-08-12 17:00:00+03:00,58133.7,60171.2
2024-08-12 19:00:00+03:00,60171.3,59276.9
2024-08-12 21:00:00+03:00,59276.9,59025.9
2024-08-12 23:00:00+03:00,59026.0,58951.2
2024-08-13 01:00:00+03:00,58951.2,59323.6
2024-08-13 03:00:00+03:00,59323.7,59706.1
2024-08-13 05:00:00+03:00,59706.1,59014.0
2024-08-13 07:00:00+03:00,59014.0,59187.9
2024-08-13 09:00:00+03:00,59188.0,59209.0
2024-08-13 11:00:00+03:00,59209.1,58912.8
2024-08-13 13:00:00+03:00,58912.9,58803.0
2024-08-13 15:00:00+03:00,58803.0,59362.0
2024-08-13 17:00:00+03:00,59361.9,59438.4
2024-08-13 19:00:00+03:00,59438.4,61134.1
2024-08-13 21:00:00+03:00,61134.1,60792.1
2024-08-13 23:00:00+03:00,60794.5,61005.8
2024-08-14 01:00:00+03:00,61005.7,60550.5
2024-08-14 03:00:00+03:00,60550.4,60488.0
2024-08-14 05:00:00+03:00,60488.0,60920.0
2024-08-14 07:00:00+03:00,60920.1,60800.5
2024-08-14 09:00:00+03:00,60800.4,60887.2
2024-08-14 11:00:00+03:00,60887.3,60819.9
2024-08-14 13:00:00+03:00,60819.9,61260.7
2024-08-14 15:00:00+03:00,61260.6,59583.0
2024-08-14 17:00:00+03:00,59582.9,59396.9
2024-08-14 19:00:00+03:00,59396.9,59129.2
2024-08-14 21:00:00+03:00,59129.3,58854.0
2024-08-14 23:00:00+03:00,58853.8,58884.8
2024-08-15 01:00:00+03:00,58884.8,58648.1
2024-08-15 03:00:00+03:00,58648.1,58172.7
2024-08-15 05:00:00+03:00,58172.7,58420.0
2024-08-15 07:00:00+03:00,58420.0,58292.5
2024-08-15 09:00:00+03:00,58292.6,58031.9
2024-08-15 11:00:00+03:00,58031.9,58371.9
2024-08-15 13:00:00+03:00,58372.0,58712.1
2024-08-15 15:00:00+03:00,58712.0,59420.2
2024-08-15 17:00:00+03:00,59420.1,59643.7
2024-08-15 19:00:00+03:00,59643.3,58840.6
2024-08-15 21:00:00+03:00,58840.7,57002.4
2024-08-15 23:00:00+03:00,57002.5,57582.9
2024-08-16 01:00:00+03:00,57583.0,57511.0
2024-08-16 03:00:00+03:00,57511.1,57515.3
2024-08-16 05:00:00+03:00,57515.3,57858.1
2024-08-16 07:00:00+03:00,57858.1,58157.3
2024-08-16 09:00:00+03:00,58157.2,58423.4
2024-08-16 11:00:00+03:00,58423.4,58645.1
2024-08-16 13:00:00+03:00,58645.1,58369.3
2024-08-16 15:00:00+03:00,58369.4,58310.1
2024-08-16 17:00:00+03:00,58311.9,58035.6
2024-08-16 19:00:00+03:00,58035.1,59184.2
2024-08-16 21:00:00+03:00,59184.2,59649.2
2024-08-16 23:00:00+03:00,59649.3,58993.4
2024-08-17 01:00:00+03:00,58993.4,58854.9
2024-08-17 03:00:00+03:00,58854.9,59212.2
2024-08-17 05:00:00+03:00,59212.2,59128.2
2024-08-17 07:00:00+03:00,59128.2,59133.1
2024-08-17 09:00:00+03:00,59133.1,59222.0
2024-08-17 11:00:00+03:00,59221.9,59292.1
2024-08-17 13:00:00+03:00,59292.1,59106.5
2024-08-17 15:00:00+03:00,59106.5,59289.4
2024-08-17 17:00:00+03:00,59289.4,59357.6
2024-08-17 19:00:00+03:00,59357.7,59399.3
2024-08-17 21:00:00+03:00,59399.3,59446.3
2024-08-17 23:00:00+03:00,59446.2,59279.1
2024-08-18 01:00:00+03:00,59279.1,59468.5
2024-08-18 03:00:00+03:00,59468.5,59407.4
2024-08-18 05:00:00+03:00,59407.5,59308.5
2024-08-18 07:00:00+03:00,59308.5,59455.3
2024-08-18 09:00:00+03:00,59455.3,59545.4
2024-08-18 11:00:00+03:00,59545.5,59850.0
2024-08-18 13:00:00+03:00,59849.9,59991.3
2024-08-18 15:00:00+03:00,59991.3,59794.1
2024-08-18 17:00:00+03:00,59794.2,59828.8
2024-08-18 19:00:00+03:00,59828.8,59496.8
2024-08-18 21:00:00+03:00,59496.9,59671.9
2024-08-18 23:00:00+03:00,59672.0,59412.6
2024-08-19 01:00:00+03:00,59412.6,58390.0
2024-08-19 03:00:00+03:00,58390.1,58525.0
2024-08-19 05:00:00+03:00,58524.9,58696.6
2024-08-19 07:00:00+03:00,58696.7,58447.0
2024-08-19 09:00:00+03:00,58446.9,58475.5
2024-08-19 11:00:00+03:00,58475.5,57977.2
2024-08-19 13:00:00+03:00,57977.3,58360.9
2024-08-19 15:00:00+03:00,58360.8,58176.7
2024-08-19 17:00:00+03:00,58176.7,58505.0
2024-08-19 19:00:00+03:00,58504.5,58991.0
2024-08-19 21:00:00+03:00,58991.0,58933.0
2024-08-19 23:00:00+03:00,58935.7,58936.1
2024-08-20 01:00:00+03:00,58936.1,59398.5
2024-08-20 03:00:00+03:00,59398.4,60415.3
2024-08-20 05:00:00+03:00,60415.4,60588.6
2024-08-20 07:00:00+03:00,60588.5,61088.9
2024-08-20 09:00:00+03:00,61088.8,60899.9
2024-08-20 11:00:00+03:00,60899.9,60833.0
2024-08-20 13:00:00+03:00,60833.0,60494.9
2024-08-20 15:00:00+03:00,60494.9,60850.0
2024-08-20 17:00:00+03:00,60850.0,58783.7
2024-08-20 19:00:00+03:00,58783.7,59007.4
2024-08-20 21:00:00+03:00,59007.4,59482.5
2024-08-20 23:00:00+03:00,59482.5,59255.1
2024-08-21 01:00:00+03:00,59255.0,58982.9
2024-08-21 03:00:00+03:00,58982.7,59251.5
2024-08-21 05:00:00+03:00,59251.5,59290.3
2024-08-21 07:00:00+03:00,59290.3,59356.4
2024-08-21 09:00:00+03:00,59356.4,59689.2
2024-08-21 11:00:00+03:00,59689.2,59253.7
2024-08-21 13:00:00+03:00,59253.7,59332.4
2024-08-21 15:00:00+03:00,59332.3,59904.0
2024-08-21 17:00:00+03:00,59904.0,59486.0
2024-08-21 19:00:00+03:00,59485.9,59902.9
2024-08-21 21:00:00+03:00,59902.8,61538.1
2024-08-21 23:00:00+03:00,61538.1,61206.4
2024-08-22 01:00:00+03:00,61206.4,61120.0
2024-08-22 03:00:00+03:00,61120.0,60940.0
2024-08-22 05:00:00+03:00,60940.0,60514.9
2024-08-22 07:00:00+03:00,60515.0,60689.1
2024-08-22 09:00:00+03:00,60689.0,60946.0
2024-08-22 11:00:00+03:00,60946.0,60850.0
2024-08-22 13:00:00+03:00,60850.1,61297.0
2024-08-22 15:00:00+03:00,61296.9,60777.4
2024-08-22 17:00:00+03:00,60777.4,60370.9
2024-08-22 19:00:00+03:00,60370.9,60134.7
2024-08-22 21:00:00+03:00,60134.7,60272.7
2024-08-22 23:00:00+03:00,60272.8,60513.6
2024-08-23 01:00:00+03:00,60513.6,60349.9
2024-08-23 03:00:00+03:00,60349.9,60727.9
2024-08-23 05:00:00+03:00,60727.8,60565.1
2024-08-23 07:00:00+03:00,60565.0,60829.1
2024-08-23 09:00:00+03:00,60829.1,61045.0
2024-08-23 11:00:00+03:00,61045.0,60995.1
2024-08-23 13:00:00+03:00,60995.1,60710.2
2024-08-23 15:00:00+03:00,60710.1,61092.3
2024-08-23 17:00:00+03:00,61092.2,61499.0
2024-08-23 19:00:00+03:00,61498.6,62966.3
2024-08-23 21:00:00+03:00,62966.0,63577.2
2024-08-23 23:00:00+03:00,63577.4,64350.1
2024-08-24 01:00:00+03:00,64350.1,64019.9
2024-08-24 03:00:00+03:00,64020.0,63808.2
2024-08-24 05:00:00+03:00,63808.1,63800.1
2024-08-24 07:00:00+03:00,63800.0,63958.6
2024-08-24 09:00:00+03:00,63958.6,64269.3
2024-08-24 11:00:00+03:00,64269.3,64306.9
2024-08-24 13:00:00+03:00,64306.9,63881.7
2024-08-24 15:00:00+03:00,63881.7,64199.4
2024-08-24 17:00:00+03:00,64199.3,63943.3
2024-08-24 19:00:00+03:00,63943.4,64018.4
2024-08-24 21:00:00+03:00,64018.3,64170.0
2024-08-24 23:00:00+03:00,64170.1,63584.2
2024-08-25 01:00:00+03:00,63584.1,64116.5
2024-08-25 03:00:00+03:00,64116.6,64109.0
2024-08-25 05:00:00+03:00,64108.9,64065.0
2024-08-25 07:00:00+03:00,64065.0,64110.4
2024-08-25 09:00:00+03:00,64110.4,63835.4
2024-08-25 11:00:00+03:00,63835.5,63833.6
2024-08-25 13:00:00+03:00,63833.6,63851.7
2024-08-25 15:00:00+03:00,63851.7,64048.1
2024-08-25 17:00:00+03:00,64048.0,64099.9
2024-08-25 19:00:00+03:00,64099.9,64112.8
2024-08-25 21:00:00+03:00,64112.9,64152.2
2024-08-25 23:00:00+03:00,64152.3,64358.9
2024-08-26 01:00:00+03:00,64359.0,64190.2
2024-08-26 03:00:00+03:00,64190.1,63893.4
2024-08-26 05:00:00+03:00,63893.3,64089.5
2024-08-26 07:00:00+03:00,64089.5,63928.5
2024-08-26 09:00:00+03:00,63928.5,63603.2
2024-08-26 11:00:00+03:00,63603.3,63834.3
2024-08-26 13:00:00+03:00,63834.2,63816.6
2024-08-26 15:00:00+03:00,63816.6,63735.9
2024-08-26 17:00:00+03:00,63736.0,63493.0
2024-08-26 19:00:00+03:00,63493.0,63343.1
2024-08-26 21:00:00+03:00,63343.0,63305.0
2024-08-26 23:00:00+03:00,63305.0,63115.2
2024-08-27 01:00:00+03:00,63115.3,62807.6
2024-08-27 03:00:00+03:00,62807.7,62962.2
2024-08-27 05:00:00+03:00,62962.2,62947.2
2024-08-27 07:00:00+03:00,62947.1,63113.8
2024-08-27 09:00:00+03:00,63113.8,62882.0
2024-08-27 11:00:00+03:00,62881.9,62650.8
2024-08-27 13:00:00+03:00,62650.8,62392.5
2024-08-27 15:00:00+03:00,62392.4,62208.6
2024-08-27 17:00:00+03:00,62208.7,61673.3
2024-08-27 19:00:00+03:00,61673.4,61906.1
2024-08-27 21:00:00+03:00,61906.0,62071.8
2024-08-27 23:00:00+03:00,62071.8,60379.6
2024-08-28 01:00:00+03:00,60379.6,59384.5
2024-08-28 03:00:00+03:00,59384.4,59344.0
2024-08-28 05:00:00+03:00,59343.0,59597.3
2024-08-28 07:00:00+03:00,59597.3,59266.9
2024-08-28 09:00:00+03:00,59267.0,58579.0
2024-08-28 11:00:00+03:00,58579.0,60157.6
2024-08-28 13:00:00+03:00,60166.3,59900.1
2024-08-28 15:00:00+03:00,59900.2,59315.4
2024-08-28 17:00:00+03:00,59315.4,58963.4
2024-08-28 19:00:00+03:00,58963.4,58620.1
2024-08-28 21:00:00+03:00,58620.1,58871.1
2024-08-28 23:00:00+03:00,58871.0,59086.5
2024-08-29 01:00:00+03:00,59086.6,59010.0
2024-08-29 03:00:00+03:00,59010.0,58970.2
2024-08-29 05:00:00+03:00,58970.3,59113.0
2024-08-29 07:00:00+03:00,59113.4,59406.4
2024-08-29 09:00:00+03:00,59406.4,59548.9
2024-08-29 11:00:00+03:00,59548.9,59557.1
2024-08-29 13:00:00+03:00,59557.1,60040.0
2024-08-29 15:00:00+03:00,60040.0,60603.1
2024-08-29 17:00:00+03:00,60603.7,60750.9
2024-08-29 19:00:00+03:00,60750.9,60502.0
2024-08-29 21:00:00+03:00,60501.1,59237.0
2024-08-29 23:00:00+03:00,59236.9,59470.0
2024-08-30 01:00:00+03:00,59470.1,59323.2
2024-08-30 03:00:00+03:00,59323.3,59190.1
2024-08-30 05:00:00+03:00,59190.0,59001.0
2024-08-30 07:00:00+03:00,59001.1,58760.8
2024-08-30 09:00:00+03:00,58761.0,59235.9
2024-08-30 11:00:00+03:00,59236.0,59547.6
2024-08-30 13:00:00+03:00,59547.7,59367.0
2024-08-30 15:00:00+03:00,59367.0,59629.9
2024-08-30 17:00:00+03:00,59630.0,58073.1
2024-08-30 19:00:00+03:00,58073.7,58602.6
2024-08-30 21:00:00+03:00,58602.6,58670.1
2024-08-30 23:00:00+03:00,58670.0,59025.0
2024-08-31 01:00:00+03:00,59025.0,59096.3
2024-08-31 03:00:00+03:00,59096.4,59250.0
2024-08-31 05:00:00+03:00,59250.0,59199.9
2024-08-31 07:00:00+03:00,59200.0,59184.8
2024-08-31 09:00:00+03:00,59184.8,59060.8
2024-08-31 11:00:00+03:00,59060.8,58881.0
2024-08-31 13:00:00+03:00,58880.9,59093.1
2024-08-31 15:00:00+03:00,59093.1,58926.1
2024-08-31 17:00:00+03:00,58926.0,58983.7
2024-08-31 19:00:00+03:00,58983.8,58981.5
2024-08-31 21:00:00+03:00,58981.5,58834.2
2024-08-31 23:00:00+03:00,58834.3,59026.7
2024-09-01 01:00:00+03:00,59026.6,58941.9
2024-09-01 03:00:00+03:00,58941.9,58804.1
2024-09-01 05:00:00+03:00,58804.1,58501.6
2024-09-01 07:00:00+03:00,58501.6,57951.0
2024-09-01 09:00:00+03:00,57951.0,58444.1
2024-09-01 11:00:00+03:00,58444.1,58176.0
2024-09-01 13:00:00+03:00,58176.0,58208.0
2024-09-01 15:00:00+03:00,58208.1,58136.5
2024-09-01 17:00:00+03:00,58136.5,58184.1
2024-09-01 19:00:00+03:00,58184.1,58090.2
2024-09-01 21:00:00+03:00,58090.1,58480.8
2024-09-01 23:00:00+03:00,58480.8,58312.7
2024-09-02 01:00:00+03:00,58312.8,57268.1
2024-09-02 03:00:00+03:00,57268.1,57390.6
2024-09-02 05:00:00+03:00,57390.6,57708.7
2024-09-02 07:00:00+03:00,57708.6,57751.9
2024-09-02 09:00:00+03:00,57751.9,57523.2
2024-09-02 11:00:00+03:00,57523.3,58365.4
2024-09-02 13:00:00+03:00,58367.0,58396.0
2024-09-02 15:00:00+03:00,58395.9,58154.1
2024-09-02 17:00:00+03:00,58154.1,58508.0
2024-09-02 19:00:00+03:00,58508.0,58492.8
2024-09-02 21:00:00+03:00,58492.7,58418.8
2024-09-02 23:00:00+03:00,58418.8,59017.1
2024-09-03 01:00:00+03:00,59017.0,59112.1
2024-09-03 03:00:00+03:00,59112.2,59349.9
2024-09-03 05:00:00+03:00,59349.9,59087.9
2024-09-03 07:00:00+03:00,59087.9,59166.6
2024-09-03 09:00:00+03:00,59166.6,59078.0
2024-09-03 11:00:00+03:00,59078.0,58840.0
2024-09-03 13:00:00+03:00,58840.1,59038.6
2024-09-03 15:00:00+03:00,59038.5,58371.4
2024-09-03 17:00:00+03:00,58371.4,57695.1
2024-09-03 19:00:00+03:00,57695.1,57670.9
2024-09-03 21:00:00+03:00,57670.8,58020.9
2024-09-03 23:00:00+03:00,58021.0,58094.8
2024-09-04 01:00:00+03:00,58094.8,57451.9
2024-09-04 03:00:00+03:00,57452.0,56750.9
2024-09-04 05:00:00+03:00,56750.9,56632.9
2024-09-04 07:00:00+03:00,56632.9,56223.1
2024-09-04 09:00:00+03:00,56223.1,56717.0
2024-09-04 11:00:00+03:00,56717.1,56580.1
2024-09-04 13:00:00+03:00,56580.1,56536.2
2024-09-04 15:00:00+03:00,56536.1,56466.4
2024-09-04 17:00:00+03:00,56466.4,58096.2
2024-09-04 19:00:00+03:00,58096.0,57856.1
2024-09-04 21:00:00+03:00,57856.1,58029.8
2024-09-04 23:00:00+03:00,58029.8,58078.0
2024-09-05 01:00:00+03:00,58078.1,57944.8
2024-09-05 03:00:00+03:00,57944.8,58000.1
2024-09-05 05:00:00+03:00,58000.2,57104.1
2024-09-05 07:00:00+03:00,57104.1,57165.0
2024-09-05 09:00:00+03:00,57165.0,57127.0
2024-09-05 11:00:00+03:00,57126.9,56768.0
2024-09-05 13:00:00+03:00,56768.0,56666.1
2024-09-05 15:00:00+03:00,56666.1,57007.4
2024-09-05 17:00:00+03:00,57007.3,55947.0
2024-09-05 19:00:00+03:00,55947.0,56577.0
2024-09-05 21:00:00+03:00,56576.9,56026.0
2024-09-05 23:00:00+03:00,56025.2,56120.4
2024-09-06 01:00:00+03:00,56120.4,56145.7
2024-09-06 03:00:00+03:00,56145.7,56526.8
2024-09-06 05:00:00+03:00,56526.7,56553.7
2024-09-06 07:00:00+03:00,56553.7,56464.9
2024-09-06 09:00:00+03:00,56464.9,55766.3
2024-09-06 11:00:00+03:00,55766.3,55863.0
2024-09-06 13:00:00+03:00,55863.5,55972.1
2024-09-06 15:00:00+03:00,55972.1,55873.7
2024-09-06 17:00:00+03:00,55873.7,54022.1
2024-09-06 19:00:00+03:00,54022.1,53919.0
2024-09-06 21:00:00+03:00,53915.8,53515.3
2024-09-06 23:00:00+03:00,53515.3,53740.0
2024-09-07 01:00:00+03:00,53740.0,53927.7
2024-09-07 03:00:00+03:00,53927.7,53789.4
2024-09-07 05:00:00+03:00,53789.4,53789.2
2024-09-07 07:00:00+03:00,53789.3,54147.1
2024-09-07 09:00:00+03:00,54147.1,54258.1
2024-09-07 11:00:00+03:00,54258.0,54218.5
2024-09-07 13:00:00+03:00,54218.6,54298.9
2024-09-07 15:00:00+03:00,54299.0,54521.9
2024-09-07 17:00:00+03:00,54521.9,54746.6
2024-09-07 19:00:00+03:00,54746.7,54110.3
2024-09-07 21:00:00+03:00,54110.3,54375.0
2024-09-07 23:00:00+03:00,54375.1,53906.1
2024-09-08 01:00:00+03:00,53906.1,54134.9
2024-09-08 03:00:00+03:00,54134.9,54246.9
2024-09-08 05:00:00+03:00,54246.9,54371.5
2024-09-08 07:00:00+03:00,54371.5,54315.8
2024-09-08 09:00:00+03:00,54315.7,54411.5
2024-09-08 11:00:00+03:00,54411.5,54418.1
2024-09-08 13:00:00+03:00,54418.1,54528.6
2024-09-08 15:00:00+03:00,54528.7,54360.0
2024-09-08 17:00:00+03:00,54359.9,53663.6
2024-09-08 19:00:00+03:00,53663.4,54470.0
2024-09-08 21:00:00+03:00,54470.1,54301.3
2024-09-08 23:00:00+03:00,54301.3,54430.9
2024-09-09 01:00:00+03:00,54430.9,54839.6
2024-09-09 03:00:00+03:00,54839.6,55071.9
2024-09-09 05:00:00+03:00,55071.9,55084.9
2024-09-09 07:00:00+03:00,55085.0,54645.0
2024-09-09 09:00:00+03:00,54645.0,54939.1
2024-09-09 11:00:00+03:00,54939.0,55127.7
2024-09-09 13:00:00+03:00,55127.7,55236.8
2024-09-09 15:00:00+03:00,55236.7,55652.2
2024-09-09 17:00:00+03:00,55652.2,55360.3
2024-09-09 19:00:00+03:00,55360.3,56479.9
2024-09-09 21:00:00+03:00,56480.0,57060.1
2024-09-09 23:00:00+03:00,57060.1,57424.9
2024-09-10 01:00:00+03:00,57424.9,57010.0
2024-09-10 03:00:00+03:00,57010.1,56871.1
2024-09-10 05:00:00+03:00,56871.1,56500.1
2024-09-10 07:00:00+03:00,56500.0,56910.8
2024-09-10 09:00:00+03:00,56910.8,57183.2
2024-09-10 11:00:00+03:00,57183.2,57054.0
2024-09-10 13:00:00+03:00,57054.9,57190.1
2024-09-10 15:00:00+03:00,57190.1,56706.0
2024-09-10 17:00:00+03:00,56706.0,56561.0
2024-09-10 19:00:00+03:00,56553.9,57145.0
2024-09-10 21:00:00+03:00,57145.0,57923.6
2024-09-10 23:00:00+03:00,57923.9,57479.9
2024-09-11 01:00:00+03:00,57479.9,57609.1
2024-09-11 03:00:00+03:00,57609.2,56698.7
2024-09-11 05:00:00+03:00,56698.7,56793.5
2024-09-11 07:00:00+03:00,56793.6,56214.0
2024-09-11 09:00:00+03:00,56213.9,56675.1
2024-09-11 11:00:00+03:00,56675.1,56650.0
2024-09-11 13:00:00+03:00,56649.9,56768.9
2024-09-11 15:00:00+03:00,56768.9,55714.0
2024-09-11 17:00:00+03:00,55706.4,56676.1
2024-09-11 19:00:00+03:00,56676.0,57660.9
2024-09-11 21:00:00+03:00,57661.0,57560.9
2024-09-11 23:00:00+03:00,57560.9,57330.3
2024-09-12 01:00:00+03:00,57330.2,57306.0
2024-09-12 03:00:00+03:00,57305.6,58120.7
2024-09-12 05:00:00+03:00,58120.7,58197.9
2024-09-12 07:00:00+03:00,58197.9,57943.5
2024-09-12 09:00:00+03:00,57943.4,58101.8
2024-09-12 11:00:00+03:00,58101.7,57991.4
2024-09-12 13:00:00+03:00,57991.5,58031.7
2024-09-12 15:00:00+03:00,58031.7,57595.7
2024-09-12 17:00:00+03:00,57595.7,57472.1
2024-09-12 19:00:00+03:00,57472.2,58358.7
2024-09-12 21:00:00+03:00,58358.6,58366.3
2024-09-12 23:00:00+03:00,58366.3,57897.7
2024-09-13 01:00:00+03:00,57897.7,58097.0
2024-09-13 03:00:00+03:00,58097.1,58105.9
2024-09-13 05:00:00+03:00,58106.0,57827.0
2024-09-13 07:00:00+03:00,57827.0,57910.0
2024-09-13 09:00:00+03:00,57910.0,58079.8
2024-09-13 11:00:00+03:00,58079.7,58024.8
2024-09-13 13:00:00+03:00,58024.8,57852.6
2024-09-13 15:00:00+03:00,57852.6,58017.0
2024-09-13 17:00:00+03:00,58017.1,59623.5
2024-09-13 19:00:00+03:00,59623.6,59549.9
2024-09-13 21:00:00+03:00,59549.8,59703.1
2024-09-13 23:00:00+03:00,59703.1,60237.9
2024-09-14 01:00:00+03:00,60237.9,60456.2
2024-09-14 03:00:00+03:00,60456.2,60366.2
2024-09-14 05:00:00+03:00,60366.1,60290.5
2024-09-14 07:00:00+03:00,60290.5,59900.5
2024-09-14 09:00:00+03:00,59900.6,60110.4
2024-09-14 11:00:00+03:00,60110.3,60041.9
2024-09-14 13:00:00+03:00,60041.9,59680.0
2024-09-14 15:00:00+03:00,59680.1,59738.0
2024-09-14 17:00:00+03:00,59738.0,59840.1
2024-09-14 19:00:00+03:00,59840.1,59859.9
2024-09-14 21:00:00+03:00,59859.9,59778.4
2024-09-14 23:00:00+03:00,59778.4,59998.5
2024-09-15 01:00:00+03:00,59998.4,59964.0
2024-09-15 03:00:00+03:00,59963.9,60192.0
2024-09-15 05:00:00+03:00,60192.0,60130.2
2024-09-15 07:00:00+03:00,60130.2,60122.9
2024-09-15 09:00:00+03:00,60122.9,60166.8
2024-09-15 11:00:00+03:00,60166.7,59986.1
2024-09-15 13:00:00+03:00,59986.0,59977.0
2024-09-15 15:00:00+03:00,59977.0,60155.7
2024-09-15 17:00:00+03:00,60155.6,60304.6
2024-09-15 19:00:00+03:00,60304.6,59789.9
2024-09-15 21:00:00+03:00,59789.9,59847.7
2024-09-15 23:00:00+03:00,59847.7,59628.9
2024-09-16 01:00:00+03:00,59628.9,59100.5
2024-09-16 03:00:00+03:00,59100.5,58578.0
2024-09-16 05:00:00+03:00,58578.0,58546.5
2024-09-16 07:00:00+03:00,58546.4,58636.1
2024-09-16 09:00:00+03:00,58636.1,58874.6
2024-09-16 11:00:00+03:00,58874.6,58606.6
2024-09-16 13:00:00+03:00,58606.7,58630.0
2024-09-16 15:00:00+03:00,58630.1,58472.0
2024-09-16 17:00:00+03:00,58471.9,57860.7
2024-09-16 19:00:00+03:00,57860.7,58146.7
2024-09-16 21:00:00+03:00,58146.7,57915.4
2024-09-16 23:00:00+03:00,57915.5,57979.8
2024-09-17 01:00:00+03:00,57979.9,58187.0
2024-09-17 03:00:00+03:00,58187.0,57866.8
2024-09-17 05:00:00+03:00,57866.8,58035.2
2024-09-17 07:00:00+03:00,58035.2,58608.4
2024-09-17 09:00:00+03:00,58608.4,58668.1
2024-09-17 11:00:00+03:00,58668.1,58930.8
2024-09-17 13:00:00+03:00,58930.8,59055.1
2024-09-17 15:00:00+03:00,59055.0,58937.0
2024-09-17 17:00:00+03:00,58937.1,61103.0
2024-09-17 19:00:00+03:00,61111.0,60941.4
2024-09-17 21:00:00+03:00,60941.4,59946.0
2024-09-17 23:00:00+03:00,59945.9,60299.0
2024-09-18 01:00:00+03:00,60299.0,60281.0
2024-09-18 03:00:00+03:00,60281.0,60085.1
2024-09-18 05:00:00+03:00,60085.1,60490.0
2024-09-18 07:00:00+03:00,60490.1,60216.8
2024-09-18 09:00:00+03:00,60216.9,60403.7
2024-09-18 11:00:00+03:00,60403.6,59631.8
2024-09-18 13:00:00+03:00,59631.7,59824.6
2024-09-18 15:00:00+03:00,59824.5,59481.7
2024-09-18 17:00:00+03:00,59481.8,59400.1
2024-09-18 19:00:00+03:00,59400.1,59979.9
2024-09-18 21:00:00+03:00,59979.9,60024.6
2024-09-18 23:00:00+03:00,60024.6,60171.0
2024-09-19 01:00:00+03:00,60171.0,61735.3
2024-09-19 03:00:00+03:00,61735.3,61977.2
2024-09-19 05:00:00+03:00,61977.2,62086.5
2024-09-19 07:00:00+03:00,62086.6,61963.7
2024-09-19 09:00:00+03:00,61963.7,62071.0
2024-09-19 11:00:00+03:00,62071.0,62244.0
2024-09-19 13:00:00+03:00,62244.0,62604.5
2024-09-19 15:00:00+03:00,62604.5,63017.2
2024-09-19 17:00:00+03:00,63017.3,63129.0
2024-09-19 19:00:00+03:00,63129.0,63675.0
2024-09-19 21:00:00+03:00,63675.0,63229.4
2024-09-19 23:00:00+03:00,63229.4,62849.2
2024-09-20 01:00:00+03:00,62849.2,62926.9
2024-09-20 03:00:00+03:00,62926.9,63019.6
2024-09-20 05:00:00+03:00,63018.9,63723.3
2024-09-20 07:00:00+03:00,63723.2,63779.1
2024-09-20 09:00:00+03:00,63779.1,63494.4
2024-09-20 11:00:00+03:00,63494.5,63446.0
2024-09-20 13:00:00+03:00,63446.0,63417.1
2024-09-20 15:00:00+03:00,63417.2,62821.8
2024-09-20 17:00:00+03:00,62821.8,63120.2
2024-09-20 19:00:00+03:00,63120.2,62675.1
2024-09-20 21:00:00+03:00,62675.1,62772.1
2024-09-20 23:00:00+03:00,62772.0,63084.1
2024-09-21 01:00:00+03:00,63084.2,63175.7
2024-09-21 03:00:00+03:00,63175.8,62817.1
2024-09-21 05:00:00+03:00,62817.0,62865.1
2024-09-21 07:00:00+03:00,62865.0,62889.0
2024-09-21 09:00:00+03:00,62888.9,63060.0
2024-09-21 11:00:00+03:00,63060.1,63093.0
2024-09-21 13:00:00+03:00,63093.1,63058.0
2024-09-21 15:00:00+03:00,63058.0,63158.2
2024-09-21 17:00:00+03:00,63158.2,63146.6
2024-09-21 19:00:00+03:00,63146.6,63255.1
2024-09-21 21:00:00+03:00,63255.0,63174.2
2024-09-21 23:00:00+03:00,63174.1,63068.7
2024-09-22 01:00:00+03:00,63068.7,63320.6
2024-09-22 03:00:00+03:00,63320.6,63012.7
2024-09-22 05:00:00+03:00,63012.7,63088.9
2024-09-22 07:00:00+03:00,63088.8,62908.3
2024-09-22 09:00:00+03:00,62908.4,62909.3
2024-09-22 11:00:00+03:00,62909.2,62670.1
2024-09-22 13:00:00+03:00,62670.1,62751.4
2024-09-22 15:00:00+03:00,62751.4,62564.9
2024-09-22 17:00:00+03:00,62564.9,62624.2
2024-09-22 19:00:00+03:00,62624.1,63033.3
2024-09-22 21:00:00+03:00,63033.4,63132.1
2024-09-22 23:00:00+03:00,63132.2,62750.0
2024-09-23 01:00:00+03:00,62750.0,63558.4
2024-09-23 03:00:00+03:00,63558.5,63788.9
2024-09-23 05:00:00+03:00,63788.9,64320.1
2024-09-23 07:00:00+03:00,64320.1,63724.9
2024-09-23 09:00:00+03:00,63725.0,63519.9
2024-09-23 11:00:00+03:00,63519.9,63608.8
2024-09-23 13:00:00+03:00,63608.7,63399.0
2024-09-23 15:00:00+03:00,63398.9,63152.5
2024-09-23 17:00:00+03:00,63152.5,63589.6
2024-09-23 19:00:00+03:00,63589.6,63291.0
2024-09-23 21:00:00+03:00,63290.9,63272.6
2024-09-23 23:00:00+03:00,63272.7,63349.1
2024-09-24 01:00:00+03:00,63349.1,63302.0
2024-09-24 03:00:00+03:00,63302.1,62908.8
2024-09-24 05:00:00+03:00,62908.8,63097.6
2024-09-24 07:00:00+03:00,63097.6,63190.9
2024-09-24 09:00:00+03:00,63190.9,63527.8
2024-09-24 11:00:00+03:00,63527.7,63496.7
2024-09-24 13:00:00+03:00,63496.8,63446.3
2024-09-24 15:00:00+03:00,63446.3,63481.5
2024-09-24 17:00:00+03:00,63481.6,63128.8
2024-09-24 19:00:00+03:00,63128.8,63740.0
2024-09-24 21:00:00+03:00,63740.0,64270.0
2024-09-24 23:00:00+03:00,64270.0,64001.7
2024-09-25 01:00:00+03:00,64001.8,64243.1
2024-09-25 03:00:00+03:00,64243.2,64355.0
2024-09-25 05:00:00+03:00,64355.1,64422.4
2024-09-25 07:00:00+03:00,64422.5,64140.0
2024-09-25 09:00:00+03:00,64140.0,63814.9
2024-09-25 11:00:00+03:00,63814.9,63588.0
2024-09-25 13:00:00+03:00,63588.0,63808.1
2024-09-25 15:00:00+03:00,63808.1,63725.0
2024-09-25 17:00:00+03:00,63725.0,63470.1
2024-09-25 19:00:00+03:00,63470.1,63142.5
2024-09-25 21:00:00+03:00,63142.5,63151.6
2024-09-25 23:00:00+03:00,63151.0,63406.7
2024-09-26 01:00:00+03:00,63406.6,63118.4
2024-09-26 03:00:00+03:00,63118.3,63123.7
2024-09-26 05:00:00+03:00,63123.7,63482.9
2024-09-26 07:00:00+03:00,63483.0,63568.0
2024-09-26 09:00:00+03:00,63568.1,63823.4
2024-09-26 11:00:00+03:00,63823.4,63774.6
2024-09-26 13:00:00+03:00,63774.7,64373.0
2024-09-26 15:00:00+03:00,64372.9,64407.2
2024-09-26 17:00:00+03:00,64407.3,65200.0
2024-09-26 19:00:00+03:00,65200.0,65106.9
2024-09-26 21:00:00+03:00,65106.9,64677.8
2024-09-26 23:00:00+03:00,64677.8,65015.4
2024-09-27 01:00:00+03:00,65015.3,65139.2
2024-09-27 03:00:00+03:00,65139.1,65087.9
2024-09-27 05:00:00+03:00,65087.9,65338.0
2024-09-27 07:00:00+03:00,65338.0,65332.0
2024-09-27 09:00:00+03:00,65332.0,65438.9
2024-09-27 11:00:00+03:00,65438.8,65713.8
2024-09-27 13:00:00+03:00,65713.7,65408.2
2024-09-27 15:00:00+03:00,65408.3,65646.2
2024-09-27 17:00:00+03:00,65646.2,65974.0
2024-09-27 19:00:00+03:00,65974.1,65879.3
2024-09-27 21:00:00+03:00,65879.3,65612.8
2024-09-27 23:00:00+03:00,65612.9,65785.1
2024-09-28 01:00:00+03:00,65785.1,65749.6
2024-09-28 03:00:00+03:00,65749.5,65959.2
2024-09-28 05:00:00+03:00,65959.2,66041.0
2024-09-28 07:00:00+03:00,66041.0,65922.2
2024-09-28 09:00:00+03:00,65922.1,65790.0
2024-09-28 11:00:00+03:00,65790.0,65602.3
2024-09-28 13:00:00+03:00,65602.3,65761.5
2024-09-28 15:00:00+03:00,65761.5,65498.2
2024-09-28 17:00:00+03:00,65498.1,65593.7
2024-09-28 19:00:00+03:00,65593.6,65603.0
2024-09-28 21:00:00+03:00,65603.0,65699.6
2024-09-28 23:00:00+03:00,65699.7,65659.9
2024-09-29 01:00:00+03:00,65660.0,65822.6
2024-09-29 03:00:00+03:00,65822.7,65834.4
2024-09-29 05:00:00+03:00,65834.4,65781.6
2024-09-29 07:00:00+03:00,65781.5,65562.8
2024-09-29 09:00:00+03:00,65562.7,65436.9
2024-09-29 11:00:00+03:00,65436.9,65559.4
2024-09-29 13:00:00+03:00,65559.4,65670.4
2024-09-29 15:00:00+03:00,65670.4,65785.6
2024-09-29 17:00:00+03:00,65785.7,65720.0
2024-09-29 19:00:00+03:00,65720.0,65790.1
2024-09-29 21:00:00+03:00,65790.0,65926.3
2024-09-29 23:00:00+03:00,65926.2,65839.8
2024-09-30 01:00:00+03:00,65839.8,65568.1
2024-09-30 03:00:00+03:00,65568.2,64737.8
2024-09-30 05:00:00+03:00,64737.9,64539.9
2024-09-30 07:00:00+03:00,64539.9,64506.2
2024-09-30 09:00:00+03:00,64506.2,64539.1
2024-09-30 11:00:00+03:00,64539.0,63512.1
2024-09-30 13:00:00+03:00,63512.1,63794.4
2024-09-30 15:00:00+03:00,63794.4,63852.9
2024-09-30 17:00:00+03:00,63852.9,63535.6
2024-09-30 19:00:00+03:00,63535.7,63674.0
2024-09-30 21:00:00+03:00,63674.0,63472.8
2024-09-30 23:00:00+03:00,63472.9,63678.7
2024-10-01 01:00:00+03:00,63678.8,63309.1
2024-10-01 03:00:00+03:00,63309.0,63447.3
2024-10-01 05:00:00+03:00,63447.2,63707.2
2024-10-01 07:00:00+03:00,63707.2,63733.9
2024-10-01 09:00:00+03:00,63733.9,64017.0
2024-10-01 11:00:00+03:00,64016.9,63834.3
2024-10-01 13:00:00+03:00,63834.2,63699.9
2024-10-01 15:00:00+03:00,63700.0,62838.9
2024-10-01 17:00:00+03:00,62838.9,62613.8
2024-10-01 19:00:00+03:00,62613.8,62134.1
2024-10-01 21:00:00+03:00,62134.1,61739.7
2024-10-01 23:00:00+03:00,61739.8,61114.0
2024-10-02 01:00:00+03:00,61114.0,60776.8
2024-10-02 03:00:00+03:00,60776.7,61497.0
2024-10-02 05:00:00+03:00,61496.9,61718.0
2024-10-02 07:00:00+03:00,61718.1,61466.7
2024-10-02 09:00:00+03:00,61466.7,61702.5
2024-10-02 11:00:00+03:00,61702.5,61251.4
2024-10-02 13:00:00+03:00,61251.3,61140.8
2024-10-02 15:00:00+03:00,61140.8,61320.7
2024-10-02 17:00:00+03:00,61320.7,61833.9
2024-10-02 19:00:00+03:00,61833.9,61598.3
2024-10-02 21:00:00+03:00,61598.4,60155.0
2024-10-02 23:00:00+03:00,60155.0,60803.5
2024-10-03 01:00:00+03:00,60803.4,60622.6
2024-10-03 03:00:00+03:00,60622.7,60999.9
2024-10-03 05:00:00+03:00,60999.9,61434.3
2024-10-03 07:00:00+03:00,61434.4,61150.5
2024-10-03 09:00:00+03:00,61150.5,60898.6
2024-10-03 11:00:00+03:00,60898.5,60693.0
2024-10-03 13:00:00+03:00,60693.0,60733.0
2024-10-03 15:00:00+03:00,60732.9,60347.2
2024-10-03 17:00:00+03:00,60347.0,60606.5
2024-10-03 19:00:00+03:00,60606.4,60608.6
2024-10-03 21:00:00+03:00,60608.6,60998.0
2024-10-03 23:00:00+03:00,60998.0,60783.4
2024-10-04 01:00:00+03:00,60783.4,60727.2
2024-10-04 03:00:00+03:00,60727.1,61194.0
2024-10-04 05:00:00+03:00,61193.9,60928.7
2024-10-04 07:00:00+03:00,60928.7,61193.9
2024-10-04 09:00:00+03:00,61193.8,61403.9
2024-10-04 11:00:00+03:00,61403.9,61310.1
2024-10-04 13:00:00+03:00,61310.1,61423.0
2024-10-04 15:00:00+03:00,61423.0,61545.0
2024-10-04 17:00:00+03:00,61545.0,61843.1
2024-10-04 19:00:00+03:00,61843.2,61952.8
2024-10-04 21:00:00+03:00,61952.9,62337.0
2024-10-04 23:00:00+03:00,62337.2,62242.9
2024-10-05 01:00:00+03:00,62243.0,62054.4
2024-10-05 03:00:00+03:00,62054.3,62036.6
2024-10-05 05:00:00+03:00,62036.5,61835.5
2024-10-05 07:00:00+03:00,61835.5,62111.1
2024-10-05 09:00:00+03:00,62111.0,62043.0
2024-10-05 11:00:00+03:00,62043.0,62219.2
2024-10-05 13:00:00+03:00,62219.3,62149.1
2024-10-05 15:00:00+03:00,62149.1,62118.4
2024-10-05 17:00:00+03:00,62118.4,62131.4
2024-10-05 19:00:00+03:00,62131.5,61984.9
2024-10-05 21:00:00+03:00,61984.9,61822.4
2024-10-05 23:00:00+03:00,61822.4,61826.7
2024-10-06 01:00:00+03:00,61826.6,62023.1
2024-10-06 03:00:00+03:00,62023.1,62053.5
2024-10-06 05:00:00+03:00,62053.5,61852.4
2024-10-06 07:00:00+03:00,61852.5,61913.0
2024-10-06 09:00:00+03:00,61912.9,61919.8
2024-10-06 11:00:00+03:00,61919.8,62036.3
2024-10-06 13:00:00+03:00,62036.3,62067.1
2024-10-06 15:00:00+03:00,62067.0,62219.1
2024-10-06 17:00:00+03:00,62219.1,62690.4
2024-10-06 19:00:00+03:00,62690.4,62555.3
2024-10-06 21:00:00+03:00,62555.2,62601.5
2024-10-06 23:00:00+03:00,62601.4,62274.7
2024-10-07 01:00:00+03:00,62274.8,62789.3
2024-10-07 03:00:00+03:00,62789.2,63795.5
2024-10-07 05:00:00+03:00,63795.5,63494.6
2024-10-07 07:00:00+03:00,63494.5,63350.5
2024-10-07 09:00:00+03:00,63350.4,63509.9
2024-10-07 11:00:00+03:00,63509.9,63185.8
2024-10-07 13:00:00+03:00,63185.7,63114.1
2024-10-07 15:00:00+03:00,63114.1,63430.0
2024-10-07 17:00:00+03:00,63430.0,63620.0
2024-10-07 19:00:00+03:00,63620.1,63795.7
2024-10-07 21:00:00+03:00,63795.7,63349.4
2024-10-07 23:00:00+03:00,63349.4,63346.2
2024-10-08 01:00:00+03:00,63346.2,62190.7
2024-10-08 03:00:00+03:00,62190.6,62604.2
2024-10-08 05:00:00+03:00,62604.2,62602.4
2024-10-08 07:00:00+03:00,62602.3,62500.0
2024-10-08 09:00:00+03:00,62500.1,62291.4
2024-10-08 11:00:00+03:00,62291.4,62512.3
2024-10-08 13:00:00+03:00,62512.2,62595.7
2024-10-08 15:00:00+03:00,62595.8,63007.7
2024-10-08 17:00:00+03:00,63007.7,62259.9
2024-10-08 19:00:00+03:00,62259.9,62363.6
2024-10-08 21:00:00+03:00,62363.5,62228.3
2024-10-08 23:00:00+03:00,62228.5,62409.3
2024-10-09 01:00:00+03:00,62409.3,62131.7
2024-10-09 03:00:00+03:00,62131.8,62382.3
2024-10-09 05:00:00+03:00,62382.3,62365.0
2024-10-09 07:00:00+03:00,62365.0,62500.0
2024-10-09 09:00:00+03:00,62500.1,62243.0
2024-10-09 11:00:00+03:00,62243.0,62233.9
2024-10-09 13:00:00+03:00,62234.0,62177.8
2024-10-09 15:00:00+03:00,62177.7,61778.5
2024-10-09 17:00:00+03:00,61778.4,62285.4
2024-10-09 19:00:00+03:00,62285.4,61727.3
2024-10-09 21:00:00+03:00,61727.3,61013.7
2024-10-09 23:00:00+03:00,61013.6,60866.7
2024-10-10 01:00:00+03:00,60866.7,60606.4
2024-10-10 03:00:00+03:00,60606.3,60774.2
2024-10-10 05:00:00+03:00,60774.2,60838.7
2024-10-10 07:00:00+03:00,60838.7,60909.0
2024-10-10 09:00:00+03:00,60909.0,60871.0
2024-10-10 11:00:00+03:00,60871.1,60906.9
2024-10-10 13:00:00+03:00,60906.9,61235.9
2024-10-10 15:00:00+03:00,61235.9,60910.2
2024-10-10 17:00:00+03:00,60910.2,60769.9
2024-10-10 19:00:00+03:00,60770.0,59589.0
2024-10-10 21:00:00+03:00,59589.0,59696.9
2024-10-10 23:00:00+03:00,59696.9,60172.5
2024-10-11 01:00:00+03:00,60172.4,60293.2
2024-10-11 03:00:00+03:00,60293.3,60543.7
2024-10-11 05:00:00+03:00,60543.7,60572.6
2024-10-11 07:00:00+03:00,60572.6,60565.0
2024-10-11 09:00:00+03:00,60565.0,60643.3
2024-10-11 11:00:00+03:00,60643.2,61047.3
2024-10-11 13:00:00+03:00,61047.3,61140.0
2024-10-11 15:00:00+03:00,61140.1,61649.9
2024-10-11 17:00:00+03:00,61649.9,62218.0
2024-10-11 19:00:00+03:00,62218.0,62880.0
2024-10-11 21:00:00+03:00,62879.9,63042.4
2024-10-11 23:00:00+03:00,63042.3,62817.6
2024-10-12 01:00:00+03:00,62817.6,62509.0
2024-10-12 03:00:00+03:00,62509.0,62706.9
2024-10-12 05:00:00+03:00,62706.8,62537.0
2024-10-12 07:00:00+03:00,62537.1,62744.1
2024-10-12 09:00:00+03:00,62744.0,62734.1
2024-10-12 11:00:00+03:00,62734.0,62815.3
2024-10-12 13:00:00+03:00,62815.2,62900.3
2024-10-12 15:00:00+03:00,62900.4,63038.0
2024-10-12 17:00:00+03:00,63038.1,63124.8
2024-10-12 19:00:00+03:00,63124.9,63062.4
2024-10-12 21:00:00+03:00,63062.4,62966.3
2024-10-12 23:00:00+03:00,62966.2,63184.8
2024-10-13 01:00:00+03:00,63184.8,63176.0
2024-10-13 03:00:00+03:00,63176.0,62846.0
2024-10-13 05:00:00+03:00,62846.1,62686.2
2024-10-13 07:00:00+03:00,62686.2,62826.6
2024-10-13 09:00:00+03:00,62826.7,62819.0
2024-10-13 11:00:00+03:00,62819.0,62799.1
2024-10-13 13:00:00+03:00,62799.2,62528.5
2024-10-13 15:00:00+03:00,62528.4,62628.4
2024-10-13 17:00:00+03:00,62628.3,62195.3
2024-10-13 19:00:00+03:00,62195.2,62489.6
2024-10-13 21:00:00+03:00,62489.6,62699.3
2024-10-13 23:00:00+03:00,62699.2,62861.0
2024-10-14 01:00:00+03:00,62861.0,62839.8
2024-10-14 03:00:00+03:00,62839.7,62598.1
2024-10-14 05:00:00+03:00,62598.2,64281.6
2024-10-14 07:00:00+03:00,64280.8,63908.1
2024-10-14 09:00:00+03:00,63908.0,64599.6
2024-10-14 11:00:00+03:00,64599.5,64796.2
2024-10-14 13:00:00+03:00,64796.2,64899.4
2024-10-14 15:00:00+03:00,64899.5,65120.0
2024-10-14 17:00:00+03:00,65120.1,65850.9
2024-10-14 19:00:00+03:00,65850.9,65618.7
2024-10-14 21:00:00+03:00,65618.7,65901.0
2024-10-14 23:00:00+03:00,65900.9,65759.0
2024-10-15 01:00:00+03:00,65758.9,66064.9
2024-10-15 03:00:00+03:00,66064.9,65846.0
2024-10-15 05:00:00+03:00,65845.9,65382.1
2024-10-15 07:00:00+03:00,65382.2,65346.9
2024-10-15 09:00:00+03:00,65347.0,65638.4
2024-10-15 11:00:00+03:00,65638.4,65617.9
2024-10-15 13:00:00+03:00,65617.9,65385.3
2024-10-15 15:00:00+03:00,65385.3,67646.7
2024-10-15 17:00:00+03:00,67646.8,65994.6
2024-10-15 19:00:00+03:00,65994.7,66784.4
2024-10-15 21:00:00+03:00,66784.5,66937.1
2024-10-15 23:00:00+03:00,66937.0,66401.7
2024-10-16 01:00:00+03:00,66401.7,67044.1
2024-10-16 03:00:00+03:00,67044.0,67345.4
2024-10-16 05:00:00+03:00,67345.4,67064.5
2024-10-16 07:00:00+03:00,67064.5,67191.0
2024-10-16 09:00:00+03:00,67190.9,66948.8
2024-10-16 11:00:00+03:00,66948.8,67398.9
2024-10-16 13:00:00+03:00,67399.0,67872.3
2024-10-16 15:00:00+03:00,67872.3,67359.9
2024-10-16 17:00:00+03:00,67359.9,67726.0
2024-10-16 19:00:00+03:00,67725.9,67919.9
2024-10-16 21:00:00+03:00,67919.8,67692.4
2024-10-16 23:00:00+03:00,67692.4,67547.1
2024-10-17 01:00:00+03:00,67547.1,67592.0
2024-10-17 03:00:00+03:00,67592.0,67876.7
2024-10-17 05:00:00+03:00,67876.8,67570.0
2024-10-17 07:00:00+03:00,67570.1,67307.7
2024-10-17 09:00:00+03:00,67307.7,67280.8
2024-10-17 11:00:00+03:00,67280.8,67174.8
2024-10-17 13:00:00+03:00,67174.9,66853.6
2024-10-17 15:00:00+03:00,66853.5,66993.9
2024-10-17 17:00:00+03:00,66994.0,67561.9
2024-10-17 19:00:00+03:00,67561.9,67256.4
2024-10-17 21:00:00+03:00,67256.4,66821.1
2024-10-17 23:00:00+03:00,66821.1,67059.9
2024-10-18 01:00:00+03:00,67060.0,67401.5
2024-10-18 03:00:00+03:00,67401.5,68080.1
2024-10-18 05:00:00+03:00,68080.0,67532.3
2024-10-18 07:00:00+03:00,67532.3,67983.5
2024-10-18 09:00:00+03:00,67983.4,67955.0
2024-10-18 11:00:00+03:00,67955.1,67783.0
2024-10-18 13:00:00+03:00,67783.1,67692.7
2024-10-18 15:00:00+03:00,67692.7,68174.0
2024-10-18 17:00:00+03:00,68174.0,68710.0
2024-10-18 19:00:00+03:00,68710.0,68680.0
2024-10-18 21:00:00+03:00,68680.0,68582.3
2024-10-18 23:00:00+03:00,68582.3,68396.9
2024-10-19 01:00:00+03:00,68397.0,68407.8
2024-10-19 03:00:00+03:00,68407.8,68313.9
2024-10-19 05:00:00+03:00,68313.9,68428.4
2024-10-19 07:00:00+03:00,68428.4,68366.5
2024-10-19 09:00:00+03:00,68366.4,68328.9
2024-10-19 11:00:00+03:00,68328.9,68327.1
2024-10-19 13:00:00+03:00,68327.1,68071.6
2024-10-19 15:00:00+03:00,68071.6,68090.0
2024-10-19 17:00:00+03:00,68090.0,68206.9
2024-10-19 19:00:00+03:00,68206.9,68109.4
2024-10-19 21:00:00+03:00,68109.4,68162.5
2024-10-19 23:00:00+03:00,68162.5,68192.8
2024-10-20 01:00:00+03:00,68192.8,68357.1
2024-10-20 03:00:00+03:00,68357.1,68129.1
2024-10-20 05:00:00+03:00,68129.2,68161.1
2024-10-20 07:00:00+03:00,68161.1,68200.0
2024-10-20 09:00:00+03:00,68200.1,68347.0
2024-10-20 11:00:00+03:00,68347.0,68417.4
2024-10-20 13:00:00+03:00,68417.5,68396.3
2024-10-20 15:00:00+03:00,68396.4,68438.6
2024-10-20 17:00:00+03:00,68438.6,68605.0
2024-10-20 19:00:00+03:00,68605.0,68533.2
2024-10-20 21:00:00+03:00,68533.3,68484.9
2024-10-20 23:00:00+03:00,68484.9,68755.1
2024-10-21 01:00:00+03:00,68755.1,69020.1
2024-10-21 03:00:00+03:00,69020.2,69216.9
2024-10-21 05:00:00+03:00,69216.8,68938.0
2024-10-21 07:00:00+03:00,68937.9,68981.2
2024-10-21 09:00:00+03:00,68981.2,68519.3
2024-10-21 11:00:00+03:00,68519.3,68394.3
2024-10-21 13:00:00+03:00,68394.2,68250.9
2024-10-21 15:00:00+03:00,68250.8,67330.1
2024-10-21 17:00:00+03:00,67330.1,67354.3
2024-10-21 19:00:00+03:00,67354.2,67537.6
2024-10-21 21:00:00+03:00,67537.5,67755.4
2024-10-21 23:00:00+03:00,67755.6,67783.7
2024-10-22 01:00:00+03:00,67783.6,67368.8
2024-10-22 03:00:00+03:00,67368.7,67500.0
2024-10-22 05:00:00+03:00,67499.9,67390.3
2024-10-22 07:00:00+03:00,67390.3,67574.0
2024-10-22 09:00:00+03:00,67574.0,67387.3
2024-10-22 11:00:00+03:00,67387.2,66941.0
2024-10-22 13:00:00+03:00,66941.0,67280.6
2024-10-22 15:00:00+03:00,67280.6,66969.9
2024-10-22 17:00:00+03:00,66970.0,67266.8
2024-10-22 19:00:00+03:00,67266.8,67313.5
2024-10-22 21:00:00+03:00,67313.6,67466.8
2024-10-22 23:00:00+03:00,67466.2,67514.1
2024-10-23 01:00:00+03:00,67514.1,67406.4
2024-10-23 03:00:00+03:00,67406.5,67334.5
2024-10-23 05:00:00+03:00,67334.5,67057.8
2024-10-23 07:00:00+03:00,67057.8,67072.3
2024-10-23 09:00:00+03:00,67072.2,66838.0
2024-10-23 11:00:00+03:00,66838.0,66493.0
2024-10-23 13:00:00+03:00,66493.1,66406.1
2024-10-23 15:00:00+03:00,66406.1,66780.6
2024-10-23 17:00:00+03:00,66780.6,66201.6
2024-10-23 19:00:00+03:00,66201.7,65713.6
2024-10-23 21:00:00+03:00,65713.7,66465.2
2024-10-23 23:00:00+03:00,66465.3,66400.9
2024-10-24 01:00:00+03:00,66401.0,66647.2
2024-10-24 03:00:00+03:00,66647.3,67246.9
2024-10-24 05:00:00+03:00,67246.9,67192.7
2024-10-24 07:00:00+03:00,67192.7,67338.9
2024-10-24 09:00:00+03:00,67338.8,67104.4
2024-10-24 11:00:00+03:00,67104.5,66867.3
2024-10-24 13:00:00+03:00,66867.3,67276.3
2024-10-24 15:00:00+03:00,67276.3,67882.7
2024-10-24 17:00:00+03:00,67882.7,67672.7
2024-10-24 19:00:00+03:00,67672.7,67634.0
2024-10-24 21:00:00+03:00,67634.0,68279.7
2024-10-24 23:00:00+03:00,68279.7,68324.5
2024-10-25 01:00:00+03:00,68324.5,68173.8
2024-10-25 03:00:00+03:00,68173.8,67947.2
2024-10-25 05:00:00+03:00,67947.1,67983.1
2024-10-25 07:00:00+03:00,67983.2,67734.6
2024-10-25 09:00:00+03:00,67734.6,67503.6
2024-10-25 11:00:00+03:00,67503.6,67811.0
2024-10-25 13:00:00+03:00,67811.0,68081.6
2024-10-25 15:00:00+03:00,68081.6,68314.4
2024-10-25 17:00:00+03:00,68314.4,67660.6
2024-10-25 19:00:00+03:00,67660.6,66807.7
2024-10-25 21:00:00+03:00,66807.7,66825.8
2024-10-25 23:00:00+03:00,66825.7,67265.7
2024-10-26 01:00:00+03:00,67265.7,66662.8
2024-10-26 03:00:00+03:00,66662.7,66680.1
2024-10-26 05:00:00+03:00,66680.1,66885.7
2024-10-26 07:00:00+03:00,66885.8,67104.0
2024-10-26 09:00:00+03:00,67104.0,66982.0
2024-10-26 11:00:00+03:00,66982.0,67029.5
2024-10-26 13:00:00+03:00,67029.5,67110.1
2024-10-26 15:00:00+03:00,67110.2,66864.7
2024-10-26 17:00:00+03:00,66864.7,66864.2
2024-10-26 19:00:00+03:00,66864.3,67037.5
2024-10-26 21:00:00+03:00,67037.6,67154.5
2024-10-26 23:00:00+03:00,67154.4,67147.0
2024-10-27 01:00:00+03:00,67147.0,67071.8
2024-10-27 02:00:00+02:00,67071.9,67044.7
2024-10-27 04:00:00+02:00,67044.7,67261.8
2024-10-27 06:00:00+02:00,67261.9,67155.0
2024-10-27 08:00:00+02:00,67154.9,67174.7
2024-10-27 10:00:00+02:00,67174.7,67118.7
2024-10-27 12:00:00+02:00,67118.6,67101.1
2024-10-27 14:00:00+02:00,67101.0,67590.6
2024-10-27 16:00:00+02:00,67590.6,67759.9
2024-10-27 18:00:00+02:00,67759.9,67731.3
2024-10-27 20:00:00+02:00,67731.2,67816.8
2024-10-27 22:00:00+02:00,67816.8,67900.0
2024-10-28 00:00:00+02:00,67900.1,67992.6
2024-10-28 02:00:00+02:00,67992.7,67720.0
2024-10-28 04:00:00+02:00,67720.0,67698.1
2024-10-28 06:00:00+02:00,67698.1,67887.5
2024-10-28 08:00:00+02:00,67887.5,68395.2
2024-10-28 10:00:00+02:00,68395.3,68548.2
2024-10-28 12:00:00+02:00,68548.3,68731.1
2024-10-28 14:00:00+02:00,68731.1,68788.3
2024-10-28 16:00:00+02:00,68788.5,68459.1
2024-10-28 18:00:00+02:00,68459.1,68949.0
2024-10-28 20:00:00+02:00,68949.0,69566.1
2024-10-28 22:00:00+02:00,69650.0,69770.2
2024-10-29 00:00:00+02:00,69770.1,69940.0
2024-10-29 02:00:00+02:00,69939.9,70287.0
2024-10-29 04:00:00+02:00,70286.9,70927.5
2024-10-29 06:00:00+02:00,70927.4,71010.9
2024-10-29 08:00:00+02:00,71010.8,71004.2
2024-10-29 10:00:00+02:00,71004.1,71280.0
2024-10-29 12:00:00+02:00,71280.0,71440.1
2024-10-29 14:00:00+02:00,71440.0,71781.6
2024-10-29 16:00:00+02:00,71781.5,72374.9
2024-10-29 18:00:00+02:00,72374.9,72700.8
2024-10-29 20:00:00+02:00,72700.8,72528.6
2024-10-29 22:00:00+02:00,72534.6,72300.0
2024-10-30 00:00:00+02:00,72300.1,72739.5
2024-10-30 02:00:00+02:00,72739.5,72433.3
2024-10-30 04:00:00+02:00,72433.4,72249.9
2024-10-30 06:00:00+02:00,72249.9,72516.3
2024-10-30 08:00:00+02:00,72516.4,72244.8
2024-10-30 10:00:00+02:00,72244.8,72590.6
2024-10-30 12:00:00+02:00,72590.6,71995.0
2024-10-30 14:00:00+02:00,71994.9,71966.5
2024-10-30 16:00:00+02:00,71966.0,72058.8
2024-10-30 18:00:00+02:00,72058.8,71909.9
2024-10-30 20:00:00+02:00,71909.9,71826.1
2024-10-30 22:00:00+02:00,71826.0,72394.2
2024-10-31 00:00:00+02:00,72394.1,72349.0
2024-10-31 02:00:00+02:00,72349.0,72372.8
2024-10-31 04:00:00+02:00,72372.8,72359.9
2024-10-31 06:00:00+02:00,72360.0,72298.1
2024-10-31 08:00:00+02:00,72298.1,72417.8
2024-10-31 10:00:00+02:00,72417.8,72300.3
2024-10-31 12:00:00+02:00,72300.2,72213.3
2024-10-31 14:00:00+02:00,72213.4,71322.2
2024-10-31 16:00:00+02:00,71322.1,70638.7
2024-10-31 18:00:00+02:00,70638.6,70611.6
2024-10-31 20:00:00+02:00,70808.5,70128.1
2024-10-31 22:00:00+02:00,70128.0,70470.3
2024-11-01 00:00:00+02:00,70470.2,70321.9
2024-11-01 02:00:00+02:00,70321.9,69424.9
2024-11-01 04:00:00+02:00,69424.9,69397.7
2024-11-01 06:00:00+02:00,69397.7,69630.4
2024-11-01 08:00:00+02:00,69630.4,69301.0
2024-11-01 10:00:00+02:00,69301.0,69556.0
2024-11-01 12:00:00+02:00,69555.9,70024.8
2024-11-01 14:00:00+02:00,70024.7,71213.2
2024-11-01 16:00:00+02:00,71213.2,69381.0
2024-11-01 18:00:00+02:00,69381.1,69584.0
2024-11-01 20:00:00+02:00,69584.1,69278.6
2024-11-01 22:00:00+02:00,69278.6,69275.7
2024-11-02 00:00:00+02:00,69275.7,69495.5
2024-11-02 02:00:00+02:00,69495.4,69669.0
2024-11-02 04:00:00+02:00,69669.0,69599.9
2024-11-02 06:00:00+02:00,69599.9,69712.6
2024-11-02 08:00:00+02:00,69712.6,69813.1
2024-11-02 10:00:00+02:00,69813.0,69558.4
2024-11-02 12:00:00+02:00,69558.5,69602.5
2024-11-02 14:00:00+02:00,69602.6,69359.9
2024-11-02 16:00:00+02:00,69360.0,69394.0
2024-11-02 18:00:00+02:00,69393.9,69401.0
2024-11-02 20:00:00+02:00,69401.0,69502.6
2024-11-02 22:00:00+02:00,69502.5,69436.7
2024-11-03 00:00:00+02:00,69436.7,69366.6
2024-11-03 02:00:00+02:00,69366.6,69009.4
2024-11-03 04:00:00+02:00,69009.3,68367.5
2024-11-03 06:00:00+02:00,68367.6,68424.9
2024-11-03 08:00:00+02:00,68425.0,68395.6
2024-11-03 10:00:00+02:00,68395.5,68233.6
2024-11-03 12:00:00+02:00,68233.6,68345.4
2024-11-03 14:00:00+02:00,68345.4,68034.9
2024-11-03 16:00:00+02:00,68034.9,68076.0
2024-11-03 18:00:00+02:00,68075.6,68340.9
2024-11-03 20:00:00+02:00,68340.9,68670.0
2024-11-03 22:00:00+02:00,68670.0,69139.8
2024-11-04 00:00:00+02:00,69139.8,68762.5
2024-11-04 02:00:00+02:00,68762.5,68962.1
2024-11-04 04:00:00+02:00,68962.2,69034.0
2024-11-04 06:00:00+02:00,69034.0,68811.4
2024-11-04 08:00:00+02:00,68811.4,68601.0
2024-11-04 10:00:00+02:00,68601.0,68628.1
2024-11-04 12:00:00+02:00,68628.0,68778.0
2024-11-04 14:00:00+02:00,68778.1,68649.8
2024-11-04 16:00:00+02:00,68649.9,68614.7
2024-11-04 18:00:00+02:00,68614.8,67813.1
2024-11-04 20:00:00+02:00,67813.1,67845.7
2024-11-04 22:00:00+02:00,67845.6,67097.0
2024-11-05 00:00:00+02:00,67097.1,67834.3
2024-11-05 02:00:00+02:00,67834.4,67983.3
2024-11-05 04:00:00+02:00,67983.4,68226.3
2024-11-05 06:00:00+02:00,68226.2,68727.1
2024-11-05 08:00:00+02:00,68727.1,68876.0
2024-11-05 10:00:00+02:00,68875.9,68750.1
2024-11-05 12:00:00+02:00,68750.1,68788.4
2024-11-05 14:00:00+02:00,68788.5,68800.1
2024-11-05 16:00:00+02:00,68800.1,69615.3
2024-11-05 18:00:00+02:00,69615.2,69922.0
2024-11-05 20:00:00+02:00,69921.9,68955.9
2024-11-05 22:00:00+02:00,68955.9,69145.5
2024-11-06 00:00:00+02:00,69145.4,69353.1
2024-11-06 02:00:00+02:00,69353.1,71089.5
2024-11-06 04:00:00+02:00,71089.5,74367.1
2024-11-06 06:00:00+02:00,74367.1,74781.4
2024-11-06 08:00:00+02:00,74781.5,73435.9
2024-11-06 10:00:00+02:00,73435.8,73800.0
2024-11-06 12:00:00+02:00,73800.1,74291.6
2024-11-06 14:00:00+02:00,74291.7,74000.0
2024-11-06 16:00:00+02:00,74000.1,74289.6
2024-11-06 18:00:00+02:00,74289.7,74457.9
2024-11-06 20:00:00+02:00,74458.0,75817.9
2024-11-06 22:00:00+02:00,75817.9,75886.0
2024-11-07 00:00:00+02:00,75886.1,75579.9
2024-11-07 02:00:00+02:00,75579.9,75395.2
2024-11-07 04:00:00+02:00,75395.2,75062.9
2024-11-07 06:00:00+02:00,75062.8,74793.2
2024-11-07 08:00:00+02:00,74793.3,74800.0
2024-11-07 10:00:00+02:00,74800.0,74949.0
2024-11-07 12:00:00+02:00,74949.0,74776.9
2024-11-07 14:00:00+02:00,74776.9,74696.2
2024-11-07 16:00:00+02:00,74696.3,76081.6
2024-11-07 18:00:00+02:00,76081.5,76275.1
2024-11-07 20:00:00+02:00,76276.2,76533.3
2024-11-07 22:00:00+02:00,76533.2,75863.7
2024-11-08 00:00:00+02:00,75863.7,75859.4
2024-11-08 02:00:00+02:00,75859.4,75981.3
2024-11-08 04:00:00+02:00,75981.3,75900.4
2024-11-08 06:00:00+02:00,75900.4,75986.0
2024-11-08 08:00:00+02:00,75985.9,76171.0
2024-11-08 10:00:00+02:00,76171.0,75965.7
2024-11-08 12:00:00+02:00,75965.7,75951.9
2024-11-08 14:00:00+02:00,75952.0,76280.3
2024-11-08 16:00:00+02:00,76280.3,76423.3
2024-11-08 18:00:00+02:00,76423.3,76390.0
2024-11-08 20:00:00+02:00,76390.0,76894.4
2024-11-08 22:00:00+02:00,76894.4,76463.4
2024-11-09 00:00:00+02:00,76463.4,76482.2
2024-11-09 02:00:00+02:00,76482.2,76300.0
2024-11-09 04:00:00+02:00,76300.0,76330.0
2024-11-09 06:00:00+02:00,76330.1,76540.0
2024-11-09 08:00:00+02:00,76540.0,76523.9
2024-11-09 10:00:00+02:00,76523.9,76545.2
2024-11-09 12:00:00+02:00,76545.3,76478.6
2024-11-09 14:00:00+02:00,76478.6,76406.4
2024-11-09 16:00:00+02:00,76406.3,76305.7
2024-11-09 18:00:00+02:00,76305.6,76210.7
2024-11-09 20:00:00+02:00,76210.6,76195.2
2024-11-09 22:00:00+02:00,76195.2,76431.1
2024-11-10 00:00:00+02:00,76431.0,76675.1
2024-11-10 02:00:00+02:00,76675.1,76703.5
2024-11-10 04:00:00+02:00,76703.4,77204.0
2024-11-10 06:00:00+02:00,77204.0,79190.7
2024-11-10 08:00:00+02:00,79190.7,78858.2
2024-11-10 10:00:00+02:00,78858.2,79414.7
2024-11-10 12:00:00+02:00,79414.7,79926.7
2024-11-10 14:00:00+02:00,79926.7,79779.0
2024-11-10 16:00:00+02:00,79779.0,79735.1
2024-11-10 18:00:00+02:00,79735.1,80425.4
2024-11-10 20:00:00+02:00,80425.4,79793.4
2024-11-10 22:00:00+02:00,79793.4,79931.9
2024-11-11 00:00:00+02:00,79931.9,80410.0
2024-11-11 02:00:00+02:00,80409.9,81246.0
2024-11-11 04:00:00+02:00,81246.0,81662.4
2024-11-11 06:00:00+02:00,81662.3,80778.5
2024-11-11 08:00:00+02:00,80778.6,81147.9
2024-11-11 10:00:00+02:00,81147.8,81718.1
2024-11-11 12:00:00+02:00,81718.2,82168.7
2024-11-11 14:00:00+02:00,82168.7,81850.4
2024-11-11 16:00:00+02:00,81850.3,84114.2
2024-11-11 18:00:00+02:00,84114.1,84638.7
2024-11-11 20:00:00+02:00,84638.6,86181.0
2024-11-11 22:00:00+02:00,86180.9,87989.2
2024-11-12 00:00:00+02:00,87989.2,88728.9
2024-11-12 02:00:00+02:00,88729.0,88613.8
2024-11-12 04:00:00+02:00,88613.8,88145.1
2024-11-12 06:00:00+02:00,88145.0,88466.1
2024-11-12 08:00:00+02:00,88466.1,89095.4
2024-11-12 10:00:00+02:00,89095.5,87775.1
2024-11-12 12:00:00+02:00,87775.2,87229.5
2024-11-12 14:00:00+02:00,87229.5,86418.5
2024-11-12 16:00:00+02:00,86418.6,86659.9
2024-11-12 18:00:00+02:00,86660.0,87014.3
2024-11-12 20:00:00+02:00,87014.3,88762.8
2024-11-12 22:00:00+02:00,88762.9,88292.0
2024-11-13 00:00:00+02:00,88292.1,87972.0
2024-11-13 02:00:00+02:00,87972.0,88308.5
2024-11-13 04:00:00+02:00,88308.5,87198.2
2024-11-13 06:00:00+02:00,87198.3,86603.5
2024-11-13 08:00:00+02:00,86603.5,87402.9
2024-11-13 10:00:00+02:00,87402.9,87442.1
2024-11-13 12:00:00+02:00,87442.1,87710.7
2024-11-13 14:00:00+02:00,87710.7,89219.5
2024-11-13 16:00:00+02:00,89219.5,92608.1
2024-11-13 18:00:00+02:00,92608.0,92282.8
2024-11-13 20:00:00+02:00,92282.8,90218.8
2024-11-13 22:00:00+02:00,90218.8,88587.6
2024-11-14 00:00:00+02:00,88587.7,90413.3
2024-11-14 02:00:00+02:00,90413.3,90420.1
2024-11-14 04:00:00+02:00,90420.1,89988.0
2024-11-14 06:00:00+02:00,89988.1,90006.7
2024-11-14 08:00:00+02:00,90006.8,90818.9
2024-11-14 10:00:00+02:00,90818.9,90944.5
2024-11-14 12:00:00+02:00,90944.0,91536.7
2024-11-14 14:00:00+02:00,91536.8,90797.5
2024-11-14 16:00:00+02:00,90797.5,88000.0
2024-11-14 18:00:00+02:00,87999.9,89265.9
2024-11-14 20:00:00+02:00,89265.9,89502.7
2024-11-14 22:00:00+02:00,89502.6,88262.5
2024-11-15 00:00:00+02:00,88262.4,87382.7
2024-11-15 02:00:00+02:00,87382.6,88154.3
2024-11-15 04:00:00+02:00,88154.3,88253.1
2024-11-15 06:00:00+02:00,88253.2,87773.3
2024-11-15 08:00:00+02:00,87773.4,87693.9
2024-11-15 10:00:00+02:00,87693.9,89250.0
2024-11-15 12:00:00+02:00,89250.0,89782.9
2024-11-15 14:00:00+02:00,89783.0,90205.0
2024-11-15 16:00:00+02:00,90204.9,88485.4
2024-11-15 18:00:00+02:00,88485.5,89514.0
2024-11-15 20:00:00+02:00,89514.1,90418.4
2024-11-15 22:00:00+02:00,90418.5,91727.6
2024-11-16 00:00:00+02:00,91727.6,91074.6
2024-11-16 02:00:00+02:00,91074.6,91281.0
2024-11-16 04:00:00+02:00,91281.0,91286.8
2024-11-16 06:00:00+02:00,91286.9,91392.8
2024-11-16 08:00:00+02:00,91392.8,91173.3
2024-11-16 10:00:00+02:00,91173.3,91290.0
2024-11-16 12:00:00+02:00,91290.0,91240.1
2024-11-16 14:00:00+02:00,91240.1,90812.6
2024-11-16 16:00:00+02:00,90812.5,90578.0
2024-11-16 18:00:00+02:00,90577.9,90967.2
2024-11-16 20:00:00+02:00,90967.1,91176.9
2024-11-16 22:00:00+02:00,91176.9,91061.5
2024-11-17 00:00:00+02:00,91061.5,90643.3
2024-11-17 02:00:00+02:00,90643.2,90320.0
2024-11-17 04:00:00+02:00,90320.0,90294.9
2024-11-17 06:00:00+02:00,90294.9,90511.9
2024-11-17 08:00:00+02:00,90511.9,90600.0
2024-11-17 10:00:00+02:00,90600.0,91360.0
2024-11-17 12:00:00+02:00,91360.0,90743.4
2024-11-17 14:00:00+02:00,90743.3,90556.9
2024-11-17 16:00:00+02:00,90556.8,90305.1
2024-11-17 18:00:00+02:00,90305.2,90642.8
2024-11-17 20:00:00+02:00,90642.8,90099.5
2024-11-17 22:00:00+02:00,90099.6,89191.7
2024-11-18 00:00:00+02:00,89191.7,89899.9
2024-11-18 02:00:00+02:00,89900.0,90811.4
2024-11-18 04:00:00+02:00,90811.4,90728.6
2024-11-18 06:00:00+02:00,90728.6,90687.6
2024-11-18 08:00:00+02:00,90687.7,91795.9
2024-11-18 10:00:00+02:00,91795.9,91801.8
2024-11-18 12:00:00+02:00,91801.7,90338.7
2024-11-18 14:00:00+02:00,90338.7,89553.6
2024-11-18 16:00:00+02:00,89553.7,92407.8
2024-11-18 18:00:00+02:00,92407.8,91648.3
2024-11-18 20:00:00+02:00,91648.4,90657.8
2024-11-18 22:00:00+02:00,90657.7,91351.6
2024-11-19 00:00:00+02:00,91351.5,90507.4
2024-11-19 02:00:00+02:00,90507.4,90777.9
2024-11-19 04:00:00+02:00,90777.9,91499.9
2024-11-19 06:00:00+02:00,91500.0,91946.0
2024-11-19 08:00:00+02:00,91946.0,91696.0
2024-11-19 10:00:00+02:00,91696.1,91770.8
2024-11-19 12:00:00+02:00,91770.8,91717.6
2024-11-19 14:00:00+02:00,91717.6,91175.0
2024-11-19 16:00:00+02:00,91175.0,92453.3
2024-11-19 18:00:00+02:00,92455.5,92904.0
2024-11-19 20:00:00+02:00,92904.1,93271.4
2024-11-19 22:00:00+02:00,93271.6,92239.1
2024-11-20 00:00:00+02:00,92239.0,92335.9
2024-11-20 02:00:00+02:00,92335.9,91993.6
2024-11-20 04:00:00+02:00,91993.5,92072.1
2024-11-20 06:00:00+02:00,92072.0,92549.0
2024-11-20 08:00:00+02:00,92549.0,92856.6
2024-11-20 10:00:00+02:00,92856.6,93112.7
2024-11-20 12:00:00+02:00,93112.6,93485.1
2024-11-20 14:00:00+02:00,93485.2,94420.0
2024-11-20 16:00:00+02:00,94420.0,94737.6
2024-11-20 18:00:00+02:00,94737.6,93903.6
2024-11-20 20:00:00+02:00,93903.6,93999.9
2024-11-20 22:00:00+02:00,93999.9,94354.8
2024-11-21 00:00:00+02:00,94354.8,94288.0
2024-11-21 02:00:00+02:00,94288.0,94688.3
2024-11-21 04:00:00+02:00,94688.3,95790.2
2024-11-21 06:00:00+02:00,95790.1,97343.0
2024-11-21 08:00:00+02:00,97343.1,96950.0
2024-11-21 10:00:00+02:00,96950.0,97640.8
2024-11-21 12:00:00+02:00,97640.8,98014.0
2024-11-21 14:00:00+02:00,98014.0,97545.3
2024-11-21 16:00:00+02:00,97544.1,96684.0
2024-11-21 18:00:00+02:00,96684.1,98099.3
2024-11-21 20:00:00+02:00,98099.3,97891.5
2024-11-21 22:00:00+02:00,97891.5,97998.2
2024-11-22 00:00:00+02:00,97998.2,98366.8
2024-11-22 02:00:00+02:00,98366.8,98099.9
2024-11-22 04:00:00+02:00,98100.0,98888.9
2024-11-22 06:00:00+02:00,98888.9,98820.1
2024-11-22 08:00:00+02:00,98820.1,99252.6
2024-11-22 10:00:00+02:00,99252.6,98775.4
2024-11-22 12:00:00+02:00,98775.4,98929.9
2024-11-22 14:00:00+02:00,98930.0,97814.0
2024-11-22 16:00:00+02:00,97814.0,98696.5
2024-11-22 18:00:00+02:00,98696.6,98828.2
2024-11-22 20:00:00+02:00,98828.1,99112.6
2024-11-22 22:00:00+02:00,99112.6,99289.3
2024-11-23 00:00:00+02:00,99289.3,98921.4
2024-11-23 02:00:00+02:00,98921.5,98625.1
2024-11-23 04:00:00+02:00,98625.0,98702.6
2024-11-23 06:00:00+02:00,98702.6,98790.3
2024-11-23 08:00:00+02:00,98790.4,98600.6
2024-11-23 10:00:00+02:00,98600.5,98502.0
2024-11-23 12:00:00+02:00,98501.9,98470.8
2024-11-23 14:00:00+02:00,98470.8,98587.9
2024-11-23 16:00:00+02:00,98587.9,98426.0
2024-11-23 18:00:00+02:00,98426.1,97958.9
2024-11-23 20:00:00+02:00,97958.8,97562.4
2024-11-23 22:00:00+02:00,97562.5,98011.7
2024-11-24 00:00:00+02:00,98011.8,97725.5
2024-11-24 02:00:00+02:00,97725.6,98252.2
2024-11-24 04:00:00+02:00,98252.2,98260.8
2024-11-24 06:00:00+02:00,98260.9,98322.5
2024-11-24 08:00:00+02:00,98322.4,98490.1
2024-11-24 10:00:00+02:00,98490.1,98011.1
2024-11-24 12:00:00+02:00,98011.0,97337.6
2024-11-24 14:00:00+02:00,97337.6,97280.9
2024-11-24 16:00:00+02:00,97280.8,95986.4
2024-11-24 18:00:00+02:00,95986.3,95992.8
2024-11-24 20:00:00+02:00,95992.8,96396.8
2024-11-24 22:00:00+02:00,96396.8,97037.7
2024-11-25 00:00:00+02:00,97037.7,97960.4
2024-11-25 02:00:00+02:00,97960.5,97257.2
2024-11-25 04:00:00+02:00,97257.2,97935.9
2024-11-25 06:00:00+02:00,97935.8,98131.4
2024-11-25 08:00:00+02:00,98131.4,98112.9
2024-11-25 10:00:00+02:00,98113.0,98578.2
2024-11-25 12:00:00+02:00,98578.2,98268.0
2024-11-25 14:00:00+02:00,98268.1,97542.5
2024-11-25 16:00:00+02:00,97542.5,96040.4
2024-11-25 18:00:00+02:00,96040.4,95291.5
2024-11-25 20:00:00+02:00,95291.4,94723.6
2024-11-25 22:00:00+02:00,94723.7,93840.0
2024-11-26 00:00:00+02:00,93840.0,93064.0
2024-11-26 02:00:00+02:00,93064.0,94909.4
2024-11-26 04:00:00+02:00,94909.4,94537.8
2024-11-26 06:00:00+02:00,94537.7,94713.8
2024-11-26 08:00:00+02:00,94713.8,93842.1
2024-11-26 10:00:00+02:00,93842.1,93614.4
2024-11-26 12:00:00+02:00,93614.5,92420.0
2024-11-26 14:00:00+02:00,92420.0,92248.2
2024-11-26 16:00:00+02:00,92248.3,92877.4
2024-11-26 18:00:00+02:00,92877.4,93636.6
2024-11-26 20:00:00+02:00,93636.7,91760.0
2024-11-26 22:00:00+02:00,91760.0,91762.8
2024-11-27 00:00:00+02:00,91763.8,92021.4
2024-11-27 02:00:00+02:00,92021.5,92821.0
2024-11-27 04:00:00+02:00,92821.0,92645.3
2024-11-27 06:00:00+02:00,92645.2,92830.7
2024-11-27 08:00:00+02:00,92830.7,93651.3
2024-11-27 10:00:00+02:00,93651.3,93472.2
2024-11-27 12:00:00+02:00,93472.2,93423.8
2024-11-27 14:00:00+02:00,93423.8,94328.4
2024-11-27 16:00:00+02:00,94328.4,95610.5
2024-11-27 18:00:00+02:00,95610.4,96284.2
2024-11-27 20:00:00+02:00,96284.2,96670.0
2024-11-27 22:00:00+02:00,96670.1,96322.3
2024-11-28 00:00:00+02:00,96322.4,95905.2
2024-11-28 02:00:00+02:00,95905.2,96329.9
2024-11-28 04:00:00+02:00,96329.9,95523.1
2024-11-28 06:00:00+02:00,95523.1,95513.5
2024-11-28 08:00:00+02:00,95513.5,95371.6
2024-11-28 10:00:00+02:00,95371.5,95031.4
2024-11-28 12:00:00+02:00,95031.3,95509.9
2024-11-28 14:00:00+02:00,95509.9,95773.5
2024-11-28 16:00:00+02:00,95773.4,95067.3
2024-11-28 18:00:00+02:00,95067.3,94927.3
2024-11-28 20:00:00+02:00,94927.3,95196.3
2024-11-28 22:00:00+02:00,95196.4,95193.4
2024-11-29 00:00:00+02:00,95193.3,95694.4
2024-11-29 02:00:00+02:00,95694.4,95975.2
2024-11-29 04:00:00+02:00,95975.1,96646.4
2024-11-29 06:00:00+02:00,96646.5,96219.2
2024-11-29 08:00:00+02:00,96219.3,95690.2
2024-11-29 10:00:00+02:00,95690.2,96431.5
2024-11-29 12:00:00+02:00,96431.4,97302.2
2024-11-29 14:00:00+02:00,97302.2,97280.0
2024-11-29 16:00:00+02:00,97280.0,98076.2
2024-11-29 18:00:00+02:00,98076.3,97028.1
2024-11-29 20:00:00+02:00,97028.1,97380.0
2024-11-29 22:00:00+02:00,97380.0,97440.0
2024-11-30 00:00:00+02:00,97440.0,97516.3
2024-11-30 02:00:00+02:00,97516.2,96500.1
2024-11-30 04:00:00+02:00,96500.0,96708.1
2024-11-30 06:00:00+02:00,96708.1,97154.6
2024-11-30 08:00:00+02:00,97154.5,96843.3
2024-11-30 10:00:00+02:00,96843.3,96834.2
2024-11-30 12:00:00+02:00,96834.3,96321.3
2024-11-30 14:00:00+02:00,96321.3,96463.7
2024-11-30 16:00:00+02:00,96463.6,96707.4
2024-11-30 18:00:00+02:00,96707.4,96843.7
2024-11-30 20:00:00+02:00,96843.7,97072.5
2024-11-30 22:00:00+02:00,97072.6,96845.7
2024-12-01 00:00:00+02:00,96845.6,96475.1
2024-12-01 02:00:00+02:00,96475.2,96164.9
2024-12-01 04:00:00+02:00,96164.8,96404.0
2024-12-01 06:00:00+02:00,96404.0,96384.6
2024-12-01 08:00:00+02:00,96384.6,96525.4
2024-12-01 10:00:00+02:00,96525.4,97087.0
2024-12-01 12:00:00+02:00,97087.0,97163.7
2024-12-01 14:00:00+02:00,97163.7,97134.5
2024-12-01 16:00:00+02:00,97134.5,97081.4
2024-12-01 18:00:00+02:00,97081.5,97375.0
2024-12-01 20:00:00+02:00,97374.9,97242.0
2024-12-01 22:00:00+02:00,97242.1,97848.2
2024-12-02 00:00:00+02:00,97848.2,97265.1
2024-12-02 02:00:00+02:00,97265.0,98079.4
2024-12-02 04:00:00+02:00,98079.4,96549.8
2024-12-02 06:00:00+02:00,96549.9,96444.9
2024-12-02 08:00:00+02:00,96444.8,96053.6
2024-12-02 10:00:00+02:00,96053.5,95545.4
2024-12-02 12:00:00+02:00,95545.4,95191.3
2024-12-02 14:00:00+02:00,95191.4,95739.4
2024-12-02 16:00:00+02:00,95739.5,97106.5
2024-12-02 18:00:00+02:00,97106.6,94650.8
2024-12-02 20:00:00+02:00,94650.9,95873.9
2024-12-02 22:00:00+02:00,95873.9,95470.0
2024-12-03 00:00:00+02:00,95470.0,95890.5
2024-12-03 02:00:00+02:00,95890.6,95591.5
2024-12-03 04:00:00+02:00,95591.5,96136.8
2024-12-03 06:00:00+02:00,96136.8,96215.4
2024-12-03 08:00:00+02:00,96215.3,95608.8
2024-12-03 10:00:00+02:00,95608.8,95313.7
2024-12-03 12:00:00+02:00,95313.7,95045.8
2024-12-03 14:00:00+02:00,95045.9,93775.1
2024-12-03 16:00:00+02:00,93775.0,95743.7
2024-12-03 18:00:00+02:00,95744.7,95895.9
2024-12-03 20:00:00+02:00,95896.0,95512.7
2024-12-03 22:00:00+02:00,95512.6,96069.5
2024-12-04 00:00:00+02:00,96069.5,95913.3
2024-12-04 02:00:00+02:00,95913.3,96298.9
2024-12-04 04:00:00+02:00,96298.9,95852.0
2024-12-04 06:00:00+02:00,95852.1,96557.1
2024-12-04 08:00:00+02:00,96557.2,96652.1
2024-12-04 10:00:00+02:00,96652.2,96897.0
2024-12-04 12:00:00+02:00,96897.0,96270.0
2024-12-04 14:00:00+02:00,96270.1,95731.6
2024-12-04 16:00:00+02:00,95731.7,95813.0
2024-12-04 18:00:00+02:00,95813.0,95609.7
2024-12-04 20:00:00+02:00,95609.7,97283.4
2024-12-04 22:00:00+02:00,97283.4,97782.5
2024-12-05 00:00:00+02:00,97779.4,98669.8
2024-12-05 02:00:00+02:00,98669.8,98254.1
2024-12-05 04:00:00+02:00,98254.1,103084.8
2024-12-05 06:00:00+02:00,103084.7,102591.7
2024-12-05 08:00:00+02:00,102591.7,102292.1
2024-12-05 10:00:00+02:00,102292.1,102800.0
2024-12-05 12:00:00+02:00,102800.0,102668.2
2024-12-05 14:00:00+02:00,102668.2,102885.8
2024-12-05 16:00:00+02:00,102885.8,101350.1
2024-12-05 18:00:00+02:00,101350.1,101346.7
2024-12-05 20:00:00+02:00,101346.7,99111.6
2024-12-05 22:00:00+02:00,99111.5,98968.1
2024-12-06 00:00:00+02:00,98967.9,97001.5
2024-12-06 02:00:00+02:00,97001.6,98175.1
2024-12-06 04:00:00+02:00,98175.0,97802.7
2024-12-06 06:00:00+02:00,97802.7,97916.0
2024-12-06 08:00:00+02:00,97915.9,98209.6
2024-12-06 10:00:00+02:00,98209.7,98059.3
2024-12-06 12:00:00+02:00,98059.3,98127.4
2024-12-06 14:00:00+02:00,98127.4,98649.9
2024-12-06 16:00:00+02:00,98649.9,99358.5
2024-12-06 18:00:00+02:00,99358.5,100915.2
2024-12-06 20:00:00+02:00,100915.1,101532.6
2024-12-06 22:00:00+02:00,101532.6,100463.1
2024-12-07 00:00:00+02:00,100463.1,99802.5
2024-12-07 02:00:00+02:00,99802.5,100119.0
2024-12-07 04:00:00+02:00,100118.9,99383.0
2024-12-07 06:00:00+02:00,99383.0,99204.9
2024-12-07 08:00:00+02:00,99204.9,99442.6
2024-12-07 10:00:00+02:00,99442.6,99728.0
2024-12-07 12:00:00+02:00,99727.9,99660.4
2024-12-07 14:00:00+02:00,99660.3,99409.6
2024-12-07 16:00:00+02:00,99409.6,99811.4
2024-12-07 18:00:00+02:00,99811.5,99702.7
2024-12-07 20:00:00+02:00,99702.8,100140.6
2024-12-07 22:00:00+02:00,100140.7,99930.0
2024-12-08 00:00:00+02:00,99930.0,99899.2
2024-12-08 02:00:00+02:00,99899.2,99915.0
2024-12-08 04:00:00+02:00,99915.1,99996.7
2024-12-08 06:00:00+02:00,99996.7,99595.8
2024-12-08 08:00:00+02:00,99595.9,99741.5
2024-12-08 10:00:00+02:00,99741.6,98942.0
2024-12-08 12:00:00+02:00,98941.9,99755.3
2024-12-08 14:00:00+02:00,99755.2,100480.0
2024-12-08 16:00:00+02:00,100479.9,99975.0
2024-12-08 18:00:00+02:00,99974.9,100023.4
2024-12-08 20:00:00+02:00,100023.4,100182.3
2024-12-08 22:00:00+02:00,100182.4,100105.8
2024-12-09 00:00:00+02:00,100105.1,101200.0
2024-12-09 02:00:00+02:00,101200.1,99600.3
2024-12-09 04:00:00+02:00,99600.3,99180.0
2024-12-09 06:00:00+02:00,99179.9,99500.0
2024-12-09 08:00:00+02:00,99499.9,99637.1
2024-12-09 10:00:00+02:00,99637.2,98459.3
2024-12-09 12:00:00+02:00,98459.3,98157.4
2024-12-09 14:00:00+02:00,98157.5,99063.5
2024-12-09 16:00:00+02:00,99063.5,97856.0
2024-12-09 18:00:00+02:00,97856.1,97406.2
2024-12-09 20:00:00+02:00,97406.1,97126.8
2024-12-09 22:00:00+02:00,97126.8,96952.8
2024-12-10 00:00:00+02:00,96952.8,97349.1
2024-12-10 02:00:00+02:00,97349.1,97977.3
2024-12-10 04:00:00+02:00,97977.2,96958.0
2024-12-10 06:00:00+02:00,96957.9,96983.0
2024-12-10 08:00:00+02:00,96983.0,97217.7
2024-12-10 10:00:00+02:00,97217.7,97517.2
2024-12-10 12:00:00+02:00,97517.2,97745.8
2024-12-10 14:00:00+02:00,97745.7,97750.5
2024-12-10 16:00:00+02:00,97750.5,95687.9
2024-12-10 18:00:00+02:00,95674.8,94505.4
2024-12-10 20:00:00+02:00,94505.3,95862.9
2024-12-10 22:00:00+02:00,95862.9,96870.6
2024-12-11 00:00:00+02:00,96870.6,96602.4
2024-12-11 02:00:00+02:00,96602.3,95755.5
2024-12-11 04:00:00+02:00,95755.5,97406.8
2024-12-11 06:00:00+02:00,97406.9,97507.5
2024-12-11 08:00:00+02:00,97507.6,97337.9
2024-12-11 10:00:00+02:00,97337.9,98001.7
2024-12-11 12:00:00+02:00,98001.7,98289.7
2024-12-11 14:00:00+02:00,98289.7,98724.8
2024-12-11 16:00:00+02:00,98724.9,100352.7
2024-12-11 18:00:00+02:00,100352.7,99763.2
2024-12-11 20:00:00+02:00,99763.2,101094.1
2024-12-11 22:00:00+02:00,101094.2,101491.2
2024-12-12 00:00:00+02:00,101491.2,101115.3
2024-12-12 02:00:00+02:00,101115.3,100485.9
2024-12-12 04:00:00+02:00,100485.9,101000.0
2024-12-12 06:00:00+02:00,101000.0,100588.0
2024-12-12 08:00:00+02:00,100588.1,100481.6
2024-12-12 10:00:00+02:00,100481.5,100800.0
2024-12-12 12:00:00+02:00,100800.0,100339.8
2024-12-12 14:00:00+02:00,100339.8,100894.6
2024-12-12 16:00:00+02:00,100894.5,101775.1
2024-12-12 18:00:00+02:00,101775.1,101600.1
2024-12-12 20:00:00+02:00,101600.1,99455.1
2024-12-12 22:00:00+02:00,99455.1,99727.9
2024-12-13 00:00:00+02:00,99728.0,99982.4
2024-12-13 02:00:00+02:00,99982.3,99290.0
2024-12-13 04:00:00+02:00,99290.0,99690.6
2024-12-13 06:00:00+02:00,99690.6,99858.8
2024-12-13 08:00:00+02:00,99858.8,100100.0
2024-12-13 10:00:00+02:00,100099.9,100071.2
2024-12-13 12:00:00+02:00,100071.1,100331.3
2024-12-13 14:00:00+02:00,100331.3,100274.6
2024-12-13 16:00:00+02:00,100274.7,99831.0
2024-12-13 18:00:00+02:00,99831.0,101704.1
2024-12-13 20:00:00+02:00,101704.1,101416.0
2024-12-13 22:00:00+02:00,101416.1,101242.4
2024-12-14 00:00:00+02:00,101242.3,101371.9
2024-12-14 02:00:00+02:00,101371.9,102112.9
2024-12-14 04:00:00+02:00,102112.9,102040.7
2024-12-14 06:00:00+02:00,102040.7,101699.9
2024-12-14 08:00:00+02:00,101699.9,101787.0
2024-12-14 10:00:00+02:00,101787.0,101524.1
2024-12-14 12:00:00+02:00,101524.1,101562.7
2024-12-14 14:00:00+02:00,101562.6,101138.7
2024-12-14 16:00:00+02:00,101138.7,101601.9
2024-12-14 18:00:00+02:00,101601.9,100952.0
2024-12-14 20:00:00+02:00,100951.9,101293.0
2024-12-14 22:00:00+02:00,101293.1,101050.7
2024-12-15 00:00:00+02:00,101050.8,101381.0
2024-12-15 02:00:00+02:00,101381.0,102073.4
2024-12-15 04:00:00+02:00,102073.3,101700.1
2024-12-15 06:00:00+02:00,101700.0,102117.5
2024-12-15 08:00:00+02:00,102117.4,101671.9
2024-12-15 10:00:00+02:00,101671.8,102207.2
2024-12-15 12:00:00+02:00,102207.2,102623.1
2024-12-15 14:00:00+02:00,102623.0,102751.7
2024-12-15 16:00:00+02:00,102751.7,102668.5
2024-12-15 18:00:00+02:00,102668.5,103124.3
2024-12-15 20:00:00+02:00,103124.3,103227.7
2024-12-15 22:00:00+02:00,103227.8,102831.7
2024-12-16 00:00:00+02:00,102831.7,104460.4
2024-12-16 02:00:00+02:00,104460.5,105516.8
2024-12-16 04:00:00+02:00,105516.8,104560.0
2024-12-16 06:00:00+02:00,104560.0,105003.4
2024-12-16 08:00:00+02:00,105003.4,104949.9
2024-12-16 10:00:00+02:00,104950.0,104642.2
2024-12-16 12:00:00+02:00,104642.2,103717.8
2024-12-16 14:00:00+02:00,103717.9,103859.6
2024-12-16 16:00:00+02:00,103859.6,106281.2
2024-12-16 18:00:00+02:00,106281.1,107026.9
2024-12-16 20:00:00+02:00,107026.9,106546.0
2024-12-16 22:00:00+02:00,106546.1,106011.8
2024-12-17 00:00:00+02:00,106011.8,106023.2
2024-12-17 02:00:00+02:00,106023.2,106323.1
2024-12-17 04:00:00+02:00,106323.2,106824.4
2024-12-17 06:00:00+02:00,106824.4,106784.1
2024-12-17 08:00:00+02:00,106784.0,106784.0
2024-12-17 10:00:00+02:00,106784.0,107267.4
2024-12-17 12:00:00+02:00,107267.4,106777.2
2024-12-17 14:00:00+02:00,106777.1,107260.2
2024-12-17 16:00:00+02:00,107260.2,106429.9
2024-12-17 18:00:00+02:00,106429.9,107458.5
2024-12-17 20:00:00+02:00,107458.4,106450.5
2024-12-17 22:00:00+02:00,106450.4,106369.0
2024-12-18 00:00:00+02:00,106369.0,106074.6
2024-12-18 02:00:00+02:00,106074.6,105293.4
2024-12-18 04:00:00+02:00,105291.8,104716.8
2024-12-18 06:00:00+02:00,104716.8,103530.1
2024-12-18 08:00:00+02:00,103530.1,104200.1
2024-12-18 10:00:00+02:00,104200.1,104015.2
2024-12-18 12:00:00+02:00,104015.2,104978.6
2024-12-18 14:00:00+02:00,104978.6,104554.6
2024-12-18 16:00:00+02:00,104554.5,104395.1
2024-12-18 18:00:00+02:00,104395.2,104617.3
2024-12-18 20:00:00+02:00,104616.6,102782.1
2024-12-18 22:00:00+02:00,102781.8,100982.3
2024-12-19 00:00:00+02:00,100982.2,100181.1
2024-12-19 02:00:00+02:00,100181.2,99753.6
2024-12-19 04:00:00+02:00,99753.6,101163.3
2024-12-19 06:00:00+02:00,101163.4,101270.9
2024-12-19 08:00:00+02:00,101271.0,101615.2
2024-12-19 10:00:00+02:00,101615.1,101784.9
2024-12-19 12:00:00+02:00,101784.9,102419.9
2024-12-19 14:00:00+02:00,102420.0,101924.7
2024-12-19 16:00:00+02:00,101924.6,100631.1
2024-12-19 18:00:00+02:00,100631.1,98815.9
2024-12-19 20:00:00+02:00,98810.8,97172.1
2024-12-19 22:00:00+02:00,97172.2,97393.2
2024-12-20 00:00:00+02:00,97393.2,97434.4
2024-12-20 02:00:00+02:00,97434.3,96307.4
2024-12-20 04:00:00+02:00,96307.4,97083.2
2024-12-20 06:00:00+02:00,97083.2,96715.3
2024-12-20 08:00:00+02:00,96715.3,97826.1
2024-12-20 10:00:00+02:00,97826.1,94812.0
2024-12-20 12:00:00+02:00,94812.1,92715.1
2024-12-20 14:00:00+02:00,92715.1,95188.0
2024-12-20 16:00:00+02:00,95188.0,96961.3
2024-12-20 18:00:00+02:00,96961.4,97170.1
2024-12-20 20:00:00+02:00,97170.2,97079.6
2024-12-20 22:00:00+02:00,97079.6,96602.6
2024-12-21 00:00:00+02:00,96602.7,97764.4
2024-12-21 02:00:00+02:00,97764.5,97306.1
2024-12-21 04:00:00+02:00,97306.1,97444.9
2024-12-21 06:00:00+02:00,97444.9,98644.1
2024-12-21 08:00:00+02:00,98644.0,98988.1
2024-12-21 10:00:00+02:00,98988.0,98514.7
2024-12-21 12:00:00+02:00,98514.7,98225.3
2024-12-21 14:00:00+02:00,98225.4,97300.1
2024-12-21 16:00:00+02:00,97300.0,97486.5
2024-12-21 18:00:00+02:00,97486.6,97563.4
2024-12-21 20:00:00+02:00,97563.4,97242.2
2024-12-21 22:00:00+02:00,97242.3,96864.0
2024-12-22 00:00:00+02:00,96864.0,97261.8
2024-12-22 02:00:00+02:00,97261.7,97024.9
2024-12-22 04:00:00+02:00,97024.8,96965.1
2024-12-22 06:00:00+02:00,96965.1,96135.3
2024-12-22 08:00:00+02:00,96135.3,96192.1
2024-12-22 10:00:00+02:00,96192.1,96895.1
2024-12-22 12:00:00+02:00,96895.0,97054.8
2024-12-22 14:00:00+02:00,97054.7,96943.7
2024-12-22 16:00:00+02:00,96943.6,95341.0
2024-12-22 18:00:00+02:00,95341.0,95578.2
2024-12-22 20:00:00+02:00,95578.2,94795.4
2024-12-22 22:00:00+02:00,94795.4,95161.7
2024-12-23 00:00:00+02:00,95161.7,95153.5
2024-12-23 02:00:00+02:00,95153.4,94431.0
2024-12-23 04:00:00+02:00,94431.0,95989.9
2024-12-23 06:00:00+02:00,95989.8,95572.8
2024-12-23 08:00:00+02:00,95572.8,95360.5
2024-12-23 10:00:00+02:00,95360.5,95974.8
2024-12-23 12:00:00+02:00,95974.9,95899.4
2024-12-23 14:00:00+02:00,95899.4,94881.7
2024-12-23 16:00:00+02:00,94881.7,93217.6
2024-12-23 18:00:00+02:00,93217.7,93341.2
2024-12-23 20:00:00+02:00,93341.2,92997.7
2024-12-23 22:00:00+02:00,92997.7,93936.1
2024-12-24 00:00:00+02:00,93936.1,94861.1
2024-12-24 02:00:00+02:00,94861.0,94104.4
2024-12-24 04:00:00+02:00,94104.5,94330.1
2024-12-24 06:00:00+02:00,94330.1,94569.2
2024-12-24 08:00:00+02:00,94569.3,94200.0
2024-12-24 10:00:00+02:00,94199.9,94037.0
2024-12-24 12:00:00+02:00,94037.1,94369.0
2024-12-24 14:00:00+02:00,94368.3,96069.1
2024-12-24 16:00:00+02:00,96069.1,98243.5
2024-12-24 18:00:00+02:00,98243.5,98742.7
2024-12-24 20:00:00+02:00,98742.7,97558.5
2024-12-24 22:00:00+02:00,97558.4,98355.2
2024-12-25 00:00:00+02:00,98355.2,98627.2
2024-12-25 02:00:00+02:00,98626.9,97956.0
2024-12-25 04:00:00+02:00,97956.1,98000.0
2024-12-25 06:00:00+02:00,98000.1,98239.8
2024-12-25 08:00:00+02:00,98239.9,98049.7
2024-12-25 10:00:00+02:00,98049.8,98150.0
2024-12-25 12:00:00+02:00,98150.0,97889.3
2024-12-25 14:00:00+02:00,97888.4,98422.0
2024-12-25 16:00:00+02:00,98422.0,98493.3
2024-12-25 18:00:00+02:00,98493.3,98533.4
2024-12-25 20:00:00+02:00,98533.5,98981.3
2024-12-25 22:00:00+02:00,98981.3,98473.8
2024-12-26 00:00:00+02:00,98473.9,99379.7
2024-12-26 02:00:00+02:00,99379.6,99003.7
2024-12-26 04:00:00+02:00,99003.8,98957.7
2024-12-26 06:00:00+02:00,98957.7,98322.7
2024-12-26 08:00:00+02:00,98322.7,97669.6
2024-12-26 10:00:00+02:00,97669.5,95412.5
2024-12-26 12:00:00+02:00,95412.5,95662.7
2024-12-26 14:00:00+02:00,95662.6,95654.4
2024-12-26 16:00:00+02:00,95654.4,95993.5
2024-12-26 18:00:00+02:00,95993.1,95774.3
2024-12-26 20:00:00+02:00,95774.0,96064.8
2024-12-26 22:00:00+02:00,96064.8,95787.3
2024-12-27 00:00:00+02:00,95787.2,95751.0
2024-12-27 02:00:00+02:00,95750.9,95886.6
2024-12-27 04:00:00+02:00,95886.6,96377.8
2024-12-27 06:00:00+02:00,96377.8,96210.5
2024-12-27 08:00:00+02:00,96210.6,95074.4
2024-12-27 10:00:00+02:00,95080.1,96743.6
2024-12-27 12:00:00+02:00,96743.5,96900.3
2024-12-27 14:00:00+02:00,96900.3,96385.1
2024-12-27 16:00:00+02:00,96385.1,94539.9
2024-12-27 18:00:00+02:00,94539.9,94268.5
2024-12-27 20:00:00+02:00,94268.5,94720.3
2024-12-27 22:00:00+02:00,94720.2,94490.0
2024-12-28 00:00:00+02:00,94489.9,94258.9
2024-12-28 02:00:00+02:00,94258.9,94510.6
2024-12-28 04:00:00+02:00,94510.6,94550.6
2024-12-28 06:00:00+02:00,94550.6,94586.6
2024-12-28 08:00:00+02:00,94586.6,94334.7
2024-12-28 10:00:00+02:00,94334.6,94541.8
2024-12-28 12:00:00+02:00,94541.9,94711.3
2024-12-28 14:00:00+02:00,94711.3,94622.5
2024-12-28 16:00:00+02:00,94622.5,94407.7
2024-12-28 18:00:00+02:00,94407.8,94991.7
2024-12-28 20:00:00+02:00,94991.7,94993.8
2024-12-28 22:00:00+02:00,94993.7,95127.4
2024-12-29 00:00:00+02:00,95127.5,95259.1
2024-12-29 02:00:00+02:00,95259.1,94818.8
2024-12-29 04:00:00+02:00,94818.8,95135.3
2024-12-29 06:00:00+02:00,95135.3,95088.3
2024-12-29 08:00:00+02:00,95088.4,95233.2
2024-12-29 10:00:00+02:00,95233.3,95150.1
2024-12-29 12:00:00+02:00,95150.1,94986.1
2024-12-29 14:00:00+02:00,94986.2,94890.1
2024-12-29 16:00:00+02:00,94890.0,94468.4
2024-12-29 18:00:00+02:00,94468.3,93902.2
2024-12-29 20:00:00+02:00,93902.2,93559.6
2024-12-29 22:00:00+02:00,93559.5,93303.4
2024-12-30 00:00:00+02:00,93303.4,93700.0
2024-12-30 02:00:00+02:00,93699.9,93900.0
2024-12-30 04:00:00+02:00,93899.9,93681.1
2024-12-30 06:00:00+02:00,93680.8,93540.0
2024-12-30 08:00:00+02:00,93540.0,93688.9
2024-12-30 10:00:00+02:00,93688.9,93855.4
2024-12-30 12:00:00+02:00,93855.3,93900.1
2024-12-30 14:00:00+02:00,93900.1,92658.8
2024-12-30 16:00:00+02:00,92659.0,92081.5
2024-12-30 18:00:00+02:00,92081.5,93800.0
2024-12-30 20:00:00+02:00,93800.0,94400.0
2024-12-30 22:00:00+02:00,94400.1,92035.2
2024-12-31 00:00:00+02:00,92035.1,92759.3
2024-12-31 02:00:00+02:00,92759.3,92410.2
2024-12-31 04:00:00+02:00,92410.4,92481.5
2024-12-31 06:00:00+02:00,92481.5,92559.3
2024-12-31 08:00:00+02:00,92559.4,92819.6
2024-12-31 10:00:00+02:00,92819.5,94008.5
2024-12-31 12:00:00+02:00,94008.4,94202.5
2024-12-31 14:00:00+02:00,94202.4,95567.4
2024-12-31 16:00:00+02:00,95567.4,95389.4
2024-12-31 18:00:00+02:00,95389.3,94082.8
2024-12-31 20:00:00+02:00,94082.8,94155.8
2024-12-31 22:00:00+02:00,94155.8,93881.3
2025-01-01 00:00:00+02:00,93881.3,93548.9
2025-01-01 02:00:00+02:00,93548.8,93588.0
2025-01-01 04:00:00+02:00,93587.9,93810.0
2025-01-01 06:00:00+02:00,93810.0,93760.0
2025-01-01 08:00:00+02:00,93760.0,93660.7
2025-01-01 10:00:00+02:00,93660.7,93382.1
2025-01-01 12:00:00+02:00,93382.1,93420.1
2025-01-01 14:00:00+02:00,93420.1,93995.2
2025-01-01 16:00:00+02:00,93995.3,94409.9
2025-01-01 18:00:00+02:00,94409.9,94123.7
2025-01-01 20:00:00+02:00,94123.6,94612.1
2025-01-01 22:00:00+02:00,94612.1,94962.4
2025-01-02 00:00:00+02:00,94962.4,94580.9
2025-01-02 02:00:00+02:00,94580.9,94846.7
2025-01-02 04:00:00+02:00,94846.6,95000.0
2025-01-02 06:00:00+02:00,95000.0,95579.5
2025-01-02 08:00:00+02:00,95579.6,95815.3
2025-01-02 10:00:00+02:00,95815.4,96722.0
2025-01-02 12:00:00+02:00,96721.9,96715.4
2025-01-02 14:00:00+02:00,96715.4,96426.1
2025-01-02 16:00:00+02:00,96426.0,96428.5
2025-01-02 18:00:00+02:00,96428.5,96734.4
2025-01-02 20:00:00+02:00,96734.4,97292.7
2025-01-02 22:00:00+02:00,97292.7,97180.0
2025-01-03 00:00:00+02:00,97180.0,96967.5
2025-01-03 02:00:00+02:00,96967.6,96960.5
2025-01-03 04:00:00+02:00,96960.6,97019.1
2025-01-03 06:00:00+02:00,97019.1,96727.3
2025-01-03 08:00:00+02:00,96727.3,96275.0
2025-01-03 10:00:00+02:00,96275.1,96511.8
2025-01-03 12:00:00+02:00,96511.8,96710.5
2025-01-03 14:00:00+02:00,96710.4,96464.1
2025-01-03 16:00:00+02:00,96464.0,97479.5
2025-01-03 18:00:00+02:00,97479.6,97986.8
2025-01-03 20:00:00+02:00,97986.8,98545.5
2025-01-03 22:00:00+02:00,98545.6,98222.7
2025-01-04 00:00:00+02:00,98222.6,98145.7
2025-01-04 02:00:00+02:00,98145.7,97990.4
2025-01-04 04:00:00+02:00,97990.4,98149.4
2025-01-04 06:00:00+02:00,98149.3,98087.3
2025-01-04 08:00:00+02:00,98087.3,98244.2
2025-01-04 10:00:00+02:00,98244.2,97644.3
2025-01-04 12:00:00+02:00,97644.3,97831.8
2025-01-04 14:00:00+02:00,97831.8,97924.4
2025-01-04 16:00:00+02:00,97924.3,97623.6
2025-01-04 18:00:00+02:00,97623.5,97982.5
2025-01-04 20:00:00+02:00,97982.6,98120.3
2025-01-04 22:00:00+02:00,98120.4,98335.8
2025-01-05 00:00:00+02:00,98335.8,98173.2
2025-01-05 02:00:00+02:00,98173.2,98086.6
2025-01-05 04:00:00+02:00,98086.6,98160.1
2025-01-05 06:00:00+02:00,98160.0,98307.4
2025-01-05 08:00:00+02:00,98307.3,98225.3
2025-01-05 10:00:00+02:00,98225.3,97620.0
2025-01-05 12:00:00+02:00,97619.9,97609.5
2025-01-05 14:00:00+02:00,97609.5,97654.6
2025-01-05 16:00:00+02:00,97654.5,97986.6
2025-01-05 18:00:00+02:00,97987.1,97695.1
2025-01-05 20:00:00+02:00,97695.1,98050.0
2025-01-05 22:00:00+02:00,98050.0,98475.4
2025-01-06 00:00:00+02:00,98475.4,98340.2
2025-01-06 02:00:00+02:00,98340.2,98735.7
2025-01-06 04:00:00+02:00,98735.7,99005.0
2025-01-06 06:00:00+02:00,99005.0,99560.0
2025-01-06 08:00:00+02:00,99560.0,99280.0
2025-01-06 10:00:00+02:00,99280.0,98968.3
2025-01-06 12:00:00+02:00,98968.4,99219.3
2025-01-06 14:00:00+02:00,99219.2,99452.5
2025-01-06 16:00:00+02:00,99452.4,102104.5
2025-01-06 18:00:00+02:00,102104.5,101795.3
2025-01-06 20:00:00+02:00,101795.2,101771.7
2025-01-06 22:00:00+02:00,101771.7,101566.5
2025-01-07 00:00:00+02:00,101566.6,102180.4
2025-01-07 02:00:00+02:00,102180.5,101873.9
2025-01-07 04:00:00+02:00,101873.9,101661.3
2025-01-07 06:00:00+02:00,101661.4,101698.8
2025-01-07 08:00:00+02:00,101698.8,101649.3
2025-01-07 10:00:00+02:00,101649.3,101682.6
2025-01-07 12:00:00+02:00,101682.7,100787.0
2025-01-07 14:00:00+02:00,100787.0,100590.0
2025-01-07 16:00:00+02:00,100590.1,97915.3
2025-01-07 18:00:00+02:00,97915.4,97250.9
2025-01-07 20:00:00+02:00,97250.8,96433.3
2025-01-07 22:00:00+02:00,96433.3,96475.7
2025-01-08 00:00:00+02:00,96475.7,96920.3
2025-01-08 02:00:00+02:00,96920.2,96867.0
2025-01-08 04:00:00+02:00,96867.1,96504.1
2025-01-08 06:00:00+02:00,96504.1,96454.6
2025-01-08 08:00:00+02:00,96454.7,95628.4
2025-01-08 10:00:00+02:00,95628.3,95401.0
2025-01-08 12:00:00+02:00,95400.9,95093.9
2025-01-08 14:00:00+02:00,95093.8,95343.6
2025-01-08 16:00:00+02:00,95343.5,95450.0
2025-01-08 18:00:00+02:00,95449.9,93974.8
2025-01-08 20:00:00+02:00,93974.8,94217.2
2025-01-08 22:00:00+02:00,94217.1,94422.8
2025-01-09 00:00:00+02:00,94422.8,95014.1
2025-01-09 02:00:00+02:00,95014.0,94953.4
2025-01-09 04:00:00+02:00,94953.4,93985.0
2025-01-09 06:00:00+02:00,93985.0,94428.9
2025-01-09 08:00:00+02:00,94429.0,93176.4
2025-01-09 10:00:00+02:00,93176.5,93472.0
2025-01-09 12:00:00+02:00,93472.1,93414.4
2025-01-09 14:00:00+02:00,93414.3,91926.8
2025-01-09 16:00:00+02:00,91926.8,94195.2
2025-01-09 18:00:00+02:00,94195.1,92656.5
2025-01-09 20:00:00+02:00,92656.6,91858.3
2025-01-09 22:00:00+02:00,91858.2,92065.9
2025-01-10 00:00:00+02:00,92065.7,92505.9
2025-01-10 02:00:00+02:00,92506.0,93056.1
2025-01-10 04:00:00+02:00,93056.1,93654.9
2025-01-10 06:00:00+02:00,93655.0,93924.9
2025-01-10 08:00:00+02:00,93924.9,94457.0
2025-01-10 10:00:00+02:00,94457.0,94734.9
2025-01-10 12:00:00+02:00,94735.0,95030.5
2025-01-10 14:00:00+02:00,95030.5,93522.0
2025-01-10 16:00:00+02:00,93522.1,93704.0
2025-01-10 18:00:00+02:00,93704.0,95759.2
2025-01-10 20:00:00+02:00,95759.2,95275.9
2025-01-10 22:00:00+02:00,95276.0,94582.8
2025-01-11 00:00:00+02:00,94582.9,94675.5
2025-01-11 02:00:00+02:00,94675.6,94391.5
2025-01-11 04:00:00+02:00,94391.5,94168.3
2025-01-11 06:00:00+02:00,94168.3,94317.8
2025-01-11 08:00:00+02:00,94317.7,94210.3
2025-01-11 10:00:00+02:00,94210.2,94296.1
2025-01-11 12:00:00+02:00,94296.1,94570.4
2025-01-11 14:00:00+02:00,94570.4,94339.1
2025-01-11 16:00:00+02:00,94339.2,94365.8
2025-01-11 18:00:00+02:00,94365.9,94116.4
2025-01-11 20:00:00+02:00,94116.5,94206.5
2025-01-11 22:00:00+02:00,94206.5,94891.5
2025-01-12 00:00:00+02:00,94891.5,94562.5
2025-01-12 02:00:00+02:00,94562.4,94540.1
2025-01-12 04:00:00+02:00,94540.1,94586.0
2025-01-12 06:00:00+02:00,94586.0,94517.4
2025-01-12 08:00:00+02:00,94517.5,94291.3
2025-01-12 10:00:00+02:00,94291.2,93859.1
2025-01-12 12:00:00+02:00,93859.1,94209.0
2025-01-12 14:00:00+02:00,94209.0,94621.3
2025-01-12 16:00:00+02:00,94621.3,95035.6
2025-01-12 18:00:00+02:00,95035.7,95088.0
2025-01-12 20:00:00+02:00,95088.0,94625.1
2025-01-12 22:00:00+02:00,94625.0,94300.9
2025-01-13 00:00:00+02:00,94300.8,94499.9
2025-01-13 02:00:00+02:00,94499.9,94176.7
2025-01-13 04:00:00+02:00,94176.7,94215.4
2025-01-13 06:00:00+02:00,94215.4,94129.1
2025-01-13 08:00:00+02:00,94129.1,93557.9
2025-01-13 10:00:00+02:00,93557.9,92802.7
2025-01-13 12:00:00+02:00,92802.6,90827.5
2025-01-13 14:00:00+02:00,90827.5,91090.1
2025-01-13 16:00:00+02:00,91090.1,92093.6
2025-01-13 18:00:00+02:00,92093.7,91942.4
2025-01-13 20:00:00+02:00,91942.5,92274.8
2025-01-13 22:00:00+02:00,92274.9,94160.7
2025-01-14 00:00:00+02:00,94160.7,94485.3
2025-01-14 02:00:00+02:00,94485.4,94798.5
2025-01-14 04:00:00+02:00,94798.4,94821.2
2025-01-14 06:00:00+02:00,94821.3,94886.3
2025-01-14 08:00:00+02:00,94886.3,94823.3
2025-01-14 10:00:00+02:00,94823.4,97130.0
2025-01-14 12:00:00+02:00,97129.9,96508.4
2025-01-14 14:00:00+02:00,96508.3,96295.4
2025-01-14 16:00:00+02:00,96295.3,96416.7
2025-01-14 18:00:00+02:00,96416.8,96481.3
2025-01-14 20:00:00+02:00,96481.2,96496.5
2025-01-14 22:00:00+02:00,96496.5,96448.0
2025-01-15 00:00:00+02:00,96448.0,96514.9
2025-01-15 02:00:00+02:00,96514.9,97306.2
2025-01-15 04:00:00+02:00,97306.2,97288.7
2025-01-15 06:00:00+02:00,97288.8,96989.1
2025-01-15 08:00:00+02:00,96989.2,97253.7
2025-01-15 10:00:00+02:00,97253.7,96777.1
2025-01-15 12:00:00+02:00,96777.1,96725.4
2025-01-15 14:00:00+02:00,96725.5,98916.1
2025-01-15 16:00:00+02:00,98916.1,98943.4
2025-01-15 18:00:00+02:00,98943.3,98596.4
2025-01-15 20:00:00+02:00,98596.4,99807.4
2025-01-15 22:00:00+02:00,99807.4,99628.0
2025-01-16 00:00:00+02:00,99628.0,100460.0
2025-01-16 02:00:00+02:00,100460.0,100046.1
2025-01-16 04:00:00+02:00,100046.1,99438.8
2025-01-16 06:00:00+02:00,99438.9,99345.1
2025-01-16 08:00:00+02:00,99345.1,99756.5
2025-01-16 10:00:00+02:00,99756.5,99106.1
2025-01-16 12:00:00+02:00,99106.1,99107.1
2025-01-16 14:00:00+02:00,99107.1,99030.7
2025-01-16 16:00:00+02:00,99030.7,99258.3
2025-01-16 18:00:00+02:00,99258.2,99775.3
2025-01-16 20:00:00+02:00,99775.4,100382.0
2025-01-16 22:00:00+02:00,100382.0,100101.2
2025-01-17 00:00:00+02:00,100101.1,99937.4
2025-01-17 02:00:00+02:00,99937.4,101636.2
2025-01-17 04:00:00+02:00,101636.3,101005.1
2025-01-17 06:00:00+02:00,101005.2,101299.0
2025-01-17 08:00:00+02:00,101299.1,101406.9
2025-01-17 10:00:00+02:00,101406.9,101800.6
2025-01-17 12:00:00+02:00,101800.6,102181.6
2025-01-17 14:00:00+02:00,102181.6,102419.6
2025-01-17 16:00:00+02:00,102419.6,103946.2
2025-01-17 18:00:00+02:00,103946.3,104079.4
2025-01-17 20:00:00+02:00,104079.5,105770.9
2025-01-17 22:00:00+02:00,105771.0,104568.8
2025-01-18 00:00:00+02:00,104568.8,104042.5
2025-01-18 02:00:00+02:00,104042.6,104227.8
2025-01-18 04:00:00+02:00,104227.7,103531.1
2025-01-18 06:00:00+02:00,103531.2,102778.7
2025-01-18 08:00:00+02:00,102778.6,102781.0
2025-01-18 10:00:00+02:00,102781.1,103129.5
2025-01-18 12:00:00+02:00,103129.6,103547.0
2025-01-18 14:00:00+02:00,103547.0,104327.4
2025-01-18 16:00:00+02:00,104327.3,104517.1
2025-01-18 18:00:00+02:00,104517.1,103784.0
2025-01-18 20:00:00+02:00,103784.0,104349.9
2025-01-18 22:00:00+02:00,104349.9,103857.6
2025-01-19 00:00:00+02:00,103857.6,104524.3
2025-01-19 02:00:00+02:00,104524.3,104452.5
2025-01-19 04:00:00+02:00,104452.5,104958.3
2025-01-19 06:00:00+02:00,104958.2,105095.2
2025-01-19 08:00:00+02:00,105095.3,105151.8
2025-01-19 10:00:00+02:00,105151.8,105290.8
2025-01-19 12:00:00+02:00,105290.9,104353.8
2025-01-19 14:00:00+02:00,104353.8,104955.3
2025-01-19 16:00:00+02:00,104956.2,104936.0
2025-01-19 18:00:00+02:00,104936.0,105130.0
2025-01-19 20:00:00+02:00,105130.0,106247.9
2025-01-19 22:00:00+02:00,106247.9,103687.4
2025-01-20 00:00:00+02:00,103687.4,101311.5
2025-01-20 02:00:00+02:00,101311.5,100666.2
2025-01-20 04:00:00+02:00,100666.2,101874.5
2025-01-20 06:00:00+02:00,101873.8,102330.1
2025-01-20 08:00:00+02:00,102330.2,107178.8
2025-01-20 10:00:00+02:00,107178.8,108159.2
2025-01-20 12:00:00+02:00,108159.2,108267.5
2025-01-20 14:00:00+02:00,108267.6,107999.4
2025-01-20 16:00:00+02:00,107999.4,105008.7
2025-01-20 18:00:00+02:00,105001.3,102941.4
2025-01-20 20:00:00+02:00,102943.5,103674.2
2025-01-20 22:00:00+02:00,103674.3,102586.0
2025-01-21 00:00:00+02:00,102586.0,102247.6
2025-01-21 02:00:00+02:00,102247.7,101496.9
2025-01-21 04:00:00+02:00,101496.8,102922.7
2025-01-21 06:00:00+02:00,102922.7,101369.3
2025-01-21 08:00:00+02:00,101371.1,101980.7
2025-01-21 10:00:00+02:00,101980.7,102681.8
2025-01-21 12:00:00+02:00,102681.9,103725.0
2025-01-21 14:00:00+02:00,103725.0,104428.4
2025-01-21 16:00:00+02:00,104428.3,103929.1
2025-01-21 18:00:00+02:00,103929.1,106146.5
2025-01-21 20:00:00+02:00,106146.5,106989.9
2025-01-21 22:00:00+02:00,106989.9,106737.0
2025-01-22 00:00:00+02:00,106737.0,106114.5
2025-01-22 02:00:00+02:00,106115.4,105784.0
2025-01-22 04:00:00+02:00,105784.0,105588.2
2025-01-22 06:00:00+02:00,105588.1,105674.8
2025-01-22 08:00:00+02:00,105674.8,105063.8
2025-01-22 10:00:00+02:00,105063.8,104972.1
2025-01-22 12:00:00+02:00,104972.2,105083.9
2025-01-22 14:00:00+02:00,105083.9,104051.7
2025-01-22 16:00:00+02:00,104052.9,104138.0
2025-01-22 18:00:00+02:00,104138.1,104301.2
2025-01-22 20:00:00+02:00,104301.2,104600.0
2025-01-22 22:00:00+02:00,104600.0,104034.0
2025-01-23 00:00:00+02:00,104033.8,103664.9
2025-01-23 02:00:00+02:00,103664.9,102908.5
2025-01-23 04:00:00+02:00,102908.6,102417.0
2025-01-23 06:00:00+02:00,102417.1,102508.8
2025-01-23 08:00:00+02:00,102508.8,102668.4
2025-01-23 10:00:00+02:00,102668.3,101635.9
2025-01-23 12:00:00+02:00,101635.8,101909.2
2025-01-23 14:00:00+02:00,101909.2,102472.9
2025-01-23 16:00:00+02:00,102472.9,105235.2
2025-01-23 18:00:00+02:00,105235.2,105899.5
2025-01-23 20:00:00+02:00,105899.5,103713.7
2025-01-23 22:00:00+02:00,103713.7,103025.2
2025-01-24 00:00:00+02:00,103025.1,103864.1
2025-01-24 02:00:00+02:00,103864.0,103184.8
2025-01-24 04:00:00+02:00,103184.8,103842.6
2025-01-24 06:00:00+02:00,103842.6,105180.0
2025-01-24 08:00:00+02:00,105180.0,104999.9
2025-01-24 10:00:00+02:00,104999.9,105105.9
2025-01-24 12:00:00+02:00,105106.0,105374.0
2025-01-24 14:00:00+02:00,105374.1,105073.1
2025-01-24 16:00:00+02:00,105073.1,105821.8
2025-01-24 18:00:00+02:00,105821.3,106414.2
2025-01-24 20:00:00+02:00,106414.1,105726.7
2025-01-24 22:00:00+02:00,105726.7,105074.8
2025-01-25 00:00:00+02:00,105074.7,104808.1
2025-01-25 02:00:00+02:00,104808.0,104690.1
2025-01-25 04:00:00+02:00,104690.0,105153.9
2025-01-25 06:00:00+02:00,105153.9,104315.7
2025-01-25 08:00:00+02:00,104315.7,104349.3
2025-01-25 10:00:00+02:00,104349.4,104324.0
2025-01-25 12:00:00+02:00,104323.9,104626.8
2025-01-25 14:00:00+02:00,104626.9,104658.6
2025-01-25 16:00:00+02:00,104658.7,104852.1
2025-01-25 18:00:00+02:00,104852.1,104850.1
2025-01-25 20:00:00+02:00,104850.0,105005.6
2025-01-25 22:00:00+02:00,105005.7,105061.5
2025-01-26 00:00:00+02:00,105061.6,104702.0
2025-01-26 02:00:00+02:00,104702.0,104572.4
2025-01-26 04:00:00+02:00,104572.4,105036.5
2025-01-26 06:00:00+02:00,105036.6,105056.6
2025-01-26 08:00:00+02:00,105056.5,104963.7
2025-01-26 10:00:00+02:00,104963.7,104578.8
2025-01-26 12:00:00+02:00,104578.7,104775.6
2025-01-26 14:00:00+02:00,104775.6,104912.1
2025-01-26 16:00:00+02:00,104912.1,104919.9
2025-01-26 18:00:00+02:00,104920.0,104905.1
2025-01-26 20:00:00+02:00,104905.2,105050.1
2025-01-26 22:00:00+02:00,105050.1,104500.0
2025-01-27 00:00:00+02:00,104500.0,102560.1
2025-01-27 02:00:00+02:00,102560.0,101244.1
2025-01-27 04:00:00+02:00,101244.0,101349.2
2025-01-27 06:00:00+02:00,101349.1,100320.8
2025-01-27 08:00:00+02:00,100320.7,98996.3
2025-01-27 10:00:00+02:00,98996.3,99365.9
2025-01-27 12:00:00+02:00,99365.9,98700.0
2025-01-27 14:00:00+02:00,98700.1,100440.0
2025-01-27 16:00:00+02:00,100440.0,101070.8
2025-01-27 18:00:00+02:00,101070.8,99120.0
2025-01-27 20:00:00+02:00,99120.1,99660.4
2025-01-27 22:00:00+02:00,99660.3,101306.9
2025-01-28 00:00:00+02:00,101306.8,102021.3
2025-01-28 02:00:00+02:00,102021.3,101319.6
2025-01-28 04:00:00+02:00,101319.7,102582.7
2025-01-28 06:00:00+02:00,102582.7,102969.0
2025-01-28 08:00:00+02:00,102969.1,102753.8
2025-01-28 10:00:00+02:00,102754.3,102925.2
2025-01-28 12:00:00+02:00,102925.1,102717.9
2025-01-28 14:00:00+02:00,102717.9,102549.8
2025-01-28 16:00:00+02:00,102549.7,102730.6
2025-01-28 18:00:00+02:00,102730.6,102525.2
2025-01-28 20:00:00+02:00,102525.3,102368.7
2025-01-28 22:00:00+02:00,102368.7,100298.7
2025-01-29 00:00:00+02:00,100298.7,101279.6
2025-01-29 02:00:00+02:00,101279.7,101806.1
2025-01-29 04:00:00+02:00,101806.0,101994.0
2025-01-29 06:00:00+02:00,101994.1,102218.3
2025-01-29 08:00:00+02:00,102218.3,102723.2
2025-01-29 10:00:00+02:00,102723.2,102300.0
2025-01-29 12:00:00+02:00,102300.0,102594.7
2025-01-29 14:00:00+02:00,102594.7,101788.7
2025-01-29 16:00:00+02:00,101788.7,101934.2
2025-01-29 18:00:00+02:00,101934.2,102362.8
2025-01-29 20:00:00+02:00,102363.6,103550.5
2025-01-29 22:00:00+02:00,103550.6,103681.7
2025-01-30 00:00:00+02:00,103681.7,103698.2
2025-01-30 02:00:00+02:00,103698.1,104221.9
2025-01-30 04:00:00+02:00,104221.9,105155.7
2025-01-30 06:00:00+02:00,105155.6,105343.1
2025-01-30 08:00:00+02:00,105343.1,105085.1
2025-01-30 10:00:00+02:00,105085.2,105369.2
2025-01-30 12:00:00+02:00,105369.1,105251.9
2025-01-30 14:00:00+02:00,105251.9,104835.0
2025-01-30 16:00:00+02:00,104835.0,105519.4
2025-01-30 18:00:00+02:00,105519.4,105240.1
2025-01-30 20:00:00+02:00,105240.1,105659.8
2025-01-30 22:00:00+02:00,105659.9,104996.4
2025-01-31 00:00:00+02:00,104996.4,104676.9
2025-01-31 02:00:00+02:00,104676.9,104693.3
2025-01-31 04:00:00+02:00,104693.4,104286.7
2025-01-31 06:00:00+02:00,104286.6,104274.8
2025-01-31 08:00:00+02:00,104274.7,104160.1
2025-01-31 10:00:00+02:00,104160.0,104221.9
2025-01-31 12:00:00+02:00,104221.9,104691.9
2025-01-31 14:00:00+02:00,104692.0,104631.6
2025-01-31 16:00:00+02:00,104631.6,105407.0
2025-01-31 18:00:00+02:00,105406.9,104538.9
2025-01-31 20:00:00+02:00,104538.9,102275.8
2025-01-31 22:00:00+02:00,102275.7,102099.9
2025-02-01 00:00:00+02:00,102100.0,102379.7
2025-02-01 02:00:00+02:00,102379.8,102521.2
2025-02-01 04:00:00+02:00,102521.1,102203.9
2025-02-01 06:00:00+02:00,102203.8,102445.0
2025-02-01 08:00:00+02:00,102445.0,102127.0
2025-02-01 10:00:00+02:00,102127.0,101639.0
2025-02-01 12:00:00+02:00,101639.0,101980.1
2025-02-01 14:00:00+02:00,101980.0,101833.4
2025-02-01 16:00:00+02:00,101833.8,102031.5
2025-02-01 18:00:00+02:00,102031.6,102219.0
2025-02-01 20:00:00+02:00,102219.0,101620.1
2025-02-01 22:00:00+02:00,101620.1,101149.9
2025-02-02 00:00:00+02:00,101149.9,100603.6
2025-02-02 02:00:00+02:00,100603.6,101214.6
2025-02-02 04:00:00+02:00,101214.6,99160.8
2025-02-02 06:00:00+02:00,99160.8,100211.9
2025-02-02 08:00:00+02:00,100212.0,99586.2
2025-02-02 10:00:00+02:00,99586.2,99639.9
2025-02-02 12:00:00+02:00,99640.0,98811.6
2025-02-02 14:00:00+02:00,98811.5,98750.0
2025-02-02 16:00:00+02:00,98750.1,99298.6
2025-02-02 18:00:00+02:00,99298.6,97203.3
2025-02-02 20:00:00+02:00,97204.0,98232.0
2025-02-02 22:00:00+02:00,98232.0,96998.8
2025-02-03 00:00:00+02:00,96999.0,97664.5
2025-02-03 02:00:00+02:00,97664.5,93408.4
2025-02-03 04:00:00+02:00,93408.4,94001.6
2025-02-03 06:00:00+02:00,94001.6,94171.9
2025-02-03 08:00:00+02:00,94171.9,95271.1
2025-02-03 10:00:00+02:00,95271.1,95227.2
2025-02-03 12:00:00+02:00,95227.2,95070.8
2025-02-03 14:00:00+02:00,95070.9,94615.5
2025-02-03 16:00:00+02:00,94615.5,98802.7
2025-02-03 18:00:00+02:00,98802.8,99150.1
2025-02-03 20:00:00+02:00,99150.0,101831.9
2025-02-03 22:00:00+02:00,101831.9,101741.8
2025-02-04 00:00:00+02:00,101743.3,101293.7
2025-02-04 02:00:00+02:00,101293.6,101340.4
2025-02-04 04:00:00+02:00,101340.3,100597.1
2025-02-04 06:00:00+02:00,100597.2,98818.3
2025-02-04 08:00:00+02:00,98818.3,98405.1
2025-02-04 10:00:00+02:00,98405.1,98307.7
2025-02-04 12:00:00+02:00,98307.6,98924.0
2025-02-04 14:00:00+02:00,98924.1,98967.6
2025-02-04 16:00:00+02:00,98967.5,99310.6
2025-02-04 18:00:00+02:00,99310.5,99143.8
2025-02-04 20:00:00+02:00,99143.7,98811.8
2025-02-04 22:00:00+02:00,98812.0,96456.5
2025-02-05 00:00:00+02:00,96456.5,97709.9
2025-02-05 02:00:00+02:00,97710.0,97809.0
2025-02-05 04:00:00+02:00,97809.0,97989.5
2025-02-05 06:00:00+02:00,97989.5,98107.1
2025-02-05 08:00:00+02:00,98107.1,97814.9
2025-02-05 10:00:00+02:00,97814.9,97371.3
2025-02-05 12:00:00+02:00,97371.2,98161.7
2025-02-05 14:00:00+02:00,98161.7,98527.4
2025-02-05 16:00:00+02:00,98527.4,98063.3
2025-02-05 18:00:00+02:00,98063.3,97501.5
2025-02-05 20:00:00+02:00,97501.6,97327.1
2025-02-05 22:00:00+02:00,97327.2,96884.1
2025-02-06 00:00:00+02:00,96884.1,96553.2
2025-02-06 02:00:00+02:00,96553.2,97116.1
2025-02-06 04:00:00+02:00,97116.0,97305.6
2025-02-06 06:00:00+02:00,97305.6,97775.2
2025-02-06 08:00:00+02:00,97775.2,98164.9
2025-02-06 10:00:00+02:00,98164.9,98566.4
2025-02-06 12:00:00+02:00,98566.4,98826.3
2025-02-06 14:00:00+02:00,98826.3,98563.5
2025-02-06 16:00:00+02:00,98563.5,97285.6
2025-02-06 18:00:00+02:00,97285.7,96662.7
2025-02-06 20:00:00+02:00,96662.7,95946.1
2025-02-06 22:00:00+02:00,95946.0,96780.0
2025-02-07 00:00:00+02:00,96779.9,96515.1
2025-02-07 02:00:00+02:00,96515.0,97350.9
2025-02-07 04:00:00+02:00,97350.8,97410.2
2025-02-07 06:00:00+02:00,97410.2,97305.9
2025-02-07 08:00:00+02:00,97305.9,96705.1
2025-02-07 10:00:00+02:00,96705.0,97239.8
2025-02-07 12:00:00+02:00,97239.8,97703.8
2025-02-07 14:00:00+02:00,97703.8,98787.9
2025-02-07 16:00:00+02:00,98787.4,98257.1
2025-02-07 18:00:00+02:00,98257.1,97378.0
2025-02-07 20:00:00+02:00,97378.0,96840.1
2025-02-07 22:00:00+02:00,96840.0,95966.1
2025-02-08 00:00:00+02:00,95966.2,96454.5
2025-02-08 02:00:00+02:00,96454.5,96479.2
2025-02-08 04:00:00+02:00,96479.2,96660.0
2025-02-08 06:00:00+02:00,96660.0,96165.0
2025-02-08 08:00:00+02:00,96164.9,96153.4
2025-02-08 10:00:00+02:00,96153.4,96123.2
2025-02-08 12:00:00+02:00,96123.3,96074.1
2025-02-08 14:00:00+02:00,96074.0,96200.1
2025-02-08 16:00:00+02:00,96200.0,95798.0
2025-02-08 18:00:00+02:00,95798.0,96328.6
2025-02-08 20:00:00+02:00,96328.7,96550.0
2025-02-08 22:00:00+02:00,96550.0,96499.4
2025-02-09 00:00:00+02:00,96499.5,96411.9
2025-02-09 02:00:00+02:00,96412.0,96934.6
2025-02-09 04:00:00+02:00,96934.7,97278.4
2025-02-09 06:00:00+02:00,97278.3,96990.5
2025-02-09 08:00:00+02:00,96990.5,97020.0
2025-02-09 10:00:00+02:00,97020.0,96882.7
2025-02-09 12:00:00+02:00,96882.7,96511.2
2025-02-09 14:00:00+02:00,96511.2,95835.5
2025-02-09 16:00:00+02:00,95835.5,96438.0
2025-02-09 18:00:00+02:00,96438.0,96130.1
2025-02-09 20:00:00+02:00,96130.0,96011.4
2025-02-09 22:00:00+02:00,96011.4,95120.9
2025-02-10 00:00:00+02:00,95121.0,96423.6
2025-02-10 02:00:00+02:00,96423.6,95544.0
2025-02-10 04:00:00+02:00,95544.0,96770.0
2025-02-10 06:00:00+02:00,96770.0,96979.6
2025-02-10 08:00:00+02:00,96979.5,97386.3
2025-02-10 10:00:00+02:00,97386.3,97630.1
2025-02-10 12:00:00+02:00,97630.1,97627.2
2025-02-10 14:00:00+02:00,97627.3,98175.3
2025-02-10 16:00:00+02:00,98175.3,97187.7
2025-02-10 18:00:00+02:00,97187.7,97455.1
2025-02-10 20:00:00+02:00,97455.0,97343.6
2025-02-10 22:00:00+02:00,97343.6,97340.2
2025-02-11 00:00:00+02:00,97340.2,97379.2
2025-02-11 02:00:00+02:00,97379.2,97946.0
2025-02-11 04:00:00+02:00,97946.1,97565.5
2025-02-11 06:00:00+02:00,97565.4,98378.8
2025-02-11 08:00:00+02:00,98378.9,98231.1
2025-02-11 10:00:00+02:00,98231.2,97960.4
2025-02-11 12:00:00+02:00,97960.3,98100.0
2025-02-11 14:00:00+02:00,98100.1,96730.8
2025-02-11 16:00:00+02:00,96731.8,96963.3
2025-02-11 18:00:00+02:00,96963.2,96120.0
2025-02-11 20:00:00+02:00,96120.1,94988.0
2025-02-11 22:00:00+02:00,94988.0,96344.0
2025-02-12 00:00:00+02:00,96344.0,95731.4
2025-02-12 02:00:00+02:00,95731.4,96175.1
2025-02-12 04:00:00+02:00,96175.1,95251.4
2025-02-12 06:00:00+02:00,95251.4,95850.7
2025-02-12 08:00:00+02:00,95850.6,96025.8
2025-02-12 10:00:00+02:00,96025.1,96101.7
2025-02-12 12:00:00+02:00,96101.7,96062.4
2025-02-12 14:00:00+02:00,96062.4,94918.0
2025-02-12 16:00:00+02:00,94918.0,95762.1
2025-02-12 18:00:00+02:00,95762.0,97320.0
2025-02-12 20:00:00+02:00,97321.7,97156.6
2025-02-12 22:00:00+02:00,97156.7,97610.0
2025-02-13 00:00:00+02:00,97610.0,97816.3
2025-02-13 02:00:00+02:00,97816.3,97939.9
2025-02-13 04:00:00+02:00,97939.9,97463.4
2025-02-13 06:00:00+02:00,97463.4,96628.8
2025-02-13 08:00:00+02:00,96628.8,96018.5
2025-02-13 10:00:00+02:00,96018.5,96204.9
2025-02-13 12:00:00+02:00,96205.0,95883.6
2025-02-13 14:00:00+02:00,95883.6,96028.1
2025-02-13 16:00:00+02:00,96028.1,95943.5
2025-02-13 18:00:00+02:00,95943.2,95659.0
2025-02-13 20:00:00+02:00,95659.0,95587.8
2025-02-13 22:00:00+02:00,95587.9,96429.9
2025-02-14 00:00:00+02:00,96429.9,96560.6
2025-02-14 02:00:00+02:00,96560.6,96497.4
2025-02-14 04:00:00+02:00,96497.3,97094.9
2025-02-14 06:00:00+02:00,97094.9,96635.9
2025-02-14 08:00:00+02:00,96636.0,96889.9
2025-02-14 10:00:00+02:00,96889.9,97062.0
2025-02-14 12:00:00+02:00,97062.0,96844.6
2025-02-14 14:00:00+02:00,96844.6,96740.7
2025-02-14 16:00:00+02:00,96740.6,96886.5
2025-02-14 18:00:00+02:00,96886.5,98487.8
2025-02-14 20:00:00+02:00,98487.8,97898.3
2025-02-14 22:00:00+02:00,97898.4,97405.0
2025-02-15 00:00:00+02:00,97405.0,97445.1
2025-02-15 02:00:00+02:00,97445.2,97753.3
2025-02-15 04:00:00+02:00,97753.2,97619.4
2025-02-15 06:00:00+02:00,97619.4,97559.9
2025-02-15 08:00:00+02:00,97559.9,97312.4
2025-02-15 10:00:00+02:00,97312.4,97522.0
2025-02-15 12:00:00+02:00,97522.0,97569.4
2025-02-15 14:00:00+02:00,97569.5,97667.8
2025-02-15 16:00:00+02:00,97667.2,97594.5
2025-02-15 18:00:00+02:00,97594.5,97372.3
2025-02-15 20:00:00+02:00,97372.3,97496.9
2025-02-15 22:00:00+02:00,97497.0,97636.6
2025-02-16 00:00:00+02:00,97636.7,97538.0
2025-02-16 02:00:00+02:00,97538.0,97593.2
2025-02-16 04:00:00+02:00,97593.2,97504.9
2025-02-16 06:00:00+02:00,97504.8,97556.0
2025-02-16 08:00:00+02:00,97556.0,97207.4
2025-02-16 10:00:00+02:00,97207.4,97322.3
2025-02-16 12:00:00+02:00,97322.3,97293.1
2025-02-16 14:00:00+02:00,97293.1,96806.2
2025-02-16 16:00:00+02:00,96806.2,96849.9
2025-02-16 18:00:00+02:00,96850.0,96923.2
2025-02-16 20:00:00+02:00,96923.2,97021.5
2025-02-16 22:00:00+02:00,97021.4,97133.7
2025-02-17 00:00:00+02:00,97133.7,96067.0
2025-02-17 02:00:00+02:00,96067.0,96463.7
2025-02-17 04:00:00+02:00,96463.7,96171.5
2025-02-17 06:00:00+02:00,96171.4,96198.5
2025-02-17 08:00:00+02:00,96198.5,96023.8
2025-02-17 10:00:00+02:00,96023.8,96110.5
2025-02-17 12:00:00+02:00,96110.4,96018.2
2025-02-17 14:00:00+02:00,96018.3,96365.0
2025-02-17 16:00:00+02:00,96365.0,95605.5
2025-02-17 18:00:00+02:00,95605.5,95434.0
2025-02-17 20:00:00+02:00,95434.1,95490.8
2025-02-17 22:00:00+02:00,95490.7,96375.6
2025-02-18 00:00:00+02:00,96375.6,95743.2
2025-02-18 02:00:00+02:00,95743.1,96240.0
2025-02-18 04:00:00+02:00,96240.1,96163.1
2025-02-18 06:00:00+02:00,96163.1,95576.8
2025-02-18 08:00:00+02:00,95576.9,95409.9
2025-02-18 10:00:00+02:00,95409.9,95739.4
2025-02-18 12:00:00+02:00,95739.3,95606.1
2025-02-18 14:00:00+02:00,95606.0,96194.3
2025-02-18 16:00:00+02:00,96194.4,95501.6
2025-02-18 18:00:00+02:00,95501.6,94074.6
2025-02-18 20:00:00+02:00,94074.6,94062.1
2025-02-18 22:00:00+02:00,94062.2,95029.2
2025-02-19 00:00:00+02:00,95029.2,95622.0
2025-02-19 02:00:00+02:00,95622.0,95430.9
2025-02-19 04:00:00+02:00,95431.0,95672.1
2025-02-19 06:00:00+02:00,95672.2,95247.1
2025-02-19 08:00:00+02:00,95247.2,95640.4
2025-02-19 10:00:00+02:00,95640.5,95895.0
2025-02-19 12:00:00+02:00,95895.0,96392.0
2025-02-19 14:00:00+02:00,96392.0,96247.4
2025-02-19 16:00:00+02:00,96247.5,95895.4
2025-02-19 18:00:00+02:00,95895.4,96357.3
2025-02-19 20:00:00+02:00,96357.3,96159.9
2025-02-19 22:00:00+02:00,96159.8,96268.4
2025-02-20 00:00:00+02:00,96268.4,96598.0
2025-02-20 02:00:00+02:00,96597.9,96728.5
2025-02-20 04:00:00+02:00,96728.6,97017.4
2025-02-20 06:00:00+02:00,97017.4,96870.0
2025-02-20 08:00:00+02:00,96870.0,96825.8
2025-02-20 10:00:00+02:00,96825.7,97140.0
2025-02-20 12:00:00+02:00,97139.9,97164.6
2025-02-20 14:00:00+02:00,97164.6,97505.8
2025-02-20 16:00:00+02:00,97505.7,96870.5
2025-02-20 18:00:00+02:00,96871.1,97915.4
2025-02-20 20:00:00+02:00,97915.3,98370.0
2025-02-20 22:00:00+02:00,98369.9,98039.8
2025-02-21 00:00:00+02:00,98039.8,98252.9
2025-02-21 02:00:00+02:00,98252.8,98261.9
2025-02-21 04:00:00+02:00,98261.9,98106.1
2025-02-21 06:00:00+02:00,98106.0,98290.0
2025-02-21 08:00:00+02:00,98290.1,98130.0
2025-02-21 10:00:00+02:00,98129.9,98285.2
2025-02-21 12:00:00+02:00,98285.1,98579.7
2025-02-21 14:00:00+02:00,98579.7,99281.9
2025-02-21 16:00:00+02:00,99281.7,98057.6
2025-02-21 18:00:00+02:00,98057.6,96929.5
2025-02-21 20:00:00+02:00,96929.5,95247.5
2025-02-21 22:00:00+02:00,95247.4,95366.4
2025-02-22 00:00:00+02:00,95366.4,96127.9
2025-02-22 02:00:00+02:00,96128.0,96189.0
2025-02-22 04:00:00+02:00,96189.0,96249.9
2025-02-22 06:00:00+02:00,96250.0,96468.7
2025-02-22 08:00:00+02:00,96468.8,96241.7
2025-02-22 10:00:00+02:00,96241.7,96442.6
2025-02-22 12:00:00+02:00,96442.5,96526.4
2025-02-22 14:00:00+02:00,96526.5,96513.5
2025-02-22 16:00:00+02:00,96513.6,96552.4
2025-02-22 18:00:00+02:00,96552.3,96592.5
2025-02-22 20:00:00+02:00,96592.5,96596.6
2025-02-22 22:00:00+02:00,96596.5,96620.1
2025-02-23 00:00:00+02:00,96620.1,96503.3
2025-02-23 02:00:00+02:00,96503.3,96400.0
2025-02-23 04:00:00+02:00,96400.0,96373.7
2025-02-23 06:00:00+02:00,96373.7,96161.2
2025-02-23 08:00:00+02:00,96161.1,96454.6
2025-02-23 10:00:00+02:00,96454.6,96230.0
2025-02-23 12:00:00+02:00,96230.0,96064.3
2025-02-23 14:00:00+02:00,96064.2,95942.7
2025-02-23 16:00:00+02:00,95942.7,95391.5
2025-02-23 18:00:00+02:00,95391.5,95600.1
2025-02-23 20:00:00+02:00,95600.1,95706.5
2025-02-23 22:00:00+02:00,95706.5,95710.7
2025-02-24 00:00:00+02:00,95710.8,96218.4
2025-02-24 02:00:00+02:00,96218.4,95934.2
2025-02-24 04:00:00+02:00,95934.2,95388.1
2025-02-24 06:00:00+02:00,95388.0,95681.6
2025-02-24 08:00:00+02:00,95681.6,95834.2
2025-02-24 10:00:00+02:00,95834.2,95711.6
2025-02-24 12:00:00+02:00,95711.7,95774.8
2025-02-24 14:00:00+02:00,95774.9,95546.1
2025-02-24 16:00:00+02:00,95546.0,94295.9
2025-02-24 18:00:00+02:00,94295.9,94616.0
2025-02-24 20:00:00+02:00,94616.0,93916.1
2025-02-24 22:00:00+02:00,93917.4,93957.7
2025-02-25 00:00:00+02:00,93957.7,91514.5
2025-02-25 02:00:00+02:00,91514.5,91982.0
2025-02-25 04:00:00+02:00,91982.0,92125.3
2025-02-25 06:00:00+02:00,92125.3,92035.3
2025-02-25 08:00:00+02:00,92035.4,89262.9
2025-02-25 10:00:00+02:00,89262.8,88267.6
2025-02-25 12:00:00+02:00,88267.5,89186.8
2025-02-25 14:00:00+02:00,89186.9,88788.1
2025-02-25 16:00:00+02:00,88788.1,87206.9
2025-02-25 18:00:00+02:00,87206.8,87219.7
2025-02-25 20:00:00+02:00,87219.7,87914.3
2025-02-25 22:00:00+02:00,87914.2,88775.7
2025-02-26 00:00:00+02:00,88775.1,88639.1
2025-02-26 02:00:00+02:00,88639.1,88653.4
2025-02-26 04:00:00+02:00,88653.2,88851.8
2025-02-26 06:00:00+02:00,88851.8,88387.8
2025-02-26 08:00:00+02:00,88387.9,88682.3
2025-02-26 10:00:00+02:00,88682.3,89079.0
2025-02-26 12:00:00+02:00,89079.0,88570.0
2025-02-26 14:00:00+02:00,88570.1,87150.0
2025-02-26 16:00:00+02:00,87150.0,87536.4
2025-02-26 18:00:00+02:00,87536.5,86010.0
2025-02-26 20:00:00+02:00,86010.0,83832.0
2025-02-26 22:00:00+02:00,83832.0,84585.6
2025-02-27 00:00:00+02:00,84585.6,84208.5
2025-02-27 02:00:00+02:00,84208.6,84714.0
2025-02-27 04:00:00+02:00,84714.0,85174.0
2025-02-27 06:00:00+02:00,85174.0,85832.5
2025-02-27 08:00:00+02:00,85832.6,86227.9
2025-02-27 10:00:00+02:00,86228.0,86136.7
2025-02-27 12:00:00+02:00,86136.8,86655.3
2025-02-27 14:00:00+02:00,86655.4,86078.8
2025-02-27 16:00:00+02:00,86078.9,85473.0
2025-02-27 18:00:00+02:00,85472.9,84568.3
2025-02-27 20:00:00+02:00,84568.3,84084.0
2025-02-27 22:00:00+02:00,84084.0,84379.9
2025-02-28 00:00:00+02:00,84379.9,84668.1
2025-02-28 02:00:00+02:00,84668.2,81606.8
2025-02-28 04:00:00+02:00,81606.0,80429.2
2025-02-28 06:00:00+02:00,80429.2,79938.4
2025-02-28 08:00:00+02:00,79938.3,79159.9
2025-02-28 10:00:00+02:00,79159.9,80299.9
2025-02-28 12:00:00+02:00,80299.9,80474.3
2025-02-28 14:00:00+02:00,80474.4,81462.3
2025-02-28 16:00:00+02:00,81462.2,83948.1
2025-02-28 18:00:00+02:00,83948.1,83571.3
2025-02-28 20:00:00+02:00,83571.4,84393.3
2025-02-28 22:00:00+02:00,84393.3,84200.1
2025-03-01 00:00:00+02:00,84200.1,84299.6
2025-03-01 02:00:00+02:00,84299.6,84615.1
2025-03-01 04:00:00+02:00,84615.1,85279.3
2025-03-01 06:00:00+02:00,85279.1,85545.1
2025-03-01 08:00:00+02:00,85546.6,84707.3
2025-03-01 10:00:00+02:00,84707.2,85334.9
2025-03-01 12:00:00+02:00,85334.9,84593.6
2025-03-01 14:00:00+02:00,84593.6,84484.9
2025-03-01 16:00:00+02:00,84484.9,84755.1
2025-03-01 18:00:00+02:00,84755.0,85165.8
2025-03-01 20:00:00+02:00,85165.9,85431.2
2025-03-01 22:00:00+02:00,85431.1,86028.8
2025-03-02 00:00:00+02:00,86028.9,86007.7
2025-03-02 02:00:00+02:00,86007.7,86299.9
2025-03-02 04:00:00+02:00,86299.9,85811.9
2025-03-02 06:00:00+02:00,85812.0,85910.1
2025-03-02 08:00:00+02:00,85910.1,86191.4
2025-03-02 10:00:00+02:00,86191.4,85844.9
2025-03-02 12:00:00+02:00,85845.0,86047.0
2025-03-02 14:00:00+02:00,86047.1,85677.5
2025-03-02 16:00:00+02:00,85677.4,87390.1
2025-03-02 18:00:00+02:00,87390.1,94039.9
2025-03-02 20:00:00+02:00,94039.8,93467.3
2025-03-02 22:00:00+02:00,93467.2,94245.1
2025-03-03 00:00:00+02:00,94245.0,94222.8
2025-03-03 02:00:00+02:00,94222.0,93037.1
2025-03-03 04:00:00+02:00,93037.0,92660.0
2025-03-03 06:00:00+02:00,92660.0,93290.8
2025-03-03 08:00:00+02:00,93290.9,92318.0
2025-03-03 10:00:00+02:00,92318.0,91808.1
2025-03-03 12:00:00+02:00,91808.0,92700.0
2025-03-03 14:00:00+02:00,92700.0,93530.1
2025-03-03 16:00:00+02:00,93530.0,90009.5
2025-03-03 18:00:00+02:00,90009.5,90257.5
2025-03-03 20:00:00+02:00,90258.0,85552.0
2025-03-03 22:00:00+02:00,85552.0,85324.8
2025-03-04 00:00:00+02:00,85324.7,86192.7
2025-03-04 02:00:00+02:00,86193.3,83353.9
2025-03-04 04:00:00+02:00,83354.2,83929.0
2025-03-04 06:00:00+02:00,83928.9,84231.0
2025-03-04 08:00:00+02:00,84231.1,83159.4
2025-03-04 10:00:00+02:00,83159.4,83702.3
2025-03-04 12:00:00+02:00,83702.3,83890.1
2025-03-04 14:00:00+02:00,83890.1,82782.4
2025-03-04 16:00:00+02:00,82782.5,82945.0
2025-03-04 18:00:00+02:00,82945.0,85389.3
2025-03-04 20:00:00+02:00,85389.4,88165.3
2025-03-04 22:00:00+02:00,88165.3,87494.9
2025-03-05 00:00:00+02:00,87494.9,87245.9
2025-03-05 02:00:00+02:00,87245.9,87581.9
2025-03-05 04:00:00+02:00,87581.9,86813.6
2025-03-05 06:00:00+02:00,86813.7,87103.0
2025-03-05 08:00:00+02:00,87103.1,87573.9
2025-03-05 10:00:00+02:00,87573.9,88423.4
2025-03-05 12:00:00+02:00,88423.4,89777.6
2025-03-05 14:00:00+02:00,89777.6,89422.5
2025-03-05 16:00:00+02:00,89422.5,88312.6
2025-03-05 18:00:00+02:00,88312.5,89650.2
2025-03-05 20:00:00+02:00,89650.2,89711.2
2025-03-05 22:00:00+02:00,89711.2,90317.0
2025-03-06 00:00:00+02:00,90317.1,90566.1
2025-03-06 02:00:00+02:00,90566.1,91003.6
2025-03-06 04:00:00+02:00,91003.6,91563.2
2025-03-06 06:00:00+02:00,91563.2,92708.0
2025-03-06 08:00:00+02:00,92708.0,91311.3
2025-03-06 10:00:00+02:00,91311.4,90716.0
2025-03-06 12:00:00+02:00,90716.1,91319.2
2025-03-06 14:00:00+02:00,91319.2,89539.0
2025-03-06 16:00:00+02:00,89539.0,90777.9
2025-03-06 18:00:00+02:00,90777.9,88585.0
2025-03-06 20:00:00+02:00,88584.9,88488.5
2025-03-06 22:00:00+02:00,88488.5,89824.9
2025-03-07 00:00:00+02:00,89872.6,89887.8
2025-03-07 02:00:00+02:00,89887.9,88210.0
2025-03-07 04:00:00+02:00,88209.9,86958.5
2025-03-07 06:00:00+02:00,86958.4,88173.0
2025-03-07 08:00:00+02:00,88173.1,88308.8
2025-03-07 10:00:00+02:00,88308.8,88888.7
2025-03-07 12:00:00+02:00,88888.7,88928.8
2025-03-07 14:00:00+02:00,88928.9,89104.8
2025-03-07 16:00:00+02:00,89104.8,88424.9
2025-03-07 18:00:00+02:00,88425.0,87652.5
2025-03-07 20:00:00+02:00,87652.5,87787.2
2025-03-07 22:00:00+02:00,87787.3,86261.7
2025-03-08 00:00:00+02:00,86260.0,86753.8
2025-03-08 02:00:00+02:00,86753.8,86066.8
2025-03-08 04:00:00+02:00,86066.8,85880.0
2025-03-08 06:00:00+02:00,85880.0,86240.0
2025-03-08 08:00:00+02:00,86240.0,86159.2
2025-03-08 10:00:00+02:00,86159.2,85907.5
2025-03-08 12:00:00+02:00,85907.5,85923.9
2025-03-08 14:00:00+02:00,85923.9,86276.3
2025-03-08 16:00:00+02:00,86276.2,86360.0
2025-03-08 18:00:00+02:00,86360.0,85900.0
2025-03-08 20:00:00+02:00,85900.0,86190.5
2025-03-08 22:00:00+02:00,86190.5,86182.0
2025-03-09 00:00:00+02:00,86182.0,86184.7
2025-03-09 02:00:00+02:00,86184.7,86146.3
2025-03-09 04:00:00+02:00,86146.3,86077.1
2025-03-09 06:00:00+02:00,86077.1,85988.1
2025-03-09 08:00:00+02:00,85988.0,85968.9
2025-03-09 10:00:00+02:00,85968.8,85533.0
2025-03-09 12:00:00+02:00,85532.9,84990.1
2025-03-09 14:00:00+02:00,84990.0,83425.9
2025-03-09 16:00:00+02:00,83427.8,83030.5
2025-03-09 18:00:00+02:00,83030.4,82324.3
2025-03-09 20:00:00+02:00,82324.4,82604.9
2025-03-09 22:00:00+02:00,82605.0,81820.5
2025-03-10 00:00:00+02:00,81820.6,80688.8
2025-03-10 02:00:00+02:00,80690.7,81715.3
2025-03-10 04:00:00+02:00,81715.3,82000.1
2025-03-10 06:00:00+02:00,82000.1,82277.5
2025-03-10 08:00:00+02:00,82277.6,82277.6
2025-03-10 10:00:00+02:00,82277.7,82461.8
2025-03-10 12:00:00+02:00,82461.8,83540.2
2025-03-10 14:00:00+02:00,83540.3,81505.0
2025-03-10 16:00:00+02:00,81505.0,80009.7
2025-03-10 18:00:00+02:00,80009.7,78420.5
2025-03-10 20:00:00+02:00,78420.5,79037.1
2025-03-10 22:00:00+02:00,79035.3,79528.0
2025-03-11 00:00:00+02:00,79528.0,78567.8
2025-03-11 02:00:00+02:00,78567.8,79084.2
2025-03-11 04:00:00+02:00,79084.1,79486.6
2025-03-11 06:00:00+02:00,79486.7,80219.9
2025-03-11 08:00:00+02:00,80220.0,80386.0
2025-03-11 10:00:00+02:00,80386.0,81419.9
2025-03-11 12:00:00+02:00,81419.9,81684.6
2025-03-11 14:00:00+02:00,81684.5,80864.1
2025-03-11 16:00:00+02:00,80864.1,81190.7
2025-03-11 18:00:00+02:00,81190.7,81272.7
2025-03-11 20:00:00+02:00,81272.6,83060.1
2025-03-11 22:00:00+02:00,83060.1,83063.7
2025-03-12 00:00:00+02:00,83063.6,82896.0
2025-03-12 02:00:00+02:00,82896.0,83264.4
2025-03-12 04:00:00+02:00,83264.5,82098.2
2025-03-12 06:00:00+02:00,82098.2,81950.0
2025-03-12 08:00:00+02:00,81950.1,82402.9
2025-03-12 10:00:00+02:00,82402.8,82624.6
2025-03-12 12:00:00+02:00,82624.6,82972.0
2025-03-12 14:00:00+02:00,82971.9,82649.9
2025-03-12 16:00:00+02:00,82649.9,81688.1
2025-03-12 18:00:00+02:00,81688.0,81811.8
2025-03-12 20:00:00+02:00,81811.7,82877.3
2025-03-12 22:00:00+02:00,82877.3,83049.1
2025-03-13 00:00:00+02:00,83049.1,83640.7
2025-03-13 02:00:00+02:00,83640.7,83880.8
2025-03-13 04:00:00+02:00,83880.7,83537.1
2025-03-13 06:00:00+02:00,83537.2,83121.5
2025-03-13 08:00:00+02:00,83121.4,83118.5
2025-03-13 10:00:00+02:00,83118.6,83399.4
2025-03-13 12:00:00+02:00,83399.4,82939.5
2025-03-13 14:00:00+02:00,82939.3,81730.6
2025-03-13 16:00:00+02:00,81730.5,81016.0
2025-03-13 18:00:00+02:00,81016.0,80034.6
2025-03-13 20:00:00+02:00,80034.6,80177.9
2025-03-13 22:00:00+02:00,80177.5,80775.6
2025-03-14 00:00:00+02:00,80775.5,81085.4
2025-03-14 02:00:00+02:00,81085.5,81558.5
2025-03-14 04:00:00+02:00,81558.4,81861.5
2025-03-14 06:00:00+02:00,81861.5,82112.7
2025-03-14 08:00:00+02:00,82112.8,82124.5
2025-03-14 10:00:00+02:00,82124.6,82735.1
2025-03-14 12:00:00+02:00,82735.2,83202.8
2025-03-14 14:00:00+02:00,83202.9,83558.4
2025-03-14 16:00:00+02:00,83558.5,84692.2
2025-03-14 18:00:00+02:00,84692.1,84320.0
2025-03-14 20:00:00+02:00,84319.9,84508.1
2025-03-14 22:00:00+02:00,84504.8,84159.9
2025-03-15 00:00:00+02:00,84159.9,83939.8
2025-03-15 02:00:00+02:00,83939.9,84304.5
2025-03-15 04:00:00+02:00,84304.5,84439.9
2025-03-15 06:00:00+02:00,84440.0,84218.3
2025-03-15 08:00:00+02:00,84218.2,83797.0
2025-03-15 10:00:00+02:00,83797.1,83927.4
2025-03-15 12:00:00+02:00,83927.3,84054.8
2025-03-15 14:00:00+02:00,84054.7,84406.4
2025-03-15 16:00:00+02:00,84406.3,84295.8
2025-03-15 18:00:00+02:00,84295.7,84375.1
2025-03-15 20:00:00+02:00,84375.1,84261.2
2025-03-15 22:00:00+02:00,84261.2,84342.0
2025-03-16 00:00:00+02:00,84342.0,84302.9
2025-03-16 02:00:00+02:00,84303.0,83828.5
2025-03-16 04:00:00+02:00,83828.5,84295.9
2025-03-16 06:00:00+02:00,84296.0,84350.3
2025-03-16 08:00:00+02:00,84350.2,84242.0
2025-03-16 10:00:00+02:00,84242.1,83857.0
2025-03-16 12:00:00+02:00,83857.1,82367.9
2025-03-16 14:00:00+02:00,82367.9,82561.1
2025-03-16 16:00:00+02:00,82561.0,83280.0
2025-03-16 18:00:00+02:00,83280.0,83869.7
2025-03-16 20:00:00+02:00,83869.8,83064.3
2025-03-16 22:00:00+02:00,83064.3,82728.9
2025-03-17 00:00:00+02:00,82728.8,82541.6
2025-03-17 02:00:00+02:00,82541.6,83199.7
2025-03-17 04:00:00+02:00,83199.7,83641.0
2025-03-17 06:00:00+02:00,83641.1,83088.9
2025-03-17 08:00:00+02:00,83088.8,83525.2
2025-03-17 10:00:00+02:00,83525.3,83620.0
2025-03-17 12:00:00+02:00,83620.0,83475.0
2025-03-17 14:00:00+02:00,83475.0,82971.4
2025-03-17 16:00:00+02:00,82971.4,83499.0
2025-03-17 18:00:00+02:00,83499.1,84164.5
2025-03-17 20:00:00+02:00,84164.4,84436.2
2025-03-17 22:00:00+02:00,84436.2,84033.3
2025-03-18 00:00:00+02:00,84033.2,83962.9
2025-03-18 02:00:00+02:00,83963.0,83127.2
2025-03-18 04:00:00+02:00,83127.2,83107.6
2025-03-18 06:00:00+02:00,83107.6,82983.8
2025-03-18 08:00:00+02:00,82983.8,83124.8
2025-03-18 10:00:00+02:00,83124.7,82813.0
2025-03-18 12:00:00+02:00,82813.0,82550.0
2025-03-18 14:00:00+02:00,82550.1,81330.4
2025-03-18 16:00:00+02:00,81330.3,81567.8
2025-03-18 18:00:00+02:00,81567.5,81428.9
2025-03-18 20:00:00+02:00,81428.9,82273.4
2025-03-18 22:00:00+02:00,82273.5,82011.1
2025-03-19 00:00:00+02:00,82011.0,82666.1
2025-03-19 02:00:00+02:00,82666.2,82562.3
2025-03-19 04:00:00+02:00,82562.4,83008.4
2025-03-19 06:00:00+02:00,83008.4,83202.8
2025-03-19 08:00:00+02:00,83202.9,83152.5
2025-03-19 10:00:00+02:00,83152.5,83491.6
2025-03-19 12:00:00+02:00,83491.5,83848.4
2025-03-19 14:00:00+02:00,83848.5,84050.1
2025-03-19 16:00:00+02:00,84050.0,84693.3
2025-03-19 18:00:00+02:00,84693.3,84188.0
2025-03-19 20:00:00+02:00,84188.0,85382.5
2025-03-19 22:00:00+02:00,85382.6,85592.8
2025-03-20 00:00:00+02:00,85592.8,86809.8
2025-03-20 02:00:00+02:00,86809.8,85840.4
2025-03-20 04:00:00+02:00,85840.4,85849.5
2025-03-20 06:00:00+02:00,85849.6,85785.0
2025-03-20 08:00:00+02:00,85784.9,85764.7
2025-03-20 10:00:00+02:00,85764.7,85832.6
2025-03-20 12:00:00+02:00,85832.5,85462.2
2025-03-20 14:00:00+02:00,85462.9,85470.1
2025-03-20 16:00:00+02:00,85470.1,84642.1
2025-03-20 18:00:00+02:00,84642.0,84058.3
2025-03-20 20:00:00+02:00,84058.2,84129.3
2025-03-20 22:00:00+02:00,84129.3,84326.0
2025-03-21 00:00:00+02:00,84326.0,84183.6
2025-03-21 02:00:00+02:00,84183.6,84733.5
2025-03-21 04:00:00+02:00,84733.5,84409.9
2025-03-21 06:00:00+02:00,84410.0,84436.7
2025-03-21 08:00:00+02:00,84436.8,83889.6
2025-03-21 10:00:00+02:00,83889.5,84095.3
2025-03-21 12:00:00+02:00,84095.3,84006.0
2025-03-21 14:00:00+02:00,84005.9,83893.9
2025-03-21 16:00:00+02:00,83893.9,83525.9
2025-03-21 18:00:00+02:00,83525.9,83976.8
2025-03-21 20:00:00+02:00,83976.8,83925.0
2025-03-21 22:00:00+02:00,83925.0,84356.3
2025-03-22 00:00:00+02:00,84356.2,84050.3
2025-03-22 02:00:00+02:00,84050.3,84024.2
2025-03-22 04:00:00+02:00,84024.2,84214.1
2025-03-22 06:00:00+02:00,84214.1,84281.0
2025-03-22 08:00:00+02:00,84281.3,84235.4
2025-03-22 10:00:00+02:00,84235.4,84315.7
2025-03-22 12:00:00+02:00,84315.8,84190.8
2025-03-22 14:00:00+02:00,84190.8,84140.0
2025-03-22 16:00:00+02:00,84140.1,84073.5
2025-03-22 18:00:00+02:00,84073.4,84201.8
2025-03-22 20:00:00+02:00,84201.8,84134.6
2025-03-22 22:00:00+02:00,84134.5,83977.7
2025-03-23 00:00:00+02:00,83977.6,83804.9
2025-03-23 02:00:00+02:00,83804.9,84023.2
2025-03-23 04:00:00+02:00,84023.3,84195.1
2025-03-23 06:00:00+02:00,84195.1,84182.8
2025-03-23 08:00:00+02:00,84182.8,84229.9
2025-03-23 10:00:00+02:00,84229.9,84275.6
2025-03-23 12:00:00+02:00,84275.7,84651.5
2025-03-23 14:00:00+02:00,84651.4,85036.7
2025-03-23 16:00:00+02:00,85036.7,85148.0
2025-03-23 18:00:00+02:00,85148.0,84973.2
2025-03-23 20:00:00+02:00,84973.2,84966.7
2025-03-23 22:00:00+02:00,84966.7,85144.1
2025-03-24 00:00:00+02:00,85144.1,86044.2
2025-03-24 02:00:00+02:00,86044.1,85525.0
2025-03-24 04:00:00+02:00,85524.9,86502.6
2025-03-24 06:00:00+02:00,86502.6,86860.3
2025-03-24 08:00:00+02:00,86860.4,86827.6
2025-03-24 10:00:00+02:00,86827.5,87111.4
2025-03-24 12:00:00+02:00,87111.3,87643.5
2025-03-24 14:00:00+02:00,87643.6,87652.3
2025-03-24 16:00:00+02:00,87652.4,88283.6
2025-03-24 18:00:00+02:00,88283.7,88413.2
2025-03-24 20:00:00+02:00,88413.3,88162.3
2025-03-24 22:00:00+02:00,88162.3,88069.7
2025-03-25 00:00:00+02:00,88069.7,87463.4
2025-03-25 02:00:00+02:00,87463.4,87043.5
2025-03-25 04:00:00+02:00,87043.5,86477.4
2025-03-25 06:00:00+02:00,86477.3,86610.7
2025-03-25 08:00:00+02:00,86610.8,86404.4
2025-03-25 10:00:00+02:00,86404.5,87172.5
2025-03-25 12:00:00+02:00,87172.5,87323.3
2025-03-25 14:00:00+02:00,87323.4,87547.0
2025-03-25 16:00:00+02:00,87547.1,87723.0
2025-03-25 18:00:00+02:00,87723.0,87885.1
2025-03-25 20:00:00+02:00,87885.0,88051.4
2025-03-25 22:00:00+02:00,88054.0,87703.6
2025-03-26 00:00:00+02:00,87703.6,87369.8
2025-03-26 02:00:00+02:00,87369.9,87794.0
2025-03-26 04:00:00+02:00,87794.1,87120.6
2025-03-26 06:00:00+02:00,87120.6,87480.0
2025-03-26 08:00:00+02:00,87480.0,88106.7
2025-03-26 10:00:00+02:00,88106.7,87900.7
2025-03-26 12:00:00+02:00,87900.7,87914.9
2025-03-26 14:00:00+02:00,87914.9,86792.1
2025-03-26 16:00:00+02:00,86792.0,86696.9
2025-03-26 18:00:00+02:00,86696.8,86535.7
2025-03-26 20:00:00+02:00,86535.7,86525.3
2025-03-26 22:00:00+02:00,86525.2,87061.0
2025-03-27 00:00:00+02:00,87061.0,86873.8
2025-03-27 02:00:00+02:00,86873.9,87334.8
2025-03-27 04:00:00+02:00,87334.7,87631.1
2025-03-27 06:00:00+02:00,87631.2,87277.7
2025-03-27 08:00:00+02:00,87277.7,87363.2
2025-03-27 10:00:00+02:00,87363.1,87369.3
2025-03-27 12:00:00+02:00,87369.4,86900.7
2025-03-27 14:00:00+02:00,86900.7,86338.4
2025-03-27 16:00:00+02:00,86338.5,86931.2
2025-03-27 18:00:00+02:00,86931.2,86855.4
2025-03-27 20:00:00+02:00,86855.4,87025.8
2025-03-27 22:00:00+02:00,87025.9,87522.2
2025-03-28 00:00:00+02:00,87522.2,87191.2
2025-03-28 03:00:00+03:00,87191.2,87196.0
2025-03-28 05:00:00+03:00,87196.0,86746.8
2025-03-28 07:00:00+03:00,86746.8,86007.3
2025-03-28 09:00:00+03:00,86007.3,85175.1
2025-03-28 11:00:00+03:00,85175.1,85118.9
2025-03-28 13:00:00+03:00,85118.9,85214.0
2025-03-28 15:00:00+03:00,85214.0,84959.9
2025-03-28 17:00:00+03:00,84960.0,84011.1
2025-03-28 19:00:00+03:00,84011.0,83972.8
2025-03-28 21:00:00+03:00,83972.8,83760.7
2025-03-28 23:00:00+03:00,83760.7,84019.5
2025-03-29 01:00:00+03:00,84019.5,84380.8
2025-03-29 03:00:00+03:00,84380.8,84240.0
2025-03-29 05:00:00+03:00,84240.1,84125.7
2025-03-29 07:00:00+03:00,84125.8,83976.5
2025-03-29 09:00:00+03:00,83976.4,83696.0
2025-03-29 11:00:00+03:00,83696.1,83509.2
2025-03-29 13:00:00+03:00,83509.2,82255.1
2025-03-29 15:00:00+03:00,82255.1,82808.7
2025-03-29 17:00:00+03:00,82808.8,82377.3
2025-03-29 19:00:00+03:00,82377.3,82293.3
2025-03-29 21:00:00+03:00,82293.4,82722.9
2025-03-29 23:00:00+03:00,82722.9,82476.9
2025-03-30 01:00:00+03:00,82476.9,82604.7
2025-03-30 03:00:00+03:00,82604.8,82891.6
2025-03-30 05:00:00+03:00,82891.6,83042.8
2025-03-30 07:00:00+03:00,83042.8,82924.8
2025-03-30 09:00:00+03:00,82924.8,83037.4
2025-03-30 11:00:00+03:00,83037.5,83451.0
2025-03-30 13:00:00+03:00,83451.0,83080.0
2025-03-30 15:00:00+03:00,83080.0,82655.3
2025-03-30 17:00:00+03:00,82655.2,82699.9
2025-03-30 19:00:00+03:00,82699.9,82381.4
2025-03-30 21:00:00+03:00,82381.3,82510.6
2025-03-30 23:00:00+03:00,82510.5,82199.3
2025-03-31 01:00:00+03:00,82199.3,82352.8
2025-03-31 03:00:00+03:00,82353.1,81925.4
2025-03-31 05:00:00+03:00,81926.1,81491.5
2025-03-31 07:00:00+03:00,81491.6,82133.7
2025-03-31 09:00:00+03:00,82133.8,81895.2
2025-03-31 11:00:00+03:00,81895.1,81419.8
2025-03-31 13:00:00+03:00,81419.9,82171.5
2025-03-31 15:00:00+03:00,82171.6,82462.1
2025-03-31 17:00:00+03:00,82462.1,83373.4
2025-03-31 19:00:00+03:00,83373.3,82627.6
2025-03-31 21:00:00+03:00,82627.6,82426.7
2025-03-31 23:00:00+03:00,82426.7,82528.8
2025-04-01 01:00:00+03:00,82528.9,82517.5
2025-04-01 03:00:00+03:00,82517.5,82670.9
2025-04-01 05:00:00+03:00,82670.9,82929.9
2025-04-01 07:00:00+03:00,82930.0,82967.1
2025-04-01 09:00:00+03:00,82967.2,83415.2
2025-04-01 11:00:00+03:00,83415.2,84314.8
2025-04-01 13:00:00+03:00,84314.8,83879.9
2025-04-01 15:00:00+03:00,83880.0,83619.5
2025-04-01 17:00:00+03:00,83623.1,85245.4
2025-04-01 19:00:00+03:00,85245.5,85068.3
2025-04-01 21:00:00+03:00,85068.4,84911.7
2025-04-01 23:00:00+03:00,84911.6,85181.2
2025-04-02 01:00:00+03:00,85181.3,85120.9
2025-04-02 03:00:00+03:00,85121.0,85101.4
2025-04-02 05:00:00+03:00,85101.3,84509.5
2025-04-02 07:00:00+03:00,84509.5,84075.1
2025-04-02 09:00:00+03:00,84075.2,84389.8
2025-04-02 11:00:00+03:00,84389.7,84982.0
2025-04-02 13:00:00+03:00,84982.0,84528.4
2025-04-02 15:00:00+03:00,84528.3,85184.0
2025-04-02 17:00:00+03:00,85183.6,86709.5
2025-04-02 19:00:00+03:00,86709.5,86567.6
2025-04-02 21:00:00+03:00,86567.5,86854.2
2025-04-02 23:00:00+03:00,86854.2,84812.7
2025-04-03 01:00:00+03:00,84812.8,82485.1
2025-04-03 03:00:00+03:00,82485.1,83712.0
2025-04-03 05:00:00+03:00,83712.1,83449.0
2025-04-03 07:00:00+03:00,83449.2,83306.9
2025-04-03 09:00:00+03:00,83307.0,83423.7
2025-04-03 11:00:00+03:00,83423.7,83440.4
2025-04-03 13:00:00+03:00,83440.4,83058.1
2025-04-03 15:00:00+03:00,83058.0,82335.1
2025-04-03 17:00:00+03:00,82335.1,82001.8
2025-04-03 19:00:00+03:00,82001.7,81796.2
2025-04-03 21:00:00+03:00,81796.1,81977.4
2025-04-03 23:00:00+03:00,81977.4,82680.0
2025-04-04 01:00:00+03:00,82679.9,83181.5
2025-04-04 03:00:00+03:00,83181.7,82665.4
2025-04-04 05:00:00+03:00,82665.5,82787.9
2025-04-04 07:00:00+03:00,82787.9,83154.1
2025-04-04 09:00:00+03:00,83154.1,83968.2
2025-04-04 11:00:00+03:00,83968.1,84532.3
2025-04-04 13:00:00+03:00,84532.3,82633.7
2025-04-04 15:00:00+03:00,82633.7,83304.2
2025-04-04 17:00:00+03:00,83304.2,82822.0
2025-04-04 19:00:00+03:00,82821.9,84433.9
2025-04-04 21:00:00+03:00,84433.9,83971.9
2025-04-04 23:00:00+03:00,83969.3,84148.8
2025-04-05 01:00:00+03:00,84148.8,83861.3
2025-04-05 03:00:00+03:00,83861.4,83949.1
2025-04-05 05:00:00+03:00,83949.1,83585.7
2025-04-05 07:00:00+03:00,83585.6,83645.6
2025-04-05 09:00:00+03:00,83645.5,83490.0
2025-04-05 11:00:00+03:00,83490.0,83804.3
2025-04-05 13:00:00+03:00,83804.2,83428.4
2025-04-05 15:00:00+03:00,83428.3,82714.1
2025-04-05 17:00:00+03:00,82714.1,82576.4
2025-04-05 19:00:00+03:00,82576.5,82832.6
2025-04-05 21:00:00+03:00,82832.6,82818.7
2025-04-05 23:00:00+03:00,82818.7,82876.4
2025-04-06 01:00:00+03:00,82876.4,83506.1
2025-04-06 03:00:00+03:00,83506.1,83396.5
2025-04-06 05:00:00+03:00,83396.6,83301.7
2025-04-06 07:00:00+03:00,83301.7,83411.2
2025-04-06 09:00:00+03:00,83411.1,82990.9
2025-04-06 11:00:00+03:00,82990.9,83039.0
2025-04-06 13:00:00+03:00,83039.0,82810.1
2025-04-06 15:00:00+03:00,82810.1,82256.2
2025-04-06 17:00:00+03:00,82256.1,82497.4
2025-04-06 19:00:00+03:00,82497.4,80765.9
2025-04-06 21:00:00+03:00,80765.9,79572.6
2025-04-06 23:00:00+03:00,79572.6,78920.6
2025-04-07 01:00:00+03:00,78920.6,78390.0
2025-04-07 03:00:00+03:00,78390.1,79093.9
2025-04-07 05:00:00+03:00,79093.9,77669.6
2025-04-07 07:00:00+03:00,77669.5,76915.9
2025-04-07 09:00:00+03:00,76915.9,75084.1
2025-04-07 11:00:00+03:00,75084.1,76244.7
2025-04-07 13:00:00+03:00,76244.8,76655.9
2025-04-07 15:00:00+03:00,76656.0,78319.9
2025-04-07 17:00:00+03:00,78319.9,78444.6
2025-04-07 19:00:00+03:00,78444.6,79031.4
2025-04-07 21:00:00+03:00,79032.4,78086.3
2025-04-07 23:00:00+03:00,78093.7,79200.0
2025-04-08 01:00:00+03:00,79199.9,79140.0
2025-04-08 03:00:00+03:00,79140.1,80564.0
2025-04-08 05:00:00+03:00,80563.9,79869.2
2025-04-08 07:00:00+03:00,79869.3,79830.1
2025-04-08 09:00:00+03:00,79830.1,79448.6
2025-04-08 11:00:00+03:00,79448.5,78873.8
2025-04-08 13:00:00+03:00,78873.9,79949.7
2025-04-08 15:00:00+03:00,79949.7,79856.0
2025-04-08 17:00:00+03:00,79856.0,78460.0
2025-04-08 19:00:00+03:00,78459.9,77314.6
2025-04-08 21:00:00+03:00,77314.7,76830.0
2025-04-08 23:00:00+03:00,76832.0,77074.7
2025-04-09 01:00:00+03:00,77074.7,76297.9
2025-04-09 03:00:00+03:00,76298.0,76038.0
2025-04-09 05:00:00+03:00,76038.0,75040.0
2025-04-09 07:00:00+03:00,75039.9,76699.9
2025-04-09 09:00:00+03:00,76700.0,77651.4
2025-04-09 11:00:00+03:00,77651.3,77429.6
2025-04-09 13:00:00+03:00,77429.6,76204.1
2025-04-09 15:00:00+03:00,76204.1,77648.8
2025-04-09 17:00:00+03:00,77648.8,77237.6
2025-04-09 19:00:00+03:00,77237.5,82161.9
2025-04-09 21:00:00+03:00,82161.9,82291.4
2025-04-09 23:00:00+03:00,82291.4,83237.0
2025-04-10 01:00:00+03:00,83237.0,82588.0
2025-04-10 03:00:00+03:00,82587.9,82207.9
2025-04-10 05:00:00+03:00,82208.0,81731.8
2025-04-10 07:00:00+03:00,81731.9,82115.5
2025-04-10 09:00:00+03:00,82115.6,81561.6
2025-04-10 11:00:00+03:00,81561.5,81995.7
2025-04-10 13:00:00+03:00,81995.8,81839.2
2025-04-10 15:00:00+03:00,81839.1,80844.8
2025-04-10 17:00:00+03:00,80844.9,78731.7
2025-04-10 19:00:00+03:00,78731.7,79286.0
2025-04-10 21:00:00+03:00,79286.0,79611.1
2025-04-10 23:00:00+03:00,79611.1,79676.8
2025-04-11 01:00:00+03:00,79676.9,79560.2
2025-04-11 03:00:00+03:00,79560.3,80405.9
2025-04-11 05:00:00+03:00,80405.8,80796.9
2025-04-11 07:00:00+03:00,80796.9,80774.3
2025-04-11 09:00:00+03:00,80774.2,81213.6
2025-04-11 11:00:00+03:00,81213.7,82388.0
2025-04-11 13:00:00+03:00,82388.0,82096.6
2025-04-11 15:00:00+03:00,82096.5,82877.5
2025-04-11 17:00:00+03:00,82877.6,82486.7
2025-04-11 19:00:00+03:00,82486.8,83888.2
2025-04-11 21:00:00+03:00,83888.2,83809.5
2025-04-11 23:00:00+03:00,83809.5,83634.2
2025-04-12 01:00:00+03:00,83634.3,83378.3
2025-04-12 03:00:00+03:00,83378.3,83181.5
2025-04-12 05:00:00+03:00,83181.6,82940.3
2025-04-12 07:00:00+03:00,82940.3,83299.3
2025-04-12 09:00:00+03:00,83299.3,83685.4
2025-04-12 11:00:00+03:00,83685.4,83506.9
2025-04-12 13:00:00+03:00,83507.0,83484.0
2025-04-12 15:00:00+03:00,83484.0,84413.1
2025-04-12 17:00:00+03:00,84413.0,84974.1
2025-04-12 19:00:00+03:00,84974.1,84730.7
2025-04-12 21:00:00+03:00,84730.7,84891.8
2025-04-12 23:00:00+03:00,84891.7,85317.1
2025-04-13 01:00:00+03:00,85317.2,85237.8
2025-04-13 03:00:00+03:00,85237.9,85214.8
2025-04-13 05:00:00+03:00,85214.8,85388.8
2025-04-13 07:00:00+03:00,85388.8,84487.4
2025-04-13 09:00:00+03:00,84487.3,84378.4
2025-04-13 11:00:00+03:00,84378.4,84874.1
2025-04-13 13:00:00+03:00,84874.1,84490.6
2025-04-13 15:00:00+03:00,84490.6,83577.0
2025-04-13 17:00:00+03:00,83576.9,83820.1
2025-04-13 19:00:00+03:00,83820.1,84711.5
2025-04-13 21:00:00+03:00,84711.3,83949.9
2025-04-13 23:00:00+03:00,83950.0,83568.4
2025-04-14 01:00:00+03:00,83568.5,83713.7
2025-04-14 03:00:00+03:00,83713.8,84200.7
2025-04-14 05:00:00+03:00,84200.7,84536.4
2025-04-14 07:00:00+03:00,84536.4,84536.3
2025-04-14 09:00:00+03:00,84536.2,84544.2
2025-04-14 11:00:00+03:00,84544.3,84404.4
2025-04-14 13:00:00+03:00,84404.3,84891.5
2025-04-14 15:00:00+03:00,84891.6,84341.4
2025-04-14 17:00:00+03:00,84341.4,84054.4
2025-04-14 19:00:00+03:00,84054.4,84823.8
2025-04-14 21:00:00+03:00,84823.8,84872.6
2025-04-14 23:00:00+03:00,84872.5,84666.3
2025-04-15 01:00:00+03:00,84666.3,84553.9
2025-04-15 03:00:00+03:00,84553.9,84947.1
2025-04-15 05:00:00+03:00,84947.1,85351.9
2025-04-15 07:00:00+03:00,85351.9,85502.5
2025-04-15 09:00:00+03:00,85502.5,85691.3
2025-04-15 11:00:00+03:00,85691.3,85954.9
2025-04-15 13:00:00+03:00,85955.0,85549.3
2025-04-15 15:00:00+03:00,85549.3,85537.2
2025-04-15 17:00:00+03:00,85537.1,84871.9
2025-04-15 19:00:00+03:00,84871.9,84430.0
2025-04-15 21:00:00+03:00,84430.1,83954.6
2025-04-15 23:00:00+03:00,83954.5,84137.1
2025-04-16 01:00:00+03:00,84137.1,83608.7
2025-04-16 03:00:00+03:00,83608.6,83590.1
2025-04-16 05:00:00+03:00,83590.1,83654.0
2025-04-16 07:00:00+03:00,83653.9,83326.3
2025-04-16 09:00:00+03:00,83326.3,83325.0
2025-04-16 11:00:00+03:00,83325.0,83550.9
2025-04-16 13:00:00+03:00,83550.9,84008.5
2025-04-16 15:00:00+03:00,84008.4,83686.0
2025-04-16 17:00:00+03:00,83685.3,84810.7
2025-04-16 19:00:00+03:00,84811.3,83237.5
2025-04-16 21:00:00+03:00,83237.5,84286.0
2025-04-16 23:00:00+03:00,84286.0,84516.9
2025-04-17 01:00:00+03:00,84517.3,83990.0
2025-04-17 03:00:00+03:00,83990.1,84299.4
2025-04-17 05:00:00+03:00,84299.4,83953.3
2025-04-17 07:00:00+03:00,83953.3,84352.3
2025-04-17 09:00:00+03:00,84352.2,84629.0
2025-04-17 11:00:00+03:00,84629.0,84434.3
2025-04-17 13:00:00+03:00,84434.4,84531.8
2025-04-17 15:00:00+03:00,84531.8,84436.7
2025-04-17 17:00:00+03:00,84436.8,84495.5
2025-04-17 19:00:00+03:00,84495.6,85067.9
2025-04-17 21:00:00+03:00,85068.0,84797.5
2025-04-17 23:00:00+03:00,84797.0,85015.8
2025-04-18 01:00:00+03:00,85015.8,84915.0
2025-04-18 03:00:00+03:00,84914.9,84890.4
2025-04-18 05:00:00+03:00,84890.3,84790.3
2025-04-18 07:00:00+03:00,84790.4,84707.5
2025-04-18 09:00:00+03:00,84707.4,84622.9
2025-04-18 11:00:00+03:00,84622.9,84514.2
2025-04-18 13:00:00+03:00,84514.3,84629.4
2025-04-18 15:00:00+03:00,84629.5,84526.2
2025-04-18 17:00:00+03:00,84526.1,84332.3
2025-04-18 19:00:00+03:00,84332.2,84530.2
2025-04-18 21:00:00+03:00,84530.2,84529.1
2025-04-18 23:00:00+03:00,84529.0,84591.4
2025-04-19 01:00:00+03:00,84591.4,84421.0
2025-04-19 03:00:00+03:00,84421.0,84501.6
2025-04-19 05:00:00+03:00,84501.7,84845.3
2025-04-19 07:00:00+03:00,84845.3,85046.5
2025-04-19 09:00:00+03:00,85046.5,85174.5
2025-04-19 11:00:00+03:00,85174.5,85292.5
2025-04-19 13:00:00+03:00,85292.6,85179.3
2025-04-19 15:00:00+03:00,85179.3,85433.6
2025-04-19 17:00:00+03:00,85433.6,85146.3
2025-04-19 19:00:00+03:00,85146.3,85189.8
2025-04-19 21:00:00+03:00,85189.8,85054.3
2025-04-19 23:00:00+03:00,85054.2,85301.1
2025-04-20 01:00:00+03:00,85301.2,85046.9
2025-04-20 03:00:00+03:00,85046.9,85267.6
2025-04-20 05:00:00+03:00,85267.7,85116.6
2025-04-20 07:00:00+03:00,85116.7,85040.8
2025-04-20 09:00:00+03:00,85040.8,84736.5
2025-04-20 11:00:00+03:00,84736.6,84500.0
2025-04-20 13:00:00+03:00,84500.0,84084.6
2025-04-20 15:00:00+03:00,84084.6,84266.2
2025-04-20 17:00:00+03:00,84266.2,84304.5
2025-04-20 19:00:00+03:00,84304.6,84540.0
2025-04-20 21:00:00+03:00,84539.9,84608.8
2025-04-20 23:00:00+03:00,84608.9,84967.9
2025-04-21 01:00:00+03:00,84968.0,85138.8
2025-04-21 03:00:00+03:00,85138.9,87248.9
2025-04-21 05:00:00+03:00,87248.9,87166.6
2025-04-21 07:00:00+03:00,87166.6,87505.0
2025-04-21 09:00:00+03:00,87504.9,87400.6
2025-04-21 11:00:00+03:00,87400.7,87473.4
2025-04-21 13:00:00+03:00,87473.3,86936.4
2025-04-21 15:00:00+03:00,86936.5,86993.4
2025-04-21 17:00:00+03:00,86992.5,87997.4
2025-04-21 19:00:00+03:00,87997.3,86812.6
2025-04-21 21:00:00+03:00,86812.6,87369.1
2025-04-21 23:00:00+03:00,87369.2,87234.9
2025-04-22 01:00:00+03:00,87235.0,87466.0
2025-04-22 03:00:00+03:00,87466.0,88350.1
2025-04-22 05:00:00+03:00,88350.1,88111.0
2025-04-22 07:00:00+03:00,88111.0,88347.6
2025-04-22 09:00:00+03:00,88347.6,88434.9
2025-04-22 11:00:00+03:00,88434.9,88531.9
2025-04-22 13:00:00+03:00,88532.0,88572.7
2025-04-22 15:00:00+03:00,88572.8,90180.6
2025-04-22 17:00:00+03:00,90180.5,90881.2
2025-04-22 19:00:00+03:00,90881.1,91343.6
2025-04-22 21:00:00+03:00,91343.5,91356.4
2025-04-22 23:00:00+03:00,91356.3,92974.3
2025-04-23 01:00:00+03:00,92974.2,93404.9
2025-04-23 03:00:00+03:00,93404.9,92603.8
2025-04-23 05:00:00+03:00,92603.7,93126.0
2025-04-23 07:00:00+03:00,93126.0,93441.6
2025-04-23 09:00:00+03:00,93441.6,94102.5
2025-04-23 11:00:00+03:00,94102.6,93850.1
2025-04-23 13:00:00+03:00,93850.0,93425.2
2025-04-23 15:00:00+03:00,93425.2,92992.0
2025-04-23 17:00:00+03:00,92992.3,93140.3
2025-04-23 19:00:00+03:00,93140.3,93843.9
2025-04-23 21:00:00+03:00,93844.0,93436.3
2025-04-23 23:00:00+03:00,93436.4,93440.5
2025-04-24 01:00:00+03:00,93440.6,93632.1
2025-04-24 03:00:00+03:00,93632.2,93447.3
2025-04-24 05:00:00+03:00,93447.3,92632.9
2025-04-24 07:00:00+03:00,92632.8,92544.7
2025-04-24 09:00:00+03:00,92544.6,92166.0
2025-04-24 11:00:00+03:00,92166.1,92427.3
2025-04-24 13:00:00+03:00,92427.3,92575.1
2025-04-24 15:00:00+03:00,92575.2,92768.4
2025-04-24 17:00:00+03:00,92768.4,93144.8
2025-04-24 19:00:00+03:00,93144.8,92956.5
2025-04-24 21:00:00+03:00,92956.4,93497.5
2025-04-24 23:00:00+03:00,93497.6,93305.1
2025-04-25 01:00:00+03:00,93305.1,93931.6
2025-04-25 03:00:00+03:00,93931.5,93609.7
2025-04-25 05:00:00+03:00,93609.7,93262.9
2025-04-25 07:00:00+03:00,93262.9,93160.0
2025-04-25 09:00:00+03:00,93160.0,93734.0
2025-04-25 11:00:00+03:00,93733.9,93780.0
2025-04-25 13:00:00+03:00,93779.9,94602.3
2025-04-25 15:00:00+03:00,94602.2,94343.6
2025-04-25 17:00:00+03:00,94343.6,94999.8
2025-04-25 19:00:00+03:00,94999.8,94465.7
2025-04-25 21:00:00+03:00,94465.7,95229.2
2025-04-25 23:00:00+03:00,95229.3,94550.0
2025-04-26 01:00:00+03:00,94550.0,94591.8
2025-04-26 03:00:00+03:00,94591.8,94962.4
2025-04-26 05:00:00+03:00,94962.3,94685.0
2025-04-26 07:00:00+03:00,94685.0,94571.0
2025-04-26 09:00:00+03:00,94570.9,94520.1
2025-04-26 11:00:00+03:00,94520.0,94228.0
2025-04-26 13:00:00+03:00,94227.9,94095.6
2025-04-26 15:00:00+03:00,94095.7,94107.4
2025-04-26 17:00:00+03:00,94107.3,94325.0
2025-04-26 19:00:00+03:00,94325.0,94278.8
2025-04-26 21:00:00+03:00,94278.8,94261.0
2025-04-26 23:00:00+03:00,94261.0,94311.6
2025-04-27 01:00:00+03:00,94311.7,94575.7
2025-04-27 03:00:00+03:00,94575.7,94072.1
2025-04-27 05:00:00+03:00,94072.1,94121.7
2025-04-27 07:00:00+03:00,94121.6,93869.9
2025-04-27 09:00:00+03:00,93870.0,94027.6
2025-04-27 11:00:00+03:00,94027.7,94113.3
2025-04-27 13:00:00+03:00,94113.3,93871.1
2025-04-27 15:00:00+03:00,93871.1,94012.4
2025-04-27 17:00:00+03:00,94012.4,93857.7
2025-04-27 19:00:00+03:00,93857.7,94000.0
2025-04-27 21:00:00+03:00,94000.1,94388.9
2025-04-27 23:00:00+03:00,94388.9,94289.3
2025-04-28 01:00:00+03:00,94289.3,93697.1
2025-04-28 03:00:00+03:00,93697.0,92898.2
2025-04-28 05:00:00+03:00,92898.3,93799.9
2025-04-28 07:00:00+03:00,93800.0,94183.2
2025-04-28 09:00:00+03:00,94183.3,94641.6
2025-04-28 11:00:00+03:00,94641.6,94687.9
2025-04-28 13:00:00+03:00,94688.0,95276.1
2025-04-28 15:00:00+03:00,95276.1,93915.4
2025-04-28 17:00:00+03:00,93915.4,93772.8
2025-04-28 19:00:00+03:00,93772.7,94037.9
2025-04-28 21:00:00+03:00,94037.9,94740.9
2025-04-28 23:00:00+03:00,94741.0,94498.8
2025-04-29 01:00:00+03:00,94498.9,94969.0
2025-04-29 03:00:00+03:00,94969.0,94804.6
2025-04-29 05:00:00+03:00,94804.7,94599.9
2025-04-29 07:00:00+03:00,94599.9,94238.3
2025-04-29 09:00:00+03:00,94238.2,94878.0
2025-04-29 11:00:00+03:00,94877.9,94939.9
2025-04-29 13:00:00+03:00,94940.0,95086.9
2025-04-29 15:00:00+03:00,95087.0,94747.5
2025-04-29 17:00:00+03:00,94747.5,94790.7
2025-04-29 19:00:00+03:00,94790.6,95199.1
2025-04-29 21:00:00+03:00,95199.0,95250.5
2025-04-29 23:00:00+03:00,95250.5,94683.3
2025-04-30 01:00:00+03:00,94683.2,94200.1
2025-04-30 03:00:00+03:00,94200.1,94485.6
2025-04-30 05:00:00+03:00,94485.6,94989.3
2025-04-30 07:00:00+03:00,94989.3,94855.8
2025-04-30 09:00:00+03:00,94855.9,94577.6
2025-04-30 11:00:00+03:00,94577.6,94923.6
2025-04-30 13:00:00+03:00,94923.7,95126.5
2025-04-30 15:00:00+03:00,95126.4,92978.1
2025-04-30 17:00:00+03:00,92978.2,93948.4
2025-04-30 19:00:00+03:00,93948.4,94059.9
2025-04-30 21:00:00+03:00,94059.9,94118.2
2025-04-30 23:00:00+03:00,94118.2,94383.0
2025-05-01 01:00:00+03:00,94383.0,94125.1
2025-05-01 03:00:00+03:00,94125.2,94598.7
2025-05-01 05:00:00+03:00,94598.8,94737.5
2025-05-01 07:00:00+03:00,94737.6,95104.1
2025-05-01 09:00:00+03:00,95104.1,94978.6
2025-05-01 11:00:00+03:00,94978.6,95478.3
2025-05-01 13:00:00+03:00,95478.2,96129.9
2025-05-01 15:00:00+03:00,96130.0,95745.1
2025-05-01 17:00:00+03:00,95745.1,96793.9
2025-05-01 19:00:00+03:00,96793.9,96746.5
2025-05-01 21:00:00+03:00,96746.5,96459.1
2025-05-01 23:00:00+03:00,96459.5,96409.1
2025-05-02 01:00:00+03:00,96409.1,96423.3
2025-05-02 03:00:00+03:00,96423.2,96910.1
2025-05-02 05:00:00+03:00,96910.0,97054.9
2025-05-02 07:00:00+03:00,97055.0,96650.0
2025-05-02 09:00:00+03:00,96650.0,96302.0
2025-05-02 11:00:00+03:00,96302.0,96549.9
2025-05-02 13:00:00+03:00,96550.0,96875.7
2025-05-02 15:00:00+03:00,96875.7,96709.6
2025-05-02 17:00:00+03:00,96709.7,97270.1
2025-05-02 19:00:00+03:00,97270.1,97340.9
2025-05-02 21:00:00+03:00,97340.9,96856.8
2025-05-02 23:00:00+03:00,96856.8,96666.0
2025-05-03 01:00:00+03:00,96666.1,96831.2
2025-05-03 03:00:00+03:00,96831.2,96457.7
2025-05-03 05:00:00+03:00,96457.7,96292.1
2025-05-03 07:00:00+03:00,96292.1,96379.1
2025-05-03 09:00:00+03:00,96379.2,96290.8
2025-05-03 11:00:00+03:00,96290.8,96209.0
2025-05-03 13:00:00+03:00,96209.1,95895.6
2025-05-03 15:00:00+03:00,95895.7,96287.9
2025-05-03 17:00:00+03:00,96288.0,96358.7
2025-05-03 19:00:00+03:00,96358.7,96145.0
2025-05-03 21:00:00+03:00,96145.0,96312.0
2025-05-03 23:00:00+03:00,96312.0,96225.9
2025-05-04 01:00:00+03:00,96225.9,95803.3
2025-05-04 03:00:00+03:00,95803.3,96055.4
2025-05-04 05:00:00+03:00,96055.3,95680.0
2025-05-04 07:00:00+03:00,95680.0,95999.5
2025-05-04 09:00:00+03:00,95999.5,95842.1
2025-05-04 11:00:00+03:00,95842.1,95440.0
2025-05-04 13:00:00+03:00,95440.0,95376.0
2025-05-04 15:00:00+03:00,95376.0,95332.0
2025-05-04 17:00:00+03:00,95331.9,95421.1
2025-05-04 19:00:00+03:00,95421.1,95367.4
2025-05-04 21:00:00+03:00,95367.3,95533.9
2025-05-04 23:00:00+03:00,95534.0,95622.5
2025-05-05 01:00:00+03:00,95622.6,94230.2
2025-05-05 03:00:00+03:00,94230.2,93880.0
2025-05-05 05:00:00+03:00,93880.1,94001.1
2025-05-05 07:00:00+03:00,94001.2,94697.4
2025-05-05 09:00:00+03:00,94697.8,94696.4
2025-05-05 11:00:00+03:00,94696.4,94510.7
2025-05-05 13:00:00+03:00,94510.8,93986.0
2025-05-05 15:00:00+03:00,93986.1,94192.2
2025-05-05 17:00:00+03:00,94192.2,93726.0
2025-05-05 19:00:00+03:00,93726.0,94458.5
2025-05-05 21:00:00+03:00,94458.6,94295.5
2025-05-05 23:00:00+03:00,94295.2,94673.5
2025-05-06 01:00:00+03:00,94673.5,94696.7
2025-05-06 03:00:00+03:00,94696.7,94254.7
2025-05-06 05:00:00+03:00,94254.8,94418.3
2025-05-06 07:00:00+03:00,94418.4,94300.0
2025-05-06 09:00:00+03:00,94300.0,94350.0
2025-05-06 11:00:00+03:00,94350.0,94179.6
2025-05-06 13:00:00+03:00,94179.5,93770.3
2025-05-06 15:00:00+03:00,93770.3,93565.4
2025-05-06 17:00:00+03:00,93565.4,94513.2
2025-05-06 19:00:00+03:00,94513.2,94470.8
2025-05-06 21:00:00+03:00,94470.9,94910.8
2025-05-06 23:00:00+03:00,94910.8,94637.9
2025-05-07 01:00:00+03:00,94637.9,96798.9
2025-05-07 03:00:00+03:00,96798.9,97208.6
2025-05-07 05:00:00+03:00,97208.7,96453.8
2025-05-07 07:00:00+03:00,96453.8,96334.2
2025-05-07 09:00:00+03:00,96334.2,96940.0
2025-05-07 11:00:00+03:00,96940.0,96936.6
2025-05-07 13:00:00+03:00,96936.6,97000.0
2025-05-07 15:00:00+03:00,97000.0,96967.7
2025-05-07 17:00:00+03:00,96967.7,96889.0
2025-05-07 19:00:00+03:00,96889.0,96277.4
2025-05-07 21:00:00+03:00,96277.4,96124.6
2025-05-07 23:00:00+03:00,96124.5,97084.9
2025-05-08 01:00:00+03:00,97084.9,96988.4
2025-05-08 03:00:00+03:00,96988.4,97769.2
2025-05-08 05:00:00+03:00,97769.1,99097.9
2025-05-08 07:00:00+03:00,99098.0,98700.0
2025-05-08 09:00:00+03:00,98700.0,99212.0
2025-05-08 11:00:00+03:00,99212.1,99741.1
2025-05-08 13:00:00+03:00,99741.1,99369.8
2025-05-08 15:00:00+03:00,99369.9,99256.3
2025-05-08 17:00:00+03:00,99256.3,100730.8
2025-05-08 19:00:00+03:00,100730.9,100976.5
2025-05-08 21:00:00+03:00,100976.5,101254.2
2025-05-08 23:00:00+03:00,101254.3,102799.9
2025-05-09 01:00:00+03:00,102800.0,103228.1
2025-05-09 03:00:00+03:00,103228.0,103070.0
2025-05-09 05:00:00+03:00,103070.1,102419.5
2025-05-09 07:00:00+03:00,102419.5,102938.9
2025-05-09 09:00:00+03:00,102938.9,103597.4
2025-05-09 11:00:00+03:00,103597.4,102885.4
2025-05-09 13:00:00+03:00,102885.4,102914.5
2025-05-09 15:00:00+03:00,102914.5,103587.9
2025-05-09 17:00:00+03:00,103587.9,102852.9
2025-05-09 19:00:00+03:00,102853.0,103173.1
2025-05-09 21:00:00+03:00,103173.1,103145.5
2025-05-09 23:00:00+03:00,103145.5,102943.0
2025-05-10 01:00:00+03:00,102943.1,102941.9
2025-05-10 03:00:00+03:00,102941.9,102932.7
2025-05-10 05:00:00+03:00,102932.8,103179.4
2025-05-10 07:00:00+03:00,103179.3,103319.9
2025-05-10 09:00:00+03:00,103319.9,103721.7
2025-05-10 11:00:00+03:00,103721.7,103723.2
2025-05-10 13:00:00+03:00,103723.2,103374.6
2025-05-10 15:00:00+03:00,103374.7,103581.4
2025-05-10 17:00:00+03:00,103581.4,103102.6
2025-05-10 19:00:00+03:00,103102.6,103135.9
2025-05-10 21:00:00+03:00,103135.8,103148.6
2025-05-10 23:00:00+03:00,103148.7,103719.0
2025-05-11 01:00:00+03:00,103719.0,104788.8
2025-05-11 03:00:00+03:00,104788.8,104092.0
2025-05-11 05:00:00+03:00,104092.0,103947.8
2025-05-11 07:00:00+03:00,103947.8,103800.0
2025-05-11 09:00:00+03:00,103800.0,103327.9
2025-05-11 11:00:00+03:00,103327.8,104313.1
2025-05-11 13:00:00+03:00,104313.1,104613.7
2025-05-11 15:00:00+03:00,104613.7,103929.9
2025-05-11 17:00:00+03:00,103930.0,104083.0
2025-05-11 19:00:00+03:00,104082.9,103986.3
2025-05-11 21:00:00+03:00,103986.3,104373.8
2025-05-11 23:00:00+03:00,104373.8,104314.2
2025-05-12 01:00:00+03:00,104314.2,104072.7
2025-05-12 03:00:00+03:00,104072.7,103965.9
2025-05-12 05:00:00+03:00,103965.9,104064.0
2025-05-12 07:00:00+03:00,104064.0,103906.3
2025-05-12 09:00:00+03:00,103906.4,104426.2
2025-05-12 11:00:00+03:00,104426.3,104406.6
2025-05-12 13:00:00+03:00,104406.6,103705.1
2025-05-12 15:00:00+03:00,103705.0,104283.2
2025-05-12 17:00:00+03:00,104283.2,102481.7
2025-05-12 19:00:00+03:00,102481.8,102507.7
2025-05-12 21:00:00+03:00,102507.6,101812.8
2025-05-12 23:00:00+03:00,101812.9,102459.9
2025-05-13 01:00:00+03:00,102460.0,102739.3
2025-05-13 03:00:00+03:00,102739.3,102359.7
2025-05-13 05:00:00+03:00,102359.7,101681.3
2025-05-13 07:00:00+03:00,101681.3,102429.4
2025-05-13 09:00:00+03:00,102429.5,102624.0
2025-05-13 11:00:00+03:00,102624.0,103406.9
2025-05-13 13:00:00+03:00,103407.0,103685.5
2025-05-13 15:00:00+03:00,103685.5,103673.2
2025-05-13 17:00:00+03:00,103674.0,103633.1
2025-05-13 19:00:00+03:00,103633.0,104215.5
2025-05-13 21:00:00+03:00,104215.5,104744.7
2025-05-13 23:00:00+03:00,104744.7,104302.5
2025-05-14 01:00:00+03:00,104302.5,104082.0
2025-05-14 03:00:00+03:00,104082.0,103680.0
2025-05-14 05:00:00+03:00,103680.0,103549.2
2025-05-14 07:00:00+03:00,103549.1,103856.3
2025-05-14 09:00:00+03:00,103856.2,103662.2
2025-05-14 11:00:00+03:00,103662.2,103439.0
2025-05-14 13:00:00+03:00,103439.0,103903.4
2025-05-14 15:00:00+03:00,103903.3,103913.7
2025-05-14 17:00:00+03:00,103913.7,103461.4
2025-05-14 19:00:00+03:00,103461.3,103208.2
2025-05-14 21:00:00+03:00,103208.2,103278.7
2025-05-14 23:00:00+03:00,103278.8,103597.3
2025-05-15 01:00:00+03:00,103597.4,103458.1
2025-05-15 03:00:00+03:00,103458.1,102979.2
2025-05-15 05:00:00+03:00,102979.2,102706.1
2025-05-15 07:00:00+03:00,102706.0,102325.6
2025-05-15 09:00:00+03:00,102325.7,101733.9
2025-05-15 11:00:00+03:00,101734.0,101779.6
2025-05-15 13:00:00+03:00,101779.6,102335.3
2025-05-15 15:00:00+03:00,102335.3,102094.8
2025-05-15 17:00:00+03:00,102094.7,103211.2
2025-05-15 19:00:00+03:00,103211.2,103937.7
2025-05-15 21:00:00+03:00,103937.7,103107.0
2025-05-15 23:00:00+03:00,103107.1,103241.2
2025-05-16 01:00:00+03:00,103241.2,103714.5
2025-05-16 03:00:00+03:00,103714.2,104002.3
2025-05-16 05:00:00+03:00,104002.3,103979.0
2025-05-16 07:00:00+03:00,103979.1,103859.1
2025-05-16 09:00:00+03:00,103859.2,103646.6
2025-05-16 11:00:00+03:00,103646.5,103752.4
2025-05-16 13:00:00+03:00,103752.4,103614.5
2025-05-16 15:00:00+03:00,103614.6,103953.8
2025-05-16 17:00:00+03:00,103953.7,104144.0
2025-05-16 19:00:00+03:00,104144.0,103820.1
2025-05-16 21:00:00+03:00,103820.1,103974.3
2025-05-16 23:00:00+03:00,103974.3,103560.6
2025-05-17 01:00:00+03:00,103560.7,103412.2
2025-05-17 03:00:00+03:00,103412.2,102778.4
2025-05-17 05:00:00+03:00,102778.4,103464.7
2025-05-17 07:00:00+03:00,103464.6,103306.5
2025-05-17 09:00:00+03:00,103306.5,103399.4
2025-05-17 11:00:00+03:00,103399.5,102851.4
2025-05-17 13:00:00+03:00,102851.4,102944.2
2025-05-17 15:00:00+03:00,102944.1,102666.2
2025-05-17 17:00:00+03:00,102666.2,102900.0
2025-05-17 19:00:00+03:00,102900.1,103082.0
2025-05-17 21:00:00+03:00,103081.9,103100.1
2025-05-17 23:00:00+03:00,103100.1,103202.0
2025-05-18 01:00:00+03:00,103202.0,103079.6
2025-05-18 03:00:00+03:00,103079.5,103208.7
2025-05-18 05:00:00+03:00,103208.8,103244.2
2025-05-18 07:00:00+03:00,103244.3,103597.8
2025-05-18 09:00:00+03:00,103597.8,103893.0
2025-05-18 11:00:00+03:00,103893.0,103834.9
2025-05-18 13:00:00+03:00,103835.0,103769.0
2025-05-18 15:00:00+03:00,103769.0,104708.2
2025-05-18 17:00:00+03:00,104708.1,105484.2
2025-05-18 19:00:00+03:00,105484.2,104805.2
2025-05-18 21:00:00+03:00,104804.2,103834.0
2025-05-18 23:00:00+03:00,103834.1,104131.3
2025-05-19 01:00:00+03:00,104131.2,106407.6
2025-05-19 03:00:00+03:00,106407.5,105022.6
2025-05-19 05:00:00+03:00,105022.6,103569.4
2025-05-19 07:00:00+03:00,103569.5,102990.8
2025-05-19 09:00:00+03:00,102990.7,103167.0
2025-05-19 11:00:00+03:00,103167.1,103024.5
2025-05-19 13:00:00+03:00,103024.6,102912.0
2025-05-19 15:00:00+03:00,102912.1,103239.8
2025-05-19 17:00:00+03:00,103239.8,104740.4
2025-05-19 19:00:00+03:00,104740.5,105328.5
2025-05-19 21:00:00+03:00,105328.4,105457.8
2025-05-19 23:00:00+03:00,105457.9,105408.5
2025-05-20 01:00:00+03:00,105408.5,105531.6
2025-05-20 03:00:00+03:00,105531.5,106407.6
2025-05-20 05:00:00+03:00,106407.6,105720.0
2025-05-20 07:00:00+03:00,105720.0,106065.6
2025-05-20 09:00:00+03:00,106065.5,104980.1
2025-05-20 11:00:00+03:00,104980.1,105238.2
2025-05-20 13:00:00+03:00,105238.2,105159.2
2025-05-20 15:00:00+03:00,105159.3,104395.5
2025-05-20 17:00:00+03:00,104395.5,105294.5
2025-05-20 19:00:00+03:00,105294.5,106153.6
2025-05-20 21:00:00+03:00,106153.6,106972.2
2025-05-20 23:00:00+03:00,106972.3,106566.5
2025-05-21 01:00:00+03:00,106566.6,106800.1
2025-05-21 03:00:00+03:00,106800.0,106440.2
2025-05-21 05:00:00+03:00,106440.2,106791.0
2025-05-21 07:00:00+03:00,106791.0,107490.1
2025-05-21 09:00:00+03:00,107490.2,106463.6
2025-05-21 11:00:00+03:00,106463.7,106154.4
2025-05-21 13:00:00+03:00,106154.4,106490.9
2025-05-21 15:00:00+03:00,106490.9,107208.3
2025-05-21 17:00:00+03:00,107208.3,108936.6
2025-05-21 19:00:00+03:00,108936.6,106566.8
2025-05-21 21:00:00+03:00,106566.9,108547.3
2025-05-21 23:00:00+03:00,108547.2,108363.9
2025-05-22 01:00:00+03:00,108363.9,109609.5
2025-05-22 03:00:00+03:00,109609.6,109892.5
2025-05-22 05:00:00+03:00,109892.5,111755.9
2025-05-22 07:00:00+03:00,111755.9,110843.0
2025-05-22 09:00:00+03:00,110843.0,111005.8
2025-05-22 11:00:00+03:00,111005.8,110772.7
2025-05-22 13:00:00+03:00,110772.6,110944.1
2025-05-22 15:00:00+03:00,110944.0,110870.8
2025-05-22 17:00:00+03:00,110870.9,111250.6
2025-05-22 19:00:00+03:00,111251.0,111464.1
2025-05-22 21:00:00+03:00,111464.2,111136.1
2025-05-22 23:00:00+03:00,111136.2,110794.7
2025-05-23 01:00:00+03:00,110794.8,111662.7
2025-05-23 03:00:00+03:00,111662.6,111284.5
2025-05-23 05:00:00+03:00,111284.6,111044.0
2025-05-23 07:00:00+03:00,111044.0,110810.3
2025-05-23 09:00:00+03:00,110810.4,110685.2
2025-05-23 11:00:00+03:00,110685.3,111282.1
2025-05-23 13:00:00+03:00,111282.2,109033.2
2025-05-23 15:00:00+03:00,109033.2,109603.4
2025-05-23 17:00:00+03:00,109603.4,108892.4
2025-05-23 19:00:00+03:00,108892.5,109361.2
2025-05-23 21:00:00+03:00,109361.1,108659.4
2025-05-23 23:00:00+03:00,108659.5,108242.4
2025-05-24 01:00:00+03:00,108242.4,107271.5
2025-05-24 03:00:00+03:00,107271.6,107437.5
2025-05-24 05:00:00+03:00,107437.6,108306.8
2025-05-24 07:00:00+03:00,108306.7,108193.2
2025-05-24 09:00:00+03:00,108193.1,107550.6
2025-05-24 11:00:00+03:00,107550.7,108122.2
2025-05-24 13:00:00+03:00,108122.2,109152.2
2025-05-24 15:00:00+03:00,109152.2,108564.3
2025-05-24 17:00:00+03:00,108564.2,108889.2
2025-05-24 19:00:00+03:00,108889.1,108876.3
2025-05-24 21:00:00+03:00,108876.2,108912.7
2025-05-24 23:00:00+03:00,108912.7,108788.4
2025-05-25 01:00:00+03:00,108788.5,107698.9
2025-05-25 03:00:00+03:00,107699.0,107602.3
2025-05-25 05:00:00+03:00,107602.4,108045.4
2025-05-25 07:00:00+03:00,108045.4,108065.1
2025-05-25 09:00:00+03:00,108065.1,107637.1
2025-05-25 11:00:00+03:00,107637.1,107083.9
2025-05-25 13:00:00+03:00,107083.9,107214.0
2025-05-25 15:00:00+03:00,107214.0,107474.8
2025-05-25 17:00:00+03:00,107474.7,106927.9
2025-05-25 19:00:00+03:00,106928.0,107323.0
2025-05-25 21:00:00+03:00,107323.1,107656.3
2025-05-25 23:00:00+03:00,107656.3,107406.7
2025-05-26 01:00:00+03:00,107406.8,108955.9
2025-05-26 03:00:00+03:00,108956.0,109500.1
2025-05-26 05:00:00+03:00,109500.1,109587.0
2025-05-26 07:00:00+03:00,109587.1,109591.6
2025-05-26 09:00:00+03:00,109591.5,110049.9
2025-05-26 11:00:00+03:00,110049.9,109663.2
2025-05-26 13:00:00+03:00,109663.2,109736.7
2025-05-26 15:00:00+03:00,109736.6,109549.2
2025-05-26 17:00:00+03:00,109549.1,109963.2
2025-05-26 19:00:00+03:00,109963.2,109138.0
2025-05-26 21:00:00+03:00,109138.0,109074.3
2025-05-26 23:00:00+03:00,109074.4,109297.9
2025-05-27 01:00:00+03:00,109297.9,109386.8
2025-05-27 03:00:00+03:00,109386.8,108354.4
2025-05-27 05:00:00+03:00,108354.4,108844.9
2025-05-27 07:00:00+03:00,108845.0,108866.4
2025-05-27 09:00:00+03:00,108866.5,109488.0
2025-05-27 11:00:00+03:00,109488.0,109788.5
2025-05-27 13:00:00+03:00,109788.5,109541.8
2025-05-27 15:00:00+03:00,109541.9,109791.6
2025-05-27 17:00:00+03:00,109791.5,110091.3
2025-05-27 19:00:00+03:00,110091.3,110188.9
2025-05-27 21:00:00+03:00,110188.8,109822.8
2025-05-27 23:00:00+03:00,109824.8,108873.7
2025-05-28 01:00:00+03:00,108873.7,108889.3
2025-05-28 03:00:00+03:00,108889.2,108623.1
2025-05-28 05:00:00+03:00,108623.2,108807.6
2025-05-28 07:00:00+03:00,108807.3,108934.4
2025-05-28 09:00:00+03:00,108934.4,108764.9
2025-05-28 11:00:00+03:00,108764.9,108751.3
2025-05-28 13:00:00+03:00,108751.4,108821.4
2025-05-28 15:00:00+03:00,108821.3,108011.5
2025-05-28 17:00:00+03:00,108011.4,107065.5
2025-05-28 19:00:00+03:00,107065.5,107617.1
2025-05-28 21:00:00+03:00,107617.2,106894.1
2025-05-28 23:00:00+03:00,106894.0,107446.8
2025-05-29 01:00:00+03:00,107446.8,107723.1
2025-05-29 03:00:00+03:00,107723.1,108103.4
2025-05-29 05:00:00+03:00,108103.5,107996.4
2025-05-29 07:00:00+03:00,107996.5,107631.6
2025-05-29 09:00:00+03:00,107631.7,107839.4
2025-05-29 11:00:00+03:00,107839.5,108472.3
2025-05-29 13:00:00+03:00,108472.3,108740.0
2025-05-29 15:00:00+03:00,108740.0,107569.1
2025-05-29 17:00:00+03:00,107569.1,106972.5
2025-05-29 19:00:00+03:00,106972.6,106254.8
2025-05-29 21:00:00+03:00,106254.9,105699.2
2025-05-29 23:00:00+03:00,105699.1,106397.8
2025-05-30 01:00:00+03:00,106397.9,105539.9
2025-05-30 03:00:00+03:00,105539.9,105621.9
2025-05-30 05:00:00+03:00,105621.9,105978.8
2025-05-30 07:00:00+03:00,105978.8,106027.9
2025-05-30 09:00:00+03:00,106028.0,104997.5
2025-05-30 11:00:00+03:00,104997.5,105580.8
2025-05-30 13:00:00+03:00,105580.7,105827.4
2025-05-30 15:00:00+03:00,105827.4,105450.8
2025-05-30 17:00:00+03:00,105450.8,105504.0
2025-05-30 19:00:00+03:00,105504.0,104146.0
2025-05-30 21:00:00+03:00,104146.0,104597.6
2025-05-30 23:00:00+03:00,104597.6,104587.1
2025-05-31 01:00:00+03:00,104587.2,103950.0
2025-05-31 03:00:00+03:00,103949.9,103426.5
2025-05-31 05:00:00+03:00,103426.5,103640.1
2025-05-31 07:00:00+03:00,103640.2,103485.9
2025-05-31 09:00:00+03:00,103485.9,103700.6
2025-05-31 11:00:00+03:00,103700.5,103500.1
2025-05-31 13:00:00+03:00,103500.0,103460.9
2025-05-31 15:00:00+03:00,103460.9,104060.9
2025-05-31 17:00:00+03:00,104061.0,104497.1
2025-05-31 19:00:00+03:00,104497.1,104304.2
2025-05-31 21:00:00+03:00,104304.2,104653.9
2025-05-31 23:00:00+03:00,104653.9,104817.3
2025-06-01 01:00:00+03:00,104817.4,104544.7
2025-06-01 03:00:00+03:00,104544.6,104085.2
2025-06-01 05:00:00+03:00,104085.1,104336.4
2025-06-01 07:00:00+03:00,104336.4,104485.7
2025-06-01 09:00:00+03:00,104485.7,104231.0
2025-06-01 11:00:00+03:00,104230.9,103888.0
2025-06-01 13:00:00+03:00,103888.0,104038.0
2025-06-01 15:00:00+03:00,104038.0,104216.0
2025-06-01 17:00:00+03:00,104215.9,104664.0
2025-06-01 19:00:00+03:00,104663.9,105006.3
2025-06-01 21:00:00+03:00,105006.2,105075.2
2025-06-01 23:00:00+03:00,105075.2,105444.9
2025-06-02 01:00:00+03:00,105444.9,105583.3
2025-06-02 03:00:00+03:00,105583.3,105327.6
2025-06-02 05:00:00+03:00,105327.7,104781.8
2025-06-02 07:00:00+03:00,104781.8,104781.2
2025-06-02 09:00:00+03:00,104781.2,105346.4
2025-06-02 11:00:00+03:00,105346.4,104530.5
2025-06-02 13:00:00+03:00,104530.4,104000.0
2025-06-02 15:00:00+03:00,104000.1,103764.3
2025-06-02 17:00:00+03:00,103764.3,104396.8
2025-06-02 19:00:00+03:00,104396.9,104345.6
2025-06-02 21:00:00+03:00,104345.6,104366.4
2025-06-02 23:00:00+03:00,104366.5,104886.1
2025-06-03 01:00:00+03:00,104886.2,105814.3
2025-06-03 03:00:00+03:00,105814.4,106442.6
2025-06-03 05:00:00+03:00,106442.7,105448.8
2025-06-03 07:00:00+03:00,105448.8,105407.9
2025-06-03 09:00:00+03:00,105408.0,105134.4
2025-06-03 11:00:00+03:00,105134.4,105142.3
2025-06-03 13:00:00+03:00,105142.2,105240.1
2025-06-03 15:00:00+03:00,105240.1,105370.5
2025-06-03 17:00:00+03:00,105370.4,106556.1
2025-06-03 19:00:00+03:00,106556.1,105890.0
2025-06-03 21:00:00+03:00,105889.9,106171.8
2025-06-03 23:00:00+03:00,106179.7,105312.0
2025-06-04 01:00:00+03:00,105311.9,105330.1
2025-06-04 03:00:00+03:00,105330.1,105524.8
2025-06-04 05:00:00+03:00,105524.8,105474.9
2025-06-04 07:00:00+03:00,105474.8,105307.3
2025-06-04 09:00:00+03:00,105307.3,105260.2
2025-06-04 11:00:00+03:00,105260.1,105783.4
2025-06-04 13:00:00+03:00,105783.5,105044.1
2025-06-04 15:00:00+03:00,105044.2,104702.6
2025-06-04 17:00:00+03:00,104702.5,105254.7
2025-06-04 19:00:00+03:00,105254.7,105000.7
2025-06-04 21:00:00+03:00,105000.7,104870.4
2025-06-04 23:00:00+03:00,104870.4,104866.3
2025-06-05 01:00:00+03:00,104866.4,104641.8
2025-06-05 03:00:00+03:00,104641.8,104732.9
2025-06-05 05:00:00+03:00,104733.0,104991.4
2025-06-05 07:00:00+03:00,104991.5,104600.3
2025-06-05 09:00:00+03:00,104600.4,104473.0
2025-06-05 11:00:00+03:00,104473.1,104854.9
2025-06-05 13:00:00+03:00,104854.9,104772.7
2025-06-05 15:00:00+03:00,104772.7,104475.3
2025-06-05 17:00:00+03:00,104475.3,104490.5
2025-06-05 19:00:00+03:00,104490.5,103201.0
2025-06-05 21:00:00+03:00,103201.0,101872.9
2025-06-05 23:00:00+03:00,101873.0,101488.2
2025-06-06 01:00:00+03:00,101488.1,101458.6
2025-06-06 03:00:00+03:00,101458.7,101796.8
2025-06-06 05:00:00+03:00,101796.7,102444.9
2025-06-06 07:00:00+03:00,102445.0,102899.2
2025-06-06 09:00:00+03:00,102899.2,103096.8
2025-06-06 11:00:00+03:00,103096.7,103593.7
2025-06-06 13:00:00+03:00,103593.7,103866.0
2025-06-06 15:00:00+03:00,103865.9,104033.1
2025-06-06 17:00:00+03:00,104033.1,105035.4
2025-06-06 19:00:00+03:00,105035.4,104874.9
2025-06-06 21:00:00+03:00,104875.0,104176.9
2025-06-06 23:00:00+03:00,104177.0,104335.4
2025-06-07 01:00:00+03:00,104335.5,104240.0
2025-06-07 03:00:00+03:00,104240.1,104386.5
2025-06-07 05:00:00+03:00,104386.5,104822.4
2025-06-07 07:00:00+03:00,104822.4,104823.5
2025-06-07 09:00:00+03:00,104823.5,104813.6
2025-06-07 11:00:00+03:00,104813.7,104788.2
2025-06-07 13:00:00+03:00,104788.1,105094.5
2025-06-07 15:00:00+03:00,105094.5,105550.5
2025-06-07 17:00:00+03:00,105550.5,105507.9
2025-06-07 19:00:00+03:00,105507.9,105348.4
2025-06-07 21:00:00+03:00,105348.4,105694.2
2025-06-07 23:00:00+03:00,105694.1,105713.6
2025-06-08 01:00:00+03:00,105713.6,105507.5
2025-06-08 03:00:00+03:00,105507.5,105644.5
2025-06-08 05:00:00+03:00,105644.5,105436.4
2025-06-08 07:00:00+03:00,105436.5,105386.4
2025-06-08 09:00:00+03:00,105386.4,105380.4
2025-06-08 11:00:00+03:00,105380.5,105093.5
2025-06-08 13:00:00+03:00,105093.5,105619.2
2025-06-08 15:00:00+03:00,105619.2,105558.8
2025-06-08 17:00:00+03:00,105558.9,105917.5
2025-06-08 19:00:00+03:00,105917.6,106030.1
2025-06-08 21:00:00+03:00,106030.1,106242.6
2025-06-08 23:00:00+03:00,106242.6,106271.0
2025-06-09 01:00:00+03:00,106271.0,105676.5
2025-06-09 03:00:00+03:00,105676.5,105476.4
2025-06-09 05:00:00+03:00,105476.4,105617.0
2025-06-09 07:00:00+03:00,105617.0,105328.8
2025-06-09 09:00:00+03:00,105328.8,105516.7
2025-06-09 11:00:00+03:00,105516.7,106562.0
2025-06-09 13:00:00+03:00,106562.0,107707.9
2025-06-09 15:00:00+03:00,107707.8,106971.0
2025-06-09 17:00:00+03:00,106971.0,107564.3
2025-06-09 19:00:00+03:00,107564.3,108282.7
2025-06-09 21:00:00+03:00,108282.7,108515.1
2025-06-09 23:00:00+03:00,108515.1,109935.8
2025-06-10 01:00:00+03:00,109935.9,110227.9
2025-06-10 03:00:00+03:00,110228.0,109742.7
2025-06-10 05:00:00+03:00,109742.7,109525.8
2025-06-10 07:00:00+03:00,109525.9,109271.7
2025-06-10 09:00:00+03:00,109271.7,109178.0
2025-06-10 11:00:00+03:00,109178.1,109475.5
2025-06-10 13:00:00+03:00,109475.4,109498.1
2025-06-10 15:00:00+03:00,109498.0,109266.9
2025-06-10 17:00:00+03:00,109266.9,108975.3
2025-06-10 19:00:00+03:00,108975.2,108668.0
2025-06-10 21:00:00+03:00,108668.0,109460.0
2025-06-10 23:00:00+03:00,109460.1,109813.4
2025-06-11 01:00:00+03:00,109813.4,110235.4
2025-06-11 03:00:00+03:00,110235.4,109562.6
2025-06-11 05:00:00+03:00,109562.6,109664.1
2025-06-11 07:00:00+03:00,109664.1,109423.8
2025-06-11 09:00:00+03:00,109423.8,109396.9
2025-06-11 11:00:00+03:00,109396.9,109219.1
2025-06-11 13:00:00+03:00,109219.2,109200.1
2025-06-11 15:00:00+03:00,109200.1,109631.5
2025-06-11 17:00:00+03:00,109631.5,109694.8
2025-06-11 19:00:00+03:00,109694.9,108933.6
2025-06-11 21:00:00+03:00,108933.7,108684.5
2025-06-11 23:00:00+03:00,108684.5,108445.1
2025-06-12 01:00:00+03:00,108445.2,108600.0
2025-06-12 03:00:00+03:00,108600.1,108481.4
2025-06-12 05:00:00+03:00,108481.4,107820.5
2025-06-12 07:00:00+03:00,107820.5,107704.2
2025-06-12 09:00:00+03:00,107704.1,107577.0
2025-06-12 11:00:00+03:00,107577.0,107459.8
2025-06-12 13:00:00+03:00,107459.7,106862.9
2025-06-12 15:00:00+03:00,106862.9,107015.9
2025-06-12 17:00:00+03:00,107015.8,106960.6
2025-06-12 19:00:00+03:00,106960.6,108239.7
2025-06-12 21:00:00+03:00,108239.8,106749.6
2025-06-12 23:00:00+03:00,106749.5,105827.8
2025-06-13 01:00:00+03:00,105827.4,105609.5
2025-06-13 03:00:00+03:00,105609.4,103714.9
2025-06-13 05:00:00+03:00,103715.0,104233.9
2025-06-13 07:00:00+03:00,104233.9,103950.8
2025-06-13 09:00:00+03:00,103950.8,104831.4
2025-06-13 11:00:00+03:00,104831.4,104775.9
2025-06-13 13:00:00+03:00,104776.0,104989.9
2025-06-13 15:00:00+03:00,104990.0,104685.4
2025-06-13 17:00:00+03:00,104685.3,105391.9
2025-06-13 19:00:00+03:00,105392.0,105327.0
2025-06-13 21:00:00+03:00,105327.1,105050.0
2025-06-13 23:00:00+03:00,105050.1,105559.2
2025-06-14 01:00:00+03:00,105559.3,106027.3
2025-06-14 03:00:00+03:00,106027.3,105420.5
2025-06-14 05:00:00+03:00,105420.4,105189.4
2025-06-14 07:00:00+03:00,105189.3,105237.8
2025-06-14 09:00:00+03:00,105237.8,105025.1
2025-06-14 11:00:00+03:00,105025.0,104815.0
2025-06-14 13:00:00+03:00,104814.9,105030.6
2025-06-14 15:00:00+03:00,105030.5,104961.5
2025-06-14 17:00:00+03:00,104961.4,104783.4
2025-06-14 19:00:00+03:00,104783.4,104555.6
2025-06-14 21:00:00+03:00,104555.6,104582.3
2025-06-14 23:00:00+03:00,104584.2,105269.1
2025-06-15 01:00:00+03:00,105269.0,105359.9
2025-06-15 03:00:00+03:00,105359.8,105361.9
2025-06-15 05:00:00+03:00,105361.8,105425.6
2025-06-15 07:00:00+03:00,105425.6,106031.0
2025-06-15 09:00:00+03:00,106031.1,105374.1
2025-06-15 11:00:00+03:00,105374.2,104882.0
2025-06-15 13:00:00+03:00,104882.1,104924.5
2025-06-15 15:00:00+03:00,104924.6,105477.7
2025-06-15 17:00:00+03:00,105477.8,105526.0
2025-06-15 19:00:00+03:00,105525.9,105640.8
2025-06-15 21:00:00+03:00,105640.9,105252.0
2025-06-15 23:00:00+03:00,105251.9,104744.8
2025-06-16 01:00:00+03:00,104744.7,105534.6
2025-06-16 03:00:00+03:00,105534.7,105756.5
2025-06-16 05:00:00+03:00,105756.4,105865.6
2025-06-16 07:00:00+03:00,105865.6,106519.9
2025-06-16 09:00:00+03:00,106520.0,107023.8
2025-06-16 11:00:00+03:00,107023.8,106914.2
2025-06-16 13:00:00+03:00,106914.3,106842.5
2025-06-16 15:00:00+03:00,106842.6,107109.0
2025-06-16 17:00:00+03:00,107109.1,107374.9
2025-06-16 19:00:00+03:00,107375.0,107691.1
2025-06-16 21:00:00+03:00,107691.2,108594.2
2025-06-16 23:00:00+03:00,108594.2,108470.9
2025-06-17 01:00:00+03:00,108470.9,106750.1
2025-06-17 03:00:00+03:00,106750.1,107133.3
2025-06-17 05:00:00+03:00,107133.2,107553.3
2025-06-17 07:00:00+03:00,107553.3,107077.1
2025-06-17 09:00:00+03:00,107077.0,106711.1
2025-06-17 11:00:00+03:00,106711.0,106112.2
2025-06-17 13:00:00+03:00,106112.3,105592.9
2025-06-17 15:00:00+03:00,105592.9,105301.4
2025-06-17 17:00:00+03:00,105301.5,104199.2
2025-06-17 19:00:00+03:00,104199.2,103750.0
2025-06-17 21:00:00+03:00,103750.1,104630.6
2025-06-17 23:00:00+03:00,104630.5,104490.0
2025-06-18 01:00:00+03:00,104490.0,104508.0
2025-06-18 03:00:00+03:00,104508.0,104726.7
2025-06-18 05:00:00+03:00,104726.8,105132.2
2025-06-18 07:00:00+03:00,105132.1,105360.0
2025-06-18 09:00:00+03:00,105360.0,104925.7
2025-06-18 11:00:00+03:00,104925.6,104650.6
2025-06-18 13:00:00+03:00,104650.6,104791.2
2025-06-18 15:00:00+03:00,104791.1,104400.2
2025-06-18 17:00:00+03:00,104400.2,104744.2
2025-06-18 19:00:00+03:00,104744.2,104289.7
2025-06-18 21:00:00+03:00,104290.0,103773.3
2025-06-18 23:00:00+03:00,103773.3,105039.6
2025-06-19 01:00:00+03:00,105039.6,104832.8
2025-06-19 03:00:00+03:00,104832.8,104557.8
2025-06-19 05:00:00+03:00,104557.8,105054.4
2025-06-19 07:00:00+03:00,105054.4,104842.2
2025-06-19 09:00:00+03:00,104842.3,104585.9
2025-06-19 11:00:00+03:00,104585.8,104946.4
2025-06-19 13:00:00+03:00,104946.3,104717.7
2025-06-19 15:00:00+03:00,104717.8,104239.9
2025-06-19 17:00:00+03:00,104240.0,104055.1
2025-06-19 19:00:00+03:00,104055.2,104483.1
2025-06-19 21:00:00+03:00,104483.1,104202.6
2025-06-19 23:00:00+03:00,104202.6,104275.5
2025-06-20 01:00:00+03:00,104275.6,104607.1
2025-06-20 03:00:00+03:00,104607.1,104732.9
2025-06-20 05:00:00+03:00,104733.0,104555.1
2025-06-20 07:00:00+03:00,104555.0,104549.0
2025-06-20 09:00:00+03:00,104549.0,105763.5
2025-06-20 11:00:00+03:00,105763.6,105897.7
2025-06-20 13:00:00+03:00,105897.8,105928.6
2025-06-20 15:00:00+03:00,105928.7,105607.7
2025-06-20 17:00:00+03:00,105607.6,104168.5
2025-06-20 19:00:00+03:00,104168.5,103216.6
2025-06-20 21:00:00+03:00,103216.6,103263.9
2025-06-20 23:00:00+03:00,103263.8,103492.0
2025-06-21 01:00:00+03:00,103491.9,103246.1
2025-06-21 03:00:00+03:00,103246.1,103464.6
2025-06-21 05:00:00+03:00,103464.7,103434.5
2025-06-21 07:00:00+03:00,103434.6,103371.4
2025-06-21 09:00:00+03:00,103371.4,103402.2
2025-06-21 11:00:00+03:00,103402.1,103797.9
2025-06-21 13:00:00+03:00,103797.9,103827.5
2025-06-21 15:00:00+03:00,103827.5,103528.4
2025-06-21 17:00:00+03:00,103528.5,103516.7
2025-06-21 19:00:00+03:00,103516.7,103144.0
2025-06-21 21:00:00+03:00,103144.0,102207.5
2025-06-21 23:00:00+03:00,102207.5,101392.7
2025-06-22 01:00:00+03:00,101392.7,102079.8
2025-06-22 03:00:00+03:00,102079.8,102360.1
2025-06-22 05:00:00+03:00,102360.0,102340.0
2025-06-22 07:00:00+03:00,102340.0,102812.9
2025-06-22 09:00:00+03:00,102813.0,102399.0
2025-06-22 11:00:00+03:00,102399.1,102158.0
2025-06-22 13:00:00+03:00,102158.1,102693.7
2025-06-22 15:00:00+03:00,102693.7,100810.0
2025-06-22 17:00:00+03:00,100809.9,98849.9
2025-06-22 19:00:00+03:00,98849.7,99428.0
2025-06-22 21:00:00+03:00,99428.0,98829.7
2025-06-22 23:00:00+03:00,98829.7,99136.0
2025-06-23 01:00:00+03:00,99136.0,100904.7
2025-06-23 03:00:00+03:00,100904.7,101047.6
2025-06-23 05:00:00+03:00,101047.6,101104.4
2025-06-23 07:00:00+03:00,101104.3,101710.9
2025-06-23 09:00:00+03:00,101710.9,101874.5
2025-06-23 11:00:00+03:00,101874.4,101519.2
2025-06-23 13:00:00+03:00,101519.2,101248.5
2025-06-23 15:00:00+03:00,101248.4,102306.1
2025-06-23 17:00:00+03:00,102306.1,101369.7
2025-06-23 19:00:00+03:00,101369.6,102435.6
2025-06-23 21:00:00+03:00,102435.5,103114.2
2025-06-23 23:00:00+03:00,103114.2,103640.2
2025-06-24 01:00:00+03:00,103640.2,105290.9
2025-06-24 03:00:00+03:00,105291.0,105383.5
2025-06-24 05:00:00+03:00,105383.5,104870.0
2025-06-24 07:00:00+03:00,104870.0,105343.8
2025-06-24 09:00:00+03:00,105343.7,104891.8
2025-06-24 11:00:00+03:00,104891.8,105152.0
2025-06-24 13:00:00+03:00,105152.0,105134.6
2025-06-24 15:00:00+03:00,105134.5,105030.0
2025-06-24 17:00:00+03:00,105029.9,105184.4
2025-06-24 19:00:00+03:00,105184.3,105991.6
2025-06-24 21:00:00+03:00,105991.7,105582.1
2025-06-24 23:00:00+03:00,105582.1,105930.6
2025-06-25 01:00:00+03:00,105930.5,106034.9
2025-06-25 03:00:00+03:00,106034.9,106327.2
2025-06-25 05:00:00+03:00,106327.2,106177.0
2025-06-25 07:00:00+03:00,106176.9,106159.7
2025-06-25 09:00:00+03:00,106159.7,106547.5
2025-06-25 11:00:00+03:00,106547.5,106589.8
2025-06-25 13:00:00+03:00,106589.7,107136.3
2025-06-25 15:00:00+03:00,107136.3,107870.2
2025-06-25 17:00:00+03:00,107870.2,106982.6
2025-06-25 19:00:00+03:00,106982.7,107344.7
2025-06-25 21:00:00+03:00,107344.7,107698.2
2025-06-25 23:00:00+03:00,107698.1,107505.9
2025-06-26 01:00:00+03:00,107505.9,107280.0
2025-06-26 03:00:00+03:00,107280.1,107570.8
2025-06-26 05:00:00+03:00,107570.7,107809.3
2025-06-26 07:00:00+03:00,107809.4,107588.1
2025-06-26 09:00:00+03:00,107588.2,107768.5
2025-06-26 11:00:00+03:00,107768.6,107263.3
2025-06-26 13:00:00+03:00,107263.3,107272.8
2025-06-26 15:00:00+03:00,107272.8,106905.9
2025-06-26 17:00:00+03:00,106905.9,107260.0
2025-06-26 19:00:00+03:00,107259.9,107136.9
2025-06-26 21:00:00+03:00,107136.9,107476.1
2025-06-26 23:00:00+03:00,107476.0,106969.6
2025-06-27 01:00:00+03:00,106969.5,106913.7
2025-06-27 03:00:00+03:00,106913.8,107069.5
2025-06-27 05:00:00+03:00,107069.6,107428.0
2025-06-27 07:00:00+03:00,107428.1,107211.0
2025-06-27 09:00:00+03:00,107211.0,106816.9
2025-06-27 11:00:00+03:00,106816.9,107042.6
2025-06-27 13:00:00+03:00,107042.6,106943.7
2025-06-27 15:00:00+03:00,106943.7,106775.5
2025-06-27 17:00:00+03:00,106775.6,107261.3
2025-06-27 19:00:00+03:00,107261.2,106809.2
2025-06-27 21:00:00+03:00,106809.2,106748.1
2025-06-27 23:00:00+03:00,106748.2,106998.4
2025-06-28 01:00:00+03:00,106998.5,107010.7
2025-06-28 03:00:00+03:00,107010.6,107022.1
2025-06-28 05:00:00+03:00,107022.2,107248.0
2025-06-28 07:00:00+03:00,107248.0,107242.2
2025-06-28 09:00:00+03:00,107242.2,107433.0
2025-06-28 11:00:00+03:00,107433.1,107251.8
2025-06-28 13:00:00+03:00,107251.9,107320.3
2025-06-28 15:00:00+03:00,107320.2,107066.5
2025-06-28 17:00:00+03:00,107066.5,107407.6
2025-06-28 19:00:00+03:00,107407.7,107424.5
2025-06-28 21:00:00+03:00,107424.6,107162.5
2025-06-28 23:00:00+03:00,107162.5,107270.1
2025-06-29 01:00:00+03:00,107270.0,107241.0
2025-06-29 03:00:00+03:00,107240.9,107269.4
2025-06-29 05:00:00+03:00,107269.4,107156.5
2025-06-29 07:00:00+03:00,107156.5,107260.0
2025-06-29 09:00:00+03:00,107260.0,107367.2
2025-06-29 11:00:00+03:00,107367.3,107852.1
2025-06-29 13:00:00+03:00,107852.1,108448.3
2025-06-29 15:00:00+03:00,108448.3,108013.0
2025-06-29 17:00:00+03:00,108013.1,107686.9
2025-06-29 19:00:00+03:00,107686.9,107485.4
2025-06-29 21:00:00+03:00,107485.5,107346.5
2025-06-29 23:00:00+03:00,107346.5,107499.6
2025-06-30 01:00:00+03:00,107499.6,108309.8
2025-06-30 03:00:00+03:00,108309.8,108455.2
2025-06-30 05:00:00+03:00,108455.2,108466.7
2025-06-30 07:00:00+03:00,108466.8,108232.9
2025-06-30 09:00:00+03:00,108232.8,107562.6
2025-06-30 11:00:00+03:00,107562.6,107428.0
2025-06-30 13:00:00+03:00,107428.0,107608.1
2025-06-30 15:00:00+03:00,107608.1,107481.9
2025-06-30 17:00:00+03:00,107481.8,107525.6
2025-06-30 19:00:00+03:00,107525.7,107422.8
2025-06-30 21:00:00+03:00,107422.7,107689.6
2025-06-30 23:00:00+03:00,107689.6,107066.1
2025-07-01 01:00:00+03:00,107066.1,107087.4
2025-07-01 03:00:00+03:00,107087.3,107171.8
2025-07-01 05:00:00+03:00,107171.7,107149.4
2025-07-01 07:00:00+03:00,107149.4,106891.1
2025-07-01 09:00:00+03:00,106891.0,107134.9
2025-07-01 11:00:00+03:00,107134.8,106502.5
2025-07-01 13:00:00+03:00,106502.5,106556.8
2025-07-01 15:00:00+03:00,106556.8,106766.0
2025-07-01 17:00:00+03:00,106766.0,105908.3
2025-07-01 19:00:00+03:00,105908.3,106200.2
2025-07-01 21:00:00+03:00,106200.2,105340.1
2025-07-01 23:00:00+03:00,105340.1,105732.7
2025-07-02 01:00:00+03:00,105732.6,105637.9
2025-07-02 03:00:00+03:00,105637.9,105668.1
2025-07-02 05:00:00+03:00,105668.0,106140.0
2025-07-02 07:00:00+03:00,106140.0,106584.3
2025-07-02 09:00:00+03:00,106584.3,107026.0
2025-07-02 11:00:00+03:00,107026.1,107591.4
2025-07-02 13:00:00+03:00,107591.4,107439.6
2025-07-02 15:00:00+03:00,107439.7,107724.0
2025-07-02 17:00:00+03:00,107724.1,108695.3
2025-07-02 19:00:00+03:00,108695.4,109082.7
2025-07-02 21:00:00+03:00,109082.7,109621.9
2025-07-02 23:00:00+03:00,109621.8,109402.4
2025-07-03 01:00:00+03:00,109402.4,108800.0
2025-07-03 03:00:00+03:00,108800.0,108935.1
2025-07-03 05:00:00+03:00,108935.1,108594.8
2025-07-03 07:00:00+03:00,108594.8,109290.4
2025-07-03 09:00:00+03:00,109290.4,109235.0
2025-07-03 11:00:00+03:00,109234.9,109894.7
2025-07-03 13:00:00+03:00,109894.6,109551.0
2025-07-03 15:00:00+03:00,109551.1,110220.3
2025-07-03 17:00:00+03:00,110220.3,109089.8
2025-07-03 19:00:00+03:00,109089.9,109504.8
2025-07-03 21:00:00+03:00,109504.8,109743.9
2025-07-03 23:00:00+03:00,109743.8,109744.9
2025-07-04 01:00:00+03:00,109745.0,109545.2
2025-07-04 03:00:00+03:00,109545.1,109455.0
2025-07-04 05:00:00+03:00,109455.0,109195.6
2025-07-04 07:00:00+03:00,109195.7,108958.5
2025-07-04 09:00:00+03:00,108958.5,108661.0
2025-07-04 11:00:00+03:00,108661.1,108946.7
2025-07-04 13:00:00+03:00,108946.6,108842.3
2025-07-04 15:00:00+03:00,108842.2,107918.7
2025-07-04 17:00:00+03:00,107918.7,107534.7
2025-07-04 19:00:00+03:00,107534.6,107824.2
2025-07-04 21:00:00+03:00,107824.9,107429.6
2025-07-04 23:00:00+03:00,107429.6,107859.5
2025-07-05 01:00:00+03:00,107859.5,107935.4
2025-07-05 03:00:00+03:00,107935.3,107939.8
2025-07-05 05:00:00+03:00,107939.7,108093.5
2025-07-05 07:00:00+03:00,108093.4,108082.5
2025-07-05 09:00:00+03:00,108082.6,108000.9
2025-07-05 11:00:00+03:00,108000.8,108033.6
2025-07-05 13:00:00+03:00,108033.5,108059.1
2025-07-05 15:00:00+03:00,108059.2,108077.5
2025-07-05 17:00:00+03:00,108077.5,108012.7
2025-07-05 19:00:00+03:00,108012.6,108044.8
2025-07-05 21:00:00+03:00,108044.9,108092.1
2025-07-05 23:00:00+03:00,108092.2,108028.8
2025-07-06 01:00:00+03:00,108028.7,108153.4
2025-07-06 03:00:00+03:00,108153.4,108155.4
2025-07-06 05:00:00+03:00,108155.3,107996.3
2025-07-06 07:00:00+03:00,107996.2,107941.7
2025-07-06 09:00:00+03:00,107941.8,107991.3
2025-07-06 11:00:00+03:00,107991.4,107792.1
2025-07-06 13:00:00+03:00,107792.0,108017.3
2025-07-06 15:00:00+03:00,108017.3,108713.2
2025-07-06 17:00:00+03:00,108713.2,108856.8
2025-07-06 19:00:00+03:00,108856.8,108865.1
2025-07-06 21:00:00+03:00,108865.0,108493.8
2025-07-06 23:00:00+03:00,108493.8,109161.8
2025-07-07 01:00:00+03:00,109161.8,109145.8
2025-07-07 03:00:00+03:00,109145.8,108966.0
2025-07-07 05:00:00+03:00,108966.1,109348.9
2025-07-07 07:00:00+03:00,109349.0,109027.8
2025-07-07 09:00:00+03:00,109027.8,109016.3
2025-07-07 11:00:00+03:00,109016.3,108797.3
2025-07-07 13:00:00+03:00,108797.3,108599.9
2025-07-07 15:00:00+03:00,108599.8,108478.6
2025-07-07 17:00:00+03:00,108478.6,108249.0
2025-07-07 19:00:00+03:00,108248.9,107900.0
2025-07-07 21:00:00+03:00,107900.0,107999.9
2025-07-07 23:00:00+03:00,107999.9,108116.2
2025-07-08 01:00:00+03:00,108116.1,108203.9
2025-07-08 03:00:00+03:00,108203.9,107650.0
2025-07-08 05:00:00+03:00,107650.1,107852.6
2025-07-08 07:00:00+03:00,107852.5,108159.1
2025-07-08 09:00:00+03:00,108159.2,108440.7
2025-07-08 11:00:00+03:00,108440.7,108405.7
2025-07-08 13:00:00+03:00,108405.7,108713.1
2025-07-08 15:00:00+03:00,108713.2,108977.6
2025-07-08 17:00:00+03:00,108977.6,108217.0
2025-07-08 19:00:00+03:00,108217.0,108946.1
2025-07-08 21:00:00+03:00,108946.0,108723.6
2025-07-08 23:00:00+03:00,108723.6,108847.1
2025-07-09 01:00:00+03:00,108847.1,108873.1
2025-07-09 03:00:00+03:00,108873.2,108730.1
2025-07-09 05:00:00+03:00,108730.0,108311.9
2025-07-09 07:00:00+03:00,108311.9,108729.1
2025-07-09 09:00:00+03:00,108729.0,108674.8
2025-07-09 11:00:00+03:00,108674.7,108703.6
2025-07-09 13:00:00+03:00,108703.6,109008.3
2025-07-09 15:00:00+03:00,109008.3,109136.9
2025-07-09 17:00:00+03:00,109136.8,109020.0
2025-07-09 19:00:00+03:00,109019.9,109108.4
2025-07-09 21:00:00+03:00,109108.4,111718.8
2025-07-09 23:00:00+03:00,111718.8,110785.8
2025-07-10 01:00:00+03:00,110785.7,111199.9
2025-07-10 03:00:00+03:00,111199.8,111148.3
2025-07-10 05:00:00+03:00,111148.3,111028.2
2025-07-10 07:00:00+03:00,111028.3,111058.4
2025-07-10 09:00:00+03:00,111058.4,111186.1
2025-07-10 11:00:00+03:00,111186.2,110997.8
2025-07-10 13:00:00+03:00,110997.8,110972.2
2025-07-10 15:00:00+03:00,110972.1,110750.0
2025-07-10 17:00:00+03:00,110750.0,111350.0
2025-07-10 19:00:00+03:00,111350.0,113682.2
2025-07-10 21:00:00+03:00,113682.2,113246.1
2025-07-10 23:00:00+03:00,113246.1,116459.4
2025-07-11 01:00:00+03:00,116459.5,115979.2
2025-07-11 03:00:00+03:00,115979.2,115934.7
2025-07-11 05:00:00+03:00,115934.7,116839.5
2025-07-11 07:00:00+03:00,116839.5,117819.8
2025-07-11 09:00:00+03:00,117819.7,117522.7
2025-07-11 11:00:00+03:00,117522.7,118452.5
2025-07-11 13:00:00+03:00,118452.5,117790.1
2025-07-11 15:00:00+03:00,117790.0,117967.1
2025-07-11 17:00:00+03:00,117967.0,116910.3
2025-07-11 19:00:00+03:00,116910.3,117625.1
2025-07-11 21:00:00+03:00,117625.1,118072.7
2025-07-11 23:00:00+03:00,118072.7,117585.8
2025-07-12 01:00:00+03:00,117585.8,117500.0
2025-07-12 03:00:00+03:00,117500.0,117618.6
2025-07-12 05:00:00+03:00,117618.6,117730.0
2025-07-12 07:00:00+03:00,117730.0,117640.4
2025-07-12 09:00:00+03:00,117640.3,117689.7
2025-07-12 11:00:00+03:00,117689.6,118119.8
2025-07-12 13:00:00+03:00,118119.8,117773.6
2025-07-12 15:00:00+03:00,117773.5,117476.1
2025-07-12 17:00:00+03:00,117476.1,117075.6
2025-07-12 19:00:00+03:00,117075.6,117438.6
2025-07-12 21:00:00+03:00,117438.5,117525.7
2025-07-12 23:00:00+03:00,117525.7,117455.5
2025-07-13 01:00:00+03:00,117455.6,117389.3
2025-07-13 03:00:00+03:00,117389.4,117510.8
2025-07-13 05:00:00+03:00,117510.8,117711.5
2025-07-13 07:00:00+03:00,117711.6,117714.9
2025-07-13 09:00:00+03:00,117714.9,117950.0
2025-07-13 11:00:00+03:00,117950.0,117700.1
2025-07-13 13:00:00+03:00,117700.0,118036.1
2025-07-13 15:00:00+03:00,118036.0,118550.0
2025-07-13 17:00:00+03:00,118550.0,118610.6
2025-07-13 19:00:00+03:00,118610.6,118640.4
2025-07-13 21:00:00+03:00,118640.3,118923.0
2025-07-13 23:00:00+03:00,118922.9,118593.1
2025-07-14 01:00:00+03:00,118593.0,119038.3
2025-07-14 03:00:00+03:00,119038.3,119052.2
2025-07-14 05:00:00+03:00,119052.2,120733.2
2025-07-14 07:00:00+03:00,120733.2,122447.4
2025-07-14 09:00:00+03:00,122447.4,122731.0
2025-07-14 11:00:00+03:00,122731.0,121979.9
2025-07-14 13:00:00+03:00,121980.0,121474.5
2025-07-14 15:00:00+03:00,121474.5,121679.2
2025-07-14 17:00:00+03:00,121679.3,119863.1
2025-07-14 19:00:00+03:00,119863.1,119885.2
2025-07-14 21:00:00+03:00,119885.2,119920.0
2025-07-14 23:00:00+03:00,119920.3,120000.1
2025-07-15 01:00:00+03:00,120000.1,119816.5
2025-07-15 03:00:00+03:00,119816.5,118491.3
2025-07-15 05:00:00+03:00,118491.4,117209.2
2025-07-15 07:00:00+03:00,117209.2,117325.3
2025-07-15 09:00:00+03:00,117325.2,116777.1
2025-07-15 11:00:00+03:00,116777.1,116764.9
2025-07-15 13:00:00+03:00,116765.0,117110.4
2025-07-15 15:00:00+03:00,117110.4,118067.7
2025-07-15 17:00:00+03:00,118067.8,116393.0
2025-07-15 19:00:00+03:00,116393.1,117415.6
2025-07-15 21:00:00+03:00,117415.6,116428.9
2025-07-15 23:00:00+03:00,116428.8,117542.4
2025-07-16 01:00:00+03:00,117542.4,117738.5
2025-07-16 03:00:00+03:00,117738.6,117726.7
2025-07-16 05:00:00+03:00,117726.7,117477.6
2025-07-16 07:00:00+03:00,117477.7,117858.5
2025-07-16 09:00:00+03:00,117858.5,118181.2
2025-07-16 11:00:00+03:00,118181.2,119188.9
2025-07-16 13:00:00+03:00,119188.9,118755.1
2025-07-16 15:00:00+03:00,118755.1,118651.3
2025-07-16 17:00:00+03:00,118651.2,119056.0
2025-07-16 19:00:00+03:00,119055.9,119039.4
2025-07-16 21:00:00+03:00,119039.4,119186.7
2025-07-16 23:00:00+03:00,119186.7,119254.7
2025-07-17 01:00:00+03:00,119254.7,118590.7
2025-07-17 03:00:00+03:00,118590.7,118115.0
2025-07-17 05:00:00+03:00,118115.0,118090.9
2025-07-17 07:00:00+03:00,118090.8,118550.0
2025-07-17 09:00:00+03:00,118550.0,118293.9
2025-07-17 11:00:00+03:00,118293.8,118758.6
2025-07-17 13:00:00+03:00,118758.6,117968.9
2025-07-17 15:00:00+03:00,117968.8,118261.6
2025-07-17 17:00:00+03:00,118261.2,118875.0
2025-07-17 19:00:00+03:00,118875.0,119255.3
2025-07-17 21:00:00+03:00,119255.4,118948.8
2025-07-17 23:00:00+03:00,118948.8,120254.8
2025-07-18 01:00:00+03:00,120254.8,119176.6
2025-07-18 03:00:00+03:00,119176.5,120346.1
2025-07-18 05:00:00+03:00,120346.1,120212.8
2025-07-18 07:00:00+03:00,120212.8,120588.3
2025-07-18 09:00:00+03:00,120588.3,119356.6
2025-07-18 11:00:00+03:00,119356.5,118885.0
2025-07-18 13:00:00+03:00,118885.0,119175.5
2025-07-18 15:00:00+03:00,119175.5,118766.8
2025-07-18 17:00:00+03:00,118766.9,117830.0
2025-07-18 19:00:00+03:00,117830.1,117580.0
2025-07-18 21:00:00+03:00,117580.0,117361.6
2025-07-18 23:00:00+03:00,117361.7,117648.3
2025-07-19 01:00:00+03:00,117648.3,117896.4
2025-07-19 03:00:00+03:00,117896.5,118010.0
2025-07-19 05:00:00+03:00,118010.0,118295.2
2025-07-19 07:00:00+03:00,118295.3,118174.0
2025-07-19 09:00:00+03:00,118173.9,118135.0
2025-07-19 11:00:00+03:00,118134.9,118205.1
2025-07-19 13:00:00+03:00,118205.1,118300.0
2025-07-19 15:00:00+03:00,118300.0,118167.0
2025-07-19 17:00:00+03:00,118167.0,118025.6
2025-07-19 19:00:00+03:00,118025.6,117786.5
2025-07-19 21:00:00+03:00,117786.4,117978.3
2025-07-19 23:00:00+03:00,117978.4,117666.1
2025-07-20 01:00:00+03:00,117666.0,117814.4
2025-07-20 03:00:00+03:00,117814.3,117908.8
2025-07-20 05:00:00+03:00,117908.9,117934.1
2025-07-20 07:00:00+03:00,117934.2,117822.7
2025-07-20 09:00:00+03:00,117822.7,117984.3
2025-07-20 11:00:00+03:00,117984.3,117891.5
2025-07-20 13:00:00+03:00,117891.5,117869.2
2025-07-20 15:00:00+03:00,117869.2,118378.7
2025-07-20 17:00:00+03:00,118378.7,118669.3
2025-07-20 19:00:00+03:00,118669.4,118003.4
2025-07-20 21:00:00+03:00,118003.4,118131.2
2025-07-20 23:00:00+03:00,118131.2,117982.9
2025-07-21 01:00:00+03:00,117982.8,117216.0
2025-07-21 03:00:00+03:00,117216.1,117262.9
2025-07-21 05:00:00+03:00,117262.8,118374.8
2025-07-21 07:00:00+03:00,118374.8,118397.9
2025-07-21 09:00:00+03:00,118397.8,119352.2
2025-07-21 11:00:00+03:00,119352.3,118680.1
2025-07-21 13:00:00+03:00,118680.0,118045.0
2025-07-21 15:00:00+03:00,118044.9,118805.9
2025-07-21 17:00:00+03:00,118805.8,118304.1
2025-07-21 19:00:00+03:00,118304.2,117815.3
2025-07-21 21:00:00+03:00,117815.2,116724.7
2025-07-21 23:00:00+03:00,116724.7,117171.7
2025-07-22 01:00:00+03:00,117171.8,117330.2
2025-07-22 03:00:00+03:00,117330.2,117700.0
2025-07-22 05:00:00+03:00,117700.1,117177.0
2025-07-22 07:00:00+03:00,117176.9,117289.3
2025-07-22 09:00:00+03:00,117289.5,117959.5
2025-07-22 11:00:00+03:00,117959.5,118356.3
2025-07-22 13:00:00+03:00,118356.3,119142.2
2025-07-22 15:00:00+03:00,119142.2,118135.1
2025-07-22 17:00:00+03:00,118135.1,118899.8
2025-07-22 19:00:00+03:00,118899.8,119196.0
2025-07-22 21:00:00+03:00,119196.0,119286.5
2025-07-22 23:00:00+03:00,119286.6,119424.3
2025-07-23 01:00:00+03:00,119424.3,119993.7
2025-07-23 03:00:00+03:00,119993.7,119521.7
2025-07-23 05:00:00+03:00,119521.8,118620.8
2025-07-23 07:00:00+03:00,118620.7,118618.6
2025-07-23 09:00:00+03:00,118618.7,118327.0
2025-07-23 11:00:00+03:00,118326.9,118002.0
2025-07-23 13:00:00+03:00,118002.1,118484.8
2025-07-23 15:00:00+03:00,118484.7,117336.7
2025-07-23 17:00:00+03:00,117336.7,118531.0
2025-07-23 19:00:00+03:00,118530.9,118078.9
2025-07-23 21:00:00+03:00,118078.9,118344.4
2025-07-23 23:00:00+03:00,118344.4,118144.0
2025-07-24 01:00:00+03:00,118143.9,118713.5
2025-07-24 03:00:00+03:00,118713.4,119060.3
2025-07-24 05:00:00+03:00,119060.2,118451.5
2025-07-24 07:00:00+03:00,118451.6,117556.7
2025-07-24 09:00:00+03:00,117556.6,118368.0
2025-07-24 11:00:00+03:00,118368.1,118460.2
2025-07-24 13:00:00+03:00,118460.2,118558.0
2025-07-24 15:00:00+03:00,118558.0,118171.2
2025-07-24 17:00:00+03:00,118171.2,119074.1
2025-07-24 19:00:00+03:00,119074.1,119093.2
2025-07-24 21:00:00+03:00,119093.1,118902.0
2025-07-24 23:00:00+03:00,118902.0,118485.4
2025-07-25 01:00:00+03:00,118485.4,118294.3
2025-07-25 03:00:00+03:00,118294.4,117334.7
2025-07-25 05:00:00+03:00,117334.6,115384.6
2025-07-25 07:00:00+03:00,115384.7,115481.2
2025-07-25 09:00:00+03:00,115481.2,115288.8
2025-07-25 11:00:00+03:00,115288.9,116025.3
2025-07-25 13:00:00+03:00,116025.3,116504.6
2025-07-25 15:00:00+03:00,116504.6,116195.5
2025-07-25 17:00:00+03:00,116195.5,115687.4
2025-07-25 19:00:00+03:00,115687.4,116002.0
2025-07-25 21:00:00+03:00,116002.0,116649.6
2025-07-25 23:00:00+03:00,116649.6,117183.3
2025-07-26 01:00:00+03:00,117183.3,117583.5
2025-07-26 03:00:00+03:00,117583.4,117143.8
2025-07-26 05:00:00+03:00,117143.8,117455.8
2025-07-26 07:00:00+03:00,117455.8,117415.1
2025-07-26 09:00:00+03:00,117415.1,117288.1
2025-07-26 11:00:00+03:00,117288.0,117547.4
2025-07-26 13:00:00+03:00,117547.4,117758.0
2025-07-26 15:00:00+03:00,117758.1,118099.4
2025-07-26 17:00:00+03:00,118099.4,118111.1
2025-07-26 19:00:00+03:00,118111.1,118009.4
2025-07-26 21:00:00+03:00,118009.4,118209.0
2025-07-26 23:00:00+03:00,118209.1,118013.2
2025-07-27 01:00:00+03:00,118013.2,117889.2
2025-07-27 03:00:00+03:00,117889.3,118063.6
2025-07-27 05:00:00+03:00,118063.7,118162.0
2025-07-27 07:00:00+03:00,118161.9,118258.2
2025-07-27 09:00:00+03:00,118258.3,118083.6
2025-07-27 11:00:00+03:00,118083.5,117913.7
2025-07-27 13:00:00+03:00,117913.6,118053.4
2025-07-27 15:00:00+03:00,118053.3,118182.3
2025-07-27 17:00:00+03:00,118182.3,118580.8
2025-07-27 19:00:00+03:00,118580.9,119184.4
2025-07-27 21:00:00+03:00,119184.4,118953.3
2025-07-27 23:00:00+03:00,118953.3,119257.3
2025-07-28 01:00:00+03:00,119257.3,119423.4
2025-07-28 03:00:00+03:00,119423.5,119031.6
2025-07-28 05:00:00+03:00,119031.6,119269.7
2025-07-28 07:00:00+03:00,119269.6,119517.1
2025-07-28 09:00:00+03:00,119517.1,118873.2
2025-07-28 11:00:00+03:00,118873.1,118920.9
2025-07-28 13:00:00+03:00,118920.9,118813.3
2025-07-28 15:00:00+03:00,118813.4,118412.0
2025-07-28 17:00:00+03:00,118411.9,118152.8
2025-07-28 19:00:00+03:00,118152.9,117650.0
2025-07-28 21:00:00+03:00,117649.9,118050.0
2025-07-28 23:00:00+03:00,118050.0,118081.5
2025-07-29 01:00:00+03:00,118081.6,118041.4
2025-07-29 03:00:00+03:00,118041.5,117738.6
2025-07-29 05:00:00+03:00,117738.6,118745.6
2025-07-29 07:00:00+03:00,118745.6,118766.0
2025-07-29 09:00:00+03:00,118766.0,118856.2
2025-07-29 11:00:00+03:00,118856.2,118750.0
2025-07-29 13:00:00+03:00,118749.9,118560.0
2025-07-29 15:00:00+03:00,118560.0,118589.9
2025-07-29 17:00:00+03:00,118590.0,117345.7
2025-07-29 19:00:00+03:00,117345.7,117723.5
2025-07-29 21:00:00+03:00,117723.5,117484.9
2025-07-29 23:00:00+03:00,117485.5,117555.1
2025-07-30 01:00:00+03:00,117555.1,117897.0
2025-07-30 03:00:00+03:00,117897.1,117805.1
2025-07-30 05:00:00+03:00,117805.2,118106.5
2025-07-30 07:00:00+03:00,118106.5,117948.2
2025-07-30 09:00:00+03:00,117948.2,118083.1
2025-07-30 11:00:00+03:00,118083.2,118126.4
2025-07-30 13:00:00+03:00,118126.4,117526.7
2025-07-30 15:00:00+03:00,117526.6,117624.5
2025-07-30 17:00:00+03:00,117624.6,117950.0
2025-07-30 19:00:00+03:00,117949.9,117748.1
2025-07-30 21:00:00+03:00,117748.1,116865.2
2025-07-30 23:00:00+03:00,116865.2,117280.0
2025-07-31 01:00:00+03:00,117280.0,117771.0
2025-07-31 03:00:00+03:00,117771.1,118025.2
2025-07-31 05:00:00+03:00,118025.1,118429.0
2025-07-31 07:00:00+03:00,118429.0,118320.0
2025-07-31 09:00:00+03:00,118320.0,118624.1
2025-07-31 11:00:00+03:00,118624.0,118562.4
2025-07-31 13:00:00+03:00,118562.4,118330.9
2025-07-31 15:00:00+03:00,118330.9,118506.2
2025-07-31 17:00:00+03:00,118506.1,118259.3
2025-07-31 19:00:00+03:00,118259.4,117712.1
2025-07-31 21:00:00+03:00,117712.2,116718.9
2025-07-31 23:00:00+03:00,116718.9,116479.0
2025-08-01 01:00:00+03:00,116478.9,115697.3
2025-08-01 03:00:00+03:00,115697.3,115270.2
2025-08-01 05:00:00+03:00,115270.0,115595.7
2025-08-01 07:00:00+03:00,115595.6,115511.4
2025-08-01 09:00:00+03:00,115511.4,115015.1
2025-08-01 11:00:00+03:00,115015.1,114890.3
2025-08-01 13:00:00+03:00,114890.4,115246.6
2025-08-01 15:00:00+03:00,115246.5,114304.7
2025-08-01 17:00:00+03:00,114304.7,115305.3
2025-08-01 19:00:00+03:00,115305.3,114387.3
2025-08-01 21:00:00+03:00,114387.2,113278.5
2025-08-01 23:00:00+03:00,113278.4,113833.9
2025-08-02 01:00:00+03:00,113834.0,113244.8
2025-08-02 03:00:00+03:00,113244.8,113620.1
2025-08-02 05:00:00+03:00,113620.0,113859.9
2025-08-02 07:00:00+03:00,113860.0,113929.1
2025-08-02 09:00:00+03:00,113929.1,113919.9
2025-08-02 11:00:00+03:00,113920.0,113634.3
2025-08-02 13:00:00+03:00,113634.4,113732.5
2025-08-02 15:00:00+03:00,113732.6,113410.1
2025-08-02 17:00:00+03:00,113410.1,112798.6
2025-08-02 19:00:00+03:00,112798.6,112689.4
2025-08-02 21:00:00+03:00,112689.4,112175.5
2025-08-02 23:00:00+03:00,112175.5,112814.0
2025-08-03 01:00:00+03:00,112814.1,112508.8
2025-08-03 03:00:00+03:00,112508.8,113050.3
2025-08-03 05:00:00+03:00,113050.4,113550.9
2025-08-03 07:00:00+03:00,113550.9,113570.3
2025-08-03 09:00:00+03:00,113570.4,113647.2
2025-08-03 11:00:00+03:00,113647.2,113612.4
2025-08-03 13:00:00+03:00,113612.4,113810.1
2025-08-03 15:00:00+03:00,113810.0,113896.9
2025-08-03 17:00:00+03:00,113897.0,113904.3
2025-08-03 19:00:00+03:00,113904.3,114068.9
2025-08-03 21:00:00+03:00,114068.9,114259.0
2025-08-03 23:00:00+03:00,114259.1,114378.8
2025-08-04 01:00:00+03:00,114378.8,114150.8
2025-08-04 03:00:00+03:00,114150.9,114637.8
2025-08-04 05:00:00+03:00,114637.8,114520.2
2025-08-04 07:00:00+03:00,114520.3,114335.6
2025-08-04 09:00:00+03:00,114335.7,114607.0
2025-08-04 11:00:00+03:00,114607.0,114273.0
2025-08-04 13:00:00+03:00,114272.9,114450.0
2025-08-04 15:00:00+03:00,114450.1,114870.1
2025-08-04 17:00:00+03:00,114870.0,114766.3
2025-08-04 19:00:00+03:00,114766.4,115149.9
2025-08-04 21:00:00+03:00,115149.8,114724.0
2025-08-04 23:00:00+03:00,114724.0,115066.3
2025-08-05 01:00:00+03:00,115066.2,115002.1
2025-08-05 03:00:00+03:00,115002.1,114668.3
2025-08-05 05:00:00+03:00,114668.2,114215.0
2025-08-05 07:00:00+03:00,114214.9,114373.8
2025-08-05 09:00:00+03:00,114373.8,113924.7
2025-08-05 11:00:00+03:00,113924.7,114649.7
2025-08-05 13:00:00+03:00,114649.7,114782.0
2025-08-05 15:00:00+03:00,114782.1,114322.6
2025-08-05 17:00:00+03:00,114322.6,112871.8
2025-08-05 19:00:00+03:00,112871.7,113579.7
2025-08-05 21:00:00+03:00,113579.7,113573.1
2025-08-05 23:00:00+03:00,113573.8,113544.0
2025-08-06 01:00:00+03:00,113544.0,114069.6
2025-08-06 03:00:00+03:00,114069.6,113777.3
2025-08-06 05:00:00+03:00,113777.2,113470.1
2025-08-06 07:00:00+03:00,113470.2,114114.8
2025-08-06 09:00:00+03:00,114114.8,114179.2
2025-08-06 11:00:00+03:00,114179.2,114049.6
2025-08-06 13:00:00+03:00,114049.5,114188.0
2025-08-06 15:00:00+03:00,114187.9,114218.6
2025-08-06 17:00:00+03:00,114218.5,115366.3
2025-08-06 19:00:00+03:00,115366.2,115465.6
2025-08-06 21:00:00+03:00,115465.6,115215.1
2025-08-06 23:00:00+03:00,115215.0,115010.5
2025-08-07 01:00:00+03:00,115010.5,114941.0
2025-08-07 03:00:00+03:00,114941.0,114703.6
2025-08-07 05:00:00+03:00,114703.6,114500.8
2025-08-07 07:00:00+03:00,114500.9,114530.0
2025-08-07 09:00:00+03:00,114529.9,114751.1
2025-08-07 11:00:00+03:00,114751.2,115020.4
2025-08-07 13:00:00+03:00,115020.5,116469.1
2025-08-07 15:00:00+03:00,116469.1,116590.7
2025-08-07 17:00:00+03:00,116590.7,116634.6
2025-08-07 19:00:00+03:00,116634.6,116451.2
2025-08-07 21:00:00+03:00,116451.2,117407.6
2025-08-07 23:00:00+03:00,117407.5,117029.9
2025-08-08 01:00:00+03:00,117029.9,117419.9
2025-08-08 03:00:00+03:00,117419.9,116843.0
2025-08-08 05:00:00+03:00,116843.0,116692.2
2025-08-08 07:00:00+03:00,116692.2,116484.0
2025-08-08 09:00:00+03:00,116484.0,116772.0
2025-08-08 11:00:00+03:00,116772.0,116628.9
2025-08-08 13:00:00+03:00,116628.9,116840.5
2025-08-08 15:00:00+03:00,116840.6,116862.8
2025-08-08 17:00:00+03:00,116862.9,116162.0
2025-08-08 19:00:00+03:00,116162.1,116665.9
2025-08-08 21:00:00+03:00,116665.9,116384.4
2025-08-08 23:00:00+03:00,116384.4,116883.0
2025-08-09 01:00:00+03:00,116883.1,116628.2
2025-08-09 03:00:00+03:00,116628.2,116517.0
2025-08-09 05:00:00+03:00,116517.0,116331.5
2025-08-09 07:00:00+03:00,116331.6,116684.6
2025-08-09 09:00:00+03:00,116684.6,116703.2
2025-08-09 11:00:00+03:00,116703.3,117473.3
2025-08-09 13:00:00+03:00,117473.3,117064.9
2025-08-09 15:00:00+03:00,117065.0,116914.9
2025-08-09 17:00:00+03:00,116914.9,116835.6
2025-08-09 19:00:00+03:00,116835.5,116627.1
2025-08-09 21:00:00+03:00,116627.0,116499.9
2025-08-09 23:00:00+03:00,116499.9,116479.0
2025-08-10 01:00:00+03:00,116479.0,116422.1
2025-08-10 03:00:00+03:00,116422.1,116535.1
2025-08-10 05:00:00+03:00,116535.0,118480.1
2025-08-10 07:00:00+03:00,118480.0,117999.9
2025-08-10 09:00:00+03:00,118000.0,117770.0
2025-08-10 11:00:00+03:00,117770.0,118246.7
2025-08-10 13:00:00+03:00,118246.7,118295.9
2025-08-10 15:00:00+03:00,118295.9,118410.5
2025-08-10 17:00:00+03:00,118410.6,118766.0
2025-08-10 19:00:00+03:00,118766.0,118489.5
2025-08-10 21:00:00+03:00,118489.6,118624.5
2025-08-10 23:00:00+03:00,118624.6,118678.0
2025-08-11 01:00:00+03:00,118678.0,119255.3
2025-08-11 03:00:00+03:00,119255.3,120050.1
2025-08-11 05:00:00+03:00,120050.0,121700.1
2025-08-11 07:00:00+03:00,121700.1,122042.3
2025-08-11 09:00:00+03:00,122042.3,121534.8
2025-08-11 11:00:00+03:00,121534.9,121412.3
2025-08-11 13:00:00+03:00,121412.4,120545.0
2025-08-11 15:00:00+03:00,120545.0,119970.0
2025-08-11 17:00:00+03:00,119969.9,120271.2
2025-08-11 19:00:00+03:00,120271.2,119469.7
2025-08-11 21:00:00+03:00,119469.7,119035.3
2025-08-11 23:00:00+03:00,119035.2,118671.3
2025-08-12 01:00:00+03:00,118671.3,118641.9
2025-08-12 03:00:00+03:00,118641.8,118924.4
2025-08-12 05:00:00+03:00,118924.5,118813.1
2025-08-12 07:00:00+03:00,118813.2,118783.0
2025-08-12 09:00:00+03:00,118783.1,118931.9
2025-08-12 11:00:00+03:00,118931.9,118359.9
2025-08-12 13:00:00+03:00,118360.0,118464.1
2025-08-12 15:00:00+03:00,118464.2,118806.6
2025-08-12 17:00:00+03:00,118806.6,119888.0
2025-08-12 19:00:00+03:00,119888.0,119222.1
2025-08-12 21:00:00+03:00,119222.2,119600.3
2025-08-12 23:00:00+03:00,119600.3,119854.0
2025-08-13 01:00:00+03:00,119854.1,120081.0
2025-08-13 03:00:00+03:00,120080.9,119422.6
2025-08-13 05:00:00+03:00,119422.5,119436.0
2025-08-13 07:00:00+03:00,119436.0,119029.9
2025-08-13 09:00:00+03:00,119029.9,119540.3
2025-08-13 11:00:00+03:00,119540.3,120082.8
2025-08-13 13:00:00+03:00,120082.7,120538.5
2025-08-13 15:00:00+03:00,120538.4,121777.3
2025-08-13 17:00:00+03:00,121777.3,120897.2
2025-08-13 19:00:00+03:00,120897.3,121774.6
2025-08-13 21:00:00+03:00,121774.6,122719.9
2025-08-13 23:00:00+03:00,122720.0,122581.1
2025-08-14 01:00:00+03:00,122581.0,123323.9
2025-08-14 03:00:00+03:00,123323.9,123367.8
2025-08-14 05:00:00+03:00,123367.7,123405.2
2025-08-14 07:00:00+03:00,123405.1,122166.0
2025-08-14 09:00:00+03:00,122166.0,121742.4
2025-08-14 11:00:00+03:00,121742.3,121646.0
2025-08-14 13:00:00+03:00,121646.1,120947.9
2025-08-14 15:00:00+03:00,120947.8,118364.7
2025-08-14 17:00:00+03:00,118364.7,118185.9
2025-08-14 19:00:00+03:00,118185.9,117878.7
2025-08-14 21:00:00+03:00,117878.7,117889.5
2025-08-14 23:00:00+03:00,117889.4,117843.7
2025-08-15 01:00:00+03:00,117843.6,118242.2
2025-08-15 03:00:00+03:00,118242.2,118620.8
2025-08-15 05:00:00+03:00,118620.7,118918.1
2025-08-15 07:00:00+03:00,118918.1,118939.3
2025-08-15 09:00:00+03:00,118939.2,118908.3
2025-08-15 11:00:00+03:00,118908.4,118665.8
2025-08-15 13:00:00+03:00,118665.8,118950.0
2025-08-15 15:00:00+03:00,118950.1,117721.9
2025-08-15 17:00:00+03:00,117723.2,117216.8
2025-08-15 19:00:00+03:00,117216.8,117543.8
2025-08-15 21:00:00+03:00,117543.9,116900.0
2025-08-15 23:00:00+03:00,116900.0,117273.6
2025-08-16 01:00:00+03:00,117273.6,117279.2
2025-08-16 03:00:00+03:00,117279.1,117778.4
2025-08-16 05:00:00+03:00,117778.5,117385.0
2025-08-16 07:00:00+03:00,117385.0,117550.4
2025-08-16 09:00:00+03:00,117550.4,117549.9
2025-08-16 11:00:00+03:00,117550.0,117260.1
2025-08-16 13:00:00+03:00,117260.1,117340.4
2025-08-16 15:00:00+03:00,117340.5,117579.1
2025-08-16 17:00:00+03:00,117579.1,117626.9
2025-08-16 19:00:00+03:00,117627.0,117658.2
2025-08-16 21:00:00+03:00,117658.2,117622.3
2025-08-16 23:00:00+03:00,117622.3,117399.7
2025-08-17 01:00:00+03:00,117399.8,117329.7
2025-08-17 03:00:00+03:00,117329.8,117383.7
2025-08-17 05:00:00+03:00,117383.8,117627.4
2025-08-17 07:00:00+03:00,117627.3,117945.5
2025-08-17 09:00:00+03:00,117945.6,117949.9
2025-08-17 11:00:00+03:00,117950.0,118278.6
2025-08-17 13:00:00+03:00,118278.5,118253.9
2025-08-17 15:00:00+03:00,118254.0,118391.0
2025-08-17 17:00:00+03:00,118391.0,118191.0
2025-08-17 19:00:00+03:00,118191.0,117846.2
2025-08-17 21:00:00+03:00,117846.3,117527.0
2025-08-17 23:00:00+03:00,117527.0,117648.1
2025-08-18 01:00:00+03:00,117648.1,117353.8
2025-08-18 03:00:00+03:00,117353.9,116214.0
2025-08-18 05:00:00+03:00,116214.0,115264.9
2025-08-18 07:00:00+03:00,115264.8,115640.1
2025-08-18 09:00:00+03:00,115640.0,115153.2
2025-08-18 11:00:00+03:00,115153.2,114999.9
2025-08-18 13:00:00+03:00,115000.0,114900.0
2025-08-18 15:00:00+03:00,114900.1,114790.8
2025-08-18 17:00:00+03:00,114790.8,116099.4
2025-08-18 19:00:00+03:00,116099.4,116371.1
2025-08-18 21:00:00+03:00,116371.1,116273.4
2025-08-18 23:00:00+03:00,116273.4,116609.9
2025-08-19 01:00:00+03:00,116610.0,116183.6
2025-08-19 03:00:00+03:00,116183.6,115760.6
2025-08-19 05:00:00+03:00,115760.5,114756.6
2025-08-19 07:00:00+03:00,114756.7,114926.0
2025-08-19 09:00:00+03:00,114926.0,114928.7
2025-08-19 11:00:00+03:00,114928.7,115281.5
2025-08-19 13:00:00+03:00,115281.5,115461.0
2025-08-19 15:00:00+03:00,115461.0,115151.3
2025-08-19 17:00:00+03:00,115151.3,113730.0
2025-08-19 19:00:00+03:00,113730.1,113459.8
2025-08-19 21:00:00+03:00,113459.9,113078.3
2025-08-19 23:00:00+03:00,113078.2,113365.0
2025-08-20 01:00:00+03:00,113364.9,112824.2
2025-08-20 03:00:00+03:00,112824.1,112963.1
2025-08-20 05:00:00+03:00,112963.0,113465.4
2025-08-20 07:00:00+03:00,113465.4,113671.7
2025-08-20 09:00:00+03:00,113671.8,113436.7
2025-08-20 11:00:00+03:00,113436.7,113650.1
2025-08-20 13:00:00+03:00,113650.1,113627.5
2025-08-20 15:00:00+03:00,113627.4,112632.7
2025-08-20 17:00:00+03:00,112632.7,113297.0
2025-08-20 19:00:00+03:00,113296.9,114150.0
2025-08-20 21:00:00+03:00,114150.0,114216.3
2025-08-20 23:00:00+03:00,114216.3,114297.2
2025-08-21 01:00:00+03:00,114297.3,114220.5
2025-08-21 03:00:00+03:00,114220.5,114684.0
2025-08-21 05:00:00+03:00,114684.0,113912.1
2025-08-21 07:00:00+03:00,113912.0,113934.7
2025-08-21 09:00:00+03:00,113934.8,113836.8
2025-08-21 11:00:00+03:00,113836.8,113332.5
2025-08-21 13:00:00+03:00,113332.5,113100.2
2025-08-21 15:00:00+03:00,113100.0,113450.0
2025-08-21 17:00:00+03:00,113450.0,112748.9
2025-08-21 19:00:00+03:00,112748.8,112375.9
2025-08-21 21:00:00+03:00,112376.0,112152.8
2025-08-21 23:00:00+03:00,112152.8,112581.7
2025-08-22 01:00:00+03:00,112581.8,112462.2
2025-08-22 03:00:00+03:00,112462.2,112791.1
2025-08-22 05:00:00+03:00,112791.1,112889.9
2025-08-22 07:00:00+03:00,112890.0,113197.1
2025-08-22 09:00:00+03:00,113197.2,113040.1
2025-08-22 11:00:00+03:00,113040.0,113009.9
2025-08-22 13:00:00+03:00,113010.0,112272.8
2025-08-22 15:00:00+03:00,112272.9,112434.1
2025-08-22 17:00:00+03:00,112434.0,116319.3
2025-08-22 19:00:00+03:00,116319.4,116972.9
2025-08-22 21:00:00+03:00,116972.8,116625.5
2025-08-22 23:00:00+03:00,116625.4,116978.4
2025-08-23 01:00:00+03:00,116978.4,116897.5
2025-08-23 03:00:00+03:00,116897.5,116400.0
2025-08-23 05:00:00+03:00,116399.9,115522.5
2025-08-23 07:00:00+03:00,115522.6,115920.0
2025-08-23 09:00:00+03:00,115919.9,115769.9
2025-08-23 11:00:00+03:00,115770.0,115740.5
2025-08-23 13:00:00+03:00,115740.5,115266.7
2025-08-23 15:00:00+03:00,115266.8,114817.2
2025-08-23 17:00:00+03:00,114817.3,114776.5
2025-08-23 19:00:00+03:00,114776.4,115049.9
2025-08-23 21:00:00+03:00,115050.0,115104.9
2025-08-23 23:00:00+03:00,115104.9,114979.2
2025-08-24 01:00:00+03:00,114979.3,115377.1
2025-08-24 03:00:00+03:00,115377.1,115431.7
2025-08-24 05:00:00+03:00,115431.7,115006.5
2025-08-24 07:00:00+03:00,115006.5,114970.9
2025-08-24 09:00:00+03:00,114970.9,114854.8
2025-08-24 11:00:00+03:00,114854.9,114823.3
2025-08-24 13:00:00+03:00,114823.4,114702.0
2025-08-24 15:00:00+03:00,114701.9,114534.9
2025-08-24 17:00:00+03:00,114535.0,114372.6
2025-08-24 19:00:00+03:00,114372.7,114403.4
2025-08-24 21:00:00+03:00,114403.4,112556.4
2025-08-24 23:00:00+03:00,112556.4,112947.2
2025-08-25 01:00:00+03:00,112947.2,113446.3
2025-08-25 03:00:00+03:00,113446.2,113028.9
2025-08-25 05:00:00+03:00,113028.9,112867.7
2025-08-25 07:00:00+03:00,112867.8,112297.3
2025-08-25 09:00:00+03:00,112297.3,111469.7
2025-08-25 11:00:00+03:00,111469.7,111747.6
2025-08-25 13:00:00+03:00,111747.6,111183.7
2025-08-25 15:00:00+03:00,111183.7,111449.8
2025-08-25 17:00:00+03:00,111449.7,112142.2
2025-08-25 19:00:00+03:00,112142.2,112387.4
2025-08-25 21:00:00+03:00,112387.4,110650.4
2025-08-25 23:00:00+03:00,110650.4,109839.5
2025-08-26 01:00:00+03:00,109839.8,110064.0
2025-08-26 03:00:00+03:00,110064.1,109850.0
2025-08-26 05:00:00+03:00,109850.1,109825.0
2025-08-26 07:00:00+03:00,109825.1,110141.3
2025-08-26 09:00:00+03:00,110141.2,110244.2
2025-08-26 11:00:00+03:00,110244.2,110108.6
2025-08-26 13:00:00+03:00,110108.6,109842.2
2025-08-26 15:00:00+03:00,109842.2,110051.2
2025-08-26 17:00:00+03:00,110051.2,109624.6
2025-08-26 19:00:00+03:00,109624.6,109950.0
2025-08-26 21:00:00+03:00,109950.0,111053.5
2025-08-26 23:00:00+03:00,111053.5,111530.3
2025-08-27 01:00:00+03:00,111530.3,111709.9
2025-08-27 03:00:00+03:00,111710.0,111249.5
2025-08-27 05:00:00+03:00,111249.6,111373.7
2025-08-27 07:00:00+03:00,111373.8,111316.8
2025-08-27 09:00:00+03:00,111316.8,110688.0
2025-08-27 11:00:00+03:00,110688.0,110763.9
2025-08-27 13:00:00+03:00,110763.9,111270.8
2025-08-27 15:00:00+03:00,111270.7,111434.3
2025-08-27 17:00:00+03:00,111434.4,111965.1
2025-08-27 19:00:00+03:00,111965.0,112286.2
2025-08-27 21:00:00+03:00,112286.3,112032.8
2025-08-27 23:00:00+03:00,112032.9,111480.7
2025-08-28 01:00:00+03:00,111480.7,111194.9
2025-08-28 03:00:00+03:00,111194.9,111600.1
2025-08-28 05:00:00+03:00,111600.1,111954.1
2025-08-28 07:00:00+03:00,111954.0,112807.9
2025-08-28 09:00:00+03:00,112807.8,113079.2
2025-08-28 11:00:00+03:00,113079.3,112819.9
2025-08-28 13:00:00+03:00,112819.9,112876.5
2025-08-28 15:00:00+03:00,112876.5,112787.1
2025-08-28 17:00:00+03:00,112787.2,112633.1
2025-08-28 19:00:00+03:00,112633.1,112338.8
2025-08-28 21:00:00+03:00,112338.7,111864.7
2025-08-28 23:00:00+03:00,111864.8,111965.1
2025-08-29 01:00:00+03:00,111965.0,112507.3
2025-08-29 03:00:00+03:00,112507.3,111425.0
2025-08-29 05:00:00+03:00,111425.0,111648.6
2025-08-29 07:00:00+03:00,111648.6,111265.8
2025-08-29 09:00:00+03:00,111265.8,109969.0
2025-08-29 11:00:00+03:00,109969.0,109710.6
2025-08-29 13:00:00+03:00,109710.7,110047.8
2025-08-29 15:00:00+03:00,110047.8,109056.4
2025-08-29 17:00:00+03:00,109056.5,108334.4
2025-08-29 19:00:00+03:00,108334.4,108411.5
2025-08-29 21:00:00+03:00,108411.5,108155.5
2025-08-29 23:00:00+03:00,108155.5,108393.4
2025-08-30 01:00:00+03:00,108393.4,108332.4
2025-08-30 03:00:00+03:00,108332.4,107404.9
2025-08-30 05:00:00+03:00,107405.0,108367.9
2025-08-30 07:00:00+03:00,108368.0,108300.1
2025-08-30 09:00:00+03:00,108300.1,108466.6
2025-08-30 11:00:00+03:00,108466.6,108476.0
2025-08-30 13:00:00+03:00,108476.1,108638.6
2025-08-30 15:00:00+03:00,108638.6,108492.3
2025-08-30 17:00:00+03:00,108492.2,108809.8
2025-08-30 19:00:00+03:00,108809.8,108729.0
2025-08-30 21:00:00+03:00,108728.9,108769.4
2025-08-30 23:00:00+03:00,108769.5,108528.4
2025-08-31 01:00:00+03:00,108528.4,108757.9
2025-08-31 03:00:00+03:00,108758.0,109380.0
2025-08-31 05:00:00+03:00,109380.0,109175.4
2025-08-31 07:00:00+03:00,109175.5,108708.0
2025-08-31 09:00:00+03:00,108707.9,108656.9
2025-08-31 11:00:00+03:00,108656.9,108471.0
2025-08-31 13:00:00+03:00,108471.1,108350.0
2025-08-31 15:00:00+03:00,108350.0,108376.0
2025-08-31 17:00:00+03:00,108375.9,108758.2
2025-08-31 19:00:00+03:00,108758.2,108945.0
2025-08-31 21:00:00+03:00,108945.0,108877.2
2025-08-31 23:00:00+03:00,108877.3,108986.4
2025-09-01 01:00:00+03:00,108986.5,108175.0
