open_time,open,close
2023-10-19 01:00:00+03:00,0.05724,0.05703
2023-10-19 03:00:00+03:00,0.05704,0.05536
2023-10-19 05:00:00+03:00,0.05536,0.0555
2023-10-19 07:00:00+03:00,0.05549,0.05583
2023-10-19 09:00:00+03:00,0.05582,0.05561
2023-10-19 11:00:00+03:00,0.05562,0.05535
2023-10-19 13:00:00+03:00,0.05535,0.05563
2023-10-19 15:00:00+03:00,0.05563,0.05582
2023-10-19 17:00:00+03:00,0.05583,0.05566
2023-10-19 19:00:00+03:00,0.05565,0.05518
2023-10-19 21:00:00+03:00,0.05518,0.05579
2023-10-19 23:00:00+03:00,0.05579,0.05592
2023-10-20 01:00:00+03:00,0.05591,0.05614
2023-10-20 03:00:00+03:00,0.05613,0.05738
2023-10-20 05:00:00+03:00,0.05737,0.05768
2023-10-20 07:00:00+03:00,0.05769,0.0581
2023-10-20 09:00:00+03:00,0.0581,0.05843
2023-10-20 11:00:00+03:00,0.05843,0.05904
2023-10-20 13:00:00+03:00,0.05904,0.05866
2023-10-20 15:00:00+03:00,0.05867,0.05818
2023-10-20 17:00:00+03:00,0.05817,0.05801
2023-10-20 19:00:00+03:00,0.05802,0.0582
2023-10-20 21:00:00+03:00,0.0582,0.0582
2023-10-20 23:00:00+03:00,0.0582,0.05821
2023-10-21 01:00:00+03:00,0.0582,0.05836
2023-10-21 03:00:00+03:00,0.05836,0.05826
2023-10-21 05:00:00+03:00,0.05825,0.05969
2023-10-21 07:00:00+03:00,0.05969,0.05999
2023-10-21 09:00:00+03:00,0.05999,0.06025
2023-10-21 11:00:00+03:00,0.06026,0.05997
2023-10-21 13:00:00+03:00,0.05996,0.06009
2023-10-21 15:00:00+03:00,0.06009,0.06089
2023-10-21 17:00:00+03:00,0.0609,0.06024
2023-10-21 19:00:00+03:00,0.06024,0.06045
2023-10-21 21:00:00+03:00,0.06045,0.06044
2023-10-21 23:00:00+03:00,0.06043,0.06044
2023-10-22 01:00:00+03:00,0.06044,0.06032
2023-10-22 03:00:00+03:00,0.06032,0.06077
2023-10-22 05:00:00+03:00,0.06077,0.06014
2023-10-22 07:00:00+03:00,0.06016,0.06087
2023-10-22 09:00:00+03:00,0.06087,0.05966
2023-10-22 11:00:00+03:00,0.05967,0.05945
2023-10-22 13:00:00+03:00,0.05946,0.0595
2023-10-22 15:00:00+03:00,0.0595,0.06116
2023-10-22 17:00:00+03:00,0.06117,0.0618
2023-10-22 19:00:00+03:00,0.0618,0.06289
2023-10-22 21:00:00+03:00,0.0629,0.06275
2023-10-22 23:00:00+03:00,0.06276,0.06192
2023-10-23 01:00:00+03:00,0.06192,0.06254
2023-10-23 03:00:00+03:00,0.06254,0.0627
2023-10-23 05:00:00+03:00,0.0627,0.06316
2023-10-23 07:00:00+03:00,0.06316,0.06393
2023-10-23 09:00:00+03:00,0.06393,0.06265
2023-10-23 11:00:00+03:00,0.06264,0.06197
2023-10-23 13:00:00+03:00,0.06197,0.06292
2023-10-23 15:00:00+03:00,0.06293,0.06279
2023-10-23 17:00:00+03:00,0.0628,0.06349
2023-10-23 19:00:00+03:00,0.06349,0.06342
2023-10-23 21:00:00+03:00,0.06343,0.06391
2023-10-23 23:00:00+03:00,0.0639,0.06422
2023-10-24 01:00:00+03:00,0.06422,0.0662
2023-10-24 03:00:00+03:00,0.06619,0.06655
2023-10-24 05:00:00+03:00,0.06655,0.06698
2023-10-24 07:00:00+03:00,0.06697,0.06599
2023-10-24 09:00:00+03:00,0.066,0.06565
2023-10-24 11:00:00+03:00,0.06564,0.0675
2023-10-24 13:00:00+03:00,0.06751,0.06748
2023-10-24 15:00:00+03:00,0.06747,0.06699
2023-10-24 17:00:00+03:00,0.06699,0.06461
2023-10-24 19:00:00+03:00,0.0646,0.06543
2023-10-24 21:00:00+03:00,0.06542,0.0657
2023-10-24 23:00:00+03:00,0.06569,0.06636
2023-10-25 01:00:00+03:00,0.06637,0.06619
2023-10-25 03:00:00+03:00,0.06619,0.06698
2023-10-25 05:00:00+03:00,0.06696,0.06544
2023-10-25 07:00:00+03:00,0.06545,0.06547
2023-10-25 09:00:00+03:00,0.06547,0.06466
2023-10-25 11:00:00+03:00,0.06465,0.0652
2023-10-25 13:00:00+03:00,0.0652,0.06573
2023-10-25 15:00:00+03:00,0.06573,0.06619
2023-10-25 17:00:00+03:00,0.06619,0.06633
2023-10-25 19:00:00+03:00,0.06633,0.06576
2023-10-25 21:00:00+03:00,0.06575,0.06598
2023-10-25 23:00:00+03:00,0.06598,0.06577
2023-10-26 01:00:00+03:00,0.06578,0.0661
2023-10-26 03:00:00+03:00,0.0661,0.06641
2023-10-26 05:00:00+03:00,0.06643,0.06703
2023-10-26 07:00:00+03:00,0.06704,0.06527
2023-10-26 09:00:00+03:00,0.06524,0.06623
2023-10-26 11:00:00+03:00,0.06623,0.0666
2023-10-26 13:00:00+03:00,0.0666,0.06598
2023-10-26 15:00:00+03:00,0.06598,0.06584
2023-10-26 17:00:00+03:00,0.06583,0.06381
2023-10-26 19:00:00+03:00,0.06379,0.06434
2023-10-26 21:00:00+03:00,0.06433,0.06418
2023-10-26 23:00:00+03:00,0.06416,0.06472
2023-10-27 01:00:00+03:00,0.06472,0.0647
2023-10-27 03:00:00+03:00,0.0647,0.06299
2023-10-27 05:00:00+03:00,0.06301,0.06344
2023-10-27 07:00:00+03:00,0.06344,0.06345
2023-10-27 09:00:00+03:00,0.06344,0.06315
2023-10-27 11:00:00+03:00,0.06315,0.06405
2023-10-27 13:00:00+03:00,0.06406,0.06449
2023-10-27 15:00:00+03:00,0.06448,0.06508
2023-10-27 17:00:00+03:00,0.06509,0.06411
2023-10-27 19:00:00+03:00,0.06411,0.06306
2023-10-27 21:00:00+03:00,0.06306,0.06377
2023-10-27 23:00:00+03:00,0.06378,0.06372
2023-10-28 01:00:00+03:00,0.06372,0.06373
2023-10-28 03:00:00+03:00,0.06373,0.06431
2023-10-28 05:00:00+03:00,0.06431,0.06492
2023-10-28 07:00:00+03:00,0.06492,0.065
2023-10-28 09:00:00+03:00,0.06499,0.06527
2023-10-28 11:00:00+03:00,0.06526,0.06539
2023-10-28 13:00:00+03:00,0.06541,0.06511
2023-10-28 15:00:00+03:00,0.06511,0.06514
2023-10-28 17:00:00+03:00,0.06513,0.06532
2023-10-28 19:00:00+03:00,0.06531,0.06543
2023-10-28 21:00:00+03:00,0.06543,0.06515
2023-10-28 23:00:00+03:00,0.06517,0.06565
2023-10-29 01:00:00+03:00,0.06565,0.06598
2023-10-29 02:00:00+02:00,0.06597,0.06533
2023-10-29 04:00:00+02:00,0.06533,0.06496
2023-10-29 06:00:00+02:00,0.06496,0.06576
2023-10-29 08:00:00+02:00,0.06575,0.06564
2023-10-29 10:00:00+02:00,0.06565,0.06579
2023-10-29 12:00:00+02:00,0.0658,0.0656
2023-10-29 14:00:00+02:00,0.06561,0.0663
2023-10-29 16:00:00+02:00,0.0663,0.06687
2023-10-29 18:00:00+02:00,0.06687,0.06664
2023-10-29 20:00:00+02:00,0.06665,0.06633
2023-10-29 22:00:00+02:00,0.06633,0.06646
2023-10-30 00:00:00+02:00,0.06646,0.0669
2023-10-30 02:00:00+02:00,0.06689,0.06698
2023-10-30 04:00:00+02:00,0.06696,0.06679
2023-10-30 06:00:00+02:00,0.06679,0.0663
2023-10-30 08:00:00+02:00,0.06631,0.06598
2023-10-30 10:00:00+02:00,0.06598,0.06715
2023-10-30 12:00:00+02:00,0.06716,0.06786
2023-10-30 14:00:00+02:00,0.06786,0.06784
2023-10-30 16:00:00+02:00,0.06785,0.06745
2023-10-30 18:00:00+02:00,0.06745,0.06654
2023-10-30 20:00:00+02:00,0.06654,0.06764
2023-10-30 22:00:00+02:00,0.06763,0.06791
2023-10-31 00:00:00+02:00,0.06789,0.06824
2023-10-31 02:00:00+02:00,0.06823,0.06803
2023-10-31 04:00:00+02:00,0.06803,0.06705
2023-10-31 06:00:00+02:00,0.06707,0.06749
2023-10-31 08:00:00+02:00,0.0675,0.06661
2023-10-31 10:00:00+02:00,0.06661,0.0675
2023-10-31 12:00:00+02:00,0.0675,0.06757
2023-10-31 14:00:00+02:00,0.06757,0.06582
2023-10-31 16:00:00+02:00,0.06582,0.06452
2023-10-31 18:00:00+02:00,0.06452,0.06562
2023-10-31 20:00:00+02:00,0.06563,0.0659
2023-10-31 22:00:00+02:00,0.06588,0.06586
2023-11-01 00:00:00+02:00,0.06586,0.06672
2023-11-01 02:00:00+02:00,0.06672,0.06716
2023-11-01 04:00:00+02:00,0.06717,0.06658
2023-11-01 06:00:00+02:00,0.06658,0.06561
2023-11-01 08:00:00+02:00,0.06561,0.06645
2023-11-01 10:00:00+02:00,0.06645,0.06606
2023-11-01 12:00:00+02:00,0.06606,0.06555
2023-11-01 14:00:00+02:00,0.06555,0.06587
2023-11-01 16:00:00+02:00,0.06588,0.0651
2023-11-01 18:00:00+02:00,0.0651,0.06586
2023-11-01 20:00:00+02:00,0.06586,0.06861
2023-11-01 22:00:00+02:00,0.06858,0.06964
2023-11-02 00:00:00+02:00,0.06964,0.06938
2023-11-02 02:00:00+02:00,0.06938,0.07
2023-11-02 04:00:00+02:00,0.06999,0.07006
2023-11-02 06:00:00+02:00,0.07005,0.06845
2023-11-02 08:00:00+02:00,0.06845,0.06966
2023-11-02 10:00:00+02:00,0.06965,0.07144
2023-11-02 12:00:00+02:00,0.07144,0.07177
2023-11-02 14:00:00+02:00,0.07177,0.0705
2023-11-02 16:00:00+02:00,0.0705,0.06936
2023-11-02 18:00:00+02:00,0.06936,0.0706
2023-11-02 20:00:00+02:00,0.07059,0.07104
2023-11-02 22:00:00+02:00,0.07105,0.07065
2023-11-03 00:00:00+02:00,0.07065,0.07066
2023-11-03 02:00:00+02:00,0.07066,0.06871
2023-11-03 04:00:00+02:00,0.06872,0.06955
2023-11-03 06:00:00+02:00,0.06955,0.06943
2023-11-03 08:00:00+02:00,0.06943,0.06932
2023-11-03 10:00:00+02:00,0.06933,0.0683
2023-11-03 12:00:00+02:00,0.0683,0.06847
2023-11-03 14:00:00+02:00,0.06847,0.06889
2023-11-03 16:00:00+02:00,0.0689,0.06976
2023-11-03 18:00:00+02:00,0.06977,0.06902
2023-11-03 20:00:00+02:00,0.06903,0.06947
2023-11-03 22:00:00+02:00,0.06946,0.06965
2023-11-04 00:00:00+02:00,0.06965,0.06987
2023-11-04 02:00:00+02:00,0.06985,0.07006
2023-11-04 04:00:00+02:00,0.07007,0.07009
2023-11-04 06:00:00+02:00,0.0701,0.07002
2023-11-04 08:00:00+02:00,0.07001,0.0703
2023-11-04 10:00:00+02:00,0.07031,0.07038
2023-11-04 12:00:00+02:00,0.07039,0.07025
2023-11-04 14:00:00+02:00,0.07025,0.0698
2023-11-04 16:00:00+02:00,0.06981,0.07154
2023-11-04 18:00:00+02:00,0.07153,0.07181
2023-11-04 20:00:00+02:00,0.07181,0.0714
2023-11-04 22:00:00+02:00,0.0714,0.07182
2023-11-05 00:00:00+02:00,0.07183,0.07268
2023-11-05 02:00:00+02:00,0.07267,0.07359
2023-11-05 04:00:00+02:00,0.0736,0.07465
2023-11-05 06:00:00+02:00,0.07465,0.07446
2023-11-05 08:00:00+02:00,0.07447,0.07454
2023-11-05 10:00:00+02:00,0.07453,0.07419
2023-11-05 12:00:00+02:00,0.07417,0.07439
2023-11-05 14:00:00+02:00,0.07439,0.07275
2023-11-05 16:00:00+02:00,0.07277,0.0772
2023-11-05 18:00:00+02:00,0.07721,0.07789
2023-11-05 20:00:00+02:00,0.07788,0.07816
2023-11-05 22:00:00+02:00,0.07817,0.07758
2023-11-06 00:00:00+02:00,0.07758,0.08008
2023-11-06 02:00:00+02:00,0.08007,0.07778
2023-11-06 04:00:00+02:00,0.07778,0.07839
2023-11-06 06:00:00+02:00,0.07839,0.07708
2023-11-06 08:00:00+02:00,0.07707,0.07792
2023-11-06 10:00:00+02:00,0.07793,0.07891
2023-11-06 12:00:00+02:00,0.07892,0.08037
2023-11-06 14:00:00+02:00,0.08039,0.07983
2023-11-06 16:00:00+02:00,0.07982,0.0805
2023-11-06 18:00:00+02:00,0.0805,0.08052
2023-11-06 20:00:00+02:00,0.08051,0.08134
2023-11-06 22:00:00+02:00,0.08134,0.0808
2023-11-07 00:00:00+02:00,0.08079,0.08082
2023-11-07 02:00:00+02:00,0.08083,0.07939
2023-11-07 04:00:00+02:00,0.07941,0.07939
2023-11-07 06:00:00+02:00,0.07939,0.07898
2023-11-07 08:00:00+02:00,0.07898,0.07897
2023-11-07 10:00:00+02:00,0.07898,0.0775
2023-11-07 12:00:00+02:00,0.0775,0.07719
2023-11-07 14:00:00+02:00,0.07719,0.07684
2023-11-07 16:00:00+02:00,0.07685,0.07608
2023-11-07 18:00:00+02:00,0.07607,0.07669
2023-11-07 20:00:00+02:00,0.07669,0.07743
2023-11-07 22:00:00+02:00,0.07744,0.07794
2023-11-08 00:00:00+02:00,0.07795,0.0778
2023-11-08 02:00:00+02:00,0.07779,0.07823
2023-11-08 04:00:00+02:00,0.07822,0.07765
2023-11-08 06:00:00+02:00,0.07765,0.07816
2023-11-08 08:00:00+02:00,0.07816,0.07892
2023-11-08 10:00:00+02:00,0.07893,0.07972
2023-11-08 12:00:00+02:00,0.07972,0.07935
2023-11-08 14:00:00+02:00,0.07936,0.0783
2023-11-08 16:00:00+02:00,0.07831,0.07835
2023-11-08 18:00:00+02:00,0.07833,0.07874
2023-11-08 20:00:00+02:00,0.07872,0.0788
2023-11-08 22:00:00+02:00,0.07881,0.07897
2023-11-09 00:00:00+02:00,0.07898,0.07888
2023-11-09 02:00:00+02:00,0.07889,0.07936
2023-11-09 04:00:00+02:00,0.07937,0.08007
2023-11-09 06:00:00+02:00,0.08006,0.08027
2023-11-09 08:00:00+02:00,0.08028,0.08014
2023-11-09 10:00:00+02:00,0.08015,0.08055
2023-11-09 12:00:00+02:00,0.08055,0.07946
2023-11-09 14:00:00+02:00,0.07947,0.07926
2023-11-09 16:00:00+02:00,0.07925,0.0789
2023-11-09 18:00:00+02:00,0.07887,0.07547
2023-11-09 20:00:00+02:00,0.07549,0.07471
2023-11-09 22:00:00+02:00,0.0747,0.07477
2023-11-10 00:00:00+02:00,0.07478,0.0769
2023-11-10 02:00:00+02:00,0.0769,0.07692
2023-11-10 04:00:00+02:00,0.07691,0.07631
2023-11-10 06:00:00+02:00,0.07632,0.07736
2023-11-10 08:00:00+02:00,0.07735,0.07641
2023-11-10 10:00:00+02:00,0.07641,0.07693
2023-11-10 12:00:00+02:00,0.07692,0.07669
2023-11-10 14:00:00+02:00,0.07669,0.07566
2023-11-10 16:00:00+02:00,0.07566,0.0753
2023-11-10 18:00:00+02:00,0.07546,0.07692
2023-11-10 20:00:00+02:00,0.0769,0.07757
2023-11-10 22:00:00+02:00,0.07758,0.07822
2023-11-11 00:00:00+02:00,0.07821,0.08264
2023-11-11 02:00:00+02:00,0.08263,0.081
2023-11-11 04:00:00+02:00,0.081,0.0805
2023-11-11 06:00:00+02:00,0.08049,0.0816
2023-11-11 08:00:00+02:00,0.08159,0.08086
2023-11-11 10:00:00+02:00,0.08089,0.08352
2023-11-11 12:00:00+02:00,0.08354,0.08347
2023-11-11 14:00:00+02:00,0.08346,0.08376
2023-11-11 16:00:00+02:00,0.08375,0.08361
2023-11-11 18:00:00+02:00,0.0836,0.08455
2023-11-11 20:00:00+02:00,0.08455,0.08451
2023-11-11 22:00:00+02:00,0.08453,0.08283
2023-11-12 00:00:00+02:00,0.08283,0.08278
2023-11-12 02:00:00+02:00,0.08279,0.08111
2023-11-12 04:00:00+02:00,0.08111,0.08155
2023-11-12 06:00:00+02:00,0.08154,0.08193
2023-11-12 08:00:00+02:00,0.08193,0.08394
2023-11-12 10:00:00+02:00,0.08394,0.08284
2023-11-12 12:00:00+02:00,0.08284,0.08404
2023-11-12 14:00:00+02:00,0.08404,0.08262
2023-11-12 16:00:00+02:00,0.08263,0.08274
2023-11-12 18:00:00+02:00,0.08272,0.08294
2023-11-12 20:00:00+02:00,0.08293,0.08285
2023-11-12 22:00:00+02:00,0.08284,0.08408
2023-11-13 00:00:00+02:00,0.08409,0.08316
2023-11-13 02:00:00+02:00,0.08317,0.08471
2023-11-13 04:00:00+02:00,0.08469,0.08208
2023-11-13 06:00:00+02:00,0.08208,0.08212
2023-11-13 08:00:00+02:00,0.08211,0.08267
2023-11-13 10:00:00+02:00,0.08266,0.08346
2023-11-13 12:00:00+02:00,0.08348,0.08338
2023-11-13 14:00:00+02:00,0.08342,0.08379
2023-11-13 16:00:00+02:00,0.08379,0.08367
2023-11-13 18:00:00+02:00,0.08366,0.08221
2023-11-13 20:00:00+02:00,0.08219,0.08338
2023-11-13 22:00:00+02:00,0.08338,0.08047
2023-11-14 00:00:00+02:00,0.08047,0.07928
2023-11-14 02:00:00+02:00,0.07924,0.07878
2023-11-14 04:00:00+02:00,0.07879,0.07968
2023-11-14 06:00:00+02:00,0.07968,0.08102
2023-11-14 08:00:00+02:00,0.08101,0.08046
2023-11-14 10:00:00+02:00,0.08045,0.07922
2023-11-14 12:00:00+02:00,0.07922,0.07721
2023-11-14 14:00:00+02:00,0.07721,0.07862
2023-11-14 16:00:00+02:00,0.07862,0.07806
2023-11-14 18:00:00+02:00,0.07807,0.07733
2023-11-14 20:00:00+02:00,0.07732,0.07557
2023-11-14 22:00:00+02:00,0.07558,0.07673
2023-11-15 00:00:00+02:00,0.07673,0.07676
2023-11-15 02:00:00+02:00,0.07676,0.07686
2023-11-15 04:00:00+02:00,0.07685,0.07577
2023-11-15 06:00:00+02:00,0.07577,0.07698
2023-11-15 08:00:00+02:00,0.07699,0.07743
2023-11-15 10:00:00+02:00,0.07742,0.07734
2023-11-15 12:00:00+02:00,0.07733,0.07899
2023-11-15 14:00:00+02:00,0.07899,0.07834
2023-11-15 16:00:00+02:00,0.07832,0.07892
2023-11-15 18:00:00+02:00,0.07892,0.07842
2023-11-15 20:00:00+02:00,0.07842,0.08002
2023-11-15 22:00:00+02:00,0.08002,0.07927
2023-11-16 00:00:00+02:00,0.07927,0.07991
2023-11-16 02:00:00+02:00,0.07991,0.07992
2023-11-16 04:00:00+02:00,0.07992,0.08036
2023-11-16 06:00:00+02:00,0.08036,0.08048
2023-11-16 08:00:00+02:00,0.08048,0.08118
2023-11-16 10:00:00+02:00,0.08118,0.07885
2023-11-16 12:00:00+02:00,0.07886,0.0789
2023-11-16 14:00:00+02:00,0.07891,0.07809
2023-11-16 16:00:00+02:00,0.0781,0.07692
2023-11-16 18:00:00+02:00,0.07693,0.07705
2023-11-16 20:00:00+02:00,0.07705,0.07634
2023-11-16 22:00:00+02:00,0.07635,0.07562
2023-11-17 00:00:00+02:00,0.07562,0.07559
2023-11-17 02:00:00+02:00,0.07559,0.07751
2023-11-17 04:00:00+02:00,0.0775,0.0771
2023-11-17 06:00:00+02:00,0.0771,0.07718
2023-11-17 08:00:00+02:00,0.07719,0.07648
2023-11-17 10:00:00+02:00,0.07649,0.0772
2023-11-17 12:00:00+02:00,0.07721,0.07618
2023-11-17 14:00:00+02:00,0.07617,0.07638
2023-11-17 16:00:00+02:00,0.07639,0.07373
2023-11-17 18:00:00+02:00,0.07372,0.07664
2023-11-17 20:00:00+02:00,0.07664,0.07634
2023-11-17 22:00:00+02:00,0.07636,0.0759
2023-11-18 00:00:00+02:00,0.07589,0.07729
2023-11-18 02:00:00+02:00,0.07729,0.07626
2023-11-18 04:00:00+02:00,0.07626,0.07547
2023-11-18 06:00:00+02:00,0.07547,0.07499
2023-11-18 08:00:00+02:00,0.07499,0.07523
2023-11-18 10:00:00+02:00,0.07526,0.07537
2023-11-18 12:00:00+02:00,0.07537,0.0754
2023-11-18 14:00:00+02:00,0.07541,0.07468
2023-11-18 16:00:00+02:00,0.07469,0.07607
2023-11-18 18:00:00+02:00,0.07607,0.07627
2023-11-18 20:00:00+02:00,0.07628,0.0763
2023-11-18 22:00:00+02:00,0.07631,0.07585
2023-11-19 00:00:00+02:00,0.07584,0.07613
2023-11-19 02:00:00+02:00,0.07613,0.07497
2023-11-19 04:00:00+02:00,0.07497,0.07569
2023-11-19 06:00:00+02:00,0.07568,0.07559
2023-11-19 08:00:00+02:00,0.0756,0.07629
2023-11-19 10:00:00+02:00,0.0763,0.07642
2023-11-19 12:00:00+02:00,0.07641,0.07551
2023-11-19 14:00:00+02:00,0.0755,0.07582
2023-11-19 16:00:00+02:00,0.07583,0.07604
2023-11-19 18:00:00+02:00,0.07604,0.07632
2023-11-19 20:00:00+02:00,0.07632,0.07708
2023-11-19 22:00:00+02:00,0.07709,0.07686
2023-11-20 00:00:00+02:00,0.07687,0.07762
2023-11-20 02:00:00+02:00,0.07762,0.07758
2023-11-20 04:00:00+02:00,0.07756,0.07709
2023-11-20 06:00:00+02:00,0.07709,0.07696
2023-11-20 08:00:00+02:00,0.07696,0.0778
2023-11-20 10:00:00+02:00,0.0778,0.07829
2023-11-20 12:00:00+02:00,0.07829,0.07793
2023-11-20 14:00:00+02:00,0.07794,0.07716
2023-11-20 16:00:00+02:00,0.07718,0.07747
2023-11-20 18:00:00+02:00,0.07746,0.07804
2023-11-20 20:00:00+02:00,0.07804,0.07619
2023-11-20 22:00:00+02:00,0.0762,0.07565
2023-11-21 00:00:00+02:00,0.07564,0.07572
2023-11-21 02:00:00+02:00,0.07573,0.07631
2023-11-21 04:00:00+02:00,0.0763,0.07588
2023-11-21 06:00:00+02:00,0.07589,0.07634
2023-11-21 08:00:00+02:00,0.07634,0.0758
2023-11-21 10:00:00+02:00,0.07582,0.07627
2023-11-21 12:00:00+02:00,0.07627,0.07549
2023-11-21 14:00:00+02:00,0.0755,0.07465
2023-11-21 16:00:00+02:00,0.07465,0.07339
2023-11-21 18:00:00+02:00,0.07339,0.07124
2023-11-21 20:00:00+02:00,0.07123,0.07105
2023-11-21 22:00:00+02:00,0.07106,0.07086
2023-11-22 00:00:00+02:00,0.07086,0.06801
2023-11-22 02:00:00+02:00,0.06804,0.0688
2023-11-22 04:00:00+02:00,0.0688,0.06992
2023-11-22 06:00:00+02:00,0.06991,0.07037
2023-11-22 08:00:00+02:00,0.07037,0.07032
2023-11-22 10:00:00+02:00,0.07032,0.07098
2023-11-22 12:00:00+02:00,0.07097,0.07061
2023-11-22 14:00:00+02:00,0.07061,0.07098
2023-11-22 16:00:00+02:00,0.07098,0.07064
2023-11-22 18:00:00+02:00,0.07064,0.07087
2023-11-22 20:00:00+02:00,0.07086,0.07197
2023-11-22 22:00:00+02:00,0.07196,0.07246
2023-11-23 00:00:00+02:00,0.07249,0.07228
2023-11-23 02:00:00+02:00,0.07228,0.07316
2023-11-23 04:00:00+02:00,0.07316,0.07303
2023-11-23 06:00:00+02:00,0.07304,0.07375
2023-11-23 08:00:00+02:00,0.07375,0.07492
2023-11-23 10:00:00+02:00,0.07492,0.07508
2023-11-23 12:00:00+02:00,0.07508,0.07429
2023-11-23 14:00:00+02:00,0.07429,0.07399
2023-11-23 16:00:00+02:00,0.07399,0.07332
2023-11-23 18:00:00+02:00,0.07333,0.07425
2023-11-23 20:00:00+02:00,0.07426,0.07399
2023-11-23 22:00:00+02:00,0.074,0.07439
2023-11-24 00:00:00+02:00,0.07439,0.07422
2023-11-24 02:00:00+02:00,0.07423,0.0747
2023-11-24 04:00:00+02:00,0.07469,0.07475
2023-11-24 06:00:00+02:00,0.07476,0.0749
2023-11-24 08:00:00+02:00,0.07491,0.07461
2023-11-24 10:00:00+02:00,0.07463,0.07517
2023-11-24 12:00:00+02:00,0.07517,0.07477
2023-11-24 14:00:00+02:00,0.07478,0.07474
2023-11-24 16:00:00+02:00,0.07473,0.07548
2023-11-24 18:00:00+02:00,0.07548,0.07517
2023-11-24 20:00:00+02:00,0.07518,0.07496
2023-11-24 22:00:00+02:00,0.07497,0.07514
2023-11-25 00:00:00+02:00,0.07515,0.07503
2023-11-25 02:00:00+02:00,0.07502,0.07581
2023-11-25 04:00:00+02:00,0.0758,0.07615
2023-11-25 06:00:00+02:00,0.07614,0.07597
2023-11-25 08:00:00+02:00,0.07596,0.07655
2023-11-25 10:00:00+02:00,0.07656,0.07645
2023-11-25 12:00:00+02:00,0.07644,0.07591
2023-11-25 14:00:00+02:00,0.07592,0.07683
2023-11-25 16:00:00+02:00,0.07683,0.07685
2023-11-25 18:00:00+02:00,0.07685,0.07644
2023-11-25 20:00:00+02:00,0.07645,0.07672
2023-11-25 22:00:00+02:00,0.07673,0.07685
2023-11-26 00:00:00+02:00,0.07685,0.07699
2023-11-26 02:00:00+02:00,0.07698,0.07634
2023-11-26 04:00:00+02:00,0.07635,0.0768
2023-11-26 06:00:00+02:00,0.0768,0.07703
2023-11-26 08:00:00+02:00,0.07704,0.07684
2023-11-26 10:00:00+02:00,0.07684,0.07646
2023-11-26 12:00:00+02:00,0.07646,0.07614
2023-11-26 14:00:00+02:00,0.07615,0.07604
2023-11-26 16:00:00+02:00,0.07605,0.07501
2023-11-26 18:00:00+02:00,0.07501,0.07444
2023-11-26 20:00:00+02:00,0.07444,0.07481
2023-11-26 22:00:00+02:00,0.0748,0.07515
2023-11-27 00:00:00+02:00,0.07514,0.07487
2023-11-27 02:00:00+02:00,0.07487,0.07458
2023-11-27 04:00:00+02:00,0.07458,0.07405
2023-11-27 06:00:00+02:00,0.07406,0.07435
2023-11-27 08:00:00+02:00,0.07435,0.07392
2023-11-27 10:00:00+02:00,0.07392,0.07466
2023-11-27 12:00:00+02:00,0.07463,0.07332
2023-11-27 14:00:00+02:00,0.07331,0.07318
2023-11-27 16:00:00+02:00,0.07318,0.07224
2023-11-27 18:00:00+02:00,0.07222,0.07288
2023-11-27 20:00:00+02:00,0.07289,0.07242
2023-11-27 22:00:00+02:00,0.07242,0.07282
2023-11-28 00:00:00+02:00,0.07282,0.07344
2023-11-28 02:00:00+02:00,0.07345,0.07326
2023-11-28 04:00:00+02:00,0.07325,0.073
2023-11-28 06:00:00+02:00,0.07301,0.07161
2023-11-28 08:00:00+02:00,0.07162,0.07246
2023-11-28 10:00:00+02:00,0.07245,0.07206
2023-11-28 12:00:00+02:00,0.07207,0.07237
2023-11-28 14:00:00+02:00,0.07237,0.07268
2023-11-28 16:00:00+02:00,0.07269,0.07285
2023-11-28 18:00:00+02:00,0.07285,0.07323
2023-11-28 20:00:00+02:00,0.07323,0.07312
2023-11-28 22:00:00+02:00,0.07311,0.0729
2023-11-29 00:00:00+02:00,0.0729,0.07311
2023-11-29 02:00:00+02:00,0.07311,0.07305
2023-11-29 04:00:00+02:00,0.07307,0.07302
2023-11-29 06:00:00+02:00,0.07303,0.07318
2023-11-29 08:00:00+02:00,0.07317,0.07359
2023-11-29 10:00:00+02:00,0.0736,0.07351
2023-11-29 12:00:00+02:00,0.07351,0.07301
2023-11-29 14:00:00+02:00,0.07302,0.07346
2023-11-29 16:00:00+02:00,0.07346,0.07322
2023-11-29 18:00:00+02:00,0.07323,0.07301
2023-11-29 20:00:00+02:00,0.07302,0.07324
2023-11-29 22:00:00+02:00,0.07323,0.07353
2023-11-30 00:00:00+02:00,0.07353,0.07396
2023-11-30 02:00:00+02:00,0.07396,0.07317
2023-11-30 04:00:00+02:00,0.07318,0.07341
2023-11-30 06:00:00+02:00,0.07341,0.07305
2023-11-30 08:00:00+02:00,0.07304,0.0731
2023-11-30 10:00:00+02:00,0.0731,0.0728
2023-11-30 12:00:00+02:00,0.0728,0.07318
2023-11-30 14:00:00+02:00,0.07318,0.07283
2023-11-30 16:00:00+02:00,0.07282,0.0727
2023-11-30 18:00:00+02:00,0.0727,0.07309
2023-11-30 20:00:00+02:00,0.07309,0.07277
2023-11-30 22:00:00+02:00,0.07278,0.07299
2023-12-01 00:00:00+02:00,0.07299,0.07306
2023-12-01 02:00:00+02:00,0.07305,0.07342
2023-12-01 04:00:00+02:00,0.07344,0.07345
2023-12-01 06:00:00+02:00,0.07345,0.07346
2023-12-01 08:00:00+02:00,0.07346,0.07354
2023-12-01 10:00:00+02:00,0.07354,0.0738
2023-12-01 12:00:00+02:00,0.07381,0.07361
2023-12-01 14:00:00+02:00,0.07361,0.07333
2023-12-01 16:00:00+02:00,0.07333,0.0734
2023-12-01 18:00:00+02:00,0.0734,0.07408
2023-12-01 20:00:00+02:00,0.07408,0.07453
2023-12-01 22:00:00+02:00,0.07454,0.07427
2023-12-02 00:00:00+02:00,0.07427,0.07442
2023-12-02 02:00:00+02:00,0.07443,0.07472
2023-12-02 04:00:00+02:00,0.07471,0.07507
2023-12-02 06:00:00+02:00,0.07506,0.07556
2023-12-02 08:00:00+02:00,0.07557,0.07565
2023-12-02 10:00:00+02:00,0.07564,0.07569
2023-12-02 12:00:00+02:00,0.07568,0.0755
2023-12-02 14:00:00+02:00,0.0755,0.0755
2023-12-02 16:00:00+02:00,0.0755,0.07553
2023-12-02 18:00:00+02:00,0.07553,0.07572
2023-12-02 20:00:00+02:00,0.07572,0.0764
2023-12-02 22:00:00+02:00,0.0764,0.07639
2023-12-03 00:00:00+02:00,0.07639,0.07646
2023-12-03 02:00:00+02:00,0.07646,0.07683
2023-12-03 04:00:00+02:00,0.07683,0.07632
2023-12-03 06:00:00+02:00,0.07632,0.07611
2023-12-03 08:00:00+02:00,0.07611,0.07657
2023-12-03 10:00:00+02:00,0.07658,0.07683
2023-12-03 12:00:00+02:00,0.07683,0.0769
2023-12-03 14:00:00+02:00,0.07691,0.0768
2023-12-03 16:00:00+02:00,0.07679,0.07653
2023-12-03 18:00:00+02:00,0.07653,0.07625
2023-12-03 20:00:00+02:00,0.07626,0.0769
2023-12-03 22:00:00+02:00,0.07689,0.07703
2023-12-04 00:00:00+02:00,0.07704,0.07752
2023-12-04 02:00:00+02:00,0.07753,0.07838
2023-12-04 04:00:00+02:00,0.07838,0.07843
2023-12-04 06:00:00+02:00,0.07844,0.07854
2023-12-04 08:00:00+02:00,0.07854,0.07855
2023-12-04 10:00:00+02:00,0.07855,0.07824
2023-12-04 12:00:00+02:00,0.07825,0.07659
2023-12-04 14:00:00+02:00,0.07659,0.07634
2023-12-04 16:00:00+02:00,0.07635,0.07617
2023-12-04 18:00:00+02:00,0.07615,0.07679
2023-12-04 20:00:00+02:00,0.07681,0.07761
2023-12-04 22:00:00+02:00,0.07761,0.0778
2023-12-05 00:00:00+02:00,0.07781,0.07836
2023-12-05 02:00:00+02:00,0.07837,0.07862
2023-12-05 04:00:00+02:00,0.07862,0.07866
2023-12-05 06:00:00+02:00,0.07866,0.07889
2023-12-05 08:00:00+02:00,0.0789,0.07754
2023-12-05 10:00:00+02:00,0.07755,0.07801
2023-12-05 12:00:00+02:00,0.078,0.07737
2023-12-05 14:00:00+02:00,0.07737,0.07728
2023-12-05 16:00:00+02:00,0.07728,0.07888
2023-12-05 18:00:00+02:00,0.07887,0.07956
2023-12-05 20:00:00+02:00,0.07956,0.07929
2023-12-05 22:00:00+02:00,0.07929,0.07915
2023-12-06 00:00:00+02:00,0.07915,0.07952
2023-12-06 02:00:00+02:00,0.07953,0.08028
2023-12-06 04:00:00+02:00,0.08028,0.08033
2023-12-06 06:00:00+02:00,0.08033,0.08202
2023-12-06 08:00:00+02:00,0.08202,0.08304
2023-12-06 10:00:00+02:00,0.08305,0.08182
2023-12-06 12:00:00+02:00,0.08183,0.08099
2023-12-06 14:00:00+02:00,0.08098,0.08183
2023-12-06 16:00:00+02:00,0.0818,0.08265
2023-12-06 18:00:00+02:00,0.08265,0.08237
2023-12-06 20:00:00+02:00,0.08238,0.08288
2023-12-06 22:00:00+02:00,0.08286,0.08239
2023-12-07 00:00:00+02:00,0.0824,0.08131
2023-12-07 02:00:00+02:00,0.08132,0.08335
2023-12-07 04:00:00+02:00,0.08335,0.08406
2023-12-07 06:00:00+02:00,0.08409,0.08446
2023-12-07 08:00:00+02:00,0.08447,0.08516
2023-12-07 10:00:00+02:00,0.08517,0.08253
2023-12-07 12:00:00+02:00,0.08254,0.08322
2023-12-07 14:00:00+02:00,0.08321,0.08386
2023-12-07 16:00:00+02:00,0.08385,0.08515
2023-12-07 18:00:00+02:00,0.08517,0.08698
2023-12-07 20:00:00+02:00,0.08697,0.08547
2023-12-07 22:00:00+02:00,0.08547,0.0895
2023-12-08 00:00:00+02:00,0.08951,0.08832
2023-12-08 02:00:00+02:00,0.08832,0.08727
2023-12-08 04:00:00+02:00,0.08727,0.08694
2023-12-08 06:00:00+02:00,0.08695,0.0868
2023-12-08 08:00:00+02:00,0.0868,0.08597
2023-12-08 10:00:00+02:00,0.08597,0.08724
2023-12-08 12:00:00+02:00,0.08723,0.08754
2023-12-08 14:00:00+02:00,0.08753,0.08798
2023-12-08 16:00:00+02:00,0.088,0.08865
2023-12-08 18:00:00+02:00,0.08865,0.09037
2023-12-08 20:00:00+02:00,0.09038,0.09192
2023-12-08 22:00:00+02:00,0.09191,0.09204
2023-12-09 00:00:00+02:00,0.09203,0.09159
2023-12-09 02:00:00+02:00,0.09157,0.0925
2023-12-09 04:00:00+02:00,0.0925,0.09411
2023-12-09 06:00:00+02:00,0.09415,0.09338
2023-12-09 08:00:00+02:00,0.09338,0.09364
2023-12-09 10:00:00+02:00,0.09364,0.09191
2023-12-09 12:00:00+02:00,0.09191,0.09257
2023-12-09 14:00:00+02:00,0.09257,0.09314
2023-12-09 16:00:00+02:00,0.09315,0.09268
2023-12-09 18:00:00+02:00,0.09268,0.0912
2023-12-09 20:00:00+02:00,0.0912,0.09224
2023-12-09 22:00:00+02:00,0.09224,0.09222
2023-12-10 00:00:00+02:00,0.09221,0.09038
2023-12-10 02:00:00+02:00,0.09038,0.09308
2023-12-10 04:00:00+02:00,0.09311,0.09239
2023-12-10 06:00:00+02:00,0.09238,0.09409
2023-12-10 08:00:00+02:00,0.09409,0.09246
2023-12-10 10:00:00+02:00,0.09245,0.08921
2023-12-10 12:00:00+02:00,0.08923,0.08949
2023-12-10 14:00:00+02:00,0.08949,0.08927
2023-12-10 16:00:00+02:00,0.08927,0.08987
2023-12-10 18:00:00+02:00,0.08987,0.08885
2023-12-10 20:00:00+02:00,0.08886,0.08954
2023-12-10 22:00:00+02:00,0.08955,0.0902
2023-12-11 00:00:00+02:00,0.0902,0.09058
2023-12-11 02:00:00+02:00,0.09058,0.08871
2023-12-11 04:00:00+02:00,0.08871,0.08476
2023-12-11 06:00:00+02:00,0.08475,0.08482
2023-12-11 08:00:00+02:00,0.08481,0.08342
2023-12-11 10:00:00+02:00,0.08346,0.08418
2023-12-11 12:00:00+02:00,0.08417,0.08546
2023-12-11 14:00:00+02:00,0.08544,0.08461
2023-12-11 16:00:00+02:00,0.08461,0.08406
2023-12-11 18:00:00+02:00,0.08406,0.08224
2023-12-11 20:00:00+02:00,0.08225,0.08222
2023-12-11 22:00:00+02:00,0.08223,0.08268
2023-12-12 00:00:00+02:00,0.08269,0.08298
2023-12-12 02:00:00+02:00,0.08298,0.08317
2023-12-12 04:00:00+02:00,0.08316,0.0837
2023-12-12 06:00:00+02:00,0.0837,0.08354
2023-12-12 08:00:00+02:00,0.08353,0.08369
2023-12-12 10:00:00+02:00,0.08369,0.08315
2023-12-12 12:00:00+02:00,0.08316,0.08274
2023-12-12 14:00:00+02:00,0.08274,0.08391
2023-12-12 16:00:00+02:00,0.08391,0.08258
2023-12-12 18:00:00+02:00,0.08258,0.08173
2023-12-12 20:00:00+02:00,0.08173,0.08341
2023-12-12 22:00:00+02:00,0.08342,0.08276
2023-12-13 00:00:00+02:00,0.08276,0.08404
2023-12-13 02:00:00+02:00,0.08403,0.08209
2023-12-13 04:00:00+02:00,0.08208,0.08117
2023-12-13 06:00:00+02:00,0.08116,0.08159
2023-12-13 08:00:00+02:00,0.08159,0.08134
2023-12-13 10:00:00+02:00,0.08135,0.08175
2023-12-13 12:00:00+02:00,0.08176,0.0809
2023-12-13 14:00:00+02:00,0.08089,0.08201
2023-12-13 16:00:00+02:00,0.082,0.08274
2023-12-13 18:00:00+02:00,0.08275,0.08251
2023-12-13 20:00:00+02:00,0.0825,0.08513
2023-12-13 22:00:00+02:00,0.0851,0.08583
2023-12-14 00:00:00+02:00,0.08584,0.08511
2023-12-14 02:00:00+02:00,0.0851,0.08482
2023-12-14 04:00:00+02:00,0.08482,0.08472
2023-12-14 06:00:00+02:00,0.08473,0.08501
2023-12-14 08:00:00+02:00,0.085,0.0858
2023-12-14 10:00:00+02:00,0.08579,0.08667
2023-12-14 12:00:00+02:00,0.08666,0.08811
2023-12-14 14:00:00+02:00,0.0881,0.08668
2023-12-14 16:00:00+02:00,0.08669,0.08567
2023-12-14 18:00:00+02:00,0.08567,0.08683
2023-12-14 20:00:00+02:00,0.08683,0.08663
2023-12-14 22:00:00+02:00,0.08663,0.08666
2023-12-15 00:00:00+02:00,0.08665,0.08659
2023-12-15 02:00:00+02:00,0.08658,0.08576
2023-12-15 04:00:00+02:00,0.08576,0.08578
2023-12-15 06:00:00+02:00,0.08579,0.08493
2023-12-15 08:00:00+02:00,0.08494,0.08522
2023-12-15 10:00:00+02:00,0.08523,0.08605
2023-12-15 12:00:00+02:00,0.08605,0.08582
2023-12-15 14:00:00+02:00,0.08582,0.08496
2023-12-15 16:00:00+02:00,0.08496,0.08364
2023-12-15 18:00:00+02:00,0.08364,0.08282
2023-12-15 20:00:00+02:00,0.08283,0.08332
2023-12-15 22:00:00+02:00,0.08332,0.08307
2023-12-16 00:00:00+02:00,0.08306,0.08239
2023-12-16 02:00:00+02:00,0.08239,0.08303
2023-12-16 04:00:00+02:00,0.08303,0.08302
2023-12-16 06:00:00+02:00,0.08301,0.08284
2023-12-16 08:00:00+02:00,0.08286,0.08282
2023-12-16 10:00:00+02:00,0.08282,0.08303
2023-12-16 12:00:00+02:00,0.08302,0.08348
2023-12-16 14:00:00+02:00,0.08347,0.08347
2023-12-16 16:00:00+02:00,0.08347,0.08401
2023-12-16 18:00:00+02:00,0.08401,0.0841
2023-12-16 20:00:00+02:00,0.08412,0.08309
2023-12-16 22:00:00+02:00,0.08309,0.08308
2023-12-17 00:00:00+02:00,0.08308,0.08335
2023-12-17 02:00:00+02:00,0.08335,0.0834
2023-12-17 04:00:00+02:00,0.08342,0.08311
2023-12-17 06:00:00+02:00,0.0831,0.08266
2023-12-17 08:00:00+02:00,0.08265,0.08194
2023-12-17 10:00:00+02:00,0.08195,0.08312
2023-12-17 12:00:00+02:00,0.08311,0.08297
2023-12-17 14:00:00+02:00,0.08297,0.08235
2023-12-17 16:00:00+02:00,0.08235,0.08275
2023-12-17 18:00:00+02:00,0.08276,0.08304
2023-12-17 20:00:00+02:00,0.08304,0.08307
2023-12-17 22:00:00+02:00,0.08308,0.08247
2023-12-18 00:00:00+02:00,0.08247,0.08099
2023-12-18 02:00:00+02:00,0.08099,0.07952
2023-12-18 04:00:00+02:00,0.07952,0.07944
2023-12-18 06:00:00+02:00,0.07944,0.0791
2023-12-18 08:00:00+02:00,0.07911,0.07866
2023-12-18 10:00:00+02:00,0.07867,0.07786
2023-12-18 12:00:00+02:00,0.07784,0.07736
2023-12-18 14:00:00+02:00,0.07737,0.07754
2023-12-18 16:00:00+02:00,0.07754,0.07746
2023-12-18 18:00:00+02:00,0.07746,0.07775
2023-12-18 20:00:00+02:00,0.07775,0.0781
2023-12-18 22:00:00+02:00,0.07809,0.08003
2023-12-19 00:00:00+02:00,0.08003,0.07973
2023-12-19 02:00:00+02:00,0.07974,0.08079
2023-12-19 04:00:00+02:00,0.08078,0.08029
2023-12-19 06:00:00+02:00,0.08029,0.08055
2023-12-19 08:00:00+02:00,0.08056,0.08049
2023-12-19 10:00:00+02:00,0.08049,0.08048
2023-12-19 12:00:00+02:00,0.08049,0.08096
2023-12-19 14:00:00+02:00,0.08095,0.08006
2023-12-19 16:00:00+02:00,0.08005,0.07953
2023-12-19 18:00:00+02:00,0.07952,0.07822
2023-12-19 20:00:00+02:00,0.07823,0.0792
2023-12-19 22:00:00+02:00,0.0792,0.07929
2023-12-20 00:00:00+02:00,0.07929,0.07893
2023-12-20 02:00:00+02:00,0.07891,0.08048
2023-12-20 04:00:00+02:00,0.08047,0.08095
2023-12-20 06:00:00+02:00,0.08096,0.08362
2023-12-20 08:00:00+02:00,0.08362,0.08351
2023-12-20 10:00:00+02:00,0.08352,0.08301
2023-12-20 12:00:00+02:00,0.08303,0.08304
2023-12-20 14:00:00+02:00,0.08304,0.08351
2023-12-20 16:00:00+02:00,0.08351,0.08371
2023-12-20 18:00:00+02:00,0.08371,0.0833
2023-12-20 20:00:00+02:00,0.08329,0.08256
2023-12-20 22:00:00+02:00,0.08256,0.08206
2023-12-21 00:00:00+02:00,0.08205,0.08321
2023-12-21 02:00:00+02:00,0.0832,0.08272
2023-12-21 04:00:00+02:00,0.08271,0.08316
2023-12-21 06:00:00+02:00,0.08316,0.08249
2023-12-21 08:00:00+02:00,0.0825,0.08358
2023-12-21 10:00:00+02:00,0.08359,0.08408
2023-12-21 12:00:00+02:00,0.08407,0.08479
2023-12-21 14:00:00+02:00,0.08479,0.08449
2023-12-21 16:00:00+02:00,0.0845,0.08396
2023-12-21 18:00:00+02:00,0.08397,0.08387
2023-12-21 20:00:00+02:00,0.08387,0.08484
2023-12-21 22:00:00+02:00,0.08483,0.08498
2023-12-22 00:00:00+02:00,0.08499,0.08476
2023-12-22 02:00:00+02:00,0.08478,0.0857
2023-12-22 04:00:00+02:00,0.08571,0.08535
2023-12-22 06:00:00+02:00,0.08536,0.08594
2023-12-22 08:00:00+02:00,0.08593,0.08475
2023-12-22 10:00:00+02:00,0.08473,0.08508
2023-12-22 12:00:00+02:00,0.08506,0.08541
2023-12-22 14:00:00+02:00,0.08542,0.08534
2023-12-22 16:00:00+02:00,0.08533,0.08604
2023-12-22 18:00:00+02:00,0.08604,0.08592
2023-12-22 20:00:00+02:00,0.08592,0.08586
2023-12-22 22:00:00+02:00,0.08586,0.0868
2023-12-23 00:00:00+02:00,0.08681,0.0873
2023-12-23 02:00:00+02:00,0.08733,0.08502
2023-12-23 04:00:00+02:00,0.08501,0.0844
2023-12-23 06:00:00+02:00,0.0844,0.085
2023-12-23 08:00:00+02:00,0.08499,0.08473
2023-12-23 10:00:00+02:00,0.08473,0.08505
2023-12-23 12:00:00+02:00,0.08505,0.08498
2023-12-23 14:00:00+02:00,0.08499,0.08527
2023-12-23 16:00:00+02:00,0.08528,0.08533
2023-12-23 18:00:00+02:00,0.08533,0.08546
2023-12-23 20:00:00+02:00,0.08547,0.08573
2023-12-23 22:00:00+02:00,0.08574,0.08598
2023-12-24 00:00:00+02:00,0.08599,0.08604
2023-12-24 02:00:00+02:00,0.08603,0.08594
2023-12-24 04:00:00+02:00,0.08592,0.08616
2023-12-24 06:00:00+02:00,0.08616,0.08497
2023-12-24 08:00:00+02:00,0.08497,0.08548
2023-12-24 10:00:00+02:00,0.08548,0.08587
2023-12-24 12:00:00+02:00,0.08588,0.08589
2023-12-24 14:00:00+02:00,0.0859,0.08684
2023-12-24 16:00:00+02:00,0.08683,0.08757
2023-12-24 18:00:00+02:00,0.08759,0.08864
2023-12-24 20:00:00+02:00,0.08864,0.0895
2023-12-24 22:00:00+02:00,0.08951,0.08771
2023-12-25 00:00:00+02:00,0.08771,0.08639
2023-12-25 02:00:00+02:00,0.08639,0.0871
2023-12-25 04:00:00+02:00,0.08709,0.08738
2023-12-25 06:00:00+02:00,0.08739,0.08851
2023-12-25 08:00:00+02:00,0.08851,0.0892
2023-12-25 10:00:00+02:00,0.08921,0.08791
2023-12-25 12:00:00+02:00,0.08793,0.08894
2023-12-25 14:00:00+02:00,0.08893,0.08959
2023-12-25 16:00:00+02:00,0.08961,0.08979
2023-12-25 18:00:00+02:00,0.08979,0.08956
2023-12-25 20:00:00+02:00,0.08956,0.08938
2023-12-25 22:00:00+02:00,0.08939,0.09006
2023-12-26 00:00:00+02:00,0.09006,0.09024
2023-12-26 02:00:00+02:00,0.09027,0.09036
2023-12-26 04:00:00+02:00,0.09036,0.09209
2023-12-26 06:00:00+02:00,0.0921,0.08885
2023-12-26 08:00:00+02:00,0.08886,0.08878
2023-12-26 10:00:00+02:00,0.08877,0.08787
2023-12-26 12:00:00+02:00,0.08788,0.08937
2023-12-26 14:00:00+02:00,0.08936,0.0907
2023-12-26 16:00:00+02:00,0.09069,0.08861
2023-12-26 18:00:00+02:00,0.08863,0.08563
2023-12-26 20:00:00+02:00,0.08563,0.0868
2023-12-26 22:00:00+02:00,0.0868,0.08775
2023-12-27 00:00:00+02:00,0.08775,0.08811
2023-12-27 02:00:00+02:00,0.08812,0.09045
2023-12-27 04:00:00+02:00,0.09045,0.08937
2023-12-27 06:00:00+02:00,0.08938,0.09006
2023-12-27 08:00:00+02:00,0.09007,0.09189
2023-12-27 10:00:00+02:00,0.09191,0.09413
2023-12-27 12:00:00+02:00,0.09413,0.09351
2023-12-27 14:00:00+02:00,0.09348,0.09401
2023-12-27 16:00:00+02:00,0.094,0.09372
2023-12-27 18:00:00+02:00,0.09375,0.09312
2023-12-27 20:00:00+02:00,0.09311,0.0932
2023-12-27 22:00:00+02:00,0.09319,0.09411
2023-12-28 00:00:00+02:00,0.0941,0.09446
2023-12-28 02:00:00+02:00,0.09446,0.09412
2023-12-28 04:00:00+02:00,0.09413,0.09369
2023-12-28 06:00:00+02:00,0.09369,0.09286
2023-12-28 08:00:00+02:00,0.09286,0.09236
2023-12-28 10:00:00+02:00,0.09238,0.09246
2023-12-28 12:00:00+02:00,0.09247,0.09337
2023-12-28 14:00:00+02:00,0.09336,0.09154
2023-12-28 16:00:00+02:00,0.09155,0.09019
2023-12-28 18:00:00+02:00,0.09018,0.09078
2023-12-28 20:00:00+02:00,0.09078,0.09107
2023-12-28 22:00:00+02:00,0.09107,0.08967
2023-12-29 00:00:00+02:00,0.08968,0.09024
2023-12-29 02:00:00+02:00,0.09025,0.08815
2023-12-29 04:00:00+02:00,0.08814,0.08928
2023-12-29 06:00:00+02:00,0.08929,0.08967
2023-12-29 08:00:00+02:00,0.08967,0.08871
2023-12-29 10:00:00+02:00,0.08874,0.09027
2023-12-29 12:00:00+02:00,0.09028,0.09038
2023-12-29 14:00:00+02:00,0.09037,0.09062
2023-12-29 16:00:00+02:00,0.09062,0.08899
2023-12-29 18:00:00+02:00,0.08901,0.0874
2023-12-29 20:00:00+02:00,0.08741,0.08844
2023-12-29 22:00:00+02:00,0.08844,0.08794
2023-12-30 00:00:00+02:00,0.08794,0.08829
2023-12-30 02:00:00+02:00,0.08828,0.08864
2023-12-30 04:00:00+02:00,0.08864,0.08764
2023-12-30 06:00:00+02:00,0.08764,0.08852
2023-12-30 08:00:00+02:00,0.08851,0.08787
2023-12-30 10:00:00+02:00,0.08787,0.0866
2023-12-30 12:00:00+02:00,0.0866,0.08685
2023-12-30 14:00:00+02:00,0.08684,0.08733
2023-12-30 16:00:00+02:00,0.08733,0.08867
2023-12-30 18:00:00+02:00,0.08865,0.08901
2023-12-30 20:00:00+02:00,0.08899,0.08849
2023-12-30 22:00:00+02:00,0.08849,0.08819
2023-12-31 00:00:00+02:00,0.08819,0.08811
2023-12-31 02:00:00+02:00,0.08811,0.088
2023-12-31 04:00:00+02:00,0.088,0.08737
2023-12-31 06:00:00+02:00,0.08736,0.08795
2023-12-31 08:00:00+02:00,0.08795,0.08856
2023-12-31 10:00:00+02:00,0.08858,0.08886
2023-12-31 12:00:00+02:00,0.08885,0.0884
2023-12-31 14:00:00+02:00,0.0884,0.08837
2023-12-31 16:00:00+02:00,0.08837,0.08808
2023-12-31 18:00:00+02:00,0.08808,0.08844
2023-12-31 20:00:00+02:00,0.08845,0.08833
2023-12-31 22:00:00+02:00,0.08833,0.08784
2024-01-01 00:00:00+02:00,0.08782,0.08639
2024-01-01 02:00:00+02:00,0.08639,0.08741
2024-01-01 04:00:00+02:00,0.08741,0.08589
2024-01-01 06:00:00+02:00,0.08587,0.0855
2024-01-01 08:00:00+02:00,0.0855,0.08636
2024-01-01 10:00:00+02:00,0.08632,0.08728
2024-01-01 12:00:00+02:00,0.08726,0.08752
2024-01-01 14:00:00+02:00,0.08751,0.08803
2024-01-01 16:00:00+02:00,0.08803,0.08882
2024-01-01 18:00:00+02:00,0.08882,0.08841
2024-01-01 20:00:00+02:00,0.08841,0.08932
2024-01-01 22:00:00+02:00,0.08933,0.08918
2024-01-02 00:00:00+02:00,0.08919,0.08987
2024-01-02 02:00:00+02:00,0.08987,0.09082
2024-01-02 04:00:00+02:00,0.09084,0.0909
2024-01-02 06:00:00+02:00,0.0909,0.09067
2024-01-02 08:00:00+02:00,0.09065,0.09059
2024-01-02 10:00:00+02:00,0.09059,0.09187
2024-01-02 12:00:00+02:00,0.09186,0.09065
2024-01-02 14:00:00+02:00,0.09068,0.09028
2024-01-02 16:00:00+02:00,0.09028,0.08853
2024-01-02 18:00:00+02:00,0.08853,0.0882
2024-01-02 20:00:00+02:00,0.08821,0.08761
2024-01-02 22:00:00+02:00,0.0876,0.08734
2024-01-03 00:00:00+02:00,0.08733,0.08763
2024-01-03 02:00:00+02:00,0.08763,0.08837
2024-01-03 04:00:00+02:00,0.08838,0.08829
2024-01-03 06:00:00+02:00,0.08828,0.08878
2024-01-03 08:00:00+02:00,0.08877,0.08831
2024-01-03 10:00:00+02:00,0.0883,0.08968
2024-01-03 12:00:00+02:00,0.08967,0.08644
2024-01-03 14:00:00+02:00,0.08647,0.08031
2024-01-03 16:00:00+02:00,0.08032,0.08149
2024-01-03 18:00:00+02:00,0.0815,0.08042
2024-01-03 20:00:00+02:00,0.08042,0.0799
2024-01-03 22:00:00+02:00,0.07988,0.08118
2024-01-04 00:00:00+02:00,0.08119,0.08054
2024-01-04 02:00:00+02:00,0.08054,0.07964
2024-01-04 04:00:00+02:00,0.07963,0.08039
2024-01-04 06:00:00+02:00,0.0804,0.08132
2024-01-04 08:00:00+02:00,0.08129,0.08083
2024-01-04 10:00:00+02:00,0.08084,0.08133
2024-01-04 12:00:00+02:00,0.08133,0.0811
2024-01-04 14:00:00+02:00,0.08109,0.08196
2024-01-04 16:00:00+02:00,0.08194,0.08243
2024-01-04 18:00:00+02:00,0.08243,0.08206
2024-01-04 20:00:00+02:00,0.08205,0.08191
2024-01-04 22:00:00+02:00,0.08192,0.08186
2024-01-05 00:00:00+02:00,0.08187,0.0817
2024-01-05 02:00:00+02:00,0.08171,0.08063
2024-01-05 04:00:00+02:00,0.08062,0.08056
2024-01-05 06:00:00+02:00,0.08056,0.08068
2024-01-05 08:00:00+02:00,0.08067,0.08047
2024-01-05 10:00:00+02:00,0.08048,0.08121
2024-01-05 12:00:00+02:00,0.08122,0.08001
2024-01-05 14:00:00+02:00,0.08003,0.07983
2024-01-05 16:00:00+02:00,0.07981,0.07895
2024-01-05 18:00:00+02:00,0.07895,0.07837
2024-01-05 20:00:00+02:00,0.07837,0.07859
2024-01-05 22:00:00+02:00,0.07858,0.07919
2024-01-06 00:00:00+02:00,0.07918,0.07992
2024-01-06 02:00:00+02:00,0.07991,0.07914
2024-01-06 04:00:00+02:00,0.07915,0.07905
2024-01-06 06:00:00+02:00,0.07904,0.07737
2024-01-06 08:00:00+02:00,0.07738,0.07726
2024-01-06 10:00:00+02:00,0.07725,0.07738
2024-01-06 12:00:00+02:00,0.07737,0.07723
2024-01-06 14:00:00+02:00,0.07723,0.07732
2024-01-06 16:00:00+02:00,0.07732,0.0785
2024-01-06 18:00:00+02:00,0.0785,0.07896
2024-01-06 20:00:00+02:00,0.07896,0.07821
2024-01-06 22:00:00+02:00,0.07821,0.07814
2024-01-07 00:00:00+02:00,0.07818,0.07835
2024-01-07 02:00:00+02:00,0.07834,0.07803
2024-01-07 04:00:00+02:00,0.07804,0.07856
2024-01-07 06:00:00+02:00,0.07857,0.07885
2024-01-07 08:00:00+02:00,0.07885,0.07928
2024-01-07 10:00:00+02:00,0.07929,0.07786
2024-01-07 12:00:00+02:00,0.07786,0.07816
2024-01-07 14:00:00+02:00,0.07817,0.07857
2024-01-07 16:00:00+02:00,0.07857,0.0776
2024-01-07 18:00:00+02:00,0.0776,0.07777
2024-01-07 20:00:00+02:00,0.07776,0.07785
2024-01-07 22:00:00+02:00,0.07784,0.07723
2024-01-08 00:00:00+02:00,0.07723,0.07519
2024-01-08 02:00:00+02:00,0.07518,0.07365
2024-01-08 04:00:00+02:00,0.07368,0.07052
2024-01-08 06:00:00+02:00,0.07052,0.07097
2024-01-08 08:00:00+02:00,0.07096,0.07198
2024-01-08 10:00:00+02:00,0.07198,0.07151
2024-01-08 12:00:00+02:00,0.07151,0.07292
2024-01-08 14:00:00+02:00,0.07293,0.07412
2024-01-08 16:00:00+02:00,0.07412,0.07458
2024-01-08 18:00:00+02:00,0.07459,0.07537
2024-01-08 20:00:00+02:00,0.07537,0.0771
2024-01-08 22:00:00+02:00,0.07711,0.07653
2024-01-09 00:00:00+02:00,0.07653,0.07741
2024-01-09 02:00:00+02:00,0.07741,0.07653
2024-01-09 04:00:00+02:00,0.07653,0.07659
2024-01-09 06:00:00+02:00,0.07659,0.07714
2024-01-09 08:00:00+02:00,0.07713,0.0764
2024-01-09 10:00:00+02:00,0.0764,0.07426
2024-01-09 12:00:00+02:00,0.07425,0.07531
2024-01-09 14:00:00+02:00,0.07532,0.07496
2024-01-09 16:00:00+02:00,0.07495,0.07395
2024-01-09 18:00:00+02:00,0.07394,0.07375
2024-01-09 20:00:00+02:00,0.07376,0.07357
2024-01-09 22:00:00+02:00,0.07358,0.07313
2024-01-10 00:00:00+02:00,0.07315,0.07507
2024-01-10 02:00:00+02:00,0.07508,0.07532
2024-01-10 04:00:00+02:00,0.07533,0.07473
2024-01-10 06:00:00+02:00,0.07473,0.07513
2024-01-10 08:00:00+02:00,0.07514,0.07463
2024-01-10 10:00:00+02:00,0.07464,0.07622
2024-01-10 12:00:00+02:00,0.07622,0.07553
2024-01-10 14:00:00+02:00,0.07553,0.07345
2024-01-10 16:00:00+02:00,0.07345,0.07463
2024-01-10 18:00:00+02:00,0.07461,0.07509
2024-01-10 20:00:00+02:00,0.07511,0.07588
2024-01-10 22:00:00+02:00,0.07588,0.07886
2024-01-11 00:00:00+02:00,0.07886,0.07963
2024-01-11 02:00:00+02:00,0.07965,0.08004
2024-01-11 04:00:00+02:00,0.08009,0.08132
2024-01-11 06:00:00+02:00,0.08132,0.08099
2024-01-11 08:00:00+02:00,0.08098,0.08134
2024-01-11 10:00:00+02:00,0.08133,0.08161
2024-01-11 12:00:00+02:00,0.0816,0.08242
2024-01-11 14:00:00+02:00,0.08242,0.08304
2024-01-11 16:00:00+02:00,0.08302,0.08194
2024-01-11 18:00:00+02:00,0.08193,0.0822
2024-01-11 20:00:00+02:00,0.08221,0.08278
2024-01-11 22:00:00+02:00,0.08278,0.08179
2024-01-12 00:00:00+02:00,0.0818,0.08236
2024-01-12 02:00:00+02:00,0.08236,0.08189
2024-01-12 04:00:00+02:00,0.0819,0.08206
2024-01-12 06:00:00+02:00,0.08205,0.08326
2024-01-12 08:00:00+02:00,0.08324,0.08273
2024-01-12 10:00:00+02:00,0.08271,0.08219
2024-01-12 12:00:00+02:00,0.08218,0.08341
2024-01-12 14:00:00+02:00,0.08341,0.08365
2024-01-12 16:00:00+02:00,0.08365,0.08135
2024-01-12 18:00:00+02:00,0.08133,0.08037
2024-01-12 20:00:00+02:00,0.08037,0.08075
2024-01-12 22:00:00+02:00,0.08074,0.0796
2024-01-13 00:00:00+02:00,0.07961,0.07947
2024-01-13 02:00:00+02:00,0.0795,0.07907
2024-01-13 04:00:00+02:00,0.07907,0.08028
2024-01-13 06:00:00+02:00,0.08029,0.08399
2024-01-13 08:00:00+02:00,0.08402,0.08467
2024-01-13 10:00:00+02:00,0.0847,0.08383
2024-01-13 12:00:00+02:00,0.08383,0.08556
2024-01-13 14:00:00+02:00,0.08555,0.08652
2024-01-13 16:00:00+02:00,0.08654,0.08613
2024-01-13 18:00:00+02:00,0.08613,0.08496
2024-01-13 20:00:00+02:00,0.08496,0.08556
2024-01-13 22:00:00+02:00,0.08556,0.08608
2024-01-14 00:00:00+02:00,0.08607,0.08705
2024-01-14 02:00:00+02:00,0.08705,0.08664
2024-01-14 04:00:00+02:00,0.08664,0.08505
2024-01-14 06:00:00+02:00,0.08506,0.0847
2024-01-14 08:00:00+02:00,0.08471,0.08625
2024-01-14 10:00:00+02:00,0.08625,0.087
2024-01-14 12:00:00+02:00,0.087,0.08624
2024-01-14 14:00:00+02:00,0.08625,0.08747
2024-01-14 16:00:00+02:00,0.08747,0.08679
2024-01-14 18:00:00+02:00,0.0868,0.08624
2024-01-14 20:00:00+02:00,0.08625,0.08469
2024-01-14 22:00:00+02:00,0.08471,0.08554
2024-01-15 00:00:00+02:00,0.08555,0.08329
2024-01-15 02:00:00+02:00,0.0833,0.08501
2024-01-15 04:00:00+02:00,0.08501,0.08622
2024-01-15 06:00:00+02:00,0.08623,0.08594
2024-01-15 08:00:00+02:00,0.08595,0.08748
2024-01-15 10:00:00+02:00,0.08749,0.08719
2024-01-15 12:00:00+02:00,0.0872,0.08704
2024-01-15 14:00:00+02:00,0.08704,0.08973
2024-01-15 16:00:00+02:00,0.08973,0.08836
2024-01-15 18:00:00+02:00,0.08835,0.09183
2024-01-15 20:00:00+02:00,0.09182,0.09187
2024-01-15 22:00:00+02:00,0.09188,0.09058
2024-01-16 00:00:00+02:00,0.09058,0.08962
2024-01-16 02:00:00+02:00,0.08962,0.09004
2024-01-16 04:00:00+02:00,0.09004,0.09048
2024-01-16 06:00:00+02:00,0.09048,0.09506
2024-01-16 08:00:00+02:00,0.09506,0.09981
2024-01-16 10:00:00+02:00,0.09981,0.10177
2024-01-16 12:00:00+02:00,0.10175,0.10563
2024-01-16 14:00:00+02:00,0.10564,0.10346
2024-01-16 16:00:00+02:00,0.10346,0.10691
2024-01-16 18:00:00+02:00,0.10689,0.10903
2024-01-16 20:00:00+02:00,0.10903,0.10846
2024-01-16 22:00:00+02:00,0.10845,0.10673
2024-01-17 00:00:00+02:00,0.10672,0.10323
2024-01-17 02:00:00+02:00,0.10323,0.10671
2024-01-17 04:00:00+02:00,0.1067,0.10795
2024-01-17 06:00:00+02:00,0.10796,0.1039
2024-01-17 08:00:00+02:00,0.1039,0.10559
2024-01-17 10:00:00+02:00,0.1056,0.1107
2024-01-17 12:00:00+02:00,0.11069,0.10558
2024-01-17 14:00:00+02:00,0.10557,0.10505
2024-01-17 16:00:00+02:00,0.10507,0.10429
2024-01-17 18:00:00+02:00,0.10429,0.10418
2024-01-17 20:00:00+02:00,0.10419,0.10351
2024-01-17 22:00:00+02:00,0.10352,0.10238
2024-01-18 00:00:00+02:00,0.10239,0.10016
2024-01-18 02:00:00+02:00,0.10016,0.10144
2024-01-18 04:00:00+02:00,0.10143,0.1017
2024-01-18 06:00:00+02:00,0.10169,0.10277
2024-01-18 08:00:00+02:00,0.10275,0.10224
2024-01-18 10:00:00+02:00,0.10224,0.1004
2024-01-18 12:00:00+02:00,0.1004,0.09713
2024-01-18 14:00:00+02:00,0.09713,0.09873
2024-01-18 16:00:00+02:00,0.09871,0.09758
2024-01-18 18:00:00+02:00,0.09759,0.09592
2024-01-18 20:00:00+02:00,0.09593,0.09416
2024-01-18 22:00:00+02:00,0.09416,0.0945
2024-01-19 00:00:00+02:00,0.09451,0.09343
2024-01-19 02:00:00+02:00,0.09343,0.09137
2024-01-19 04:00:00+02:00,0.09137,0.09146
2024-01-19 06:00:00+02:00,0.09145,0.09078
2024-01-19 08:00:00+02:00,0.09078,0.091
2024-01-19 10:00:00+02:00,0.091,0.09235
2024-01-19 12:00:00+02:00,0.09235,0.09188
2024-01-19 14:00:00+02:00,0.09187,0.09086
2024-01-19 16:00:00+02:00,0.09086,0.08936
2024-01-19 18:00:00+02:00,0.08937,0.08789
2024-01-19 20:00:00+02:00,0.08788,0.08969
2024-01-19 22:00:00+02:00,0.0897,0.0893
2024-01-20 00:00:00+02:00,0.0893,0.08974
2024-01-20 02:00:00+02:00,0.08974,0.09043
2024-01-20 04:00:00+02:00,0.09043,0.09065
2024-01-20 06:00:00+02:00,0.09065,0.08974
2024-01-20 08:00:00+02:00,0.08973,0.09115
2024-01-20 10:00:00+02:00,0.09116,0.09538
2024-01-20 12:00:00+02:00,0.09537,0.09722
2024-01-20 14:00:00+02:00,0.09722,0.09699
2024-01-20 16:00:00+02:00,0.09699,0.0984
2024-01-20 18:00:00+02:00,0.0984,0.10156
2024-01-20 20:00:00+02:00,0.10156,0.10446
2024-01-20 22:00:00+02:00,0.10447,0.10293
2024-01-21 00:00:00+02:00,0.10293,0.10419
2024-01-21 02:00:00+02:00,0.10419,0.10532
2024-01-21 04:00:00+02:00,0.10531,0.10527
2024-01-21 06:00:00+02:00,0.10527,0.10295
2024-01-21 08:00:00+02:00,0.10296,0.10216
2024-01-21 10:00:00+02:00,0.10217,0.10559
2024-01-21 12:00:00+02:00,0.10557,0.10502
2024-01-21 14:00:00+02:00,0.10502,0.10415
2024-01-21 16:00:00+02:00,0.10415,0.10269
2024-01-21 18:00:00+02:00,0.10269,0.10204
2024-01-21 20:00:00+02:00,0.10204,0.09841
2024-01-21 22:00:00+02:00,0.09842,0.09822
2024-01-22 00:00:00+02:00,0.09821,0.09697
2024-01-22 02:00:00+02:00,0.09698,0.09509
2024-01-22 04:00:00+02:00,0.0951,0.09473
2024-01-22 06:00:00+02:00,0.09474,0.09547
2024-01-22 08:00:00+02:00,0.09544,0.09525
2024-01-22 10:00:00+02:00,0.09525,0.09381
2024-01-22 12:00:00+02:00,0.09381,0.09308
2024-01-22 14:00:00+02:00,0.09307,0.0932
2024-01-22 16:00:00+02:00,0.09319,0.09243
2024-01-22 18:00:00+02:00,0.09244,0.09449
2024-01-22 20:00:00+02:00,0.09448,0.09411
2024-01-22 22:00:00+02:00,0.09411,0.09429
2024-01-23 00:00:00+02:00,0.0943,0.09284
2024-01-23 02:00:00+02:00,0.09285,0.09402
2024-01-23 04:00:00+02:00,0.09401,0.09661
2024-01-23 06:00:00+02:00,0.0966,0.09802
2024-01-23 08:00:00+02:00,0.09802,0.0974
2024-01-23 10:00:00+02:00,0.09741,0.0923
2024-01-23 12:00:00+02:00,0.09231,0.09432
2024-01-23 14:00:00+02:00,0.09432,0.09483
2024-01-23 16:00:00+02:00,0.09482,0.09856
2024-01-23 18:00:00+02:00,0.09856,0.09763
2024-01-23 20:00:00+02:00,0.09763,0.0976
2024-01-23 22:00:00+02:00,0.0976,0.0988
2024-01-24 00:00:00+02:00,0.0988,0.10071
2024-01-24 02:00:00+02:00,0.10071,0.09807
2024-01-24 04:00:00+02:00,0.09808,0.0984
2024-01-24 06:00:00+02:00,0.09839,0.09937
2024-01-24 08:00:00+02:00,0.09937,0.09959
2024-01-24 10:00:00+02:00,0.0996,0.09896
2024-01-24 12:00:00+02:00,0.09895,0.09811
2024-01-24 14:00:00+02:00,0.09811,0.09672
2024-01-24 16:00:00+02:00,0.09671,0.09764
2024-01-24 18:00:00+02:00,0.09764,0.09536
2024-01-24 20:00:00+02:00,0.09537,0.09614
2024-01-24 22:00:00+02:00,0.09613,0.09572
2024-01-25 00:00:00+02:00,0.09573,0.09702
2024-01-25 02:00:00+02:00,0.09702,0.10172
2024-01-25 04:00:00+02:00,0.10172,0.10364
2024-01-25 06:00:00+02:00,0.10363,0.10294
2024-01-25 08:00:00+02:00,0.10293,0.10519
2024-01-25 10:00:00+02:00,0.10519,0.10476
2024-01-25 12:00:00+02:00,0.10478,0.10508
2024-01-25 14:00:00+02:00,0.10508,0.1013
2024-01-25 16:00:00+02:00,0.10129,0.1026
2024-01-25 18:00:00+02:00,0.1026,0.10489
2024-01-25 20:00:00+02:00,0.10487,0.10753
2024-01-25 22:00:00+02:00,0.10754,0.10958
2024-01-26 00:00:00+02:00,0.10956,0.10775
2024-01-26 02:00:00+02:00,0.10774,0.11035
2024-01-26 04:00:00+02:00,0.11034,0.11281
2024-01-26 06:00:00+02:00,0.11282,0.11076
2024-01-26 08:00:00+02:00,0.11075,0.1122
2024-01-26 10:00:00+02:00,0.11219,0.11179
2024-01-26 12:00:00+02:00,0.11179,0.11081
2024-01-26 14:00:00+02:00,0.11082,0.11535
2024-01-26 16:00:00+02:00,0.11535,0.11168
2024-01-26 18:00:00+02:00,0.11169,0.11051
2024-01-26 20:00:00+02:00,0.11051,0.10963
2024-01-26 22:00:00+02:00,0.10963,0.10888
2024-01-27 00:00:00+02:00,0.10888,0.10843
2024-01-27 02:00:00+02:00,0.10843,0.10841
2024-01-27 04:00:00+02:00,0.10841,0.1083
2024-01-27 06:00:00+02:00,0.1083,0.10701
2024-01-27 08:00:00+02:00,0.107,0.10661
2024-01-27 10:00:00+02:00,0.1066,0.10718
2024-01-27 12:00:00+02:00,0.10719,0.1064
2024-01-27 14:00:00+02:00,0.10645,0.1062
2024-01-27 16:00:00+02:00,0.1062,0.10721
2024-01-27 18:00:00+02:00,0.10721,0.10756
2024-01-27 20:00:00+02:00,0.10757,0.11101
2024-01-27 22:00:00+02:00,0.11102,0.11217
2024-01-28 00:00:00+02:00,0.11217,0.11192
2024-01-28 02:00:00+02:00,0.11192,0.11222
2024-01-28 04:00:00+02:00,0.11222,0.11179
2024-01-28 06:00:00+02:00,0.11179,0.10963
2024-01-28 08:00:00+02:00,0.10963,0.10861
2024-01-28 10:00:00+02:00,0.10856,0.10725
2024-01-28 12:00:00+02:00,0.10725,0.10655
2024-01-28 14:00:00+02:00,0.10656,0.10744
2024-01-28 16:00:00+02:00,0.10742,0.10714
2024-01-28 18:00:00+02:00,0.10713,0.10636
2024-01-28 20:00:00+02:00,0.10636,0.10456
2024-01-28 22:00:00+02:00,0.10455,0.1047
2024-01-29 00:00:00+02:00,0.10469,0.10324
2024-01-29 02:00:00+02:00,0.10325,0.1048
2024-01-29 04:00:00+02:00,0.10479,0.10559
2024-01-29 06:00:00+02:00,0.10558,0.10536
2024-01-29 08:00:00+02:00,0.10541,0.1044
2024-01-29 10:00:00+02:00,0.10439,0.10501
2024-01-29 12:00:00+02:00,0.105,0.10841
2024-01-29 14:00:00+02:00,0.10841,0.10546
2024-01-29 16:00:00+02:00,0.10545,0.10761
2024-01-29 18:00:00+02:00,0.10759,0.10693
2024-01-29 20:00:00+02:00,0.10692,0.10678
2024-01-29 22:00:00+02:00,0.10678,0.10626
2024-01-30 00:00:00+02:00,0.10626,0.10588
2024-01-30 02:00:00+02:00,0.10588,0.10596
2024-01-30 04:00:00+02:00,0.10596,0.10436
2024-01-30 06:00:00+02:00,0.10436,0.10407
2024-01-30 08:00:00+02:00,0.10406,0.10465
2024-01-30 10:00:00+02:00,0.10464,0.10465
2024-01-30 12:00:00+02:00,0.10465,0.10601
2024-01-30 14:00:00+02:00,0.10601,0.10386
2024-01-30 16:00:00+02:00,0.10385,0.10384
2024-01-30 18:00:00+02:00,0.10384,0.10462
2024-01-30 20:00:00+02:00,0.10462,0.10398
2024-01-30 22:00:00+02:00,0.10398,0.1033
2024-01-31 00:00:00+02:00,0.10329,0.10175
2024-01-31 02:00:00+02:00,0.10176,0.10012
2024-01-31 04:00:00+02:00,0.10013,0.09996
2024-01-31 06:00:00+02:00,0.09997,0.10045
2024-01-31 08:00:00+02:00,0.10044,0.09969
2024-01-31 10:00:00+02:00,0.09969,0.09806
2024-01-31 12:00:00+02:00,0.09806,0.09959
2024-01-31 14:00:00+02:00,0.09958,0.09956
2024-01-31 16:00:00+02:00,0.09956,0.09988
2024-01-31 18:00:00+02:00,0.09988,0.10003
2024-01-31 20:00:00+02:00,0.10003,0.09986
2024-01-31 22:00:00+02:00,0.09987,0.09847
2024-02-01 00:00:00+02:00,0.09847,0.09979
2024-02-01 02:00:00+02:00,0.0998,0.09818
2024-02-01 04:00:00+02:00,0.09819,0.10068
2024-02-01 06:00:00+02:00,0.10068,0.09852
2024-02-01 08:00:00+02:00,0.09853,0.0997
2024-02-01 10:00:00+02:00,0.0997,0.10144
2024-02-01 12:00:00+02:00,0.10143,0.10088
2024-02-01 14:00:00+02:00,0.10087,0.10191
2024-02-01 16:00:00+02:00,0.10192,0.10049
2024-02-01 18:00:00+02:00,0.10048,0.10337
2024-02-01 20:00:00+02:00,0.10336,0.10268
2024-02-01 22:00:00+02:00,0.10268,0.10302
2024-02-02 00:00:00+02:00,0.10302,0.1044
2024-02-02 02:00:00+02:00,0.10438,0.10366
2024-02-02 04:00:00+02:00,0.10368,0.10202
2024-02-02 06:00:00+02:00,0.10202,0.10174
2024-02-02 08:00:00+02:00,0.10173,0.10221
2024-02-02 10:00:00+02:00,0.10221,0.10196
2024-02-02 12:00:00+02:00,0.10196,0.10195
2024-02-02 14:00:00+02:00,0.10197,0.10072
2024-02-02 16:00:00+02:00,0.10072,0.1021
2024-02-02 18:00:00+02:00,0.1021,0.10132
2024-02-02 20:00:00+02:00,0.10133,0.10149
2024-02-02 22:00:00+02:00,0.1015,0.10134
2024-02-03 00:00:00+02:00,0.10134,0.1022
2024-02-03 02:00:00+02:00,0.1022,0.10274
2024-02-03 04:00:00+02:00,0.10273,0.10197
2024-02-03 06:00:00+02:00,0.10196,0.10366
2024-02-03 08:00:00+02:00,0.10367,0.10261
2024-02-03 10:00:00+02:00,0.10261,0.10233
2024-02-03 12:00:00+02:00,0.10234,0.10131
2024-02-03 14:00:00+02:00,0.1013,0.10123
2024-02-03 16:00:00+02:00,0.10124,0.1019
2024-02-03 18:00:00+02:00,0.10191,0.10541
2024-02-03 20:00:00+02:00,0.10536,0.10437
2024-02-03 22:00:00+02:00,0.10436,0.10519
2024-02-04 00:00:00+02:00,0.10519,0.10432
2024-02-04 02:00:00+02:00,0.10432,0.10376
2024-02-04 04:00:00+02:00,0.10377,0.10315
2024-02-04 06:00:00+02:00,0.10315,0.10209
2024-02-04 08:00:00+02:00,0.1021,0.10201
2024-02-04 10:00:00+02:00,0.10201,0.10151
2024-02-04 12:00:00+02:00,0.10152,0.10187
2024-02-04 14:00:00+02:00,0.10186,0.10206
2024-02-04 16:00:00+02:00,0.10206,0.10236
2024-02-04 18:00:00+02:00,0.10236,0.10284
2024-02-04 20:00:00+02:00,0.10284,0.10204
2024-02-04 22:00:00+02:00,0.10204,0.1022
2024-02-05 00:00:00+02:00,0.1022,0.10048
2024-02-05 02:00:00+02:00,0.10049,0.09866
2024-02-05 04:00:00+02:00,0.09867,0.09888
2024-02-05 06:00:00+02:00,0.0989,0.09913
2024-02-05 08:00:00+02:00,0.09912,0.09979
2024-02-05 10:00:00+02:00,0.09979,0.10007
2024-02-05 12:00:00+02:00,0.10008,0.10064
2024-02-05 14:00:00+02:00,0.10064,0.10115
2024-02-05 16:00:00+02:00,0.10116,0.09909
2024-02-05 18:00:00+02:00,0.09909,0.0992
2024-02-05 20:00:00+02:00,0.09921,0.09961
2024-02-05 22:00:00+02:00,0.09962,0.09845
2024-02-06 00:00:00+02:00,0.09844,0.09927
2024-02-06 02:00:00+02:00,0.09927,0.10029
2024-02-06 04:00:00+02:00,0.10029,0.10017
2024-02-06 06:00:00+02:00,0.10019,0.10013
2024-02-06 08:00:00+02:00,0.10013,0.10041
2024-02-06 10:00:00+02:00,0.1004,0.10108
2024-02-06 12:00:00+02:00,0.10108,0.10013
2024-02-06 14:00:00+02:00,0.10012,0.09928
2024-02-06 16:00:00+02:00,0.09928,0.09994
2024-02-06 18:00:00+02:00,0.09994,0.10059
2024-02-06 20:00:00+02:00,0.10058,0.10119
2024-02-06 22:00:00+02:00,0.10118,0.10058
2024-02-07 00:00:00+02:00,0.10059,0.09998
2024-02-07 02:00:00+02:00,0.09997,0.10049
2024-02-07 04:00:00+02:00,0.10049,0.09895
2024-02-07 06:00:00+02:00,0.09896,0.09899
2024-02-07 08:00:00+02:00,0.09898,0.09855
2024-02-07 10:00:00+02:00,0.09858,0.09911
2024-02-07 12:00:00+02:00,0.09912,0.09927
2024-02-07 14:00:00+02:00,0.09926,0.09937
2024-02-07 16:00:00+02:00,0.09938,0.10062
2024-02-07 18:00:00+02:00,0.10063,0.1015
2024-02-07 20:00:00+02:00,0.1015,0.10177
2024-02-07 22:00:00+02:00,0.10178,0.10228
2024-02-08 00:00:00+02:00,0.10227,0.10194
2024-02-08 02:00:00+02:00,0.10193,0.10191
2024-02-08 04:00:00+02:00,0.10192,0.10173
2024-02-08 06:00:00+02:00,0.10174,0.10169
2024-02-08 08:00:00+02:00,0.10169,0.1015
2024-02-08 10:00:00+02:00,0.1015,0.10161
2024-02-08 12:00:00+02:00,0.10161,0.10112
2024-02-08 14:00:00+02:00,0.10111,0.10127
2024-02-08 16:00:00+02:00,0.10127,0.10219
2024-02-08 18:00:00+02:00,0.10219,0.10081
2024-02-08 20:00:00+02:00,0.10082,0.10045
2024-02-08 22:00:00+02:00,0.10045,0.1005
2024-02-09 00:00:00+02:00,0.10049,0.10057
2024-02-09 02:00:00+02:00,0.10057,0.10065
2024-02-09 04:00:00+02:00,0.10064,0.10137
2024-02-09 06:00:00+02:00,0.10137,0.1015
2024-02-09 08:00:00+02:00,0.10151,0.10156
2024-02-09 10:00:00+02:00,0.10156,0.10196
2024-02-09 12:00:00+02:00,0.10195,0.10195
2024-02-09 14:00:00+02:00,0.10195,0.1023
2024-02-09 16:00:00+02:00,0.10229,0.10099
2024-02-09 18:00:00+02:00,0.10099,0.10149
2024-02-09 20:00:00+02:00,0.10148,0.10182
2024-02-09 22:00:00+02:00,0.10183,0.10302
2024-02-10 00:00:00+02:00,0.10303,0.10345
2024-02-10 02:00:00+02:00,0.10346,0.1039
2024-02-10 04:00:00+02:00,0.1039,0.10384
2024-02-10 06:00:00+02:00,0.10385,0.10354
2024-02-10 08:00:00+02:00,0.10353,0.10242
2024-02-10 10:00:00+02:00,0.10245,0.10131
2024-02-10 12:00:00+02:00,0.1013,0.10126
2024-02-10 14:00:00+02:00,0.10125,0.10116
2024-02-10 16:00:00+02:00,0.10115,0.10128
2024-02-10 18:00:00+02:00,0.10128,0.10119
2024-02-10 20:00:00+02:00,0.10119,0.10143
2024-02-10 22:00:00+02:00,0.10142,0.10186
2024-02-11 00:00:00+02:00,0.10186,0.10137
2024-02-11 02:00:00+02:00,0.10137,0.10163
2024-02-11 04:00:00+02:00,0.10164,0.10228
2024-02-11 06:00:00+02:00,0.10228,0.10193
2024-02-11 08:00:00+02:00,0.10194,0.10161
2024-02-11 10:00:00+02:00,0.10161,0.10192
2024-02-11 12:00:00+02:00,0.10193,0.10182
2024-02-11 14:00:00+02:00,0.10183,0.10108
2024-02-11 16:00:00+02:00,0.10109,0.10096
2024-02-11 18:00:00+02:00,0.10096,0.10112
2024-02-11 20:00:00+02:00,0.10111,0.10033
2024-02-11 22:00:00+02:00,0.10034,0.09979
2024-02-12 00:00:00+02:00,0.09979,0.10031
2024-02-12 02:00:00+02:00,0.10032,0.10072
2024-02-12 04:00:00+02:00,0.10072,0.09948
2024-02-12 06:00:00+02:00,0.09947,0.09954
2024-02-12 08:00:00+02:00,0.09953,0.10048
2024-02-12 10:00:00+02:00,0.10048,0.09891
2024-02-12 12:00:00+02:00,0.09891,0.09886
2024-02-12 14:00:00+02:00,0.09885,0.0989
2024-02-12 16:00:00+02:00,0.09891,0.10039
2024-02-12 18:00:00+02:00,0.1004,0.1016
2024-02-12 20:00:00+02:00,0.10161,0.10104
2024-02-12 22:00:00+02:00,0.10105,0.10132
2024-02-13 00:00:00+02:00,0.10133,0.10179
2024-02-13 02:00:00+02:00,0.1018,0.10221
2024-02-13 04:00:00+02:00,0.10221,0.1007
2024-02-13 06:00:00+02:00,0.10071,0.10158
2024-02-13 08:00:00+02:00,0.10159,0.10135
2024-02-13 10:00:00+02:00,0.10135,0.10146
2024-02-13 12:00:00+02:00,0.10146,0.10072
2024-02-13 14:00:00+02:00,0.10071,0.0998
2024-02-13 16:00:00+02:00,0.09979,0.09875
2024-02-13 18:00:00+02:00,0.09875,0.09892
2024-02-13 20:00:00+02:00,0.09892,0.09893
2024-02-13 22:00:00+02:00,0.09893,0.09951
2024-02-14 00:00:00+02:00,0.0995,0.09946
2024-02-14 02:00:00+02:00,0.09946,0.09934
2024-02-14 04:00:00+02:00,0.09934,0.10015
2024-02-14 06:00:00+02:00,0.10015,0.10036
2024-02-14 08:00:00+02:00,0.10037,0.10074
2024-02-14 10:00:00+02:00,0.10075,0.10242
2024-02-14 12:00:00+02:00,0.10243,0.10267
2024-02-14 14:00:00+02:00,0.10267,0.10291
2024-02-14 16:00:00+02:00,0.10292,0.10247
2024-02-14 18:00:00+02:00,0.10248,0.10463
2024-02-14 20:00:00+02:00,0.10463,0.104
2024-02-14 22:00:00+02:00,0.104,0.10444
2024-02-15 00:00:00+02:00,0.10445,0.10419
2024-02-15 02:00:00+02:00,0.1042,0.10391
2024-02-15 04:00:00+02:00,0.10391,0.10563
2024-02-15 06:00:00+02:00,0.10562,0.10642
2024-02-15 08:00:00+02:00,0.10642,0.10791
2024-02-15 10:00:00+02:00,0.10792,0.1068
2024-02-15 12:00:00+02:00,0.10681,0.10694
2024-02-15 14:00:00+02:00,0.10693,0.10674
2024-02-15 16:00:00+02:00,0.10678,0.10737
2024-02-15 18:00:00+02:00,0.10737,0.10715
2024-02-15 20:00:00+02:00,0.10716,0.1073
2024-02-15 22:00:00+02:00,0.10731,0.106
2024-02-16 00:00:00+02:00,0.10601,0.10813
2024-02-16 02:00:00+02:00,0.10812,0.10747
2024-02-16 04:00:00+02:00,0.10744,0.10787
2024-02-16 06:00:00+02:00,0.10788,0.10881
2024-02-16 08:00:00+02:00,0.10883,0.10849
2024-02-16 10:00:00+02:00,0.1085,0.10992
2024-02-16 12:00:00+02:00,0.10992,0.111
2024-02-16 14:00:00+02:00,0.11102,0.11076
2024-02-16 16:00:00+02:00,0.11079,0.1096
2024-02-16 18:00:00+02:00,0.10959,0.11074
2024-02-16 20:00:00+02:00,0.11075,0.11083
2024-02-16 22:00:00+02:00,0.11084,0.11267
2024-02-17 00:00:00+02:00,0.11268,0.11801
2024-02-17 02:00:00+02:00,0.11802,0.11573
2024-02-17 04:00:00+02:00,0.11573,0.11593
2024-02-17 06:00:00+02:00,0.11591,0.11656
2024-02-17 08:00:00+02:00,0.11657,0.11576
2024-02-17 10:00:00+02:00,0.11576,0.11323
2024-02-17 12:00:00+02:00,0.11323,0.11458
2024-02-17 14:00:00+02:00,0.11458,0.11404
2024-02-17 16:00:00+02:00,0.11404,0.11269
2024-02-17 18:00:00+02:00,0.11269,0.11276
2024-02-17 20:00:00+02:00,0.11276,0.11274
2024-02-17 22:00:00+02:00,0.11273,0.11347
2024-02-18 00:00:00+02:00,0.11347,0.11342
2024-02-18 02:00:00+02:00,0.11343,0.1125
2024-02-18 04:00:00+02:00,0.11251,0.11281
2024-02-18 06:00:00+02:00,0.11281,0.11411
2024-02-18 08:00:00+02:00,0.1141,0.11287
2024-02-18 10:00:00+02:00,0.11286,0.11369
2024-02-18 12:00:00+02:00,0.11368,0.11521
2024-02-18 14:00:00+02:00,0.11522,0.11479
2024-02-18 16:00:00+02:00,0.11479,0.11432
2024-02-18 18:00:00+02:00,0.11433,0.11594
2024-02-18 20:00:00+02:00,0.11594,0.11579
2024-02-18 22:00:00+02:00,0.1158,0.11492
2024-02-19 00:00:00+02:00,0.11492,0.11399
2024-02-19 02:00:00+02:00,0.11399,0.11579
2024-02-19 04:00:00+02:00,0.11578,0.11742
2024-02-19 06:00:00+02:00,0.11742,0.11602
2024-02-19 08:00:00+02:00,0.11602,0.11517
2024-02-19 10:00:00+02:00,0.11518,0.11452
2024-02-19 12:00:00+02:00,0.11451,0.11467
2024-02-19 14:00:00+02:00,0.11466,0.11359
2024-02-19 16:00:00+02:00,0.11359,0.11424
2024-02-19 18:00:00+02:00,0.11425,0.11518
2024-02-19 20:00:00+02:00,0.11519,0.11785
2024-02-19 22:00:00+02:00,0.11784,0.12203
2024-02-20 00:00:00+02:00,0.12204,0.12169
2024-02-20 02:00:00+02:00,0.1217,0.11868
2024-02-20 04:00:00+02:00,0.11869,0.11821
2024-02-20 06:00:00+02:00,0.11823,0.12018
2024-02-20 08:00:00+02:00,0.12019,0.12098
2024-02-20 10:00:00+02:00,0.12099,0.12011
2024-02-20 12:00:00+02:00,0.1201,0.12413
2024-02-20 14:00:00+02:00,0.12413,0.12145
2024-02-20 16:00:00+02:00,0.12147,0.11762
2024-02-20 18:00:00+02:00,0.11762,0.1222
2024-02-20 20:00:00+02:00,0.12224,0.1237
2024-02-20 22:00:00+02:00,0.12368,0.12685
2024-02-21 00:00:00+02:00,0.12685,0.12566
2024-02-21 02:00:00+02:00,0.12567,0.1257
2024-02-21 04:00:00+02:00,0.12571,0.12566
2024-02-21 06:00:00+02:00,0.12567,0.12586
2024-02-21 08:00:00+02:00,0.12586,0.12442
2024-02-21 10:00:00+02:00,0.12443,0.12112
2024-02-21 12:00:00+02:00,0.12112,0.11915
2024-02-21 14:00:00+02:00,0.11916,0.11851
2024-02-21 16:00:00+02:00,0.11851,0.11901
2024-02-21 18:00:00+02:00,0.11901,0.11663
2024-02-21 20:00:00+02:00,0.11663,0.11693
2024-02-21 22:00:00+02:00,0.11693,0.11825
2024-02-22 00:00:00+02:00,0.11824,0.1196
2024-02-22 02:00:00+02:00,0.1196,0.11648
2024-02-22 04:00:00+02:00,0.11647,0.11894
2024-02-22 06:00:00+02:00,0.11895,0.12132
2024-02-22 08:00:00+02:00,0.12131,0.12259
2024-02-22 10:00:00+02:00,0.1226,0.13279
2024-02-22 12:00:00+02:00,0.1328,0.13053
2024-02-22 14:00:00+02:00,0.13053,0.1288
2024-02-22 16:00:00+02:00,0.1288,0.12903
2024-02-22 18:00:00+02:00,0.12903,0.13039
2024-02-22 20:00:00+02:00,0.1304,0.12955
2024-02-22 22:00:00+02:00,0.12955,0.12911
2024-02-23 00:00:00+02:00,0.12911,0.12733
2024-02-23 02:00:00+02:00,0.12733,0.12864
2024-02-23 04:00:00+02:00,0.12864,0.12705
2024-02-23 06:00:00+02:00,0.12707,0.12601
2024-02-23 08:00:00+02:00,0.12601,0.12664
2024-02-23 10:00:00+02:00,0.12665,0.12819
2024-02-23 12:00:00+02:00,0.12819,0.13052
2024-02-23 14:00:00+02:00,0.13053,0.13108
2024-02-23 16:00:00+02:00,0.13109,0.12441
2024-02-23 18:00:00+02:00,0.1244,0.12609
2024-02-23 20:00:00+02:00,0.12609,0.1263
2024-02-23 22:00:00+02:00,0.12629,0.1252
2024-02-24 00:00:00+02:00,0.1252,0.12401
2024-02-24 02:00:00+02:00,0.124,0.12223
2024-02-24 04:00:00+02:00,0.12224,0.12547
2024-02-24 06:00:00+02:00,0.12547,0.12519
2024-02-24 08:00:00+02:00,0.12519,0.12482
2024-02-24 10:00:00+02:00,0.12482,0.12396
2024-02-24 12:00:00+02:00,0.12397,0.12494
2024-02-24 14:00:00+02:00,0.12494,0.12612
2024-02-24 16:00:00+02:00,0.12613,0.12658
2024-02-24 18:00:00+02:00,0.12656,0.12738
2024-02-24 20:00:00+02:00,0.12738,0.12637
2024-02-24 22:00:00+02:00,0.12635,0.12771
2024-02-25 00:00:00+02:00,0.1277,0.12626
2024-02-25 02:00:00+02:00,0.12622,0.12945
2024-02-25 04:00:00+02:00,0.12945,0.12698
2024-02-25 06:00:00+02:00,0.12698,0.12854
2024-02-25 08:00:00+02:00,0.12853,0.12871
2024-02-25 10:00:00+02:00,0.12869,0.12844
2024-02-25 12:00:00+02:00,0.12843,0.12813
2024-02-25 14:00:00+02:00,0.12813,0.12797
2024-02-25 16:00:00+02:00,0.12796,0.12603
2024-02-25 18:00:00+02:00,0.12599,0.12624
2024-02-25 20:00:00+02:00,0.12623,0.12677
2024-02-25 22:00:00+02:00,0.12677,0.12665
2024-02-26 00:00:00+02:00,0.12664,0.12629
2024-02-26 02:00:00+02:00,0.12629,0.12574
2024-02-26 04:00:00+02:00,0.12572,0.12597
2024-02-26 06:00:00+02:00,0.12598,0.12893
2024-02-26 08:00:00+02:00,0.12893,0.12836
2024-02-26 10:00:00+02:00,0.12837,0.13093
2024-02-26 12:00:00+02:00,0.13092,0.13199
2024-02-26 14:00:00+02:00,0.13199,0.13403
2024-02-26 16:00:00+02:00,0.13403,0.13403
2024-02-26 18:00:00+02:00,0.13399,0.13728
2024-02-26 20:00:00+02:00,0.1373,0.137
2024-02-26 22:00:00+02:00,0.13697,0.13694
2024-02-27 00:00:00+02:00,0.13691,0.13851
2024-02-27 02:00:00+02:00,0.13851,0.13803
2024-02-27 04:00:00+02:00,0.13801,0.13735
2024-02-27 06:00:00+02:00,0.13735,0.13911
2024-02-27 08:00:00+02:00,0.13909,0.13827
2024-02-27 10:00:00+02:00,0.13832,0.1384
2024-02-27 12:00:00+02:00,0.1384,0.13916
2024-02-27 14:00:00+02:00,0.13915,0.13786
2024-02-27 16:00:00+02:00,0.13785,0.1385
2024-02-27 18:00:00+02:00,0.13854,0.14229
2024-02-27 20:00:00+02:00,0.1423,0.14031
2024-02-27 22:00:00+02:00,0.14029,0.1431
2024-02-28 00:00:00+02:00,0.14311,0.14493
2024-02-28 02:00:00+02:00,0.1449,0.14144
2024-02-28 04:00:00+02:00,0.14145,0.14097
2024-02-28 06:00:00+02:00,0.14095,0.1425
2024-02-28 08:00:00+02:00,0.14249,0.14174
2024-02-28 10:00:00+02:00,0.14172,0.14253
2024-02-28 12:00:00+02:00,0.14254,0.14027
2024-02-28 14:00:00+02:00,0.14028,0.14173
2024-02-28 16:00:00+02:00,0.14173,0.14215
2024-02-28 18:00:00+02:00,0.14214,0.13789
2024-02-28 20:00:00+02:00,0.13792,0.13631
2024-02-28 22:00:00+02:00,0.13631,0.13922
2024-02-29 00:00:00+02:00,0.13922,0.13839
2024-02-29 02:00:00+02:00,0.13839,0.14087
2024-02-29 04:00:00+02:00,0.14085,0.14312
2024-02-29 06:00:00+02:00,0.14311,0.1441
2024-02-29 08:00:00+02:00,0.1441,0.14271
2024-02-29 10:00:00+02:00,0.14272,0.14422
2024-02-29 12:00:00+02:00,0.14419,0.14356
2024-02-29 14:00:00+02:00,0.14357,0.1449
2024-02-29 16:00:00+02:00,0.14489,0.14554
2024-02-29 18:00:00+02:00,0.14555,0.14166
2024-02-29 20:00:00+02:00,0.14167,0.14396
2024-02-29 22:00:00+02:00,0.14395,0.14138
2024-03-01 00:00:00+02:00,0.14138,0.14234
2024-03-01 02:00:00+02:00,0.14235,0.14929
2024-03-01 04:00:00+02:00,0.14929,0.15488
2024-03-01 06:00:00+02:00,0.15486,0.16345
2024-03-01 08:00:00+02:00,0.16341,0.15519
2024-03-01 10:00:00+02:00,0.15519,0.16002
2024-03-01 12:00:00+02:00,0.16001,0.15725
2024-03-01 14:00:00+02:00,0.15725,0.1598
2024-03-01 16:00:00+02:00,0.15983,0.15874
2024-03-01 18:00:00+02:00,0.1587,0.15868
2024-03-01 20:00:00+02:00,0.15868,0.15913
2024-03-01 22:00:00+02:00,0.15913,0.16025
2024-03-02 00:00:00+02:00,0.16026,0.16175
2024-03-02 02:00:00+02:00,0.16173,0.15863
2024-03-02 04:00:00+02:00,0.15863,0.1585
2024-03-02 06:00:00+02:00,0.15849,0.16278
2024-03-02 08:00:00+02:00,0.16276,0.15859
2024-03-02 10:00:00+02:00,0.15863,0.16014
2024-03-02 12:00:00+02:00,0.16012,0.16001
2024-03-02 14:00:00+02:00,0.15997,0.15894
2024-03-02 16:00:00+02:00,0.15894,0.15866
2024-03-02 18:00:00+02:00,0.15867,0.15923
2024-03-02 20:00:00+02:00,0.15924,0.16034
2024-03-02 22:00:00+02:00,0.16034,0.16371
2024-03-03 00:00:00+02:00,0.16372,0.16279
2024-03-03 02:00:00+02:00,0.16284,0.16146
2024-03-03 04:00:00+02:00,0.16141,0.16239
2024-03-03 06:00:00+02:00,0.16238,0.15797
2024-03-03 08:00:00+02:00,0.15796,0.15061
2024-03-03 10:00:00+02:00,0.15061,0.14992
2024-03-03 12:00:00+02:00,0.14992,0.15177
2024-03-03 14:00:00+02:00,0.15173,0.15323
2024-03-03 16:00:00+02:00,0.1532,0.15332
2024-03-03 18:00:00+02:00,0.15331,0.15382
2024-03-03 20:00:00+02:00,0.15382,0.15389
2024-03-03 22:00:00+02:00,0.15391,0.15448
2024-03-04 00:00:00+02:00,0.15447,0.15386
2024-03-04 02:00:00+02:00,0.15387,0.15341
2024-03-04 04:00:00+02:00,0.15343,0.15151
2024-03-04 06:00:00+02:00,0.15151,0.15174
2024-03-04 08:00:00+02:00,0.15176,0.15326
2024-03-04 10:00:00+02:00,0.15328,0.15463
2024-03-04 12:00:00+02:00,0.15464,0.15287
2024-03-04 14:00:00+02:00,0.15286,0.15079
2024-03-04 16:00:00+02:00,0.15079,0.15251
2024-03-04 18:00:00+02:00,0.15247,0.14827
2024-03-04 20:00:00+02:00,0.14825,0.15132
2024-03-04 22:00:00+02:00,0.15131,0.15165
2024-03-05 00:00:00+02:00,0.15167,0.15069
2024-03-05 02:00:00+02:00,0.15069,0.15734
2024-03-05 04:00:00+02:00,0.15732,0.15508
2024-03-05 06:00:00+02:00,0.15505,0.15545
2024-03-05 08:00:00+02:00,0.15545,0.15379
2024-03-05 10:00:00+02:00,0.15378,0.15585
2024-03-05 12:00:00+02:00,0.15584,0.15447
2024-03-05 14:00:00+02:00,0.15444,0.15411
2024-03-05 16:00:00+02:00,0.15405,0.14915
2024-03-05 18:00:00+02:00,0.14914,0.14653
2024-03-05 20:00:00+02:00,0.14651,0.12537
2024-03-05 22:00:00+02:00,0.12522,0.13305
2024-03-06 00:00:00+02:00,0.13306,0.13548
2024-03-06 02:00:00+02:00,0.13548,0.1329
2024-03-06 04:00:00+02:00,0.13289,0.13234
2024-03-06 06:00:00+02:00,0.13233,0.13846
2024-03-06 08:00:00+02:00,0.13847,0.14083
2024-03-06 10:00:00+02:00,0.14083,0.14708
2024-03-06 12:00:00+02:00,0.14716,0.14965
2024-03-06 14:00:00+02:00,0.14963,0.146
2024-03-06 16:00:00+02:00,0.146,0.14536
2024-03-06 18:00:00+02:00,0.14538,0.14772
2024-03-06 20:00:00+02:00,0.14771,0.14805
2024-03-06 22:00:00+02:00,0.14805,0.14947
2024-03-07 00:00:00+02:00,0.1495,0.1485
2024-03-07 02:00:00+02:00,0.14851,0.15079
2024-03-07 04:00:00+02:00,0.15079,0.14768
2024-03-07 06:00:00+02:00,0.14771,0.14458
2024-03-07 08:00:00+02:00,0.14458,0.14749
2024-03-07 10:00:00+02:00,0.14752,0.14969
2024-03-07 12:00:00+02:00,0.14974,0.14927
2024-03-07 14:00:00+02:00,0.14926,0.14962
2024-03-07 16:00:00+02:00,0.14963,0.14898
2024-03-07 18:00:00+02:00,0.149,0.14981
2024-03-07 20:00:00+02:00,0.14982,0.15431
2024-03-07 22:00:00+02:00,0.15431,0.15097
2024-03-08 00:00:00+02:00,0.15097,0.15155
2024-03-08 02:00:00+02:00,0.15154,0.15071
2024-03-08 04:00:00+02:00,0.15071,0.14964
2024-03-08 06:00:00+02:00,0.14963,0.14887
2024-03-08 08:00:00+02:00,0.14887,0.15697
2024-03-08 10:00:00+02:00,0.15693,0.15446
2024-03-08 12:00:00+02:00,0.15443,0.15337
2024-03-08 14:00:00+02:00,0.15336,0.15508
2024-03-08 16:00:00+02:00,0.15508,0.15065
2024-03-08 18:00:00+02:00,0.15075,0.15205
2024-03-08 20:00:00+02:00,0.15207,0.15166
2024-03-08 22:00:00+02:00,0.15167,0.15238
2024-03-09 00:00:00+02:00,0.15235,0.15388
2024-03-09 02:00:00+02:00,0.15387,0.15231
2024-03-09 04:00:00+02:00,0.15235,0.15441
2024-03-09 06:00:00+02:00,0.15442,0.15539
2024-03-09 08:00:00+02:00,0.15538,0.15503
2024-03-09 10:00:00+02:00,0.15501,0.15395
2024-03-09 12:00:00+02:00,0.15397,0.15497
2024-03-09 14:00:00+02:00,0.15496,0.1553
2024-03-09 16:00:00+02:00,0.1553,0.1546
2024-03-09 18:00:00+02:00,0.15461,0.15559
2024-03-09 20:00:00+02:00,0.15559,0.15461
2024-03-09 22:00:00+02:00,0.15461,0.15597
2024-03-10 00:00:00+02:00,0.15596,0.15511
2024-03-10 02:00:00+02:00,0.15512,0.15756
2024-03-10 04:00:00+02:00,0.15753,0.15769
2024-03-10 06:00:00+02:00,0.1577,0.15614
2024-03-10 08:00:00+02:00,0.15614,0.15576
2024-03-10 10:00:00+02:00,0.15577,0.15319
2024-03-10 12:00:00+02:00,0.15319,0.15272
2024-03-10 14:00:00+02:00,0.15267,0.14944
2024-03-10 16:00:00+02:00,0.14942,0.14824
2024-03-10 18:00:00+02:00,0.14824,0.15117
2024-03-10 20:00:00+02:00,0.15112,0.15047
2024-03-10 22:00:00+02:00,0.15048,0.1496
2024-03-11 00:00:00+02:00,0.1496,0.15017
2024-03-11 02:00:00+02:00,0.15022,0.14619
2024-03-11 04:00:00+02:00,0.14624,0.14892
2024-03-11 06:00:00+02:00,0.14891,0.14949
2024-03-11 08:00:00+02:00,0.14948,0.15368
2024-03-11 10:00:00+02:00,0.15363,0.15616
2024-03-11 12:00:00+02:00,0.15616,0.15315
2024-03-11 14:00:00+02:00,0.15319,0.15109
2024-03-11 16:00:00+02:00,0.15109,0.15733
2024-03-11 18:00:00+02:00,0.15729,0.15941
2024-03-11 20:00:00+02:00,0.15943,0.16011
2024-03-11 22:00:00+02:00,0.16011,0.16356
2024-03-12 00:00:00+02:00,0.16356,0.16171
2024-03-12 02:00:00+02:00,0.16174,0.16163
2024-03-12 04:00:00+02:00,0.16163,0.16157
2024-03-12 06:00:00+02:00,0.16157,0.16112
2024-03-12 08:00:00+02:00,0.16113,0.15669
2024-03-12 10:00:00+02:00,0.15669,0.15623
2024-03-12 12:00:00+02:00,0.1562,0.15416
2024-03-12 14:00:00+02:00,0.15417,0.15704
2024-03-12 16:00:00+02:00,0.15704,0.15607
2024-03-12 18:00:00+02:00,0.15607,0.15469
2024-03-12 20:00:00+02:00,0.15469,0.15772
2024-03-12 22:00:00+02:00,0.15772,0.15663
2024-03-13 00:00:00+02:00,0.15662,0.1584
2024-03-13 02:00:00+02:00,0.15838,0.15836
2024-03-13 04:00:00+02:00,0.15836,0.16099
2024-03-13 06:00:00+02:00,0.16098,0.16136
2024-03-13 08:00:00+02:00,0.16137,0.16156
2024-03-13 10:00:00+02:00,0.16157,0.16291
2024-03-13 12:00:00+02:00,0.16291,0.16072
2024-03-13 14:00:00+02:00,0.16075,0.15777
2024-03-13 16:00:00+02:00,0.15779,0.15907
2024-03-13 18:00:00+02:00,0.15906,0.16134
2024-03-13 20:00:00+02:00,0.16134,0.1638
2024-03-13 22:00:00+02:00,0.16381,0.16406
2024-03-14 00:00:00+02:00,0.16403,0.16672
2024-03-14 02:00:00+02:00,0.16674,0.16398
2024-03-14 04:00:00+02:00,0.16397,0.163
2024-03-14 06:00:00+02:00,0.16305,0.16302
2024-03-14 08:00:00+02:00,0.16302,0.16092
2024-03-14 10:00:00+02:00,0.16093,0.1618
2024-03-14 12:00:00+02:00,0.16183,0.16002
2024-03-14 14:00:00+02:00,0.16001,0.15516
2024-03-14 16:00:00+02:00,0.15518,0.15536
2024-03-14 18:00:00+02:00,0.15538,0.15829
2024-03-14 20:00:00+02:00,0.1583,0.15325
2024-03-14 22:00:00+02:00,0.15326,0.15737
2024-03-15 00:00:00+02:00,0.15738,0.15871
2024-03-15 02:00:00+02:00,0.15873,0.1581
2024-03-15 04:00:00+02:00,0.15809,0.14888
2024-03-15 06:00:00+02:00,0.14889,0.14611
2024-03-15 08:00:00+02:00,0.1461,0.15094
2024-03-15 10:00:00+02:00,0.15094,0.14524
2024-03-15 12:00:00+02:00,0.14524,0.14436
2024-03-15 14:00:00+02:00,0.14434,0.14687
2024-03-15 16:00:00+02:00,0.14686,0.14537
2024-03-15 18:00:00+02:00,0.14534,0.14572
2024-03-15 20:00:00+02:00,0.14574,0.14536
2024-03-15 22:00:00+02:00,0.14536,0.14487
2024-03-16 00:00:00+02:00,0.14487,0.14753
2024-03-16 02:00:00+02:00,0.14754,0.14645
2024-03-16 04:00:00+02:00,0.14648,0.14669
2024-03-16 06:00:00+02:00,0.14669,0.14447
2024-03-16 08:00:00+02:00,0.14447,0.14736
2024-03-16 10:00:00+02:00,0.14732,0.14526
2024-03-16 12:00:00+02:00,0.14527,0.14334
2024-03-16 14:00:00+02:00,0.14332,0.13893
2024-03-16 16:00:00+02:00,0.13893,0.14088
2024-03-16 18:00:00+02:00,0.1409,0.13583
2024-03-16 20:00:00+02:00,0.13583,0.13316
2024-03-16 22:00:00+02:00,0.13317,0.13298
2024-03-17 00:00:00+02:00,0.13297,0.13348
2024-03-17 02:00:00+02:00,0.13348,0.13276
2024-03-17 04:00:00+02:00,0.13276,0.1362
2024-03-17 06:00:00+02:00,0.13619,0.134
2024-03-17 08:00:00+02:00,0.13401,0.13058
2024-03-17 10:00:00+02:00,0.13056,0.134
2024-03-17 12:00:00+02:00,0.134,0.13547
2024-03-17 14:00:00+02:00,0.13546,0.13613
2024-03-17 16:00:00+02:00,0.13614,0.13878
2024-03-17 18:00:00+02:00,0.13876,0.14016
2024-03-17 20:00:00+02:00,0.14017,0.13988
2024-03-17 22:00:00+02:00,0.13991,0.14019
2024-03-18 00:00:00+02:00,0.1402,0.13965
2024-03-18 02:00:00+02:00,0.13968,0.13797
2024-03-18 04:00:00+02:00,0.13797,0.13855
2024-03-18 06:00:00+02:00,0.13853,0.1403
2024-03-18 08:00:00+02:00,0.1403,0.13848
2024-03-18 10:00:00+02:00,0.13851,0.13525
2024-03-18 12:00:00+02:00,0.13527,0.13815
2024-03-18 14:00:00+02:00,0.13816,0.13392
2024-03-18 16:00:00+02:00,0.13392,0.13311
2024-03-18 18:00:00+02:00,0.13311,0.13109
2024-03-18 20:00:00+02:00,0.1311,0.13033
2024-03-18 22:00:00+02:00,0.13035,0.13301
2024-03-19 00:00:00+02:00,0.13301,0.13283
2024-03-19 02:00:00+02:00,0.13283,0.12462
2024-03-19 04:00:00+02:00,0.12463,0.12471
2024-03-19 06:00:00+02:00,0.1247,0.12472
2024-03-19 08:00:00+02:00,0.12473,0.12437
2024-03-19 10:00:00+02:00,0.12438,0.12238
2024-03-19 12:00:00+02:00,0.12238,0.12263
2024-03-19 14:00:00+02:00,0.12263,0.12275
2024-03-19 16:00:00+02:00,0.12271,0.12597
2024-03-19 18:00:00+02:00,0.12601,0.12763
2024-03-19 20:00:00+02:00,0.12762,0.12709
2024-03-19 22:00:00+02:00,0.12709,0.12431
2024-03-20 00:00:00+02:00,0.12429,0.12083
2024-03-20 02:00:00+02:00,0.12083,0.12081
2024-03-20 04:00:00+02:00,0.12082,0.12039
2024-03-20 06:00:00+02:00,0.12039,0.11899
2024-03-20 08:00:00+02:00,0.11898,0.12429
2024-03-20 10:00:00+02:00,0.12429,0.12386
2024-03-20 12:00:00+02:00,0.12384,0.12542
2024-03-20 14:00:00+02:00,0.1254,0.1243
2024-03-20 16:00:00+02:00,0.1243,0.12308
2024-03-20 18:00:00+02:00,0.12308,0.12378
2024-03-20 20:00:00+02:00,0.12379,0.13012
2024-03-20 22:00:00+02:00,0.13012,0.13263
2024-03-21 00:00:00+02:00,0.13264,0.1332
2024-03-21 02:00:00+02:00,0.1332,0.13381
2024-03-21 04:00:00+02:00,0.13382,0.13377
2024-03-21 06:00:00+02:00,0.13377,0.13277
2024-03-21 08:00:00+02:00,0.13277,0.13381
2024-03-21 10:00:00+02:00,0.13382,0.13671
2024-03-21 12:00:00+02:00,0.13669,0.13628
2024-03-21 14:00:00+02:00,0.13628,0.13646
2024-03-21 16:00:00+02:00,0.13646,0.1355
2024-03-21 18:00:00+02:00,0.1355,0.13582
2024-03-21 20:00:00+02:00,0.13581,0.13572
2024-03-21 22:00:00+02:00,0.13571,0.13665
2024-03-22 00:00:00+02:00,0.13664,0.13814
2024-03-22 02:00:00+02:00,0.13814,0.13634
2024-03-22 04:00:00+02:00,0.13638,0.14107
2024-03-22 06:00:00+02:00,0.14106,0.14011
2024-03-22 08:00:00+02:00,0.1401,0.13878
2024-03-22 10:00:00+02:00,0.13877,0.13654
2024-03-22 12:00:00+02:00,0.13654,0.1336
2024-03-22 14:00:00+02:00,0.13359,0.13037
2024-03-22 16:00:00+02:00,0.13035,0.13414
2024-03-22 18:00:00+02:00,0.13415,0.13343
2024-03-22 20:00:00+02:00,0.13346,0.13314
2024-03-22 22:00:00+02:00,0.13314,0.13149
2024-03-23 00:00:00+02:00,0.13149,0.13393
2024-03-23 02:00:00+02:00,0.13394,0.13603
2024-03-23 04:00:00+02:00,0.13603,0.13401
2024-03-23 06:00:00+02:00,0.13399,0.13477
2024-03-23 08:00:00+02:00,0.13478,0.137
2024-03-23 10:00:00+02:00,0.13702,0.13484
2024-03-23 12:00:00+02:00,0.13484,0.13478
2024-03-23 14:00:00+02:00,0.13478,0.13514
2024-03-23 16:00:00+02:00,0.13513,0.13628
2024-03-23 18:00:00+02:00,0.13628,0.13646
2024-03-23 20:00:00+02:00,0.13646,0.13732
2024-03-23 22:00:00+02:00,0.13733,0.13645
2024-03-24 00:00:00+02:00,0.13644,0.13404
2024-03-24 02:00:00+02:00,0.13402,0.13562
2024-03-24 04:00:00+02:00,0.13564,0.13285
2024-03-24 06:00:00+02:00,0.13287,0.13428
2024-03-24 08:00:00+02:00,0.13429,0.13435
2024-03-24 10:00:00+02:00,0.13435,0.13509
2024-03-24 12:00:00+02:00,0.13509,0.13569
2024-03-24 14:00:00+02:00,0.13572,0.13568
2024-03-24 16:00:00+02:00,0.13572,0.13723
2024-03-24 18:00:00+02:00,0.13723,0.13701
2024-03-24 20:00:00+02:00,0.13702,0.13817
2024-03-24 22:00:00+02:00,0.13817,0.13886
2024-03-25 00:00:00+02:00,0.13888,0.13888
2024-03-25 02:00:00+02:00,0.13887,0.13902
2024-03-25 04:00:00+02:00,0.13902,0.14115
2024-03-25 06:00:00+02:00,0.14115,0.14145
2024-03-25 08:00:00+02:00,0.14145,0.1394
2024-03-25 10:00:00+02:00,0.13944,0.14124
2024-03-25 12:00:00+02:00,0.14125,0.14033
2024-03-25 14:00:00+02:00,0.14035,0.14234
2024-03-25 16:00:00+02:00,0.14235,0.14543
2024-03-25 18:00:00+02:00,0.14544,0.14597
2024-03-25 20:00:00+02:00,0.14599,0.14616
2024-03-25 22:00:00+02:00,0.14617,0.14525
2024-03-26 00:00:00+02:00,0.14527,0.14541
2024-03-26 02:00:00+02:00,0.14541,0.15017
2024-03-26 04:00:00+02:00,0.15018,0.15009
2024-03-26 06:00:00+02:00,0.15009,0.15064
2024-03-26 08:00:00+02:00,0.15068,0.15032
2024-03-26 10:00:00+02:00,0.15029,0.15104
2024-03-26 12:00:00+02:00,0.15104,0.15051
2024-03-26 14:00:00+02:00,0.15051,0.14898
2024-03-26 16:00:00+02:00,0.14898,0.14736
2024-03-26 18:00:00+02:00,0.14736,0.14702
2024-03-26 20:00:00+02:00,0.14701,0.14563
2024-03-26 22:00:00+02:00,0.14563,0.14752
2024-03-27 00:00:00+02:00,0.14751,0.14771
2024-03-27 02:00:00+02:00,0.14771,0.1481
2024-03-27 04:00:00+02:00,0.1481,0.14825
2024-03-27 06:00:00+02:00,0.14827,0.14757
2024-03-27 08:00:00+02:00,0.14757,0.14401
2024-03-27 10:00:00+02:00,0.14406,0.14471
2024-03-27 12:00:00+02:00,0.14472,0.14688
2024-03-27 14:00:00+02:00,0.1469,0.14461
2024-03-27 16:00:00+02:00,0.14461,0.1414
2024-03-27 18:00:00+02:00,0.14142,0.14142
2024-03-27 20:00:00+02:00,0.14139,0.141
2024-03-27 22:00:00+02:00,0.14099,0.14082
2024-03-28 00:00:00+02:00,0.14082,0.14203
2024-03-28 02:00:00+02:00,0.14201,0.14142
2024-03-28 04:00:00+02:00,0.1414,0.14038
2024-03-28 06:00:00+02:00,0.14039,0.14223
2024-03-28 08:00:00+02:00,0.14223,0.14346
2024-03-28 10:00:00+02:00,0.14346,0.1432
2024-03-28 12:00:00+02:00,0.14321,0.14294
2024-03-28 14:00:00+02:00,0.14295,0.14262
2024-03-28 16:00:00+02:00,0.14262,0.1431
2024-03-28 18:00:00+02:00,0.1431,0.14244
2024-03-28 20:00:00+02:00,0.14245,0.14257
2024-03-28 22:00:00+02:00,0.14256,0.14572
2024-03-29 00:00:00+02:00,0.1457,0.14578
2024-03-29 03:00:00+03:00,0.1458,0.1442
2024-03-29 05:00:00+03:00,0.14424,0.14364
2024-03-29 07:00:00+03:00,0.14367,0.14527
2024-03-29 09:00:00+03:00,0.14525,0.14487
2024-03-29 11:00:00+03:00,0.14488,0.14455
2024-03-29 13:00:00+03:00,0.14454,0.14789
2024-03-29 15:00:00+03:00,0.1479,0.14811
2024-03-29 17:00:00+03:00,0.14812,0.1473
2024-03-29 19:00:00+03:00,0.14731,0.14835
2024-03-29 21:00:00+03:00,0.14836,0.15277
2024-03-29 23:00:00+03:00,0.15277,0.14884
2024-03-30 01:00:00+03:00,0.14883,0.15186
2024-03-30 03:00:00+03:00,0.15185,0.15278
2024-03-30 05:00:00+03:00,0.15281,0.1517
2024-03-30 07:00:00+03:00,0.15173,0.15067
2024-03-30 09:00:00+03:00,0.15067,0.14825
2024-03-30 11:00:00+03:00,0.14824,0.14921
2024-03-30 13:00:00+03:00,0.1492,0.14874
2024-03-30 15:00:00+03:00,0.14874,0.1476
2024-03-30 17:00:00+03:00,0.14761,0.14813
2024-03-30 19:00:00+03:00,0.14815,0.14925
2024-03-30 21:00:00+03:00,0.14924,0.14822
2024-03-30 23:00:00+03:00,0.14822,0.14637
2024-03-31 01:00:00+03:00,0.14637,0.1471
2024-03-31 03:00:00+03:00,0.14709,0.14873
2024-03-31 05:00:00+03:00,0.14878,0.14874
2024-03-31 07:00:00+03:00,0.14876,0.14979
2024-03-31 09:00:00+03:00,0.1498,0.15055
2024-03-31 11:00:00+03:00,0.15058,0.14901
2024-03-31 13:00:00+03:00,0.14901,0.14897
2024-03-31 15:00:00+03:00,0.14899,0.14915
2024-03-31 17:00:00+03:00,0.14916,0.14934
2024-03-31 19:00:00+03:00,0.14935,0.15025
2024-03-31 21:00:00+03:00,0.15027,0.15029
2024-03-31 23:00:00+03:00,0.1503,0.1487
2024-04-01 01:00:00+03:00,0.14871,0.14992
2024-04-01 03:00:00+03:00,0.14992,0.14925
2024-04-01 05:00:00+03:00,0.14926,0.1486
2024-04-01 07:00:00+03:00,0.14861,0.14171
2024-04-01 09:00:00+03:00,0.14168,0.14406
2024-04-01 11:00:00+03:00,0.14407,0.14218
2024-04-01 13:00:00+03:00,0.14218,0.14237
2024-04-01 15:00:00+03:00,0.14239,0.14296
2024-04-01 17:00:00+03:00,0.14295,0.13711
2024-04-01 19:00:00+03:00,0.13711,0.1379
2024-04-01 21:00:00+03:00,0.13788,0.13897
2024-04-01 23:00:00+03:00,0.13896,0.13924
2024-04-02 01:00:00+03:00,0.13925,0.13944
2024-04-02 03:00:00+03:00,0.13945,0.1376
2024-04-02 05:00:00+03:00,0.13761,0.13253
2024-04-02 07:00:00+03:00,0.13253,0.13351
2024-04-02 09:00:00+03:00,0.13352,0.13301
2024-04-02 11:00:00+03:00,0.13301,0.13098
2024-04-02 13:00:00+03:00,0.13099,0.13028
2024-04-02 15:00:00+03:00,0.13029,0.12997
2024-04-02 17:00:00+03:00,0.13,0.12961
2024-04-02 19:00:00+03:00,0.12965,0.13023
2024-04-02 21:00:00+03:00,0.13025,0.13041
2024-04-02 23:00:00+03:00,0.1304,0.12969
2024-04-03 01:00:00+03:00,0.12969,0.12988
2024-04-03 03:00:00+03:00,0.1299,0.13179
2024-04-03 05:00:00+03:00,0.13177,0.13104
2024-04-03 07:00:00+03:00,0.13103,0.13114
2024-04-03 09:00:00+03:00,0.13115,0.13165
2024-04-03 11:00:00+03:00,0.13163,0.13336
2024-04-03 13:00:00+03:00,0.13336,0.13239
2024-04-03 15:00:00+03:00,0.13238,0.13024
2024-04-03 17:00:00+03:00,0.13023,0.13076
2024-04-03 19:00:00+03:00,0.13075,0.13
2024-04-03 21:00:00+03:00,0.12999,0.12862
2024-04-03 23:00:00+03:00,0.12862,0.12993
2024-04-04 01:00:00+03:00,0.12993,0.13088
2024-04-04 03:00:00+03:00,0.13087,0.13506
2024-04-04 05:00:00+03:00,0.13507,0.13313
2024-04-04 07:00:00+03:00,0.13312,0.13822
2024-04-04 09:00:00+03:00,0.13822,0.14029
2024-04-04 11:00:00+03:00,0.14025,0.14195
2024-04-04 13:00:00+03:00,0.14197,0.14163
2024-04-04 15:00:00+03:00,0.14163,0.14175
2024-04-04 17:00:00+03:00,0.14175,0.14165
2024-04-04 19:00:00+03:00,0.14165,0.14312
2024-04-04 21:00:00+03:00,0.1431,0.14277
2024-04-04 23:00:00+03:00,0.14277,0.14153
2024-04-05 01:00:00+03:00,0.14153,0.14464
2024-04-05 03:00:00+03:00,0.14466,0.14102
2024-04-05 05:00:00+03:00,0.14103,0.14366
2024-04-05 07:00:00+03:00,0.14366,0.14094
2024-04-05 09:00:00+03:00,0.14092,0.14087
2024-04-05 11:00:00+03:00,0.14086,0.13876
2024-04-05 13:00:00+03:00,0.1388,0.13627
2024-04-05 15:00:00+03:00,0.13626,0.1391
2024-04-05 17:00:00+03:00,0.13909,0.14384
2024-04-05 19:00:00+03:00,0.14383,0.14233
2024-04-05 21:00:00+03:00,0.14232,0.14068
2024-04-05 23:00:00+03:00,0.14067,0.14164
2024-04-06 01:00:00+03:00,0.14163,0.14032
2024-04-06 03:00:00+03:00,0.14031,0.14151
2024-04-06 05:00:00+03:00,0.14151,0.14127
2024-04-06 07:00:00+03:00,0.14128,0.14399
2024-04-06 09:00:00+03:00,0.14398,0.1457
2024-04-06 11:00:00+03:00,0.14571,0.1481
2024-04-06 13:00:00+03:00,0.14811,0.14875
2024-04-06 15:00:00+03:00,0.14875,0.15007
2024-04-06 17:00:00+03:00,0.15006,0.15121
2024-04-06 19:00:00+03:00,0.15122,0.15079
2024-04-06 21:00:00+03:00,0.15078,0.15119
2024-04-06 23:00:00+03:00,0.15119,0.15004
2024-04-07 01:00:00+03:00,0.15003,0.15044
2024-04-07 03:00:00+03:00,0.15043,0.14956
2024-04-07 05:00:00+03:00,0.14959,0.14883
2024-04-07 07:00:00+03:00,0.14883,0.15185
2024-04-07 09:00:00+03:00,0.15184,0.15171
2024-04-07 11:00:00+03:00,0.15172,0.14978
2024-04-07 13:00:00+03:00,0.14978,0.1508
2024-04-07 15:00:00+03:00,0.15081,0.15027
2024-04-07 17:00:00+03:00,0.15025,0.14972
2024-04-07 19:00:00+03:00,0.14972,0.1493
2024-04-07 21:00:00+03:00,0.14928,0.1479
2024-04-07 23:00:00+03:00,0.14792,0.14706
2024-04-08 01:00:00+03:00,0.14706,0.14813
2024-04-08 03:00:00+03:00,0.14813,0.14766
2024-04-08 05:00:00+03:00,0.14767,0.14682
2024-04-08 07:00:00+03:00,0.1468,0.14723
2024-04-08 09:00:00+03:00,0.14723,0.1523
2024-04-08 11:00:00+03:00,0.15229,0.15629
2024-04-08 13:00:00+03:00,0.15626,0.15704
2024-04-08 15:00:00+03:00,0.15705,0.15792
2024-04-08 17:00:00+03:00,0.15793,0.15767
2024-04-08 19:00:00+03:00,0.15767,0.15842
2024-04-08 21:00:00+03:00,0.15842,0.15871
2024-04-08 23:00:00+03:00,0.15871,0.16041
2024-04-09 01:00:00+03:00,0.16041,0.1581
2024-04-09 03:00:00+03:00,0.1581,0.15942
2024-04-09 05:00:00+03:00,0.15943,0.15916
2024-04-09 07:00:00+03:00,0.15916,0.15849
2024-04-09 09:00:00+03:00,0.15848,0.15556
2024-04-09 11:00:00+03:00,0.15556,0.15406
2024-04-09 13:00:00+03:00,0.15404,0.15608
2024-04-09 15:00:00+03:00,0.15609,0.15318
2024-04-09 17:00:00+03:00,0.15315,0.15108
2024-04-09 19:00:00+03:00,0.15107,0.15038
2024-04-09 21:00:00+03:00,0.15036,0.1501
2024-04-09 23:00:00+03:00,0.15007,0.14935
2024-04-10 01:00:00+03:00,0.14934,0.14734
2024-04-10 03:00:00+03:00,0.14733,0.14716
2024-04-10 05:00:00+03:00,0.14716,0.14589
2024-04-10 07:00:00+03:00,0.14589,0.14562
2024-04-10 09:00:00+03:00,0.14562,0.14462
2024-04-10 11:00:00+03:00,0.14462,0.14527
2024-04-10 13:00:00+03:00,0.14528,0.14596
2024-04-10 15:00:00+03:00,0.14596,0.14352
2024-04-10 17:00:00+03:00,0.14354,0.14605
2024-04-10 19:00:00+03:00,0.14604,0.14713
2024-04-10 21:00:00+03:00,0.14716,0.1479
2024-04-10 23:00:00+03:00,0.14791,0.14719
2024-04-11 01:00:00+03:00,0.14719,0.14759
2024-04-11 03:00:00+03:00,0.14762,0.1483
2024-04-11 05:00:00+03:00,0.14831,0.14791
2024-04-11 07:00:00+03:00,0.14791,0.14783
2024-04-11 09:00:00+03:00,0.14783,0.14733
2024-04-11 11:00:00+03:00,0.14731,0.14563
2024-04-11 13:00:00+03:00,0.14564,0.14345
2024-04-11 15:00:00+03:00,0.14346,0.14382
2024-04-11 17:00:00+03:00,0.14382,0.14267
2024-04-11 19:00:00+03:00,0.14264,0.1414
2024-04-11 21:00:00+03:00,0.14139,0.14195
2024-04-11 23:00:00+03:00,0.14195,0.14156
2024-04-12 01:00:00+03:00,0.14156,0.14203
2024-04-12 03:00:00+03:00,0.14201,0.14287
2024-04-12 05:00:00+03:00,0.14284,0.14415
2024-04-12 07:00:00+03:00,0.14414,0.14289
2024-04-12 09:00:00+03:00,0.1429,0.14109
2024-04-12 11:00:00+03:00,0.14109,0.14047
2024-04-12 13:00:00+03:00,0.14047,0.14083
2024-04-12 15:00:00+03:00,0.14081,0.13537
2024-04-12 17:00:00+03:00,0.13538,0.13364
2024-04-12 19:00:00+03:00,0.13365,0.12713
2024-04-12 21:00:00+03:00,0.12711,0.1158
2024-04-12 23:00:00+03:00,0.11581,0.11866
2024-04-13 01:00:00+03:00,0.11866,0.12004
2024-04-13 03:00:00+03:00,0.12004,0.11339
2024-04-13 05:00:00+03:00,0.1134,0.11643
2024-04-13 07:00:00+03:00,0.11642,0.11692
2024-04-13 09:00:00+03:00,0.11692,0.11662
2024-04-13 11:00:00+03:00,0.1166,0.11698
2024-04-13 13:00:00+03:00,0.11698,0.11693
2024-04-13 15:00:00+03:00,0.11693,0.11725
2024-04-13 17:00:00+03:00,0.11724,0.11529
2024-04-13 19:00:00+03:00,0.11528,0.10651
2024-04-13 21:00:00+03:00,0.10651,0.10009
2024-04-13 23:00:00+03:00,0.1001,0.09369
2024-04-14 01:00:00+03:00,0.09367,0.09791
2024-04-14 03:00:00+03:00,0.09792,0.09591
2024-04-14 05:00:00+03:00,0.09591,0.09554
2024-04-14 07:00:00+03:00,0.09554,0.10197
2024-04-14 09:00:00+03:00,0.10197,0.10442
2024-04-14 11:00:00+03:00,0.10441,0.10295
2024-04-14 13:00:00+03:00,0.10296,0.10066
2024-04-14 15:00:00+03:00,0.10065,0.10042
2024-04-14 17:00:00+03:00,0.10041,0.10101
2024-04-14 19:00:00+03:00,0.10101,0.10108
2024-04-14 21:00:00+03:00,0.1011,0.10234
2024-04-14 23:00:00+03:00,0.10232,0.1009
2024-04-15 01:00:00+03:00,0.10091,0.10727
2024-04-15 03:00:00+03:00,0.10728,0.10566
2024-04-15 05:00:00+03:00,0.10566,0.10526
2024-04-15 07:00:00+03:00,0.10526,0.10873
2024-04-15 09:00:00+03:00,0.10874,0.1107
2024-04-15 11:00:00+03:00,0.11068,0.11038
2024-04-15 13:00:00+03:00,0.11039,0.10958
2024-04-15 15:00:00+03:00,0.10958,0.10812
2024-04-15 17:00:00+03:00,0.10811,0.10603
2024-04-15 19:00:00+03:00,0.10604,0.10456
2024-04-15 21:00:00+03:00,0.10455,0.10444
2024-04-15 23:00:00+03:00,0.10445,0.10304
2024-04-16 01:00:00+03:00,0.10305,0.10216
2024-04-16 03:00:00+03:00,0.10218,0.10191
2024-04-16 05:00:00+03:00,0.10191,0.10076
2024-04-16 07:00:00+03:00,0.10074,0.10044
2024-04-16 09:00:00+03:00,0.10044,0.10412
2024-04-16 11:00:00+03:00,0.10411,0.10401
2024-04-16 13:00:00+03:00,0.104,0.10529
2024-04-16 15:00:00+03:00,0.10532,0.1031
2024-04-16 17:00:00+03:00,0.10311,0.10177
2024-04-16 19:00:00+03:00,0.10177,0.10575
2024-04-16 21:00:00+03:00,0.10578,0.10583
2024-04-16 23:00:00+03:00,0.10583,0.10823
2024-04-17 01:00:00+03:00,0.10822,0.10738
2024-04-17 03:00:00+03:00,0.10738,0.10718
2024-04-17 05:00:00+03:00,0.10718,0.10717
2024-04-17 07:00:00+03:00,0.10716,0.10923
2024-04-17 09:00:00+03:00,0.10923,0.10855
2024-04-17 11:00:00+03:00,0.10853,0.10807
2024-04-17 13:00:00+03:00,0.10808,0.10543
2024-04-17 15:00:00+03:00,0.10543,0.10812
2024-04-17 17:00:00+03:00,0.10811,0.10625
2024-04-17 19:00:00+03:00,0.10624,0.10882
2024-04-17 21:00:00+03:00,0.10883,0.11066
2024-04-17 23:00:00+03:00,0.11064,0.11053
2024-04-18 01:00:00+03:00,0.11053,0.10904
2024-04-18 03:00:00+03:00,0.10905,0.1112
2024-04-18 05:00:00+03:00,0.11118,0.11127
2024-04-18 07:00:00+03:00,0.11126,0.1112
2024-04-18 09:00:00+03:00,0.11117,0.10798
2024-04-18 11:00:00+03:00,0.108,0.10692
2024-04-18 13:00:00+03:00,0.10692,0.10768
2024-04-18 15:00:00+03:00,0.10768,0.10656
2024-04-18 17:00:00+03:00,0.10654,0.10826
2024-04-18 19:00:00+03:00,0.10826,0.10614
2024-04-18 21:00:00+03:00,0.10613,0.10811
2024-04-18 23:00:00+03:00,0.10813,0.10844
2024-04-19 01:00:00+03:00,0.1084,0.10817
2024-04-19 03:00:00+03:00,0.10817,0.10231
2024-04-19 05:00:00+03:00,0.10231,0.1043
2024-04-19 07:00:00+03:00,0.10431,0.10411
2024-04-19 09:00:00+03:00,0.10408,0.10743
2024-04-19 11:00:00+03:00,0.10745,0.10832
2024-04-19 13:00:00+03:00,0.10832,0.10822
2024-04-19 15:00:00+03:00,0.10822,0.10874
2024-04-19 17:00:00+03:00,0.10876,0.10877
2024-04-19 19:00:00+03:00,0.10877,0.10925
2024-04-19 21:00:00+03:00,0.10926,0.10986
2024-04-19 23:00:00+03:00,0.10985,0.10961
2024-04-20 01:00:00+03:00,0.10962,0.10845
2024-04-20 03:00:00+03:00,0.10845,0.10977
2024-04-20 05:00:00+03:00,0.10975,0.11079
2024-04-20 07:00:00+03:00,0.1108,0.11259
2024-04-20 09:00:00+03:00,0.1126,0.11244
2024-04-20 11:00:00+03:00,0.11243,0.1122
2024-04-20 13:00:00+03:00,0.11221,0.11237
2024-04-20 15:00:00+03:00,0.11238,0.11238
2024-04-20 17:00:00+03:00,0.11239,0.11564
2024-04-20 19:00:00+03:00,0.11565,0.11768
2024-04-20 21:00:00+03:00,0.11768,0.11724
2024-04-20 23:00:00+03:00,0.11723,0.11741
2024-04-21 01:00:00+03:00,0.11741,0.11819
2024-04-21 03:00:00+03:00,0.11818,0.11802
2024-04-21 05:00:00+03:00,0.11804,0.11742
2024-04-21 07:00:00+03:00,0.11741,0.11813
2024-04-21 09:00:00+03:00,0.11812,0.11811
2024-04-21 11:00:00+03:00,0.11811,0.1171
2024-04-21 13:00:00+03:00,0.1171,0.11697
2024-04-21 15:00:00+03:00,0.11697,0.11537
2024-04-21 17:00:00+03:00,0.11537,0.11641
2024-04-21 19:00:00+03:00,0.11642,0.11529
2024-04-21 21:00:00+03:00,0.1153,0.11558
2024-04-21 23:00:00+03:00,0.11559,0.11636
2024-04-22 01:00:00+03:00,0.11638,0.11601
2024-04-22 03:00:00+03:00,0.11602,0.11614
2024-04-22 05:00:00+03:00,0.11612,0.1176
2024-04-22 07:00:00+03:00,0.11759,0.11959
2024-04-22 09:00:00+03:00,0.11958,0.11712
2024-04-22 11:00:00+03:00,0.11712,0.11752
2024-04-22 13:00:00+03:00,0.11753,0.1173
2024-04-22 15:00:00+03:00,0.11732,0.11798
2024-04-22 17:00:00+03:00,0.11797,0.11761
2024-04-22 19:00:00+03:00,0.11762,0.11772
2024-04-22 21:00:00+03:00,0.11771,0.11763
2024-04-22 23:00:00+03:00,0.11764,0.11773
2024-04-23 01:00:00+03:00,0.11773,0.11851
2024-04-23 03:00:00+03:00,0.1185,0.11853
2024-04-23 05:00:00+03:00,0.11853,0.11666
2024-04-23 07:00:00+03:00,0.11665,0.11693
2024-04-23 09:00:00+03:00,0.11694,0.11544
2024-04-23 11:00:00+03:00,0.11545,0.11611
2024-04-23 13:00:00+03:00,0.11611,0.11625
2024-04-23 15:00:00+03:00,0.11624,0.11776
2024-04-23 17:00:00+03:00,0.1178,0.11684
2024-04-23 19:00:00+03:00,0.11681,0.11734
2024-04-23 21:00:00+03:00,0.11735,0.11707
2024-04-23 23:00:00+03:00,0.11707,0.11766
2024-04-24 01:00:00+03:00,0.11766,0.11718
2024-04-24 03:00:00+03:00,0.11718,0.12047
2024-04-24 05:00:00+03:00,0.12048,0.12315
2024-04-24 07:00:00+03:00,0.12315,0.12764
2024-04-24 09:00:00+03:00,0.12764,0.12666
2024-04-24 11:00:00+03:00,0.12666,0.12485
2024-04-24 13:00:00+03:00,0.12484,0.12402
2024-04-24 15:00:00+03:00,0.124,0.12139
2024-04-24 17:00:00+03:00,0.1214,0.12167
2024-04-24 19:00:00+03:00,0.12165,0.12142
2024-04-24 21:00:00+03:00,0.12142,0.11976
2024-04-24 23:00:00+03:00,0.11976,0.11934
2024-04-25 01:00:00+03:00,0.11933,0.11729
2024-04-25 03:00:00+03:00,0.11729,0.11826
2024-04-25 05:00:00+03:00,0.11826,0.11751
2024-04-25 07:00:00+03:00,0.11751,0.11807
2024-04-25 09:00:00+03:00,0.11806,0.11591
2024-04-25 11:00:00+03:00,0.11591,0.11585
2024-04-25 13:00:00+03:00,0.11585,0.11508
2024-04-25 15:00:00+03:00,0.11507,0.11512
2024-04-25 17:00:00+03:00,0.11514,0.11861
2024-04-25 19:00:00+03:00,0.1186,0.12235
2024-04-25 21:00:00+03:00,0.12236,0.12098
2024-04-25 23:00:00+03:00,0.12097,0.1201
2024-04-26 01:00:00+03:00,0.12011,0.12001
2024-04-26 03:00:00+03:00,0.12,0.11723
2024-04-26 05:00:00+03:00,0.11721,0.11787
2024-04-26 07:00:00+03:00,0.11788,0.11895
2024-04-26 09:00:00+03:00,0.11895,0.11766
2024-04-26 11:00:00+03:00,0.11767,0.11696
2024-04-26 13:00:00+03:00,0.11697,0.11626
2024-04-26 15:00:00+03:00,0.11625,0.11846
2024-04-26 17:00:00+03:00,0.11845,0.11717
2024-04-26 19:00:00+03:00,0.11717,0.11805
2024-04-26 21:00:00+03:00,0.11806,0.1183
2024-04-26 23:00:00+03:00,0.1183,0.11821
2024-04-27 01:00:00+03:00,0.11822,0.1166
2024-04-27 03:00:00+03:00,0.1166,0.11375
2024-04-27 05:00:00+03:00,0.11379,0.11432
2024-04-27 07:00:00+03:00,0.11431,0.11363
2024-04-27 09:00:00+03:00,0.11362,0.11273
2024-04-27 11:00:00+03:00,0.11273,0.11296
2024-04-27 13:00:00+03:00,0.11296,0.11223
2024-04-27 15:00:00+03:00,0.11222,0.1131
2024-04-27 17:00:00+03:00,0.11309,0.11178
2024-04-27 19:00:00+03:00,0.11178,0.11451
2024-04-27 21:00:00+03:00,0.1145,0.11392
2024-04-27 23:00:00+03:00,0.11395,0.11331
2024-04-28 01:00:00+03:00,0.1133,0.11296
2024-04-28 03:00:00+03:00,0.11295,0.11434
2024-04-28 05:00:00+03:00,0.11439,0.11526
2024-04-28 07:00:00+03:00,0.11528,0.11497
2024-04-28 09:00:00+03:00,0.11498,0.1149
2024-04-28 11:00:00+03:00,0.11491,0.11358
2024-04-28 13:00:00+03:00,0.11357,0.11268
2024-04-28 15:00:00+03:00,0.1127,0.11318
2024-04-28 17:00:00+03:00,0.11317,0.11293
2024-04-28 19:00:00+03:00,0.11296,0.11361
2024-04-28 21:00:00+03:00,0.1136,0.11345
2024-04-28 23:00:00+03:00,0.11345,0.11381
2024-04-29 01:00:00+03:00,0.11381,0.1113
2024-04-29 03:00:00+03:00,0.1113,0.11362
2024-04-29 05:00:00+03:00,0.11363,0.1121
2024-04-29 07:00:00+03:00,0.11209,0.11325
2024-04-29 09:00:00+03:00,0.11326,0.11132
2024-04-29 11:00:00+03:00,0.11132,0.11046
2024-04-29 13:00:00+03:00,0.11045,0.11076
2024-04-29 15:00:00+03:00,0.11073,0.11062
2024-04-29 17:00:00+03:00,0.11061,0.11283
2024-04-29 19:00:00+03:00,0.11283,0.11281
2024-04-29 21:00:00+03:00,0.11281,0.11268
2024-04-29 23:00:00+03:00,0.11266,0.11122
2024-04-30 01:00:00+03:00,0.11122,0.11303
2024-04-30 03:00:00+03:00,0.11305,0.11234
2024-04-30 05:00:00+03:00,0.11233,0.11409
2024-04-30 07:00:00+03:00,0.11409,0.11432
2024-04-30 09:00:00+03:00,0.11433,0.11642
2024-04-30 11:00:00+03:00,0.11642,0.11236
2024-04-30 13:00:00+03:00,0.11236,0.10799
2024-04-30 15:00:00+03:00,0.10798,0.10575
2024-04-30 17:00:00+03:00,0.10574,0.106
2024-04-30 19:00:00+03:00,0.10601,0.10508
2024-04-30 21:00:00+03:00,0.10509,0.10499
2024-04-30 23:00:00+03:00,0.105,0.10633
2024-05-01 01:00:00+03:00,0.10632,0.10766
2024-05-01 03:00:00+03:00,0.10766,0.11108
2024-05-01 05:00:00+03:00,0.11106,0.11058
2024-05-01 07:00:00+03:00,0.11058,0.1105
2024-05-01 09:00:00+03:00,0.11049,0.10762
2024-05-01 11:00:00+03:00,0.10762,0.10624
2024-05-01 13:00:00+03:00,0.10622,0.10896
2024-05-01 15:00:00+03:00,0.10896,0.11147
2024-05-01 17:00:00+03:00,0.11148,0.11012
2024-05-01 19:00:00+03:00,0.11012,0.11079
2024-05-01 21:00:00+03:00,0.11079,0.1128
2024-05-01 23:00:00+03:00,0.11284,0.11537
2024-05-02 01:00:00+03:00,0.11538,0.11637
2024-05-02 03:00:00+03:00,0.11638,0.11361
2024-05-02 05:00:00+03:00,0.11361,0.11463
2024-05-02 07:00:00+03:00,0.11463,0.11254
2024-05-02 09:00:00+03:00,0.11255,0.11321
2024-05-02 11:00:00+03:00,0.11321,0.11501
2024-05-02 13:00:00+03:00,0.11501,0.11584
2024-05-02 15:00:00+03:00,0.11583,0.1149
2024-05-02 17:00:00+03:00,0.1149,0.11712
2024-05-02 19:00:00+03:00,0.11711,0.11971
2024-05-02 21:00:00+03:00,0.11971,0.11831
2024-05-02 23:00:00+03:00,0.11831,0.1188
2024-05-03 01:00:00+03:00,0.11879,0.11789
2024-05-03 03:00:00+03:00,0.1179,0.11933
2024-05-03 05:00:00+03:00,0.11932,0.1177
2024-05-03 07:00:00+03:00,0.1177,0.11733
2024-05-03 09:00:00+03:00,0.11733,0.1163
2024-05-03 11:00:00+03:00,0.11631,0.11626
2024-05-03 13:00:00+03:00,0.11626,0.11508
2024-05-03 15:00:00+03:00,0.11508,0.1182
2024-05-03 17:00:00+03:00,0.11819,0.11847
2024-05-03 19:00:00+03:00,0.11848,0.11945
2024-05-03 21:00:00+03:00,0.11945,0.11954
2024-05-03 23:00:00+03:00,0.11955,0.12091
2024-05-04 01:00:00+03:00,0.12096,0.12023
2024-05-04 03:00:00+03:00,0.12023,0.11897
2024-05-04 05:00:00+03:00,0.11897,0.11955
2024-05-04 07:00:00+03:00,0.11954,0.11965
2024-05-04 09:00:00+03:00,0.11964,0.1185
2024-05-04 11:00:00+03:00,0.11851,0.11984
2024-05-04 13:00:00+03:00,0.11985,0.11996
2024-05-04 15:00:00+03:00,0.11995,0.11965
2024-05-04 17:00:00+03:00,0.11965,0.12017
2024-05-04 19:00:00+03:00,0.12017,0.11968
2024-05-04 21:00:00+03:00,0.11968,0.12075
2024-05-04 23:00:00+03:00,0.12074,0.11986
2024-05-05 01:00:00+03:00,0.11987,0.11943
2024-05-05 03:00:00+03:00,0.11945,0.11839
2024-05-05 05:00:00+03:00,0.11839,0.11828
2024-05-05 07:00:00+03:00,0.11828,0.11633
2024-05-05 09:00:00+03:00,0.11633,0.11796
2024-05-05 11:00:00+03:00,0.11795,0.11833
2024-05-05 13:00:00+03:00,0.11833,0.11852
2024-05-05 15:00:00+03:00,0.11852,0.11888
2024-05-05 17:00:00+03:00,0.11887,0.12222
2024-05-05 19:00:00+03:00,0.12221,0.12216
2024-05-05 21:00:00+03:00,0.12217,0.12033
2024-05-05 23:00:00+03:00,0.12032,0.12112
2024-05-06 01:00:00+03:00,0.12113,0.12133
2024-05-06 03:00:00+03:00,0.12133,0.12188
2024-05-06 05:00:00+03:00,0.12189,0.12161
2024-05-06 07:00:00+03:00,0.12159,0.12399
2024-05-06 09:00:00+03:00,0.12399,0.12772
2024-05-06 11:00:00+03:00,0.12771,0.12689
2024-05-06 13:00:00+03:00,0.12688,0.12425
2024-05-06 15:00:00+03:00,0.12427,0.12429
2024-05-06 17:00:00+03:00,0.12429,0.12466
2024-05-06 19:00:00+03:00,0.12468,0.1228
2024-05-06 21:00:00+03:00,0.1228,0.12267
2024-05-06 23:00:00+03:00,0.12268,0.12336
2024-05-07 01:00:00+03:00,0.12334,0.12177
2024-05-07 03:00:00+03:00,0.12177,0.12513
2024-05-07 05:00:00+03:00,0.12513,0.12364
2024-05-07 07:00:00+03:00,0.12366,0.12275
2024-05-07 09:00:00+03:00,0.12276,0.12453
2024-05-07 11:00:00+03:00,0.12455,0.1258
2024-05-07 13:00:00+03:00,0.12582,0.12504
2024-05-07 15:00:00+03:00,0.12504,0.12568
2024-05-07 17:00:00+03:00,0.12565,0.12759
2024-05-07 19:00:00+03:00,0.12759,0.12913
2024-05-07 21:00:00+03:00,0.12912,0.12764
2024-05-07 23:00:00+03:00,0.12763,0.12772
2024-05-08 01:00:00+03:00,0.12772,0.12562
2024-05-08 03:00:00+03:00,0.12561,0.12576
2024-05-08 05:00:00+03:00,0.12576,0.12752
2024-05-08 07:00:00+03:00,0.12753,0.12492
2024-05-08 09:00:00+03:00,0.12492,0.12489
2024-05-08 11:00:00+03:00,0.12489,0.1247
2024-05-08 13:00:00+03:00,0.12471,0.12431
2024-05-08 15:00:00+03:00,0.12432,0.12588
2024-05-08 17:00:00+03:00,0.12587,0.12655
2024-05-08 19:00:00+03:00,0.12655,0.12726
2024-05-08 21:00:00+03:00,0.12727,0.12633
2024-05-08 23:00:00+03:00,0.12633,0.12242
2024-05-09 01:00:00+03:00,0.12241,0.12179
2024-05-09 03:00:00+03:00,0.1218,0.12245
2024-05-09 05:00:00+03:00,0.12244,0.12279
2024-05-09 07:00:00+03:00,0.12277,0.12275
2024-05-09 09:00:00+03:00,0.12275,0.12131
2024-05-09 11:00:00+03:00,0.1213,0.12221
2024-05-09 13:00:00+03:00,0.12221,0.12147
2024-05-09 15:00:00+03:00,0.12149,0.12091
2024-05-09 17:00:00+03:00,0.12091,0.12373
2024-05-09 19:00:00+03:00,0.12375,0.12248
2024-05-09 21:00:00+03:00,0.12248,0.12453
2024-05-09 23:00:00+03:00,0.12452,0.12592
2024-05-10 01:00:00+03:00,0.12593,0.12806
2024-05-10 03:00:00+03:00,0.12806,0.12975
2024-05-10 05:00:00+03:00,0.12975,0.12869
2024-05-10 07:00:00+03:00,0.12868,0.12924
2024-05-10 09:00:00+03:00,0.12923,0.12869
2024-05-10 11:00:00+03:00,0.1287,0.12995
2024-05-10 13:00:00+03:00,0.12994,0.13029
2024-05-10 15:00:00+03:00,0.13028,0.13091
2024-05-10 17:00:00+03:00,0.13091,0.12703
2024-05-10 19:00:00+03:00,0.12703,0.1255
2024-05-10 21:00:00+03:00,0.1255,0.12392
2024-05-10 23:00:00+03:00,0.12392,0.12611
2024-05-11 01:00:00+03:00,0.12611,0.12567
2024-05-11 03:00:00+03:00,0.1257,0.12418
2024-05-11 05:00:00+03:00,0.1242,0.12455
2024-05-11 07:00:00+03:00,0.12455,0.12422
2024-05-11 09:00:00+03:00,0.12422,0.12486
2024-05-11 11:00:00+03:00,0.12487,0.12336
2024-05-11 13:00:00+03:00,0.12334,0.12244
2024-05-11 15:00:00+03:00,0.12244,0.12283
2024-05-11 17:00:00+03:00,0.12283,0.12477
2024-05-11 19:00:00+03:00,0.12477,0.12343
2024-05-11 21:00:00+03:00,0.12345,0.12378
2024-05-11 23:00:00+03:00,0.12378,0.12285
2024-05-12 01:00:00+03:00,0.12285,0.12237
2024-05-12 03:00:00+03:00,0.12238,0.12196
2024-05-12 05:00:00+03:00,0.12197,0.12223
2024-05-12 07:00:00+03:00,0.12221,0.12236
2024-05-12 09:00:00+03:00,0.12236,0.12229
2024-05-12 11:00:00+03:00,0.12227,0.12334
2024-05-12 13:00:00+03:00,0.12335,0.12496
2024-05-12 15:00:00+03:00,0.12496,0.1278
2024-05-12 17:00:00+03:00,0.12779,0.12655
2024-05-12 19:00:00+03:00,0.12654,0.12605
2024-05-12 21:00:00+03:00,0.12604,0.1263
2024-05-12 23:00:00+03:00,0.12632,0.12607
2024-05-13 01:00:00+03:00,0.12607,0.12624
2024-05-13 03:00:00+03:00,0.12623,0.12379
2024-05-13 05:00:00+03:00,0.12379,0.11814
2024-05-13 07:00:00+03:00,0.11813,0.11749
2024-05-13 09:00:00+03:00,0.11749,0.12149
2024-05-13 11:00:00+03:00,0.12148,0.12185
2024-05-13 13:00:00+03:00,0.12186,0.12042
2024-05-13 15:00:00+03:00,0.12042,0.11974
2024-05-13 17:00:00+03:00,0.11976,0.12006
2024-05-13 19:00:00+03:00,0.12007,0.11854
2024-05-13 21:00:00+03:00,0.11854,0.11801
2024-05-13 23:00:00+03:00,0.11801,0.11811
2024-05-14 01:00:00+03:00,0.11811,0.11704
2024-05-14 03:00:00+03:00,0.11703,0.11577
2024-05-14 05:00:00+03:00,0.11577,0.11536
2024-05-14 07:00:00+03:00,0.11536,0.11648
2024-05-14 09:00:00+03:00,0.11648,0.11594
2024-05-14 11:00:00+03:00,0.11594,0.11491
2024-05-14 13:00:00+03:00,0.1149,0.1144
2024-05-14 15:00:00+03:00,0.11441,0.11406
2024-05-14 17:00:00+03:00,0.11406,0.1133
2024-05-14 19:00:00+03:00,0.11329,0.11272
2024-05-14 21:00:00+03:00,0.11273,0.11307
2024-05-14 23:00:00+03:00,0.11308,0.11286
2024-05-15 01:00:00+03:00,0.11285,0.11162
2024-05-15 03:00:00+03:00,0.11162,0.11295
2024-05-15 05:00:00+03:00,0.11295,0.11265
2024-05-15 07:00:00+03:00,0.11265,0.11271
2024-05-15 09:00:00+03:00,0.11269,0.11347
2024-05-15 11:00:00+03:00,0.11347,0.11436
2024-05-15 13:00:00+03:00,0.11436,0.11357
2024-05-15 15:00:00+03:00,0.11357,0.11727
2024-05-15 17:00:00+03:00,0.11727,0.11769
2024-05-15 19:00:00+03:00,0.11767,0.11775
2024-05-15 21:00:00+03:00,0.11773,0.11968
2024-05-15 23:00:00+03:00,0.11967,0.11884
2024-05-16 01:00:00+03:00,0.11885,0.11937
2024-05-16 03:00:00+03:00,0.11936,0.12088
2024-05-16 05:00:00+03:00,0.12088,0.12179
2024-05-16 07:00:00+03:00,0.12179,0.12076
2024-05-16 09:00:00+03:00,0.12077,0.12164
2024-05-16 11:00:00+03:00,0.12165,0.12152
2024-05-16 13:00:00+03:00,0.12154,0.12048
2024-05-16 15:00:00+03:00,0.12043,0.11881
2024-05-16 17:00:00+03:00,0.1188,0.11774
2024-05-16 19:00:00+03:00,0.11773,0.11744
2024-05-16 21:00:00+03:00,0.11743,0.11779
2024-05-16 23:00:00+03:00,0.11779,0.11796
2024-05-17 01:00:00+03:00,0.11797,0.11777
2024-05-17 03:00:00+03:00,0.11778,0.11697
2024-05-17 05:00:00+03:00,0.11698,0.11554
2024-05-17 07:00:00+03:00,0.11552,0.11655
2024-05-17 09:00:00+03:00,0.11655,0.1194
2024-05-17 11:00:00+03:00,0.11939,0.11902
2024-05-17 13:00:00+03:00,0.11902,0.11884
2024-05-17 15:00:00+03:00,0.11885,0.11921
2024-05-17 17:00:00+03:00,0.11923,0.12064
2024-05-17 19:00:00+03:00,0.12063,0.11998
2024-05-17 21:00:00+03:00,0.11996,0.12048
2024-05-17 23:00:00+03:00,0.12048,0.12071
2024-05-18 01:00:00+03:00,0.1207,0.12074
2024-05-18 03:00:00+03:00,0.12074,0.12193
2024-05-18 05:00:00+03:00,0.12192,0.1225
2024-05-18 07:00:00+03:00,0.12249,0.1222
2024-05-18 09:00:00+03:00,0.12219,0.12095
2024-05-18 11:00:00+03:00,0.12095,0.12187
2024-05-18 13:00:00+03:00,0.12188,0.12083
2024-05-18 15:00:00+03:00,0.12083,0.11991
2024-05-18 17:00:00+03:00,0.1199,0.12
2024-05-18 19:00:00+03:00,0.12001,0.12043
2024-05-18 21:00:00+03:00,0.12043,0.12043
2024-05-18 23:00:00+03:00,0.12041,0.11993
2024-05-19 01:00:00+03:00,0.11992,0.11947
2024-05-19 03:00:00+03:00,0.11946,0.11905
2024-05-19 05:00:00+03:00,0.11908,0.11979
2024-05-19 07:00:00+03:00,0.11978,0.11901
2024-05-19 09:00:00+03:00,0.11903,0.11945
2024-05-19 11:00:00+03:00,0.11945,0.1185
2024-05-19 13:00:00+03:00,0.11848,0.11822
2024-05-19 15:00:00+03:00,0.11818,0.11704
2024-05-19 17:00:00+03:00,0.11706,0.11593
2024-05-19 19:00:00+03:00,0.11592,0.115
2024-05-19 21:00:00+03:00,0.115,0.11532
2024-05-19 23:00:00+03:00,0.11533,0.11476
2024-05-20 01:00:00+03:00,0.11476,0.11433
2024-05-20 03:00:00+03:00,0.11432,0.11522
2024-05-20 05:00:00+03:00,0.11521,0.1154
2024-05-20 07:00:00+03:00,0.1154,0.1181
2024-05-20 09:00:00+03:00,0.11811,0.11664
2024-05-20 11:00:00+03:00,0.11664,0.11677
2024-05-20 13:00:00+03:00,0.11676,0.11686
2024-05-20 15:00:00+03:00,0.11687,0.11777
2024-05-20 17:00:00+03:00,0.11777,0.11923
2024-05-20 19:00:00+03:00,0.11924,0.11937
2024-05-20 21:00:00+03:00,0.11938,0.12168
2024-05-20 23:00:00+03:00,0.12168,0.12277
2024-05-21 01:00:00+03:00,0.12275,0.12503
2024-05-21 03:00:00+03:00,0.12505,0.12487
2024-05-21 05:00:00+03:00,0.12485,0.12393
2024-05-21 07:00:00+03:00,0.12393,0.12547
2024-05-21 09:00:00+03:00,0.12546,0.12548
2024-05-21 11:00:00+03:00,0.1255,0.12591
2024-05-21 13:00:00+03:00,0.1259,0.1248
2024-05-21 15:00:00+03:00,0.12484,0.12574
2024-05-21 17:00:00+03:00,0.12575,0.12261
2024-05-21 19:00:00+03:00,0.12261,0.1258
2024-05-21 21:00:00+03:00,0.12575,0.12359
2024-05-21 23:00:00+03:00,0.12362,0.12423
2024-05-22 01:00:00+03:00,0.12424,0.12448
2024-05-22 03:00:00+03:00,0.12449,0.12639
2024-05-22 05:00:00+03:00,0.12638,0.12504
2024-05-22 07:00:00+03:00,0.12505,0.12467
2024-05-22 09:00:00+03:00,0.12467,0.12397
2024-05-22 11:00:00+03:00,0.12396,0.12385
2024-05-22 13:00:00+03:00,0.12384,0.12258
2024-05-22 15:00:00+03:00,0.12256,0.12121
2024-05-22 17:00:00+03:00,0.12122,0.12321
2024-05-22 19:00:00+03:00,0.12322,0.12253
2024-05-22 21:00:00+03:00,0.12251,0.12166
2024-05-22 23:00:00+03:00,0.12167,0.12246
2024-05-23 01:00:00+03:00,0.12245,0.12158
2024-05-23 03:00:00+03:00,0.12159,0.12197
2024-05-23 05:00:00+03:00,0.12199,0.1239
2024-05-23 07:00:00+03:00,0.1239,0.12213
2024-05-23 09:00:00+03:00,0.12213,0.12172
2024-05-23 11:00:00+03:00,0.12171,0.11895
2024-05-23 13:00:00+03:00,0.11895,0.12041
2024-05-23 15:00:00+03:00,0.1204,0.11609
2024-05-23 17:00:00+03:00,0.11608,0.1162
2024-05-23 19:00:00+03:00,0.1162,0.11511
2024-05-23 21:00:00+03:00,0.11511,0.11435
2024-05-23 23:00:00+03:00,0.11435,0.11712
2024-05-24 01:00:00+03:00,0.11712,0.11685
2024-05-24 03:00:00+03:00,0.11684,0.11807
2024-05-24 05:00:00+03:00,0.11807,0.11833
2024-05-24 07:00:00+03:00,0.11832,0.11634
2024-05-24 09:00:00+03:00,0.11631,0.11576
2024-05-24 11:00:00+03:00,0.11576,0.11652
2024-05-24 13:00:00+03:00,0.11651,0.11683
2024-05-24 15:00:00+03:00,0.11681,0.11584
2024-05-24 17:00:00+03:00,0.11585,0.11607
2024-05-24 19:00:00+03:00,0.11608,0.11617
2024-05-24 21:00:00+03:00,0.11619,0.11673
2024-05-24 23:00:00+03:00,0.11672,0.11681
2024-05-25 01:00:00+03:00,0.1168,0.11726
2024-05-25 03:00:00+03:00,0.11725,0.11853
2024-05-25 05:00:00+03:00,0.11853,0.11933
2024-05-25 07:00:00+03:00,0.11934,0.11943
2024-05-25 09:00:00+03:00,0.11944,0.11887
2024-05-25 11:00:00+03:00,0.11886,0.11885
2024-05-25 13:00:00+03:00,0.11884,0.11905
2024-05-25 15:00:00+03:00,0.11905,0.1182
2024-05-25 17:00:00+03:00,0.11821,0.1189
2024-05-25 19:00:00+03:00,0.1189,0.11835
2024-05-25 21:00:00+03:00,0.11836,0.13479
2024-05-25 23:00:00+03:00,0.13479,0.13978
2024-05-26 01:00:00+03:00,0.13977,0.1363
2024-05-26 03:00:00+03:00,0.1363,0.1341
2024-05-26 05:00:00+03:00,0.1341,0.13561
2024-05-26 07:00:00+03:00,0.13563,0.13546
2024-05-26 09:00:00+03:00,0.13546,0.13742
2024-05-26 11:00:00+03:00,0.13742,0.13358
2024-05-26 13:00:00+03:00,0.13358,0.13473
2024-05-26 15:00:00+03:00,0.13472,0.13507
2024-05-26 17:00:00+03:00,0.13508,0.13449
2024-05-26 19:00:00+03:00,0.13448,0.1332
2024-05-26 21:00:00+03:00,0.1332,0.13237
2024-05-26 23:00:00+03:00,0.13237,0.13432
2024-05-27 01:00:00+03:00,0.13433,0.13407
2024-05-27 03:00:00+03:00,0.13408,0.13358
2024-05-27 05:00:00+03:00,0.13358,0.13551
2024-05-27 07:00:00+03:00,0.13552,0.13651
2024-05-27 09:00:00+03:00,0.13649,0.13344
2024-05-27 11:00:00+03:00,0.13345,0.13447
2024-05-27 13:00:00+03:00,0.13446,0.13262
2024-05-27 15:00:00+03:00,0.13264,0.13355
2024-05-27 17:00:00+03:00,0.13356,0.13596
2024-05-27 19:00:00+03:00,0.13595,0.13539
2024-05-27 21:00:00+03:00,0.1354,0.13397
2024-05-27 23:00:00+03:00,0.13398,0.13614
2024-05-28 01:00:00+03:00,0.13614,0.13765
2024-05-28 03:00:00+03:00,0.13765,0.13331
2024-05-28 05:00:00+03:00,0.13331,0.1394
2024-05-28 07:00:00+03:00,0.1394,0.13995
2024-05-28 09:00:00+03:00,0.13995,0.14122
2024-05-28 11:00:00+03:00,0.14125,0.14819
2024-05-28 13:00:00+03:00,0.14818,0.1494
2024-05-28 15:00:00+03:00,0.14943,0.14948
2024-05-28 17:00:00+03:00,0.14949,0.14914
2024-05-28 19:00:00+03:00,0.14914,0.14744
2024-05-28 21:00:00+03:00,0.14744,0.15287
2024-05-28 23:00:00+03:00,0.15286,0.15325
2024-05-29 01:00:00+03:00,0.15325,0.15414
2024-05-29 03:00:00+03:00,0.15414,0.14902
2024-05-29 05:00:00+03:00,0.14902,0.15136
2024-05-29 07:00:00+03:00,0.15137,0.15503
2024-05-29 09:00:00+03:00,0.15503,0.15521
2024-05-29 11:00:00+03:00,0.15521,0.14922
2024-05-29 13:00:00+03:00,0.14923,0.15315
2024-05-29 15:00:00+03:00,0.15313,0.15413
2024-05-29 17:00:00+03:00,0.15414,0.15721
2024-05-29 19:00:00+03:00,0.15721,0.15967
2024-05-29 21:00:00+03:00,0.15966,0.15789
2024-05-29 23:00:00+03:00,0.15788,0.15688
2024-05-30 01:00:00+03:00,0.15687,0.15443
2024-05-30 03:00:00+03:00,0.15443,0.16289
2024-05-30 05:00:00+03:00,0.16288,0.15771
2024-05-30 07:00:00+03:00,0.15773,0.1528
2024-05-30 09:00:00+03:00,0.15281,0.14725
2024-05-30 11:00:00+03:00,0.14725,0.14611
2024-05-30 13:00:00+03:00,0.1461,0.14473
2024-05-30 15:00:00+03:00,0.14474,0.14706
2024-05-30 17:00:00+03:00,0.14706,0.14508
2024-05-30 19:00:00+03:00,0.14509,0.1471
2024-05-30 21:00:00+03:00,0.1471,0.14625
2024-05-30 23:00:00+03:00,0.14627,0.1459
2024-05-31 01:00:00+03:00,0.1459,0.146
2024-05-31 03:00:00+03:00,0.146,0.14691
2024-05-31 05:00:00+03:00,0.14692,0.14594
2024-05-31 07:00:00+03:00,0.14589,0.14536
2024-05-31 09:00:00+03:00,0.14536,0.14671
2024-05-31 11:00:00+03:00,0.14672,0.14441
2024-05-31 13:00:00+03:00,0.14442,0.14462
2024-05-31 15:00:00+03:00,0.14464,0.14253
2024-05-31 17:00:00+03:00,0.14253,0.14154
2024-05-31 19:00:00+03:00,0.14153,0.14234
2024-05-31 21:00:00+03:00,0.14234,0.14301
2024-05-31 23:00:00+03:00,0.14304,0.14224
2024-06-01 01:00:00+03:00,0.14226,0.14198
2024-06-01 03:00:00+03:00,0.14199,0.14319
2024-06-01 05:00:00+03:00,0.14321,0.1445
2024-06-01 07:00:00+03:00,0.14447,0.14404
2024-06-01 09:00:00+03:00,0.14405,0.14479
2024-06-01 11:00:00+03:00,0.1448,0.14502
2024-06-01 13:00:00+03:00,0.14503,0.1509
2024-06-01 15:00:00+03:00,0.15091,0.15139
2024-06-01 17:00:00+03:00,0.15138,0.15223
2024-06-01 19:00:00+03:00,0.15223,0.15116
2024-06-01 21:00:00+03:00,0.15116,0.15122
2024-06-01 23:00:00+03:00,0.15123,0.15293
2024-06-02 01:00:00+03:00,0.15293,0.15109
2024-06-02 03:00:00+03:00,0.15108,0.15093
2024-06-02 05:00:00+03:00,0.15093,0.14823
2024-06-02 07:00:00+03:00,0.14822,0.14683
2024-06-02 09:00:00+03:00,0.14683,0.14471
2024-06-02 11:00:00+03:00,0.1447,0.14425
2024-06-02 13:00:00+03:00,0.14426,0.14488
2024-06-02 15:00:00+03:00,0.14487,0.14454
2024-06-02 17:00:00+03:00,0.14453,0.1444
2024-06-02 19:00:00+03:00,0.1444,0.14151
2024-06-02 21:00:00+03:00,0.14151,0.14191
2024-06-02 23:00:00+03:00,0.1419,0.14125
2024-06-03 01:00:00+03:00,0.14125,0.14173
2024-06-03 03:00:00+03:00,0.14174,0.14642
2024-06-03 05:00:00+03:00,0.14641,0.14845
2024-06-03 07:00:00+03:00,0.14844,0.14578
2024-06-03 09:00:00+03:00,0.14578,0.14604
2024-06-03 11:00:00+03:00,0.14605,0.14358
2024-06-03 13:00:00+03:00,0.14359,0.14284
2024-06-03 15:00:00+03:00,0.14285,0.14362
2024-06-03 17:00:00+03:00,0.14365,0.14503
2024-06-03 19:00:00+03:00,0.14502,0.14434
2024-06-03 21:00:00+03:00,0.14435,0.14449
2024-06-03 23:00:00+03:00,0.14448,0.14408
2024-06-04 01:00:00+03:00,0.14407,0.14499
2024-06-04 03:00:00+03:00,0.145,0.14384
2024-06-04 05:00:00+03:00,0.14384,0.14329
2024-06-04 07:00:00+03:00,0.14328,0.14333
2024-06-04 09:00:00+03:00,0.14336,0.14401
2024-06-04 11:00:00+03:00,0.14401,0.14338
2024-06-04 13:00:00+03:00,0.14338,0.14744
2024-06-04 15:00:00+03:00,0.14744,0.14515
2024-06-04 17:00:00+03:00,0.14518,0.14693
2024-06-04 19:00:00+03:00,0.14693,0.14566
2024-06-04 21:00:00+03:00,0.14567,0.14561
2024-06-04 23:00:00+03:00,0.14559,0.14498
2024-06-05 01:00:00+03:00,0.14497,0.14485
2024-06-05 03:00:00+03:00,0.14485,0.14572
2024-06-05 05:00:00+03:00,0.14573,0.14465
2024-06-05 07:00:00+03:00,0.14462,0.14513
2024-06-05 09:00:00+03:00,0.14512,0.14511
2024-06-05 11:00:00+03:00,0.14511,0.1443
2024-06-05 13:00:00+03:00,0.14429,0.14427
2024-06-05 15:00:00+03:00,0.14427,0.1432
2024-06-05 17:00:00+03:00,0.14317,0.14379
2024-06-05 19:00:00+03:00,0.14378,0.14486
2024-06-05 21:00:00+03:00,0.14487,0.14584
2024-06-05 23:00:00+03:00,0.14584,0.1462
2024-06-06 01:00:00+03:00,0.1462,0.14673
2024-06-06 03:00:00+03:00,0.14673,0.1456
2024-06-06 05:00:00+03:00,0.14561,0.14523
2024-06-06 07:00:00+03:00,0.14523,0.14444
2024-06-06 09:00:00+03:00,0.14443,0.14326
2024-06-06 11:00:00+03:00,0.14325,0.14415
2024-06-06 13:00:00+03:00,0.14415,0.14381
2024-06-06 15:00:00+03:00,0.14382,0.1439
2024-06-06 17:00:00+03:00,0.14392,0.14407
2024-06-06 19:00:00+03:00,0.14407,0.14431
2024-06-06 21:00:00+03:00,0.14434,0.14142
2024-06-06 23:00:00+03:00,0.14141,0.13765
2024-06-07 01:00:00+03:00,0.13764,0.13731
2024-06-07 03:00:00+03:00,0.1373,0.13952
2024-06-07 05:00:00+03:00,0.13952,0.13886
2024-06-07 07:00:00+03:00,0.13885,0.13945
2024-06-07 09:00:00+03:00,0.13945,0.13899
2024-06-07 11:00:00+03:00,0.13899,0.13874
2024-06-07 13:00:00+03:00,0.13874,0.13883
2024-06-07 15:00:00+03:00,0.13883,0.13833
2024-06-07 17:00:00+03:00,0.13833,0.1374
2024-06-07 19:00:00+03:00,0.1374,0.13345
2024-06-07 21:00:00+03:00,0.13342,0.12423
2024-06-07 23:00:00+03:00,0.12423,0.1252
2024-06-08 01:00:00+03:00,0.1252,0.12443
2024-06-08 03:00:00+03:00,0.12443,0.12453
2024-06-08 05:00:00+03:00,0.12453,0.1237
2024-06-08 07:00:00+03:00,0.1237,0.12239
2024-06-08 09:00:00+03:00,0.12239,0.12323
2024-06-08 11:00:00+03:00,0.12323,0.12274
2024-06-08 13:00:00+03:00,0.12274,0.11856
2024-06-08 15:00:00+03:00,0.11856,0.11921
2024-06-08 17:00:00+03:00,0.11921,0.11832
2024-06-08 19:00:00+03:00,0.11832,0.1176
2024-06-08 21:00:00+03:00,0.1176,0.11763
2024-06-08 23:00:00+03:00,0.11763,0.11649
2024-06-09 01:00:00+03:00,0.11649,0.11723
2024-06-09 03:00:00+03:00,0.11723,0.11987
2024-06-09 05:00:00+03:00,0.11988,0.118
2024-06-09 07:00:00+03:00,0.11801,0.11932
2024-06-09 09:00:00+03:00,0.11932,0.12011
2024-06-09 11:00:00+03:00,0.12011,0.12017
2024-06-09 13:00:00+03:00,0.12017,0.12049
2024-06-09 15:00:00+03:00,0.12049,0.12096
2024-06-09 17:00:00+03:00,0.12096,0.12343
2024-06-09 19:00:00+03:00,0.12341,0.12646
2024-06-09 21:00:00+03:00,0.12646,0.12855
2024-06-09 23:00:00+03:00,0.12854,0.12984
2024-06-10 01:00:00+03:00,0.12985,0.12977
2024-06-10 03:00:00+03:00,0.12978,0.12799
2024-06-10 05:00:00+03:00,0.12799,0.12603
2024-06-10 07:00:00+03:00,0.12603,0.12514
2024-06-10 09:00:00+03:00,0.12514,0.12162
2024-06-10 11:00:00+03:00,0.12162,0.12487
2024-06-10 13:00:00+03:00,0.12487,0.12756
2024-06-10 15:00:00+03:00,0.12755,0.12694
2024-06-10 17:00:00+03:00,0.12694,0.128
2024-06-10 19:00:00+03:00,0.128,0.12811
2024-06-10 21:00:00+03:00,0.12811,0.12678
2024-06-10 23:00:00+03:00,0.12678,0.1266
2024-06-11 01:00:00+03:00,0.12659,0.12549
2024-06-11 03:00:00+03:00,0.1255,0.12434
2024-06-11 05:00:00+03:00,0.12432,0.12764
2024-06-11 07:00:00+03:00,0.12764,0.12377
2024-06-11 09:00:00+03:00,0.12374,0.12352
2024-06-11 11:00:00+03:00,0.12351,0.1214
2024-06-11 13:00:00+03:00,0.1214,0.12278
2024-06-11 15:00:00+03:00,0.12277,0.11875
2024-06-11 17:00:00+03:00,0.11874,0.11702
2024-06-11 19:00:00+03:00,0.11702,0.11728
2024-06-11 21:00:00+03:00,0.11728,0.11812
2024-06-11 23:00:00+03:00,0.11812,0.11816
2024-06-12 01:00:00+03:00,0.11817,0.1173
2024-06-12 03:00:00+03:00,0.11729,0.11522
2024-06-12 05:00:00+03:00,0.11523,0.11825
2024-06-12 07:00:00+03:00,0.11823,0.11681
2024-06-12 09:00:00+03:00,0.1168,0.11668
2024-06-12 11:00:00+03:00,0.11669,0.11829
2024-06-12 13:00:00+03:00,0.11829,0.11704
2024-06-12 15:00:00+03:00,0.11704,0.12138
2024-06-12 17:00:00+03:00,0.12136,0.12174
2024-06-12 19:00:00+03:00,0.12176,0.12201
2024-06-12 21:00:00+03:00,0.12205,0.11774
2024-06-12 23:00:00+03:00,0.11771,0.1198
2024-06-13 01:00:00+03:00,0.11979,0.12025
2024-06-13 03:00:00+03:00,0.12024,0.11962
2024-06-13 05:00:00+03:00,0.11961,0.11785
2024-06-13 07:00:00+03:00,0.11785,0.11782
2024-06-13 09:00:00+03:00,0.11783,0.1164
2024-06-13 11:00:00+03:00,0.11639,0.11702
2024-06-13 13:00:00+03:00,0.117,0.11668
2024-06-13 15:00:00+03:00,0.11667,0.1154
2024-06-13 17:00:00+03:00,0.1154,0.11159
2024-06-13 19:00:00+03:00,0.11158,0.1138
2024-06-13 21:00:00+03:00,0.1138,0.11313
2024-06-13 23:00:00+03:00,0.11313,0.11307
2024-06-14 01:00:00+03:00,0.11307,0.11243
2024-06-14 03:00:00+03:00,0.11244,0.11334
2024-06-14 05:00:00+03:00,0.11332,0.11238
2024-06-14 07:00:00+03:00,0.11239,0.11682
2024-06-14 09:00:00+03:00,0.11681,0.11819
2024-06-14 11:00:00+03:00,0.11819,0.11823
2024-06-14 13:00:00+03:00,0.11825,0.11756
2024-06-14 15:00:00+03:00,0.11757,0.11613
2024-06-14 17:00:00+03:00,0.11613,0.11236
2024-06-14 19:00:00+03:00,0.11236,0.10684
2024-06-14 21:00:00+03:00,0.10683,0.10622
2024-06-14 23:00:00+03:00,0.10621,0.10932
2024-06-15 01:00:00+03:00,0.10932,0.10826
2024-06-15 03:00:00+03:00,0.10825,0.1045
2024-06-15 05:00:00+03:00,0.1045,0.10529
2024-06-15 07:00:00+03:00,0.10528,0.10536
2024-06-15 09:00:00+03:00,0.10535,0.1054
2024-06-15 11:00:00+03:00,0.10543,0.10578
2024-06-15 13:00:00+03:00,0.10577,0.10593
2024-06-15 15:00:00+03:00,0.10595,0.10615
2024-06-15 17:00:00+03:00,0.10615,0.10536
2024-06-15 19:00:00+03:00,0.10536,0.10437
2024-06-15 21:00:00+03:00,0.1044,0.10342
2024-06-15 23:00:00+03:00,0.10341,0.10324
2024-06-16 01:00:00+03:00,0.10323,0.10404
2024-06-16 03:00:00+03:00,0.10404,0.10251
2024-06-16 05:00:00+03:00,0.10252,0.10098
2024-06-16 07:00:00+03:00,0.10098,0.10104
2024-06-16 09:00:00+03:00,0.10104,0.10126
2024-06-16 11:00:00+03:00,0.10125,0.10018
2024-06-16 13:00:00+03:00,0.10018,0.10071
2024-06-16 15:00:00+03:00,0.10071,0.10166
2024-06-16 17:00:00+03:00,0.10166,0.10125
2024-06-16 19:00:00+03:00,0.10124,0.10073
2024-06-16 21:00:00+03:00,0.10073,0.10086
2024-06-16 23:00:00+03:00,0.10087,0.10038
2024-06-17 01:00:00+03:00,0.10038,0.10089
2024-06-17 03:00:00+03:00,0.10088,0.09866
2024-06-17 05:00:00+03:00,0.09866,0.09674
2024-06-17 07:00:00+03:00,0.09674,0.09652
2024-06-17 09:00:00+03:00,0.09653,0.0951
2024-06-17 11:00:00+03:00,0.0951,0.09268
2024-06-17 13:00:00+03:00,0.09268,0.09316
2024-06-17 15:00:00+03:00,0.09316,0.09241
2024-06-17 17:00:00+03:00,0.09239,0.0916
2024-06-17 19:00:00+03:00,0.09158,0.0921
2024-06-17 21:00:00+03:00,0.0921,0.09331
2024-06-17 23:00:00+03:00,0.09329,0.0917
2024-06-18 01:00:00+03:00,0.09169,0.08995
2024-06-18 03:00:00+03:00,0.08996,0.08028
2024-06-18 05:00:00+03:00,0.08028,0.08172
2024-06-18 07:00:00+03:00,0.08171,0.08149
2024-06-18 09:00:00+03:00,0.08149,0.0817
2024-06-18 11:00:00+03:00,0.0817,0.08193
2024-06-18 13:00:00+03:00,0.08192,0.08119
2024-06-18 15:00:00+03:00,0.0812,0.0775
2024-06-18 17:00:00+03:00,0.0775,0.07993
2024-06-18 19:00:00+03:00,0.07992,0.07878
2024-06-18 21:00:00+03:00,0.07879,0.07999
2024-06-18 23:00:00+03:00,0.07999,0.08028
2024-06-19 01:00:00+03:00,0.08028,0.08021
2024-06-19 03:00:00+03:00,0.08021,0.08104
2024-06-19 05:00:00+03:00,0.08103,0.08183
2024-06-19 07:00:00+03:00,0.08184,0.08148
2024-06-19 09:00:00+03:00,0.08147,0.08158
2024-06-19 11:00:00+03:00,0.08158,0.08072
2024-06-19 13:00:00+03:00,0.08071,0.08023
2024-06-19 15:00:00+03:00,0.08024,0.08064
2024-06-19 17:00:00+03:00,0.08064,0.07949
2024-06-19 19:00:00+03:00,0.07949,0.08082
2024-06-19 21:00:00+03:00,0.08081,0.08022
2024-06-19 23:00:00+03:00,0.08022,0.08019
2024-06-20 01:00:00+03:00,0.08019,0.08002
2024-06-20 03:00:00+03:00,0.08003,0.08082
2024-06-20 05:00:00+03:00,0.08082,0.08027
2024-06-20 07:00:00+03:00,0.08026,0.08158
2024-06-20 09:00:00+03:00,0.08159,0.08305
2024-06-20 11:00:00+03:00,0.08305,0.08139
2024-06-20 13:00:00+03:00,0.08139,0.08176
2024-06-20 15:00:00+03:00,0.08177,0.08043
2024-06-20 17:00:00+03:00,0.08041,0.07928
2024-06-20 19:00:00+03:00,0.07928,0.07972
2024-06-20 21:00:00+03:00,0.07972,0.08059
2024-06-20 23:00:00+03:00,0.08057,0.07983
2024-06-21 01:00:00+03:00,0.07984,0.07942
2024-06-21 03:00:00+03:00,0.07941,0.08008
2024-06-21 05:00:00+03:00,0.08008,0.07981
2024-06-21 07:00:00+03:00,0.07982,0.08009
2024-06-21 09:00:00+03:00,0.08008,0.07925
2024-06-21 11:00:00+03:00,0.07926,0.07936
2024-06-21 13:00:00+03:00,0.07936,0.07882
2024-06-21 15:00:00+03:00,0.07882,0.07752
2024-06-21 17:00:00+03:00,0.07751,0.07832
2024-06-21 19:00:00+03:00,0.07833,0.07652
2024-06-21 21:00:00+03:00,0.07652,0.07773
2024-06-21 23:00:00+03:00,0.0777,0.07785
2024-06-22 01:00:00+03:00,0.07785,0.07757
2024-06-22 03:00:00+03:00,0.07756,0.07703
2024-06-22 05:00:00+03:00,0.07704,0.07816
2024-06-22 07:00:00+03:00,0.07816,0.07797
2024-06-22 09:00:00+03:00,0.07797,0.07692
2024-06-22 11:00:00+03:00,0.07693,0.07707
2024-06-22 13:00:00+03:00,0.07707,0.07696
2024-06-22 15:00:00+03:00,0.07695,0.07724
2024-06-22 17:00:00+03:00,0.07724,0.07765
2024-06-22 19:00:00+03:00,0.07766,0.07776
2024-06-22 21:00:00+03:00,0.07775,0.07794
2024-06-22 23:00:00+03:00,0.07795,0.07763
2024-06-23 01:00:00+03:00,0.07764,0.07721
2024-06-23 03:00:00+03:00,0.0772,0.07831
2024-06-23 05:00:00+03:00,0.07831,0.07874
2024-06-23 07:00:00+03:00,0.07874,0.078
2024-06-23 09:00:00+03:00,0.078,0.07814
2024-06-23 11:00:00+03:00,0.07812,0.0784
2024-06-23 13:00:00+03:00,0.0784,0.07775
2024-06-23 15:00:00+03:00,0.07774,0.07746
2024-06-23 17:00:00+03:00,0.07746,0.07702
2024-06-23 19:00:00+03:00,0.07702,0.07609
2024-06-23 21:00:00+03:00,0.07609,0.07611
2024-06-23 23:00:00+03:00,0.07612,0.07665
2024-06-24 01:00:00+03:00,0.07664,0.07528
2024-06-24 03:00:00+03:00,0.07527,0.07478
2024-06-24 05:00:00+03:00,0.07477,0.07427
2024-06-24 07:00:00+03:00,0.07426,0.07231
2024-06-24 09:00:00+03:00,0.07231,0.07284
2024-06-24 11:00:00+03:00,0.07285,0.07348
2024-06-24 13:00:00+03:00,0.07347,0.0732
2024-06-24 15:00:00+03:00,0.07319,0.07482
2024-06-24 17:00:00+03:00,0.07482,0.07377
2024-06-24 19:00:00+03:00,0.07376,0.07442
2024-06-24 21:00:00+03:00,0.07441,0.07396
2024-06-24 23:00:00+03:00,0.07393,0.07615
2024-06-25 01:00:00+03:00,0.07616,0.07675
2024-06-25 03:00:00+03:00,0.07675,0.07705
2024-06-25 05:00:00+03:00,0.07705,0.0779
2024-06-25 07:00:00+03:00,0.0779,0.07791
2024-06-25 09:00:00+03:00,0.07791,0.07717
2024-06-25 11:00:00+03:00,0.07717,0.07818
2024-06-25 13:00:00+03:00,0.07817,0.07815
2024-06-25 15:00:00+03:00,0.07816,0.0783
2024-06-25 17:00:00+03:00,0.07831,0.08017
2024-06-25 19:00:00+03:00,0.08018,0.0796
2024-06-25 21:00:00+03:00,0.07961,0.08005
2024-06-25 23:00:00+03:00,0.08006,0.0798
2024-06-26 01:00:00+03:00,0.07981,0.07901
2024-06-26 03:00:00+03:00,0.07902,0.07922
2024-06-26 05:00:00+03:00,0.07923,0.07886
2024-06-26 07:00:00+03:00,0.07886,0.07797
2024-06-26 09:00:00+03:00,0.07796,0.07906
2024-06-26 11:00:00+03:00,0.07906,0.07866
2024-06-26 13:00:00+03:00,0.07865,0.07812
2024-06-26 15:00:00+03:00,0.07812,0.07882
2024-06-26 17:00:00+03:00,0.07882,0.07753
2024-06-26 19:00:00+03:00,0.07753,0.0768
2024-06-26 21:00:00+03:00,0.07681,0.07749
2024-06-26 23:00:00+03:00,0.07749,0.07791
2024-06-27 01:00:00+03:00,0.07792,0.07699
2024-06-27 03:00:00+03:00,0.07699,0.07641
2024-06-27 05:00:00+03:00,0.07641,0.07635
2024-06-27 07:00:00+03:00,0.07636,0.07522
2024-06-27 09:00:00+03:00,0.07522,0.07572
2024-06-27 11:00:00+03:00,0.07572,0.07687
2024-06-27 13:00:00+03:00,0.0769,0.077
2024-06-27 15:00:00+03:00,0.077,0.07821
2024-06-27 17:00:00+03:00,0.07822,0.07789
2024-06-27 19:00:00+03:00,0.0779,0.07779
2024-06-27 21:00:00+03:00,0.07779,0.07767
2024-06-27 23:00:00+03:00,0.07768,0.07785
2024-06-28 01:00:00+03:00,0.07786,0.07762
2024-06-28 03:00:00+03:00,0.07761,0.078
2024-06-28 05:00:00+03:00,0.078,0.0776
2024-06-28 07:00:00+03:00,0.0776,0.07711
2024-06-28 09:00:00+03:00,0.07711,0.0774
2024-06-28 11:00:00+03:00,0.0774,0.07801
2024-06-28 13:00:00+03:00,0.078,0.07792
2024-06-28 15:00:00+03:00,0.07792,0.07761
2024-06-28 17:00:00+03:00,0.07762,0.07754
2024-06-28 19:00:00+03:00,0.07754,0.0761
2024-06-28 21:00:00+03:00,0.07608,0.07677
2024-06-28 23:00:00+03:00,0.07678,0.07561
2024-06-29 01:00:00+03:00,0.07561,0.07517
2024-06-29 03:00:00+03:00,0.07516,0.07608
2024-06-29 05:00:00+03:00,0.07609,0.07563
2024-06-29 07:00:00+03:00,0.07563,0.07518
2024-06-29 09:00:00+03:00,0.07518,0.07566
2024-06-29 11:00:00+03:00,0.07566,0.07557
2024-06-29 13:00:00+03:00,0.07558,0.07585
2024-06-29 15:00:00+03:00,0.07584,0.07541
2024-06-29 17:00:00+03:00,0.07542,0.07545
2024-06-29 19:00:00+03:00,0.07544,0.07468
2024-06-29 21:00:00+03:00,0.07467,0.07434
2024-06-29 23:00:00+03:00,0.07433,0.07393
2024-06-30 01:00:00+03:00,0.07394,0.07339
2024-06-30 03:00:00+03:00,0.0734,0.07282
2024-06-30 05:00:00+03:00,0.07283,0.07263
2024-06-30 07:00:00+03:00,0.07263,0.07224
2024-06-30 09:00:00+03:00,0.07223,0.07413
2024-06-30 11:00:00+03:00,0.07413,0.07419
2024-06-30 13:00:00+03:00,0.07418,0.07399
2024-06-30 15:00:00+03:00,0.074,0.07382
2024-06-30 17:00:00+03:00,0.07383,0.07419
2024-06-30 19:00:00+03:00,0.0742,0.07433
2024-06-30 21:00:00+03:00,0.07432,0.0748
2024-06-30 23:00:00+03:00,0.0748,0.07417
2024-07-01 01:00:00+03:00,0.07417,0.0758
2024-07-01 03:00:00+03:00,0.0758,0.07682
2024-07-01 05:00:00+03:00,0.07683,0.07661
2024-07-01 07:00:00+03:00,0.07661,0.07645
2024-07-01 09:00:00+03:00,0.07644,0.07662
2024-07-01 11:00:00+03:00,0.07662,0.07618
2024-07-01 13:00:00+03:00,0.07618,0.07515
2024-07-01 15:00:00+03:00,0.07515,0.07475
2024-07-01 17:00:00+03:00,0.07476,0.07453
2024-07-01 19:00:00+03:00,0.07454,0.07588
2024-07-01 21:00:00+03:00,0.07591,0.07612
2024-07-01 23:00:00+03:00,0.07613,0.0757
2024-07-02 01:00:00+03:00,0.0757,0.07481
2024-07-02 03:00:00+03:00,0.07481,0.07477
2024-07-02 05:00:00+03:00,0.07476,0.07531
2024-07-02 07:00:00+03:00,0.07532,0.07605
2024-07-02 09:00:00+03:00,0.07606,0.07504
2024-07-02 11:00:00+03:00,0.07504,0.07496
2024-07-02 13:00:00+03:00,0.07495,0.07478
2024-07-02 15:00:00+03:00,0.0748,0.07526
2024-07-02 17:00:00+03:00,0.07528,0.07457
2024-07-02 19:00:00+03:00,0.07457,0.07442
2024-07-02 21:00:00+03:00,0.07442,0.07596
2024-07-02 23:00:00+03:00,0.07597,0.07573
2024-07-03 01:00:00+03:00,0.07574,0.0761
2024-07-03 03:00:00+03:00,0.0761,0.07525
2024-07-03 05:00:00+03:00,0.07525,0.07373
2024-07-03 07:00:00+03:00,0.07373,0.07362
2024-07-03 09:00:00+03:00,0.07362,0.07373
2024-07-03 11:00:00+03:00,0.07373,0.07354
2024-07-03 13:00:00+03:00,0.07354,0.07305
2024-07-03 15:00:00+03:00,0.07305,0.07317
2024-07-03 17:00:00+03:00,0.07317,0.07216
2024-07-03 19:00:00+03:00,0.07217,0.07144
2024-07-03 21:00:00+03:00,0.07144,0.07091
2024-07-03 23:00:00+03:00,0.07092,0.07129
2024-07-04 01:00:00+03:00,0.07129,0.07088
2024-07-04 03:00:00+03:00,0.07089,0.06836
2024-07-04 05:00:00+03:00,0.06835,0.06884
2024-07-04 07:00:00+03:00,0.06883,0.06879
2024-07-04 09:00:00+03:00,0.06879,0.06769
2024-07-04 11:00:00+03:00,0.06769,0.06733
2024-07-04 13:00:00+03:00,0.06732,0.06689
2024-07-04 15:00:00+03:00,0.06688,0.06524
2024-07-04 17:00:00+03:00,0.06524,0.0661
2024-07-04 19:00:00+03:00,0.06612,0.06561
2024-07-04 21:00:00+03:00,0.0656,0.06483
2024-07-04 23:00:00+03:00,0.06484,0.06584
2024-07-05 01:00:00+03:00,0.06583,0.0626
2024-07-05 03:00:00+03:00,0.0626,0.06045
2024-07-05 05:00:00+03:00,0.06045,0.05594
2024-07-05 07:00:00+03:00,0.05594,0.05768
2024-07-05 09:00:00+03:00,0.05768,0.05712
2024-07-05 11:00:00+03:00,0.05712,0.05702
2024-07-05 13:00:00+03:00,0.05702,0.05918
2024-07-05 15:00:00+03:00,0.05917,0.06007
2024-07-05 17:00:00+03:00,0.06008,0.06112
2024-07-05 19:00:00+03:00,0.0611,0.06183
2024-07-05 21:00:00+03:00,0.06182,0.06196
2024-07-05 23:00:00+03:00,0.06196,0.06199
2024-07-06 01:00:00+03:00,0.062,0.06222
2024-07-06 03:00:00+03:00,0.06222,0.0622
2024-07-06 05:00:00+03:00,0.0622,0.06305
2024-07-06 07:00:00+03:00,0.06304,0.06292
2024-07-06 09:00:00+03:00,0.06291,0.06424
2024-07-06 11:00:00+03:00,0.06425,0.0644
2024-07-06 13:00:00+03:00,0.06437,0.06486
2024-07-06 15:00:00+03:00,0.06487,0.06528
2024-07-06 17:00:00+03:00,0.06528,0.06667
2024-07-06 19:00:00+03:00,0.06668,0.0682
2024-07-06 21:00:00+03:00,0.06821,0.06831
2024-07-06 23:00:00+03:00,0.06831,0.06833
2024-07-07 01:00:00+03:00,0.06833,0.06863
2024-07-07 03:00:00+03:00,0.06864,0.06797
2024-07-07 05:00:00+03:00,0.06795,0.06821
2024-07-07 07:00:00+03:00,0.06821,0.06707
2024-07-07 09:00:00+03:00,0.06708,0.06667
2024-07-07 11:00:00+03:00,0.06668,0.06718
2024-07-07 13:00:00+03:00,0.06719,0.06755
2024-07-07 15:00:00+03:00,0.06754,0.0658
2024-07-07 17:00:00+03:00,0.06581,0.06572
2024-07-07 19:00:00+03:00,0.06573,0.06638
2024-07-07 21:00:00+03:00,0.06638,0.06559
2024-07-07 23:00:00+03:00,0.0656,0.06441
2024-07-08 01:00:00+03:00,0.06441,0.06334
2024-07-08 03:00:00+03:00,0.06335,0.06173
2024-07-08 05:00:00+03:00,0.06172,0.06269
2024-07-08 07:00:00+03:00,0.06268,0.06321
2024-07-08 09:00:00+03:00,0.06321,0.06325
2024-07-08 11:00:00+03:00,0.06325,0.06666
2024-07-08 13:00:00+03:00,0.06667,0.06716
2024-07-08 15:00:00+03:00,0.06715,0.06646
2024-07-08 17:00:00+03:00,0.06645,0.06473
2024-07-08 19:00:00+03:00,0.06473,0.06513
2024-07-08 21:00:00+03:00,0.06514,0.06554
2024-07-08 23:00:00+03:00,0.06556,0.06543
2024-07-09 01:00:00+03:00,0.06542,0.06544
2024-07-09 03:00:00+03:00,0.06544,0.06507
2024-07-09 05:00:00+03:00,0.06507,0.06569
2024-07-09 07:00:00+03:00,0.06569,0.06595
2024-07-09 09:00:00+03:00,0.06595,0.0659
2024-07-09 11:00:00+03:00,0.0659,0.06592
2024-07-09 13:00:00+03:00,0.06594,0.06565
2024-07-09 15:00:00+03:00,0.06564,0.06602
2024-07-09 17:00:00+03:00,0.06602,0.06645
2024-07-09 19:00:00+03:00,0.06645,0.06603
2024-07-09 21:00:00+03:00,0.06603,0.06636
2024-07-09 23:00:00+03:00,0.06636,0.06621
2024-07-10 01:00:00+03:00,0.06621,0.06625
2024-07-10 03:00:00+03:00,0.06625,0.06595
2024-07-10 05:00:00+03:00,0.06595,0.06649
2024-07-10 07:00:00+03:00,0.06649,0.06732
2024-07-10 09:00:00+03:00,0.06733,0.067
2024-07-10 11:00:00+03:00,0.067,0.06656
2024-07-10 13:00:00+03:00,0.06655,0.06643
2024-07-10 15:00:00+03:00,0.06643,0.06644
2024-07-10 17:00:00+03:00,0.06645,0.06684
2024-07-10 19:00:00+03:00,0.06683,0.06678
2024-07-10 21:00:00+03:00,0.06679,0.06662
2024-07-10 23:00:00+03:00,0.06662,0.06612
2024-07-11 01:00:00+03:00,0.06611,0.06652
2024-07-11 03:00:00+03:00,0.06652,0.06725
2024-07-11 05:00:00+03:00,0.06725,0.06625
2024-07-11 07:00:00+03:00,0.06624,0.06682
2024-07-11 09:00:00+03:00,0.06682,0.067
2024-07-11 11:00:00+03:00,0.067,0.06704
2024-07-11 13:00:00+03:00,0.06704,0.06751
2024-07-11 15:00:00+03:00,0.0675,0.06795
2024-07-11 17:00:00+03:00,0.06794,0.066
2024-07-11 19:00:00+03:00,0.06599,0.06658
2024-07-11 21:00:00+03:00,0.06658,0.06602
2024-07-11 23:00:00+03:00,0.06602,0.06532
2024-07-12 01:00:00+03:00,0.06531,0.06492
2024-07-12 03:00:00+03:00,0.06491,0.06514
2024-07-12 05:00:00+03:00,0.06513,0.06522
2024-07-12 07:00:00+03:00,0.06521,0.06483
2024-07-12 09:00:00+03:00,0.06483,0.06485
2024-07-12 11:00:00+03:00,0.06484,0.06425
2024-07-12 13:00:00+03:00,0.06426,0.06419
2024-07-12 15:00:00+03:00,0.0642,0.06573
2024-07-12 17:00:00+03:00,0.06575,0.06566
2024-07-12 19:00:00+03:00,0.06565,0.06593
2024-07-12 21:00:00+03:00,0.06593,0.06578
2024-07-12 23:00:00+03:00,0.06579,0.06566
2024-07-13 01:00:00+03:00,0.06566,0.06585
2024-07-13 03:00:00+03:00,0.06585,0.06645
2024-07-13 05:00:00+03:00,0.06644,0.06627
2024-07-13 07:00:00+03:00,0.06626,0.06686
2024-07-13 09:00:00+03:00,0.06686,0.06696
2024-07-13 11:00:00+03:00,0.06696,0.0671
2024-07-13 13:00:00+03:00,0.06711,0.06715
2024-07-13 15:00:00+03:00,0.06716,0.06704
2024-07-13 17:00:00+03:00,0.06703,0.0673
2024-07-13 19:00:00+03:00,0.06728,0.06771
2024-07-13 21:00:00+03:00,0.06773,0.06796
2024-07-13 23:00:00+03:00,0.06794,0.06781
2024-07-14 01:00:00+03:00,0.0678,0.06796
2024-07-14 03:00:00+03:00,0.06795,0.0691
2024-07-14 05:00:00+03:00,0.0691,0.06803
2024-07-14 07:00:00+03:00,0.06802,0.06847
2024-07-14 09:00:00+03:00,0.06847,0.06813
2024-07-14 11:00:00+03:00,0.06812,0.0683
2024-07-14 13:00:00+03:00,0.06829,0.06782
2024-07-14 15:00:00+03:00,0.06782,0.06732
2024-07-14 17:00:00+03:00,0.06732,0.06776
2024-07-14 19:00:00+03:00,0.06775,0.06794
2024-07-14 21:00:00+03:00,0.06793,0.06723
2024-07-14 23:00:00+03:00,0.06723,0.06886
2024-07-15 01:00:00+03:00,0.06886,0.06888
2024-07-15 03:00:00+03:00,0.06887,0.06925
2024-07-15 05:00:00+03:00,0.06925,0.06975
2024-07-15 07:00:00+03:00,0.06975,0.0693
2024-07-15 09:00:00+03:00,0.0693,0.07035
2024-07-15 11:00:00+03:00,0.07034,0.06988
2024-07-15 13:00:00+03:00,0.06987,0.06965
2024-07-15 15:00:00+03:00,0.06966,0.06993
2024-07-15 17:00:00+03:00,0.06993,0.07
2024-07-15 19:00:00+03:00,0.07,0.07061
2024-07-15 21:00:00+03:00,0.07061,0.0711
2024-07-15 23:00:00+03:00,0.07109,0.07132
2024-07-16 01:00:00+03:00,0.07133,0.07245
2024-07-16 03:00:00+03:00,0.07246,0.07267
2024-07-16 05:00:00+03:00,0.07267,0.07295
2024-07-16 07:00:00+03:00,0.07294,0.07062
2024-07-16 09:00:00+03:00,0.07061,0.06972
2024-07-16 11:00:00+03:00,0.06973,0.07028
2024-07-16 13:00:00+03:00,0.07026,0.07054
2024-07-16 15:00:00+03:00,0.07054,0.07024
2024-07-16 17:00:00+03:00,0.07024,0.07265
2024-07-16 19:00:00+03:00,0.07265,0.07357
2024-07-16 21:00:00+03:00,0.07356,0.07377
2024-07-16 23:00:00+03:00,0.07375,0.07343
2024-07-17 01:00:00+03:00,0.07343,0.07333
2024-07-17 03:00:00+03:00,0.07333,0.07417
2024-07-17 05:00:00+03:00,0.07417,0.07373
2024-07-17 07:00:00+03:00,0.07373,0.07392
2024-07-17 09:00:00+03:00,0.07392,0.07433
2024-07-17 11:00:00+03:00,0.07433,0.07468
2024-07-17 13:00:00+03:00,0.07468,0.07398
2024-07-17 15:00:00+03:00,0.07399,0.07472
2024-07-17 17:00:00+03:00,0.07472,0.07335
2024-07-17 19:00:00+03:00,0.07333,0.07264
2024-07-17 21:00:00+03:00,0.07265,0.07315
2024-07-17 23:00:00+03:00,0.07316,0.0727
2024-07-18 01:00:00+03:00,0.07271,0.07218
2024-07-18 03:00:00+03:00,0.07217,0.07347
2024-07-18 05:00:00+03:00,0.07347,0.07334
2024-07-18 07:00:00+03:00,0.07335,0.073
2024-07-18 09:00:00+03:00,0.07301,0.07276
2024-07-18 11:00:00+03:00,0.07277,0.07235
2024-07-18 13:00:00+03:00,0.07235,0.07253
2024-07-18 15:00:00+03:00,0.07253,0.07204
2024-07-18 17:00:00+03:00,0.07203,0.06935
2024-07-18 19:00:00+03:00,0.06933,0.06896
2024-07-18 21:00:00+03:00,0.06897,0.06877
2024-07-18 23:00:00+03:00,0.06877,0.06925
2024-07-19 01:00:00+03:00,0.06926,0.06978
2024-07-19 03:00:00+03:00,0.06978,0.06957
2024-07-19 05:00:00+03:00,0.06957,0.07201
2024-07-19 07:00:00+03:00,0.07201,0.07139
2024-07-19 09:00:00+03:00,0.07138,0.07095
2024-07-19 11:00:00+03:00,0.07093,0.06983
2024-07-19 13:00:00+03:00,0.06983,0.07014
2024-07-19 15:00:00+03:00,0.07015,0.07128
2024-07-19 17:00:00+03:00,0.07129,0.07197
2024-07-19 19:00:00+03:00,0.07197,0.07374
2024-07-19 21:00:00+03:00,0.07374,0.07385
2024-07-19 23:00:00+03:00,0.07386,0.07384
2024-07-20 01:00:00+03:00,0.07385,0.07381
2024-07-20 03:00:00+03:00,0.07381,0.07327
2024-07-20 05:00:00+03:00,0.07326,0.07362
2024-07-20 07:00:00+03:00,0.07362,0.07422
2024-07-20 09:00:00+03:00,0.07424,0.07442
2024-07-20 11:00:00+03:00,0.07441,0.07407
2024-07-20 13:00:00+03:00,0.07406,0.07336
2024-07-20 15:00:00+03:00,0.07337,0.07301
2024-07-20 17:00:00+03:00,0.07302,0.07424
2024-07-20 19:00:00+03:00,0.07421,0.074
2024-07-20 21:00:00+03:00,0.07399,0.07359
2024-07-20 23:00:00+03:00,0.07358,0.07356
2024-07-21 01:00:00+03:00,0.07356,0.07377
2024-07-21 03:00:00+03:00,0.07378,0.07527
2024-07-21 05:00:00+03:00,0.07527,0.0751
2024-07-21 07:00:00+03:00,0.07509,0.07497
2024-07-21 09:00:00+03:00,0.07496,0.07434
2024-07-21 11:00:00+03:00,0.07433,0.07519
2024-07-21 13:00:00+03:00,0.07518,0.0748
2024-07-21 15:00:00+03:00,0.07479,0.07418
2024-07-21 17:00:00+03:00,0.07417,0.07468
2024-07-21 19:00:00+03:00,0.07468,0.07347
2024-07-21 21:00:00+03:00,0.07347,0.07393
2024-07-21 23:00:00+03:00,0.07388,0.0757
2024-07-22 01:00:00+03:00,0.07569,0.07544
2024-07-22 03:00:00+03:00,0.07543,0.07486
2024-07-22 05:00:00+03:00,0.07485,0.07403
2024-07-22 07:00:00+03:00,0.07403,0.07303
2024-07-22 09:00:00+03:00,0.07303,0.07256
2024-07-22 11:00:00+03:00,0.07257,0.073
2024-07-22 13:00:00+03:00,0.07301,0.07324
2024-07-22 15:00:00+03:00,0.07324,0.07256
2024-07-22 17:00:00+03:00,0.07255,0.07312
2024-07-22 19:00:00+03:00,0.07313,0.07317
2024-07-22 21:00:00+03:00,0.07316,0.07349
2024-07-22 23:00:00+03:00,0.07349,0.07234
2024-07-23 01:00:00+03:00,0.07234,0.07163
2024-07-23 03:00:00+03:00,0.07163,0.0723
2024-07-23 05:00:00+03:00,0.07232,0.07172
2024-07-23 07:00:00+03:00,0.07172,0.07016
2024-07-23 09:00:00+03:00,0.07016,0.07047
2024-07-23 11:00:00+03:00,0.07046,0.07169
2024-07-23 13:00:00+03:00,0.07168,0.0715
2024-07-23 15:00:00+03:00,0.0715,0.07046
2024-07-23 17:00:00+03:00,0.07047,0.0705
2024-07-23 19:00:00+03:00,0.07047,0.06922
2024-07-23 21:00:00+03:00,0.06922,0.06967
2024-07-23 23:00:00+03:00,0.06966,0.06902
2024-07-24 01:00:00+03:00,0.06901,0.06928
2024-07-24 03:00:00+03:00,0.06927,0.06878
2024-07-24 05:00:00+03:00,0.06879,0.06957
2024-07-24 07:00:00+03:00,0.06958,0.06933
2024-07-24 09:00:00+03:00,0.06933,0.07002
2024-07-24 11:00:00+03:00,0.07001,0.07042
2024-07-24 13:00:00+03:00,0.07042,0.07085
2024-07-24 15:00:00+03:00,0.07086,0.07046
2024-07-24 17:00:00+03:00,0.07046,0.07019
2024-07-24 19:00:00+03:00,0.07019,0.07077
2024-07-24 21:00:00+03:00,0.07076,0.06976
2024-07-24 23:00:00+03:00,0.06978,0.06936
2024-07-25 01:00:00+03:00,0.06936,0.06878
2024-07-25 03:00:00+03:00,0.06878,0.06662
2024-07-25 05:00:00+03:00,0.06662,0.06602
2024-07-25 07:00:00+03:00,0.06601,0.06609
2024-07-25 09:00:00+03:00,0.06609,0.06625
2024-07-25 11:00:00+03:00,0.06625,0.06651
2024-07-25 13:00:00+03:00,0.06652,0.06603
2024-07-25 15:00:00+03:00,0.06603,0.06581
2024-07-25 17:00:00+03:00,0.06579,0.06634
2024-07-25 19:00:00+03:00,0.06634,0.06674
2024-07-25 21:00:00+03:00,0.06674,0.06547
2024-07-25 23:00:00+03:00,0.06549,0.06669
2024-07-26 01:00:00+03:00,0.06668,0.06676
2024-07-26 03:00:00+03:00,0.06676,0.06735
2024-07-26 05:00:00+03:00,0.06735,0.06881
2024-07-26 07:00:00+03:00,0.06882,0.06934
2024-07-26 09:00:00+03:00,0.06933,0.06961
2024-07-26 11:00:00+03:00,0.06962,0.06979
2024-07-26 13:00:00+03:00,0.06979,0.06958
2024-07-26 15:00:00+03:00,0.06959,0.06974
2024-07-26 17:00:00+03:00,0.06974,0.06945
2024-07-26 19:00:00+03:00,0.06944,0.06965
2024-07-26 21:00:00+03:00,0.06963,0.06985
2024-07-26 23:00:00+03:00,0.06986,0.06998
2024-07-27 01:00:00+03:00,0.06999,0.07007
2024-07-27 03:00:00+03:00,0.07006,0.0697
2024-07-27 05:00:00+03:00,0.06971,0.06978
2024-07-27 07:00:00+03:00,0.06977,0.07008
2024-07-27 09:00:00+03:00,0.07007,0.07048
2024-07-27 11:00:00+03:00,0.07048,0.07045
2024-07-27 13:00:00+03:00,0.07043,0.07073
2024-07-27 15:00:00+03:00,0.07075,0.07127
2024-07-27 17:00:00+03:00,0.07126,0.07
2024-07-27 19:00:00+03:00,0.07,0.06999
2024-07-27 21:00:00+03:00,0.07,0.07018
2024-07-27 23:00:00+03:00,0.07018,0.07076
2024-07-28 01:00:00+03:00,0.07074,0.07028
2024-07-28 03:00:00+03:00,0.07028,0.07007
2024-07-28 05:00:00+03:00,0.07007,0.06976
2024-07-28 07:00:00+03:00,0.06975,0.06909
2024-07-28 09:00:00+03:00,0.06908,0.06951
2024-07-28 11:00:00+03:00,0.0695,0.0697
2024-07-28 13:00:00+03:00,0.06971,0.06947
2024-07-28 15:00:00+03:00,0.06946,0.0694
2024-07-28 17:00:00+03:00,0.0694,0.06862
2024-07-28 19:00:00+03:00,0.06862,0.06864
2024-07-28 21:00:00+03:00,0.06864,0.06858
2024-07-28 23:00:00+03:00,0.06858,0.06817
2024-07-29 01:00:00+03:00,0.06816,0.0684
2024-07-29 03:00:00+03:00,0.0684,0.06906
2024-07-29 05:00:00+03:00,0.06906,0.07011
2024-07-29 07:00:00+03:00,0.07011,0.0703
2024-07-29 09:00:00+03:00,0.07031,0.07012
2024-07-29 11:00:00+03:00,0.07012,0.06972
2024-07-29 13:00:00+03:00,0.06972,0.06955
2024-07-29 15:00:00+03:00,0.06955,0.06978
2024-07-29 17:00:00+03:00,0.06979,0.06856
2024-07-29 19:00:00+03:00,0.06856,0.0678
2024-07-29 21:00:00+03:00,0.06779,0.06829
2024-07-29 23:00:00+03:00,0.06828,0.06799
2024-07-30 01:00:00+03:00,0.06798,0.06763
2024-07-30 03:00:00+03:00,0.06762,0.068
2024-07-30 05:00:00+03:00,0.068,0.0684
2024-07-30 07:00:00+03:00,0.0684,0.06813
2024-07-30 09:00:00+03:00,0.06812,0.06878
2024-07-30 11:00:00+03:00,0.06879,0.06827
2024-07-30 13:00:00+03:00,0.06827,0.0679
2024-07-30 15:00:00+03:00,0.06789,0.0676
2024-07-30 17:00:00+03:00,0.06758,0.06805
2024-07-30 19:00:00+03:00,0.06804,0.06704
2024-07-30 21:00:00+03:00,0.06705,0.06606
2024-07-30 23:00:00+03:00,0.06604,0.06555
2024-07-31 01:00:00+03:00,0.06556,0.0661
2024-07-31 03:00:00+03:00,0.0661,0.06633
2024-07-31 05:00:00+03:00,0.06633,0.06609
2024-07-31 07:00:00+03:00,0.06608,0.06654
2024-07-31 09:00:00+03:00,0.06653,0.06667
2024-07-31 11:00:00+03:00,0.06667,0.06653
2024-07-31 13:00:00+03:00,0.06652,0.06636
2024-07-31 15:00:00+03:00,0.06635,0.06656
2024-07-31 17:00:00+03:00,0.06656,0.06621
2024-07-31 19:00:00+03:00,0.06622,0.06639
2024-07-31 21:00:00+03:00,0.0664,0.06536
2024-07-31 23:00:00+03:00,0.06535,0.06492
2024-08-01 01:00:00+03:00,0.06492,0.06469
2024-08-01 03:00:00+03:00,0.0647,0.06498
2024-08-01 05:00:00+03:00,0.06497,0.06456
2024-08-01 07:00:00+03:00,0.06454,0.06409
2024-08-01 09:00:00+03:00,0.06408,0.06359
2024-08-01 11:00:00+03:00,0.06359,0.06369
2024-08-01 13:00:00+03:00,0.06369,0.06395
2024-08-01 15:00:00+03:00,0.06394,0.06397
2024-08-01 17:00:00+03:00,0.06397,0.0618
2024-08-01 19:00:00+03:00,0.06178,0.06104
2024-08-01 21:00:00+03:00,0.06104,0.06105
2024-08-01 23:00:00+03:00,0.06104,0.0624
2024-08-02 01:00:00+03:00,0.06241,0.06366
2024-08-02 03:00:00+03:00,0.06367,0.06253
2024-08-02 05:00:00+03:00,0.06254,0.06259
2024-08-02 07:00:00+03:00,0.06258,0.0614
2024-08-02 09:00:00+03:00,0.06138,0.0616
2024-08-02 11:00:00+03:00,0.06159,0.06201
2024-08-02 13:00:00+03:00,0.06201,0.06212
2024-08-02 15:00:00+03:00,0.06213,0.06329
2024-08-02 17:00:00+03:00,0.06328,0.0612
2024-08-02 19:00:00+03:00,0.06119,0.06097
2024-08-02 21:00:00+03:00,0.06096,0.06057
2024-08-02 23:00:00+03:00,0.06057,0.06011
2024-08-03 01:00:00+03:00,0.0601,0.05994
2024-08-03 03:00:00+03:00,0.05995,0.05931
2024-08-03 05:00:00+03:00,0.05929,0.05998
2024-08-03 07:00:00+03:00,0.05996,0.05987
2024-08-03 09:00:00+03:00,0.05987,0.0601
2024-08-03 11:00:00+03:00,0.0601,0.06021
2024-08-03 13:00:00+03:00,0.0602,0.06018
2024-08-03 15:00:00+03:00,0.06018,0.06001
2024-08-03 17:00:00+03:00,0.06001,0.05801
2024-08-03 19:00:00+03:00,0.058,0.05631
2024-08-03 21:00:00+03:00,0.05631,0.05553
2024-08-03 23:00:00+03:00,0.05552,0.05656
2024-08-04 01:00:00+03:00,0.05655,0.05733
2024-08-04 03:00:00+03:00,0.05732,0.05729
2024-08-04 05:00:00+03:00,0.0573,0.05777
2024-08-04 07:00:00+03:00,0.05777,0.05798
2024-08-04 09:00:00+03:00,0.05799,0.05729
2024-08-04 11:00:00+03:00,0.05729,0.05725
2024-08-04 13:00:00+03:00,0.05724,0.05748
2024-08-04 15:00:00+03:00,0.05748,0.05743
2024-08-04 17:00:00+03:00,0.05743,0.05522
2024-08-04 19:00:00+03:00,0.05523,0.05395
2024-08-04 21:00:00+03:00,0.05396,0.05578
2024-08-04 23:00:00+03:00,0.05576,0.05551
2024-08-05 01:00:00+03:00,0.0555,0.05485
2024-08-05 03:00:00+03:00,0.05486,0.04844
2024-08-05 05:00:00+03:00,0.04844,0.04713
2024-08-05 07:00:00+03:00,0.04713,0.04741
2024-08-05 09:00:00+03:00,0.04742,0.04852
2024-08-05 11:00:00+03:00,0.04853,0.04764
2024-08-05 13:00:00+03:00,0.04763,0.04636
2024-08-05 15:00:00+03:00,0.04636,0.04848
2024-08-05 17:00:00+03:00,0.04849,0.05133
2024-08-05 19:00:00+03:00,0.05133,0.05104
2024-08-05 21:00:00+03:00,0.05105,0.0501
2024-08-05 23:00:00+03:00,0.0501,0.05018
2024-08-06 01:00:00+03:00,0.05019,0.05033
2024-08-06 03:00:00+03:00,0.05034,0.05283
2024-08-06 05:00:00+03:00,0.05282,0.05237
2024-08-06 07:00:00+03:00,0.05238,0.05347
2024-08-06 09:00:00+03:00,0.05346,0.0535
2024-08-06 11:00:00+03:00,0.05348,0.05225
2024-08-06 13:00:00+03:00,0.05227,0.05169
2024-08-06 15:00:00+03:00,0.05168,0.05222
2024-08-06 17:00:00+03:00,0.05223,0.05308
2024-08-06 19:00:00+03:00,0.0531,0.05285
2024-08-06 21:00:00+03:00,0.05285,0.053
2024-08-06 23:00:00+03:00,0.05298,0.05321
2024-08-07 01:00:00+03:00,0.05321,0.05268
2024-08-07 03:00:00+03:00,0.05268,0.05353
2024-08-07 05:00:00+03:00,0.05354,0.05331
2024-08-07 07:00:00+03:00,0.05328,0.05327
2024-08-07 09:00:00+03:00,0.05328,0.05331
2024-08-07 11:00:00+03:00,0.05333,0.05379
2024-08-07 13:00:00+03:00,0.05378,0.05331
2024-08-07 15:00:00+03:00,0.05332,0.0526
2024-08-07 17:00:00+03:00,0.0526,0.05197
2024-08-07 19:00:00+03:00,0.05196,0.05131
2024-08-07 21:00:00+03:00,0.0513,0.05098
2024-08-07 23:00:00+03:00,0.05098,0.05129
2024-08-08 01:00:00+03:00,0.05128,0.05097
2024-08-08 03:00:00+03:00,0.05098,0.05265
2024-08-08 05:00:00+03:00,0.05264,0.05295
2024-08-08 07:00:00+03:00,0.05296,0.05341
2024-08-08 09:00:00+03:00,0.0534,0.0532
2024-08-08 11:00:00+03:00,0.05321,0.05274
2024-08-08 13:00:00+03:00,0.05275,0.0529
2024-08-08 15:00:00+03:00,0.05289,0.05334
2024-08-08 17:00:00+03:00,0.05333,0.05428
2024-08-08 19:00:00+03:00,0.05429,0.05413
2024-08-08 21:00:00+03:00,0.05414,0.0541
2024-08-08 23:00:00+03:00,0.05409,0.05547
2024-08-09 01:00:00+03:00,0.05548,0.05608
2024-08-09 03:00:00+03:00,0.05609,0.05577
2024-08-09 05:00:00+03:00,0.05578,0.0557
2024-08-09 07:00:00+03:00,0.0557,0.05531
2024-08-09 09:00:00+03:00,0.05531,0.05542
2024-08-09 11:00:00+03:00,0.05542,0.05529
2024-08-09 13:00:00+03:00,0.05529,0.055
2024-08-09 15:00:00+03:00,0.055,0.05496
2024-08-09 17:00:00+03:00,0.05496,0.05417
2024-08-09 19:00:00+03:00,0.05417,0.05471
2024-08-09 21:00:00+03:00,0.0547,0.05484
2024-08-09 23:00:00+03:00,0.05484,0.05519
2024-08-10 01:00:00+03:00,0.05518,0.05546
2024-08-10 03:00:00+03:00,0.05547,0.05521
2024-08-10 05:00:00+03:00,0.05521,0.05529
2024-08-10 07:00:00+03:00,0.05529,0.05522
2024-08-10 09:00:00+03:00,0.05522,0.05582
2024-08-10 11:00:00+03:00,0.05582,0.05597
2024-08-10 13:00:00+03:00,0.05597,0.0568
2024-08-10 15:00:00+03:00,0.05681,0.05638
2024-08-10 17:00:00+03:00,0.0564,0.05688
2024-08-10 19:00:00+03:00,0.05689,0.0578
2024-08-10 21:00:00+03:00,0.0578,0.05756
2024-08-10 23:00:00+03:00,0.05755,0.05764
2024-08-11 01:00:00+03:00,0.05766,0.05744
2024-08-11 03:00:00+03:00,0.05743,0.05731
2024-08-11 05:00:00+03:00,0.05732,0.05741
2024-08-11 07:00:00+03:00,0.05741,0.05756
2024-08-11 09:00:00+03:00,0.05756,0.05777
2024-08-11 11:00:00+03:00,0.05778,0.05763
2024-08-11 13:00:00+03:00,0.05763,0.0567
2024-08-11 15:00:00+03:00,0.0567,0.05612
2024-08-11 17:00:00+03:00,0.05611,0.05559
2024-08-11 19:00:00+03:00,0.05558,0.05549
2024-08-11 21:00:00+03:00,0.05549,0.05438
2024-08-11 23:00:00+03:00,0.05439,0.05404
2024-08-12 01:00:00+03:00,0.05403,0.05354
2024-08-12 03:00:00+03:00,0.05354,0.0543
2024-08-12 05:00:00+03:00,0.05429,0.05434
2024-08-12 07:00:00+03:00,0.05433,0.05401
2024-08-12 09:00:00+03:00,0.054,0.05451
2024-08-12 11:00:00+03:00,0.05451,0.05421
2024-08-12 13:00:00+03:00,0.0542,0.05586
2024-08-12 15:00:00+03:00,0.05586,0.05411
2024-08-12 17:00:00+03:00,0.05412,0.05596
2024-08-12 19:00:00+03:00,0.05596,0.05539
2024-08-12 21:00:00+03:00,0.05539,0.05501
2024-08-12 23:00:00+03:00,0.05502,0.0549
2024-08-13 01:00:00+03:00,0.05489,0.05557
2024-08-13 03:00:00+03:00,0.05557,0.05545
2024-08-13 05:00:00+03:00,0.05544,0.05446
2024-08-13 07:00:00+03:00,0.05446,0.05481
2024-08-13 09:00:00+03:00,0.05481,0.05469
2024-08-13 11:00:00+03:00,0.0547,0.05451
2024-08-13 13:00:00+03:00,0.0545,0.0546
2024-08-13 15:00:00+03:00,0.05461,0.05534
2024-08-13 17:00:00+03:00,0.05534,0.05517
2024-08-13 19:00:00+03:00,0.05517,0.05682
2024-08-13 21:00:00+03:00,0.05682,0.05658
2024-08-13 23:00:00+03:00,0.05657,0.05663
2024-08-14 01:00:00+03:00,0.05662,0.05632
2024-08-14 03:00:00+03:00,0.05632,0.05579
2024-08-14 05:00:00+03:00,0.05579,0.05614
2024-08-14 07:00:00+03:00,0.05613,0.05592
2024-08-14 09:00:00+03:00,0.05591,0.056
2024-08-14 11:00:00+03:00,0.056,0.05591
2024-08-14 13:00:00+03:00,0.0559,0.05597
2024-08-14 15:00:00+03:00,0.05597,0.05487
2024-08-14 17:00:00+03:00,0.05484,0.05505
2024-08-14 19:00:00+03:00,0.05504,0.05496
2024-08-14 21:00:00+03:00,0.05495,0.05487
2024-08-14 23:00:00+03:00,0.05485,0.05461
2024-08-15 01:00:00+03:00,0.05462,0.05475
2024-08-15 03:00:00+03:00,0.05474,0.05459
2024-08-15 05:00:00+03:00,0.05459,0.05471
2024-08-15 07:00:00+03:00,0.05471,0.05443
2024-08-15 09:00:00+03:00,0.05443,0.05452
2024-08-15 11:00:00+03:00,0.05454,0.05469
2024-08-15 13:00:00+03:00,0.0547,0.05494
2024-08-15 15:00:00+03:00,0.05494,0.05557
2024-08-15 17:00:00+03:00,0.05556,0.05523
2024-08-15 19:00:00+03:00,0.05524,0.05376
2024-08-15 21:00:00+03:00,0.05375,0.05284
2024-08-15 23:00:00+03:00,0.05284,0.05275
2024-08-16 01:00:00+03:00,0.05276,0.05292
2024-08-16 03:00:00+03:00,0.05292,0.05251
2024-08-16 05:00:00+03:00,0.05251,0.05257
2024-08-16 07:00:00+03:00,0.05258,0.05295
2024-08-16 09:00:00+03:00,0.05294,0.05338
2024-08-16 11:00:00+03:00,0.05338,0.05344
2024-08-16 13:00:00+03:00,0.05344,0.05287
2024-08-16 15:00:00+03:00,0.05286,0.0525
2024-08-16 17:00:00+03:00,0.05249,0.05137
2024-08-16 19:00:00+03:00,0.05137,0.05249
2024-08-16 21:00:00+03:00,0.05249,0.05274
2024-08-16 23:00:00+03:00,0.05274,0.05275
2024-08-17 01:00:00+03:00,0.05275,0.05249
2024-08-17 03:00:00+03:00,0.05249,0.05239
2024-08-17 05:00:00+03:00,0.0524,0.05213
2024-08-17 07:00:00+03:00,0.05212,0.05257
2024-08-17 09:00:00+03:00,0.05257,0.05279
2024-08-17 11:00:00+03:00,0.05278,0.05278
2024-08-17 13:00:00+03:00,0.05278,0.05244
2024-08-17 15:00:00+03:00,0.05244,0.05272
2024-08-17 17:00:00+03:00,0.05272,0.05266
2024-08-17 19:00:00+03:00,0.05265,0.0529
2024-08-17 21:00:00+03:00,0.05289,0.05262
2024-08-17 23:00:00+03:00,0.05262,0.05298
2024-08-18 01:00:00+03:00,0.05299,0.05322
2024-08-18 03:00:00+03:00,0.05321,0.05293
2024-08-18 05:00:00+03:00,0.05292,0.05284
2024-08-18 07:00:00+03:00,0.05283,0.05284
2024-08-18 09:00:00+03:00,0.05282,0.05292
2024-08-18 11:00:00+03:00,0.05293,0.05319
2024-08-18 13:00:00+03:00,0.05319,0.0536
2024-08-18 15:00:00+03:00,0.0536,0.05411
2024-08-18 17:00:00+03:00,0.05411,0.05408
2024-08-18 19:00:00+03:00,0.05408,0.05386
2024-08-18 21:00:00+03:00,0.05387,0.05423
2024-08-18 23:00:00+03:00,0.05423,0.05433
2024-08-19 01:00:00+03:00,0.05433,0.05363
2024-08-19 03:00:00+03:00,0.05363,0.05361
2024-08-19 05:00:00+03:00,0.05361,0.05373
2024-08-19 07:00:00+03:00,0.05372,0.05355
2024-08-19 09:00:00+03:00,0.05356,0.0536
2024-08-19 11:00:00+03:00,0.05358,0.05345
2024-08-19 13:00:00+03:00,0.05345,0.05347
2024-08-19 15:00:00+03:00,0.05348,0.05334
2024-08-19 17:00:00+03:00,0.05334,0.05309
2024-08-19 19:00:00+03:00,0.05309,0.05347
2024-08-19 21:00:00+03:00,0.05348,0.0539
2024-08-19 23:00:00+03:00,0.0539,0.05395
2024-08-20 01:00:00+03:00,0.05394,0.05429
2024-08-20 03:00:00+03:00,0.0543,0.05537
2024-08-20 05:00:00+03:00,0.05538,0.05548
2024-08-20 07:00:00+03:00,0.05549,0.05566
2024-08-20 09:00:00+03:00,0.05567,0.05525
2024-08-20 11:00:00+03:00,0.05525,0.05534
2024-08-20 13:00:00+03:00,0.05534,0.05516
2024-08-20 15:00:00+03:00,0.05516,0.05553
2024-08-20 17:00:00+03:00,0.05552,0.05419
2024-08-20 19:00:00+03:00,0.05419,0.05462
2024-08-20 21:00:00+03:00,0.05461,0.05514
2024-08-20 23:00:00+03:00,0.05515,0.05488
2024-08-21 01:00:00+03:00,0.05488,0.05486
2024-08-21 03:00:00+03:00,0.05486,0.05502
2024-08-21 05:00:00+03:00,0.05502,0.05572
2024-08-21 07:00:00+03:00,0.05573,0.05608
2024-08-21 09:00:00+03:00,0.05607,0.05649
2024-08-21 11:00:00+03:00,0.05649,0.0561
2024-08-21 13:00:00+03:00,0.05609,0.05601
2024-08-21 15:00:00+03:00,0.05601,0.05591
2024-08-21 17:00:00+03:00,0.05591,0.05564
2024-08-21 19:00:00+03:00,0.05564,0.05635
2024-08-21 21:00:00+03:00,0.05635,0.05735
2024-08-21 23:00:00+03:00,0.05736,0.05726
2024-08-22 01:00:00+03:00,0.05726,0.05699
2024-08-22 03:00:00+03:00,0.05698,0.05691
2024-08-22 05:00:00+03:00,0.05691,0.05663
2024-08-22 07:00:00+03:00,0.05662,0.05677
2024-08-22 09:00:00+03:00,0.05676,0.05765
2024-08-22 11:00:00+03:00,0.05763,0.05725
2024-08-22 13:00:00+03:00,0.05726,0.05759
2024-08-22 15:00:00+03:00,0.05759,0.05733
2024-08-22 17:00:00+03:00,0.05734,0.05772
2024-08-22 19:00:00+03:00,0.05771,0.05776
2024-08-22 21:00:00+03:00,0.05776,0.05795
2024-08-22 23:00:00+03:00,0.05793,0.05834
2024-08-23 01:00:00+03:00,0.05834,0.05877
2024-08-23 03:00:00+03:00,0.05877,0.05888
2024-08-23 05:00:00+03:00,0.05888,0.05899
2024-08-23 07:00:00+03:00,0.05897,0.05952
2024-08-23 09:00:00+03:00,0.05952,0.05948
2024-08-23 11:00:00+03:00,0.05948,0.05927
2024-08-23 13:00:00+03:00,0.05928,0.05894
2024-08-23 15:00:00+03:00,0.05893,0.05888
2024-08-23 17:00:00+03:00,0.05889,0.05955
2024-08-23 19:00:00+03:00,0.05955,0.06077
2024-08-23 21:00:00+03:00,0.06078,0.06109
2024-08-23 23:00:00+03:00,0.06108,0.06148
2024-08-24 01:00:00+03:00,0.06148,0.06152
2024-08-24 03:00:00+03:00,0.06151,0.06126
2024-08-24 05:00:00+03:00,0.06125,0.06105
2024-08-24 07:00:00+03:00,0.06105,0.06102
2024-08-24 09:00:00+03:00,0.06102,0.06083
2024-08-24 11:00:00+03:00,0.06082,0.06252
2024-08-24 13:00:00+03:00,0.06251,0.06235
2024-08-24 15:00:00+03:00,0.06236,0.06267
2024-08-24 17:00:00+03:00,0.06266,0.06221
2024-08-24 19:00:00+03:00,0.06221,0.06318
2024-08-24 21:00:00+03:00,0.06318,0.06335
2024-08-24 23:00:00+03:00,0.06335,0.06163
2024-08-25 01:00:00+03:00,0.06162,0.06219
2024-08-25 03:00:00+03:00,0.06218,0.06052
2024-08-25 05:00:00+03:00,0.06049,0.06081
2024-08-25 07:00:00+03:00,0.06081,0.06072
2024-08-25 09:00:00+03:00,0.06072,0.05913
2024-08-25 11:00:00+03:00,0.05912,0.05987
2024-08-25 13:00:00+03:00,0.05988,0.0603
2024-08-25 15:00:00+03:00,0.06029,0.06047
2024-08-25 17:00:00+03:00,0.06047,0.06075
2024-08-25 19:00:00+03:00,0.06075,0.06054
2024-08-25 21:00:00+03:00,0.06054,0.0604
2024-08-25 23:00:00+03:00,0.06041,0.06116
2024-08-26 01:00:00+03:00,0.06116,0.06053
2024-08-26 03:00:00+03:00,0.06052,0.05981
2024-08-26 05:00:00+03:00,0.0598,0.06045
2024-08-26 07:00:00+03:00,0.06044,0.0605
2024-08-26 09:00:00+03:00,0.06051,0.05964
2024-08-26 11:00:00+03:00,0.05967,0.06045
2024-08-26 13:00:00+03:00,0.06043,0.05987
2024-08-26 15:00:00+03:00,0.05988,0.05902
2024-08-26 17:00:00+03:00,0.05901,0.05822
2024-08-26 19:00:00+03:00,0.05821,0.05728
2024-08-26 21:00:00+03:00,0.05729,0.05732
2024-08-26 23:00:00+03:00,0.05732,0.0573
2024-08-27 01:00:00+03:00,0.0573,0.05703
2024-08-27 03:00:00+03:00,0.05703,0.05789
2024-08-27 05:00:00+03:00,0.05788,0.05796
2024-08-27 07:00:00+03:00,0.05795,0.05853
2024-08-27 09:00:00+03:00,0.05852,0.05801
2024-08-27 11:00:00+03:00,0.05801,0.05736
2024-08-27 13:00:00+03:00,0.05737,0.05705
2024-08-27 15:00:00+03:00,0.05704,0.05691
2024-08-27 17:00:00+03:00,0.05692,0.05713
2024-08-27 19:00:00+03:00,0.05712,0.05736
2024-08-27 21:00:00+03:00,0.05736,0.05741
2024-08-27 23:00:00+03:00,0.05741,0.05515
2024-08-28 01:00:00+03:00,0.05514,0.05448
2024-08-28 03:00:00+03:00,0.05449,0.05403
2024-08-28 05:00:00+03:00,0.05403,0.05429
2024-08-28 07:00:00+03:00,0.05428,0.05432
2024-08-28 09:00:00+03:00,0.05432,0.05389
2024-08-28 11:00:00+03:00,0.05389,0.05572
2024-08-28 13:00:00+03:00,0.05573,0.05515
2024-08-28 15:00:00+03:00,0.05514,0.05425
2024-08-28 17:00:00+03:00,0.05427,0.0539
2024-08-28 19:00:00+03:00,0.05389,0.05289
2024-08-28 21:00:00+03:00,0.05289,0.05342
2024-08-28 23:00:00+03:00,0.05341,0.05353
2024-08-29 01:00:00+03:00,0.05353,0.05362
2024-08-29 03:00:00+03:00,0.05362,0.05378
2024-08-29 05:00:00+03:00,0.05378,0.05392
2024-08-29 07:00:00+03:00,0.05393,0.05421
2024-08-29 09:00:00+03:00,0.0542,0.05403
2024-08-29 11:00:00+03:00,0.05403,0.05412
2024-08-29 13:00:00+03:00,0.05412,0.05458
2024-08-29 15:00:00+03:00,0.05458,0.05478
2024-08-29 17:00:00+03:00,0.05478,0.05515
2024-08-29 19:00:00+03:00,0.05514,0.05462
2024-08-29 21:00:00+03:00,0.05463,0.05318
2024-08-29 23:00:00+03:00,0.05317,0.05322
2024-08-30 01:00:00+03:00,0.05322,0.05595
2024-08-30 03:00:00+03:00,0.05595,0.05398
2024-08-30 05:00:00+03:00,0.05398,0.05368
2024-08-30 07:00:00+03:00,0.05368,0.05386
2024-08-30 09:00:00+03:00,0.05387,0.05443
2024-08-30 11:00:00+03:00,0.05444,0.05463
2024-08-30 13:00:00+03:00,0.05461,0.05421
2024-08-30 15:00:00+03:00,0.05421,0.05437
2024-08-30 17:00:00+03:00,0.05437,0.05201
2024-08-30 19:00:00+03:00,0.05201,0.05285
2024-08-30 21:00:00+03:00,0.05284,0.05341
2024-08-30 23:00:00+03:00,0.05341,0.0538
2024-08-31 01:00:00+03:00,0.0538,0.05402
2024-08-31 03:00:00+03:00,0.05402,0.05406
2024-08-31 05:00:00+03:00,0.05407,0.05404
2024-08-31 07:00:00+03:00,0.05404,0.05409
2024-08-31 09:00:00+03:00,0.05409,0.05395
2024-08-31 11:00:00+03:00,0.05395,0.05306
2024-08-31 13:00:00+03:00,0.05307,0.0534
2024-08-31 15:00:00+03:00,0.05339,0.05304
2024-08-31 17:00:00+03:00,0.05304,0.05312
2024-08-31 19:00:00+03:00,0.05313,0.05278
2024-08-31 21:00:00+03:00,0.05279,0.05268
2024-08-31 23:00:00+03:00,0.05268,0.05296
2024-09-01 01:00:00+03:00,0.05297,0.05285
2024-09-01 03:00:00+03:00,0.05284,0.05225
2024-09-01 05:00:00+03:00,0.05225,0.05246
2024-09-01 07:00:00+03:00,0.05246,0.05194
2024-09-01 09:00:00+03:00,0.05194,0.05233
2024-09-01 11:00:00+03:00,0.05233,0.05215
2024-09-01 13:00:00+03:00,0.05215,0.05211
2024-09-01 15:00:00+03:00,0.05212,0.05174
2024-09-01 17:00:00+03:00,0.05174,0.05174
2024-09-01 19:00:00+03:00,0.05174,0.05114
2024-09-01 21:00:00+03:00,0.05113,0.05175
2024-09-01 23:00:00+03:00,0.05175,0.05135
2024-09-02 01:00:00+03:00,0.05135,0.05008
2024-09-02 03:00:00+03:00,0.05007,0.0503
2024-09-02 05:00:00+03:00,0.0503,0.05062
2024-09-02 07:00:00+03:00,0.05061,0.05052
2024-09-02 09:00:00+03:00,0.05053,0.05016
2024-09-02 11:00:00+03:00,0.05016,0.0516
2024-09-02 13:00:00+03:00,0.05158,0.05182
2024-09-02 15:00:00+03:00,0.05181,0.05139
2024-09-02 17:00:00+03:00,0.05139,0.05168
2024-09-02 19:00:00+03:00,0.05169,0.05188
2024-09-02 21:00:00+03:00,0.05188,0.05163
2024-09-02 23:00:00+03:00,0.05165,0.05235
2024-09-03 01:00:00+03:00,0.05235,0.05239
2024-09-03 03:00:00+03:00,0.05239,0.05262
2024-09-03 05:00:00+03:00,0.05262,0.05242
2024-09-03 07:00:00+03:00,0.05244,0.0527
2024-09-03 09:00:00+03:00,0.05269,0.05261
2024-09-03 11:00:00+03:00,0.05261,0.05199
2024-09-03 13:00:00+03:00,0.052,0.05221
2024-09-03 15:00:00+03:00,0.05222,0.05123
2024-09-03 17:00:00+03:00,0.05123,0.05035
2024-09-03 19:00:00+03:00,0.05035,0.05081
2024-09-03 21:00:00+03:00,0.05082,0.05094
2024-09-03 23:00:00+03:00,0.05094,0.0509
2024-09-04 01:00:00+03:00,0.05092,0.0502
2024-09-04 03:00:00+03:00,0.05019,0.04956
2024-09-04 05:00:00+03:00,0.04956,0.04995
2024-09-04 07:00:00+03:00,0.04995,0.04978
2024-09-04 09:00:00+03:00,0.04978,0.05059
2024-09-04 11:00:00+03:00,0.05059,0.05048
2024-09-04 13:00:00+03:00,0.05048,0.04996
2024-09-04 15:00:00+03:00,0.04995,0.05019
2024-09-04 17:00:00+03:00,0.05017,0.05154
2024-09-04 19:00:00+03:00,0.05154,0.05146
2024-09-04 21:00:00+03:00,0.05147,0.0514
2024-09-04 23:00:00+03:00,0.0514,0.05182
2024-09-05 01:00:00+03:00,0.05182,0.05164
2024-09-05 03:00:00+03:00,0.05165,0.05155
2024-09-05 05:00:00+03:00,0.05155,0.05062
2024-09-05 07:00:00+03:00,0.05061,0.05085
2024-09-05 09:00:00+03:00,0.05085,0.05082
2024-09-05 11:00:00+03:00,0.05083,0.05062
2024-09-05 13:00:00+03:00,0.05062,0.05071
2024-09-05 15:00:00+03:00,0.0507,0.05109
2024-09-05 17:00:00+03:00,0.0511,0.05009
2024-09-05 19:00:00+03:00,0.05007,0.05021
2024-09-05 21:00:00+03:00,0.05021,0.04959
2024-09-05 23:00:00+03:00,0.0496,0.04975
2024-09-06 01:00:00+03:00,0.04976,0.04976
2024-09-06 03:00:00+03:00,0.04976,0.05003
2024-09-06 05:00:00+03:00,0.05004,0.05017
2024-09-06 07:00:00+03:00,0.05017,0.05014
2024-09-06 09:00:00+03:00,0.05014,0.04954
2024-09-06 11:00:00+03:00,0.04954,0.04968
2024-09-06 13:00:00+03:00,0.04969,0.0499
2024-09-06 15:00:00+03:00,0.04991,0.04994
2024-09-06 17:00:00+03:00,0.04994,0.04949
2024-09-06 19:00:00+03:00,0.04948,0.04887
2024-09-06 21:00:00+03:00,0.04888,0.04841
2024-09-06 23:00:00+03:00,0.0484,0.04826
2024-09-07 01:00:00+03:00,0.04825,0.04857
2024-09-07 03:00:00+03:00,0.04857,0.04834
2024-09-07 05:00:00+03:00,0.04837,0.04872
2024-09-07 07:00:00+03:00,0.04872,0.04928
2024-09-07 09:00:00+03:00,0.04929,0.04988
2024-09-07 11:00:00+03:00,0.04987,0.04972
2024-09-07 13:00:00+03:00,0.04973,0.05015
2024-09-07 15:00:00+03:00,0.05016,0.0504
2024-09-07 17:00:00+03:00,0.0504,0.05061
2024-09-07 19:00:00+03:00,0.0506,0.05007
2024-09-07 21:00:00+03:00,0.05006,0.05071
2024-09-07 23:00:00+03:00,0.05071,0.05032
2024-09-08 01:00:00+03:00,0.05033,0.05011
2024-09-08 03:00:00+03:00,0.05012,0.05039
2024-09-08 05:00:00+03:00,0.05039,0.05074
2024-09-08 07:00:00+03:00,0.05074,0.0509
2024-09-08 09:00:00+03:00,0.0509,0.05149
2024-09-08 11:00:00+03:00,0.0515,0.05136
2024-09-08 13:00:00+03:00,0.05137,0.05139
2024-09-08 15:00:00+03:00,0.05139,0.05105
2024-09-08 17:00:00+03:00,0.05105,0.05036
2024-09-08 19:00:00+03:00,0.05035,0.05128
2024-09-08 21:00:00+03:00,0.05127,0.05098
2024-09-08 23:00:00+03:00,0.05099,0.05134
2024-09-09 01:00:00+03:00,0.05134,0.05173
2024-09-09 03:00:00+03:00,0.05172,0.05189
2024-09-09 05:00:00+03:00,0.0519,0.05187
2024-09-09 07:00:00+03:00,0.05187,0.05174
2024-09-09 09:00:00+03:00,0.05173,0.05219
2024-09-09 11:00:00+03:00,0.05218,0.05224
2024-09-09 13:00:00+03:00,0.05226,0.05204
2024-09-09 15:00:00+03:00,0.05203,0.05215
2024-09-09 17:00:00+03:00,0.05216,0.05234
2024-09-09 19:00:00+03:00,0.05235,0.05285
2024-09-09 21:00:00+03:00,0.05286,0.05303
2024-09-09 23:00:00+03:00,0.05303,0.05311
2024-09-10 01:00:00+03:00,0.0531,0.05303
2024-09-10 03:00:00+03:00,0.05303,0.0527
2024-09-10 05:00:00+03:00,0.0527,0.05249
2024-09-10 07:00:00+03:00,0.05249,0.05307
2024-09-10 09:00:00+03:00,0.05306,0.05319
2024-09-10 11:00:00+03:00,0.05321,0.05299
2024-09-10 13:00:00+03:00,0.05299,0.05331
2024-09-10 15:00:00+03:00,0.05331,0.05272
2024-09-10 17:00:00+03:00,0.05272,0.05272
2024-09-10 19:00:00+03:00,0.0527,0.05334
2024-09-10 21:00:00+03:00,0.05333,0.05322
2024-09-10 23:00:00+03:00,0.05321,0.05299
2024-09-11 01:00:00+03:00,0.053,0.05309
2024-09-11 03:00:00+03:00,0.05309,0.05237
2024-09-11 05:00:00+03:00,0.05237,0.05212
2024-09-11 07:00:00+03:00,0.05212,0.05153
2024-09-11 09:00:00+03:00,0.05154,0.05194
2024-09-11 11:00:00+03:00,0.05193,0.05167
2024-09-11 13:00:00+03:00,0.05167,0.0518
2024-09-11 15:00:00+03:00,0.0518,0.05074
2024-09-11 17:00:00+03:00,0.05074,0.05183
2024-09-11 19:00:00+03:00,0.05182,0.0523
2024-09-11 21:00:00+03:00,0.05231,0.05204
2024-09-11 23:00:00+03:00,0.05203,0.05201
2024-09-12 01:00:00+03:00,0.05201,0.05205
2024-09-12 03:00:00+03:00,0.05203,0.05284
2024-09-12 05:00:00+03:00,0.05283,0.05286
2024-09-12 07:00:00+03:00,0.05285,0.05281
2024-09-12 09:00:00+03:00,0.05281,0.05268
2024-09-12 11:00:00+03:00,0.05268,0.05248
2024-09-12 13:00:00+03:00,0.05249,0.05228
2024-09-12 15:00:00+03:00,0.05229,0.05245
2024-09-12 17:00:00+03:00,0.05244,0.05229
2024-09-12 19:00:00+03:00,0.05228,0.05284
2024-09-12 21:00:00+03:00,0.05282,0.05309
2024-09-12 23:00:00+03:00,0.05308,0.05283
2024-09-13 01:00:00+03:00,0.05283,0.05311
2024-09-13 03:00:00+03:00,0.05311,0.05311
2024-09-13 05:00:00+03:00,0.05311,0.05288
2024-09-13 07:00:00+03:00,0.05288,0.05288
2024-09-13 09:00:00+03:00,0.05288,0.05311
2024-09-13 11:00:00+03:00,0.05311,0.05285
2024-09-13 13:00:00+03:00,0.05284,0.05303
2024-09-13 15:00:00+03:00,0.05303,0.053
2024-09-13 17:00:00+03:00,0.05301,0.05368
2024-09-13 19:00:00+03:00,0.05368,0.05367
2024-09-13 21:00:00+03:00,0.05368,0.05374
2024-09-13 23:00:00+03:00,0.05374,0.05417
2024-09-14 01:00:00+03:00,0.05417,0.05392
2024-09-14 03:00:00+03:00,0.05393,0.054
2024-09-14 05:00:00+03:00,0.05399,0.05398
2024-09-14 07:00:00+03:00,0.05397,0.05359
2024-09-14 09:00:00+03:00,0.05359,0.05368
2024-09-14 11:00:00+03:00,0.05365,0.05384
2024-09-14 13:00:00+03:00,0.05383,0.05354
2024-09-14 15:00:00+03:00,0.05354,0.05368
2024-09-14 17:00:00+03:00,0.05368,0.05358
2024-09-14 19:00:00+03:00,0.05358,0.05341
2024-09-14 21:00:00+03:00,0.0534,0.05323
2024-09-14 23:00:00+03:00,0.05324,0.05344
2024-09-15 01:00:00+03:00,0.05344,0.0536
2024-09-15 03:00:00+03:00,0.05359,0.0537
2024-09-15 05:00:00+03:00,0.05371,0.05351
2024-09-15 07:00:00+03:00,0.0535,0.05338
2024-09-15 09:00:00+03:00,0.05339,0.05359
2024-09-15 11:00:00+03:00,0.05359,0.05341
2024-09-15 13:00:00+03:00,0.05342,0.05321
2024-09-15 15:00:00+03:00,0.05321,0.05349
2024-09-15 17:00:00+03:00,0.05347,0.05363
2024-09-15 19:00:00+03:00,0.05362,0.053
2024-09-15 21:00:00+03:00,0.053,0.05309
2024-09-15 23:00:00+03:00,0.05308,0.05243
2024-09-16 01:00:00+03:00,0.05244,0.0519
2024-09-16 03:00:00+03:00,0.05189,0.05121
2024-09-16 05:00:00+03:00,0.05119,0.05115
2024-09-16 07:00:00+03:00,0.05115,0.05155
2024-09-16 09:00:00+03:00,0.05155,0.05176
2024-09-16 11:00:00+03:00,0.05177,0.05157
2024-09-16 13:00:00+03:00,0.05158,0.05169
2024-09-16 15:00:00+03:00,0.05169,0.05154
2024-09-16 17:00:00+03:00,0.05154,0.05101
2024-09-16 19:00:00+03:00,0.05102,0.05119
2024-09-16 21:00:00+03:00,0.0512,0.051
2024-09-16 23:00:00+03:00,0.051,0.05088
2024-09-17 01:00:00+03:00,0.05089,0.05099
2024-09-17 03:00:00+03:00,0.05099,0.05081
2024-09-17 05:00:00+03:00,0.05081,0.05117
2024-09-17 07:00:00+03:00,0.05118,0.05198
2024-09-17 09:00:00+03:00,0.05199,0.0517
2024-09-17 11:00:00+03:00,0.0517,0.05188
2024-09-17 13:00:00+03:00,0.05189,0.05138
2024-09-17 15:00:00+03:00,0.05138,0.05108
2024-09-17 17:00:00+03:00,0.05106,0.05241
2024-09-17 19:00:00+03:00,0.05242,0.05229
2024-09-17 21:00:00+03:00,0.05229,0.05191
2024-09-17 23:00:00+03:00,0.05191,0.05221
2024-09-18 01:00:00+03:00,0.05222,0.05202
2024-09-18 03:00:00+03:00,0.05202,0.05168
2024-09-18 05:00:00+03:00,0.05169,0.05246
2024-09-18 07:00:00+03:00,0.05247,0.052
2024-09-18 09:00:00+03:00,0.052,0.05203
2024-09-18 11:00:00+03:00,0.05203,0.05093
2024-09-18 13:00:00+03:00,0.05092,0.05118
2024-09-18 15:00:00+03:00,0.05118,0.05087
2024-09-18 17:00:00+03:00,0.05086,0.05045
2024-09-18 19:00:00+03:00,0.05045,0.05095
2024-09-18 21:00:00+03:00,0.05094,0.05208
2024-09-18 23:00:00+03:00,0.05208,0.05258
2024-09-19 01:00:00+03:00,0.05258,0.05379
2024-09-19 03:00:00+03:00,0.05379,0.05484
2024-09-19 05:00:00+03:00,0.05485,0.05537
2024-09-19 07:00:00+03:00,0.05538,0.05503
2024-09-19 09:00:00+03:00,0.05503,0.05571
2024-09-19 11:00:00+03:00,0.0557,0.05521
2024-09-19 13:00:00+03:00,0.05522,0.05531
2024-09-19 15:00:00+03:00,0.05529,0.05565
2024-09-19 17:00:00+03:00,0.05565,0.05568
2024-09-19 19:00:00+03:00,0.05567,0.05599
2024-09-19 21:00:00+03:00,0.05598,0.05544
2024-09-19 23:00:00+03:00,0.05544,0.05538
2024-09-20 01:00:00+03:00,0.05537,0.0555
2024-09-20 03:00:00+03:00,0.05551,0.05555
2024-09-20 05:00:00+03:00,0.05555,0.05684
2024-09-20 07:00:00+03:00,0.05684,0.05696
2024-09-20 09:00:00+03:00,0.05697,0.05702
2024-09-20 11:00:00+03:00,0.05701,0.05691
2024-09-20 13:00:00+03:00,0.05692,0.05649
2024-09-20 15:00:00+03:00,0.05648,0.05589
2024-09-20 17:00:00+03:00,0.05589,0.05623
2024-09-20 19:00:00+03:00,0.05623,0.0561
2024-09-20 21:00:00+03:00,0.0561,0.05639
2024-09-20 23:00:00+03:00,0.0564,0.05693
2024-09-21 01:00:00+03:00,0.05693,0.05726
2024-09-21 03:00:00+03:00,0.05726,0.05678
2024-09-21 05:00:00+03:00,0.05679,0.05739
2024-09-21 07:00:00+03:00,0.05738,0.05675
2024-09-21 09:00:00+03:00,0.05674,0.05752
2024-09-21 11:00:00+03:00,0.05752,0.05788
2024-09-21 13:00:00+03:00,0.05787,0.05817
2024-09-21 15:00:00+03:00,0.05817,0.05894
2024-09-21 17:00:00+03:00,0.05895,0.05879
2024-09-21 19:00:00+03:00,0.05878,0.0594
2024-09-21 21:00:00+03:00,0.0594,0.05939
2024-09-21 23:00:00+03:00,0.05938,0.05885
2024-09-22 01:00:00+03:00,0.05885,0.05948
2024-09-22 03:00:00+03:00,0.05947,0.0581
2024-09-22 05:00:00+03:00,0.05809,0.05793
2024-09-22 07:00:00+03:00,0.05792,0.05775
2024-09-22 09:00:00+03:00,0.05775,0.05768
2024-09-22 11:00:00+03:00,0.05769,0.05704
2024-09-22 13:00:00+03:00,0.05704,0.05709
2024-09-22 15:00:00+03:00,0.05709,0.05654
2024-09-22 17:00:00+03:00,0.05654,0.05658
2024-09-22 19:00:00+03:00,0.05657,0.05699
2024-09-22 21:00:00+03:00,0.057,0.05707
2024-09-22 23:00:00+03:00,0.05707,0.05657
2024-09-23 01:00:00+03:00,0.05656,0.05751
2024-09-23 03:00:00+03:00,0.05752,0.05815
2024-09-23 05:00:00+03:00,0.05814,0.05865
2024-09-23 07:00:00+03:00,0.05866,0.0586
2024-09-23 09:00:00+03:00,0.05862,0.05846
2024-09-23 11:00:00+03:00,0.05846,0.05829
2024-09-23 13:00:00+03:00,0.0583,0.06015
2024-09-23 15:00:00+03:00,0.06015,0.05987
2024-09-23 17:00:00+03:00,0.05988,0.06071
2024-09-23 19:00:00+03:00,0.0607,0.06096
2024-09-23 21:00:00+03:00,0.06095,0.06054
2024-09-23 23:00:00+03:00,0.06054,0.06078
2024-09-24 01:00:00+03:00,0.06079,0.06115
2024-09-24 03:00:00+03:00,0.06114,0.06001
2024-09-24 05:00:00+03:00,0.06,0.06034
2024-09-24 07:00:00+03:00,0.06034,0.05972
2024-09-24 09:00:00+03:00,0.05973,0.06027
2024-09-24 11:00:00+03:00,0.06027,0.0603
2024-09-24 13:00:00+03:00,0.06031,0.06082
2024-09-24 15:00:00+03:00,0.06083,0.06097
2024-09-24 17:00:00+03:00,0.06096,0.06016
2024-09-24 19:00:00+03:00,0.06017,0.06068
2024-09-24 21:00:00+03:00,0.06066,0.06092
2024-09-24 23:00:00+03:00,0.06091,0.061
2024-09-25 01:00:00+03:00,0.061,0.06169
2024-09-25 03:00:00+03:00,0.06169,0.06214
2024-09-25 05:00:00+03:00,0.06213,0.06202
2024-09-25 07:00:00+03:00,0.06203,0.06194
2024-09-25 09:00:00+03:00,0.06194,0.06781
2024-09-25 11:00:00+03:00,0.06783,0.06594
2024-09-25 13:00:00+03:00,0.06593,0.0655
2024-09-25 15:00:00+03:00,0.06549,0.06467
2024-09-25 17:00:00+03:00,0.06467,0.06523
2024-09-25 19:00:00+03:00,0.06524,0.06492
2024-09-25 21:00:00+03:00,0.06494,0.06548
2024-09-25 23:00:00+03:00,0.06549,0.06619
2024-09-26 01:00:00+03:00,0.06619,0.06648
2024-09-26 03:00:00+03:00,0.06645,0.06498
2024-09-26 05:00:00+03:00,0.06498,0.06568
2024-09-26 07:00:00+03:00,0.06567,0.0662
2024-09-26 09:00:00+03:00,0.06619,0.06912
2024-09-26 11:00:00+03:00,0.06912,0.06764
2024-09-26 13:00:00+03:00,0.06763,0.06846
2024-09-26 15:00:00+03:00,0.06847,0.0699
2024-09-26 17:00:00+03:00,0.06991,0.06959
2024-09-26 19:00:00+03:00,0.0696,0.06936
2024-09-26 21:00:00+03:00,0.06936,0.06895
2024-09-26 23:00:00+03:00,0.06896,0.06905
2024-09-27 01:00:00+03:00,0.06905,0.06911
2024-09-27 03:00:00+03:00,0.0691,0.07015
2024-09-27 05:00:00+03:00,0.07015,0.0706
2024-09-27 07:00:00+03:00,0.0706,0.07103
2024-09-27 09:00:00+03:00,0.07103,0.06991
2024-09-27 11:00:00+03:00,0.06993,0.07002
2024-09-27 13:00:00+03:00,0.07003,0.06897
2024-09-27 15:00:00+03:00,0.06897,0.06906
2024-09-27 17:00:00+03:00,0.06907,0.06898
2024-09-27 19:00:00+03:00,0.06897,0.06987
2024-09-27 21:00:00+03:00,0.06987,0.06953
2024-09-27 23:00:00+03:00,0.06953,0.06966
2024-09-28 01:00:00+03:00,0.06967,0.0695
2024-09-28 03:00:00+03:00,0.0695,0.06954
2024-09-28 05:00:00+03:00,0.06954,0.06951
2024-09-28 07:00:00+03:00,0.0695,0.06876
2024-09-28 09:00:00+03:00,0.06876,0.06757
2024-09-28 11:00:00+03:00,0.06758,0.06712
2024-09-28 13:00:00+03:00,0.06712,0.06764
2024-09-28 15:00:00+03:00,0.06765,0.06717
2024-09-28 17:00:00+03:00,0.06718,0.0679
2024-09-28 19:00:00+03:00,0.0679,0.06779
2024-09-28 21:00:00+03:00,0.06779,0.06842
2024-09-28 23:00:00+03:00,0.06841,0.06804
2024-09-29 01:00:00+03:00,0.06804,0.06868
2024-09-29 03:00:00+03:00,0.06869,0.06793
2024-09-29 05:00:00+03:00,0.06793,0.06832
2024-09-29 07:00:00+03:00,0.06832,0.06773
2024-09-29 09:00:00+03:00,0.06773,0.06752
2024-09-29 11:00:00+03:00,0.06752,0.06781
2024-09-29 13:00:00+03:00,0.0678,0.06823
2024-09-29 15:00:00+03:00,0.06823,0.06832
2024-09-29 17:00:00+03:00,0.06832,0.06935
2024-09-29 19:00:00+03:00,0.06935,0.06973
2024-09-29 21:00:00+03:00,0.06972,0.07049
2024-09-29 23:00:00+03:00,0.07049,0.06966
2024-09-30 01:00:00+03:00,0.06965,0.0691
2024-09-30 03:00:00+03:00,0.0691,0.06793
2024-09-30 05:00:00+03:00,0.06793,0.06833
2024-09-30 07:00:00+03:00,0.06833,0.06835
2024-09-30 09:00:00+03:00,0.06834,0.06848
2024-09-30 11:00:00+03:00,0.06848,0.06682
2024-09-30 13:00:00+03:00,0.06682,0.06695
2024-09-30 15:00:00+03:00,0.06695,0.06712
2024-09-30 17:00:00+03:00,0.06711,0.06573
2024-09-30 19:00:00+03:00,0.06572,0.0667
2024-09-30 21:00:00+03:00,0.06672,0.06659
2024-09-30 23:00:00+03:00,0.0666,0.06678
2024-10-01 01:00:00+03:00,0.06679,0.0655
2024-10-01 03:00:00+03:00,0.0655,0.06669
2024-10-01 05:00:00+03:00,0.06669,0.06749
2024-10-01 07:00:00+03:00,0.06748,0.06705
2024-10-01 09:00:00+03:00,0.06706,0.06708
2024-10-01 11:00:00+03:00,0.06707,0.06706
2024-10-01 13:00:00+03:00,0.06705,0.06698
2024-10-01 15:00:00+03:00,0.06697,0.06479
2024-10-01 17:00:00+03:00,0.06478,0.06282
2024-10-01 19:00:00+03:00,0.06282,0.06172
2024-10-01 21:00:00+03:00,0.06171,0.06073
2024-10-01 23:00:00+03:00,0.06073,0.06091
2024-10-02 01:00:00+03:00,0.06092,0.06031
2024-10-02 03:00:00+03:00,0.06031,0.06081
2024-10-02 05:00:00+03:00,0.0608,0.06179
2024-10-02 07:00:00+03:00,0.06179,0.06152
2024-10-02 09:00:00+03:00,0.06152,0.06192
2024-10-02 11:00:00+03:00,0.06191,0.06032
2024-10-02 13:00:00+03:00,0.06031,0.06077
2024-10-02 15:00:00+03:00,0.06077,0.06081
2024-10-02 17:00:00+03:00,0.06081,0.06051
2024-10-02 19:00:00+03:00,0.06049,0.05992
2024-10-02 21:00:00+03:00,0.05993,0.05859
2024-10-02 23:00:00+03:00,0.0586,0.05898
2024-10-03 01:00:00+03:00,0.05897,0.05901
2024-10-03 03:00:00+03:00,0.05901,0.05953
2024-10-03 05:00:00+03:00,0.05951,0.06048
2024-10-03 07:00:00+03:00,0.06047,0.06007
2024-10-03 09:00:00+03:00,0.06007,0.05908
2024-10-03 11:00:00+03:00,0.05908,0.05883
2024-10-03 13:00:00+03:00,0.05884,0.05897
2024-10-03 15:00:00+03:00,0.05897,0.05907
2024-10-03 17:00:00+03:00,0.0591,0.05863
2024-10-03 19:00:00+03:00,0.05863,0.05838
2024-10-03 21:00:00+03:00,0.05838,0.05901
2024-10-03 23:00:00+03:00,0.059,0.05863
2024-10-04 01:00:00+03:00,0.05862,0.0588
2024-10-04 03:00:00+03:00,0.0588,0.05947
2024-10-04 05:00:00+03:00,0.05949,0.05918
2024-10-04 07:00:00+03:00,0.05919,0.06044
2024-10-04 09:00:00+03:00,0.06044,0.05998
2024-10-04 11:00:00+03:00,0.05999,0.0605
2024-10-04 13:00:00+03:00,0.06049,0.06026
2024-10-04 15:00:00+03:00,0.06025,0.06008
2024-10-04 17:00:00+03:00,0.06007,0.06093
2024-10-04 19:00:00+03:00,0.06094,0.06134
2024-10-04 21:00:00+03:00,0.06134,0.06176
2024-10-04 23:00:00+03:00,0.06177,0.0617
2024-10-05 01:00:00+03:00,0.0617,0.06182
2024-10-05 03:00:00+03:00,0.06182,0.06275
2024-10-05 05:00:00+03:00,0.06274,0.06246
2024-10-05 07:00:00+03:00,0.06247,0.06349
2024-10-05 09:00:00+03:00,0.06348,0.06403
2024-10-05 11:00:00+03:00,0.06402,0.06445
2024-10-05 13:00:00+03:00,0.06445,0.0645
2024-10-05 15:00:00+03:00,0.0645,0.06349
2024-10-05 17:00:00+03:00,0.0635,0.06348
2024-10-05 19:00:00+03:00,0.06347,0.06259
2024-10-05 21:00:00+03:00,0.06259,0.06189
2024-10-05 23:00:00+03:00,0.06187,0.06178
2024-10-06 01:00:00+03:00,0.06177,0.06234
2024-10-06 03:00:00+03:00,0.06235,0.06253
2024-10-06 05:00:00+03:00,0.06254,0.06188
2024-10-06 07:00:00+03:00,0.06187,0.06166
2024-10-06 09:00:00+03:00,0.06165,0.06191
2024-10-06 11:00:00+03:00,0.06191,0.06253
2024-10-06 13:00:00+03:00,0.06253,0.06243
2024-10-06 15:00:00+03:00,0.06241,0.06247
2024-10-06 17:00:00+03:00,0.06246,0.06338
2024-10-06 19:00:00+03:00,0.06338,0.06268
2024-10-06 21:00:00+03:00,0.06271,0.06269
2024-10-06 23:00:00+03:00,0.06268,0.06244
2024-10-07 01:00:00+03:00,0.06243,0.06372
2024-10-07 03:00:00+03:00,0.06371,0.06459
2024-10-07 05:00:00+03:00,0.06458,0.0643
2024-10-07 07:00:00+03:00,0.06431,0.06408
2024-10-07 09:00:00+03:00,0.06408,0.06393
2024-10-07 11:00:00+03:00,0.06393,0.06323
2024-10-07 13:00:00+03:00,0.06323,0.06335
2024-10-07 15:00:00+03:00,0.06335,0.06363
2024-10-07 17:00:00+03:00,0.06362,0.06405
2024-10-07 19:00:00+03:00,0.06405,0.06468
2024-10-07 21:00:00+03:00,0.06469,0.06407
2024-10-07 23:00:00+03:00,0.06406,0.06495
2024-10-08 01:00:00+03:00,0.06495,0.06781
2024-10-08 03:00:00+03:00,0.06781,0.06653
2024-10-08 05:00:00+03:00,0.06653,0.06699
2024-10-08 07:00:00+03:00,0.06698,0.0658
2024-10-08 09:00:00+03:00,0.0658,0.06527
2024-10-08 11:00:00+03:00,0.06527,0.06494
2024-10-08 13:00:00+03:00,0.06493,0.06638
2024-10-08 15:00:00+03:00,0.06637,0.06833
2024-10-08 17:00:00+03:00,0.06832,0.06595
2024-10-08 19:00:00+03:00,0.06596,0.06618
2024-10-08 21:00:00+03:00,0.06619,0.06569
2024-10-08 23:00:00+03:00,0.0657,0.06599
2024-10-09 01:00:00+03:00,0.06599,0.06591
2024-10-09 03:00:00+03:00,0.0659,0.06561
2024-10-09 05:00:00+03:00,0.06562,0.0653
2024-10-09 07:00:00+03:00,0.0653,0.06523
2024-10-09 09:00:00+03:00,0.06523,0.06743
2024-10-09 11:00:00+03:00,0.06741,0.06803
2024-10-09 13:00:00+03:00,0.06802,0.07193
2024-10-09 15:00:00+03:00,0.07194,0.0707
2024-10-09 17:00:00+03:00,0.0707,0.07176
2024-10-09 19:00:00+03:00,0.07176,0.07435
2024-10-09 21:00:00+03:00,0.07435,0.07316
2024-10-09 23:00:00+03:00,0.07317,0.07231
2024-10-10 01:00:00+03:00,0.07232,0.06944
2024-10-10 03:00:00+03:00,0.0694,0.06676
2024-10-10 05:00:00+03:00,0.06677,0.06838
2024-10-10 07:00:00+03:00,0.06838,0.07328
2024-10-10 09:00:00+03:00,0.07329,0.07273
2024-10-10 11:00:00+03:00,0.0727,0.07137
2024-10-10 13:00:00+03:00,0.07136,0.07206
2024-10-10 15:00:00+03:00,0.07206,0.06882
2024-10-10 17:00:00+03:00,0.06882,0.06854
2024-10-10 19:00:00+03:00,0.06854,0.06738
2024-10-10 21:00:00+03:00,0.06738,0.06751
2024-10-10 23:00:00+03:00,0.0675,0.06865
2024-10-11 01:00:00+03:00,0.06864,0.06881
2024-10-11 03:00:00+03:00,0.06881,0.07028
2024-10-11 05:00:00+03:00,0.07028,0.07026
2024-10-11 07:00:00+03:00,0.07027,0.06819
2024-10-11 09:00:00+03:00,0.0682,0.0682
2024-10-11 11:00:00+03:00,0.06819,0.06902
2024-10-11 13:00:00+03:00,0.06902,0.06913
2024-10-11 15:00:00+03:00,0.06912,0.06894
2024-10-11 17:00:00+03:00,0.06893,0.06963
2024-10-11 19:00:00+03:00,0.06964,0.06958
2024-10-11 21:00:00+03:00,0.06957,0.06981
2024-10-11 23:00:00+03:00,0.0698,0.06994
2024-10-12 01:00:00+03:00,0.06993,0.06991
2024-10-12 03:00:00+03:00,0.0699,0.06928
2024-10-12 05:00:00+03:00,0.06928,0.06843
2024-10-12 07:00:00+03:00,0.06842,0.06813
2024-10-12 09:00:00+03:00,0.06813,0.06896
2024-10-12 11:00:00+03:00,0.06894,0.06884
2024-10-12 13:00:00+03:00,0.06884,0.06844
2024-10-12 15:00:00+03:00,0.06843,0.06895
2024-10-12 17:00:00+03:00,0.06896,0.06885
2024-10-12 19:00:00+03:00,0.06885,0.06909
2024-10-12 21:00:00+03:00,0.0691,0.07162
2024-10-12 23:00:00+03:00,0.07162,0.07038
2024-10-13 01:00:00+03:00,0.07038,0.06968
2024-10-13 03:00:00+03:00,0.06967,0.06958
2024-10-13 05:00:00+03:00,0.06958,0.07239
2024-10-13 07:00:00+03:00,0.07237,0.07686
2024-10-13 09:00:00+03:00,0.07686,0.07434
2024-10-13 11:00:00+03:00,0.07435,0.07739
2024-10-13 13:00:00+03:00,0.07738,0.07643
2024-10-13 15:00:00+03:00,0.07644,0.07469
2024-10-13 17:00:00+03:00,0.07467,0.07434
2024-10-13 19:00:00+03:00,0.07433,0.07382
2024-10-13 21:00:00+03:00,0.07381,0.07472
2024-10-13 23:00:00+03:00,0.07473,0.07543
2024-10-14 01:00:00+03:00,0.07543,0.07503
2024-10-14 03:00:00+03:00,0.07502,0.07515
2024-10-14 05:00:00+03:00,0.07516,0.07516
2024-10-14 07:00:00+03:00,0.07515,0.07452
2024-10-14 09:00:00+03:00,0.07451,0.07579
2024-10-14 11:00:00+03:00,0.07578,0.07658
2024-10-14 13:00:00+03:00,0.07658,0.0761
2024-10-14 15:00:00+03:00,0.0761,0.07549
2024-10-14 17:00:00+03:00,0.0755,0.07608
2024-10-14 19:00:00+03:00,0.07606,0.07882
2024-10-14 21:00:00+03:00,0.07882,0.07731
2024-10-14 23:00:00+03:00,0.07731,0.07721
2024-10-15 01:00:00+03:00,0.07719,0.07693
2024-10-15 03:00:00+03:00,0.07693,0.07711
2024-10-15 05:00:00+03:00,0.0771,0.07992
2024-10-15 07:00:00+03:00,0.07992,0.0774
2024-10-15 09:00:00+03:00,0.07741,0.07866
2024-10-15 11:00:00+03:00,0.07865,0.08005
2024-10-15 13:00:00+03:00,0.08006,0.07911
2024-10-15 15:00:00+03:00,0.07911,0.08161
2024-10-15 17:00:00+03:00,0.08162,0.08094
2024-10-15 19:00:00+03:00,0.08093,0.08068
2024-10-15 21:00:00+03:00,0.0807,0.08064
2024-10-15 23:00:00+03:00,0.08063,0.0804
2024-10-16 01:00:00+03:00,0.08039,0.08247
2024-10-16 03:00:00+03:00,0.08248,0.08075
2024-10-16 05:00:00+03:00,0.08074,0.08036
2024-10-16 07:00:00+03:00,0.08035,0.07964
2024-10-16 09:00:00+03:00,0.07964,0.07891
2024-10-16 11:00:00+03:00,0.0789,0.07902
2024-10-16 13:00:00+03:00,0.07902,0.0791
2024-10-16 15:00:00+03:00,0.0791,0.07776
2024-10-16 17:00:00+03:00,0.07779,0.07751
2024-10-16 19:00:00+03:00,0.07748,0.07665
2024-10-16 21:00:00+03:00,0.07664,0.0773
2024-10-16 23:00:00+03:00,0.07729,0.07752
2024-10-17 01:00:00+03:00,0.07752,0.07594
2024-10-17 03:00:00+03:00,0.07592,0.075
2024-10-17 05:00:00+03:00,0.07501,0.07423
2024-10-17 07:00:00+03:00,0.07423,0.07303
2024-10-17 09:00:00+03:00,0.07303,0.07393
2024-10-17 11:00:00+03:00,0.07393,0.07345
2024-10-17 13:00:00+03:00,0.07345,0.0731
2024-10-17 15:00:00+03:00,0.07311,0.0736
2024-10-17 17:00:00+03:00,0.07359,0.07372
2024-10-17 19:00:00+03:00,0.07372,0.07428
2024-10-17 21:00:00+03:00,0.07429,0.07475
2024-10-17 23:00:00+03:00,0.07475,0.07474
2024-10-18 01:00:00+03:00,0.07474,0.07558
2024-10-18 03:00:00+03:00,0.07558,0.07466
2024-10-18 05:00:00+03:00,0.07466,0.07423
2024-10-18 07:00:00+03:00,0.07423,0.07476
2024-10-18 09:00:00+03:00,0.07477,0.0746
2024-10-18 11:00:00+03:00,0.0746,0.07447
2024-10-18 13:00:00+03:00,0.07447,0.0746
2024-10-18 15:00:00+03:00,0.07458,0.07469
2024-10-18 17:00:00+03:00,0.07469,0.07451
2024-10-18 19:00:00+03:00,0.07451,0.07472
2024-10-18 21:00:00+03:00,0.07472,0.07474
2024-10-18 23:00:00+03:00,0.07475,0.07476
2024-10-19 01:00:00+03:00,0.07476,0.07569
2024-10-19 03:00:00+03:00,0.07568,0.07555
2024-10-19 05:00:00+03:00,0.07556,0.07549
2024-10-19 07:00:00+03:00,0.0755,0.07624
2024-10-19 09:00:00+03:00,0.07625,0.07589
2024-10-19 11:00:00+03:00,0.07584,0.07525
2024-10-19 13:00:00+03:00,0.07525,0.07381
2024-10-19 15:00:00+03:00,0.07381,0.0741
2024-10-19 17:00:00+03:00,0.0741,0.07402
2024-10-19 19:00:00+03:00,0.074,0.07363
2024-10-19 21:00:00+03:00,0.07363,0.07383
2024-10-19 23:00:00+03:00,0.07382,0.07392
2024-10-20 01:00:00+03:00,0.07392,0.07406
2024-10-20 03:00:00+03:00,0.07405,0.07353
2024-10-20 05:00:00+03:00,0.07353,0.07355
2024-10-20 07:00:00+03:00,0.07354,0.07314
2024-10-20 09:00:00+03:00,0.07314,0.07364
2024-10-20 11:00:00+03:00,0.07363,0.07316
2024-10-20 13:00:00+03:00,0.07316,0.07338
2024-10-20 15:00:00+03:00,0.07337,0.07354
2024-10-20 17:00:00+03:00,0.07354,0.07364
2024-10-20 19:00:00+03:00,0.07363,0.07297
2024-10-20 21:00:00+03:00,0.07297,0.07312
2024-10-20 23:00:00+03:00,0.07311,0.0737
2024-10-21 01:00:00+03:00,0.0737,0.07428
2024-10-21 03:00:00+03:00,0.0743,0.07406
2024-10-21 05:00:00+03:00,0.07407,0.07342
2024-10-21 07:00:00+03:00,0.07342,0.07397
2024-10-21 09:00:00+03:00,0.07398,0.07308
2024-10-21 11:00:00+03:00,0.07308,0.07319
2024-10-21 13:00:00+03:00,0.07319,0.07299
2024-10-21 15:00:00+03:00,0.07299,0.0722
2024-10-21 17:00:00+03:00,0.07221,0.07245
2024-10-21 19:00:00+03:00,0.07245,0.07211
2024-10-21 21:00:00+03:00,0.07212,0.07248
2024-10-21 23:00:00+03:00,0.07247,0.07253
2024-10-22 01:00:00+03:00,0.07253,0.07184
2024-10-22 03:00:00+03:00,0.07184,0.07189
2024-10-22 05:00:00+03:00,0.07192,0.07247
2024-10-22 07:00:00+03:00,0.07248,0.07391
2024-10-22 09:00:00+03:00,0.07391,0.07363
2024-10-22 11:00:00+03:00,0.07362,0.07206
2024-10-22 13:00:00+03:00,0.07206,0.0721
2024-10-22 15:00:00+03:00,0.07211,0.07123
2024-10-22 17:00:00+03:00,0.07123,0.07199
2024-10-22 19:00:00+03:00,0.07198,0.07207
2024-10-22 21:00:00+03:00,0.07206,0.07182
2024-10-22 23:00:00+03:00,0.07181,0.07202
2024-10-23 01:00:00+03:00,0.07201,0.07191
2024-10-23 03:00:00+03:00,0.07192,0.07136
2024-10-23 05:00:00+03:00,0.07135,0.07045
2024-10-23 07:00:00+03:00,0.07046,0.07084
2024-10-23 09:00:00+03:00,0.07084,0.07007
2024-10-23 11:00:00+03:00,0.07006,0.06927
2024-10-23 13:00:00+03:00,0.06927,0.06835
2024-10-23 15:00:00+03:00,0.06835,0.06881
2024-10-23 17:00:00+03:00,0.0688,0.0685
2024-10-23 19:00:00+03:00,0.06848,0.06723
2024-10-23 21:00:00+03:00,0.06723,0.06771
2024-10-23 23:00:00+03:00,0.06771,0.06815
2024-10-24 01:00:00+03:00,0.06815,0.06851
2024-10-24 03:00:00+03:00,0.06851,0.06688
2024-10-24 05:00:00+03:00,0.06687,0.06699
2024-10-24 07:00:00+03:00,0.06699,0.0671
2024-10-24 09:00:00+03:00,0.0671,0.06659
2024-10-24 11:00:00+03:00,0.06661,0.06564
2024-10-24 13:00:00+03:00,0.06564,0.06642
2024-10-24 15:00:00+03:00,0.06642,0.06695
2024-10-24 17:00:00+03:00,0.06695,0.06804
2024-10-24 19:00:00+03:00,0.06804,0.06726
2024-10-24 21:00:00+03:00,0.06726,0.06777
2024-10-24 23:00:00+03:00,0.06777,0.06796
2024-10-25 01:00:00+03:00,0.06796,0.06755
2024-10-25 03:00:00+03:00,0.06755,0.06673
2024-10-25 05:00:00+03:00,0.06673,0.0665
2024-10-25 07:00:00+03:00,0.06651,0.06565
2024-10-25 09:00:00+03:00,0.06565,0.0652
2024-10-25 11:00:00+03:00,0.06519,0.06577
2024-10-25 13:00:00+03:00,0.06577,0.0662
2024-10-25 15:00:00+03:00,0.06621,0.06632
2024-10-25 17:00:00+03:00,0.06632,0.06546
2024-10-25 19:00:00+03:00,0.06544,0.06435
2024-10-25 21:00:00+03:00,0.06435,0.06431
2024-10-25 23:00:00+03:00,0.0643,0.06442
2024-10-26 01:00:00+03:00,0.06442,0.06116
2024-10-26 03:00:00+03:00,0.06117,0.06188
2024-10-26 05:00:00+03:00,0.06186,0.06253
2024-10-26 07:00:00+03:00,0.06252,0.06231
2024-10-26 09:00:00+03:00,0.06232,0.06262
2024-10-26 11:00:00+03:00,0.0626,0.06228
2024-10-26 13:00:00+03:00,0.06228,0.06193
2024-10-26 15:00:00+03:00,0.06192,0.06111
2024-10-26 17:00:00+03:00,0.0611,0.06073
2024-10-26 19:00:00+03:00,0.06073,0.06093
2024-10-26 21:00:00+03:00,0.06093,0.06123
2024-10-26 23:00:00+03:00,0.06123,0.06124
2024-10-27 01:00:00+03:00,0.06124,0.06167
2024-10-27 02:00:00+02:00,0.06167,0.06164
2024-10-27 04:00:00+02:00,0.06166,0.06197
2024-10-27 06:00:00+02:00,0.06198,0.06235
2024-10-27 08:00:00+02:00,0.06235,0.06218
2024-10-27 10:00:00+02:00,0.06219,0.06154
2024-10-27 12:00:00+02:00,0.06154,0.06111
2024-10-27 14:00:00+02:00,0.06111,0.06101
2024-10-27 16:00:00+02:00,0.06102,0.06137
2024-10-27 18:00:00+02:00,0.06136,0.0612
2024-10-27 20:00:00+02:00,0.06118,0.06106
2024-10-27 22:00:00+02:00,0.06105,0.06162
2024-10-28 00:00:00+02:00,0.06163,0.06175
2024-10-28 02:00:00+02:00,0.06174,0.06114
2024-10-28 04:00:00+02:00,0.06115,0.06047
2024-10-28 06:00:00+02:00,0.06045,0.06026
2024-10-28 08:00:00+02:00,0.06025,0.06103
2024-10-28 10:00:00+02:00,0.06102,0.06118
2024-10-28 12:00:00+02:00,0.06118,0.06062
2024-10-28 14:00:00+02:00,0.06061,0.06249
2024-10-28 16:00:00+02:00,0.06247,0.05999
2024-10-28 18:00:00+02:00,0.05997,0.05996
2024-10-28 20:00:00+02:00,0.05996,0.06049
2024-10-28 22:00:00+02:00,0.06105,0.06204
2024-10-29 00:00:00+02:00,0.06205,0.06266
2024-10-29 02:00:00+02:00,0.06264,0.06212
2024-10-29 04:00:00+02:00,0.06213,0.06268
2024-10-29 06:00:00+02:00,0.06268,0.06187
2024-10-29 08:00:00+02:00,0.06188,0.06187
2024-10-29 10:00:00+02:00,0.06186,0.06183
2024-10-29 12:00:00+02:00,0.06182,0.0619
2024-10-29 14:00:00+02:00,0.0619,0.06256
2024-10-29 16:00:00+02:00,0.06255,0.06327
2024-10-29 18:00:00+02:00,0.06327,0.06348
2024-10-29 20:00:00+02:00,0.06348,0.06314
2024-10-29 22:00:00+02:00,0.06316,0.06339
2024-10-30 00:00:00+02:00,0.06339,0.0632
2024-10-30 02:00:00+02:00,0.0632,0.06297
2024-10-30 04:00:00+02:00,0.06297,0.06226
2024-10-30 06:00:00+02:00,0.06226,0.06218
2024-10-30 08:00:00+02:00,0.06217,0.06195
2024-10-30 10:00:00+02:00,0.06196,0.0622
2024-10-30 12:00:00+02:00,0.06221,0.06148
2024-10-30 14:00:00+02:00,0.06147,0.06229
2024-10-30 16:00:00+02:00,0.06229,0.06248
2024-10-30 18:00:00+02:00,0.06248,0.06255
2024-10-30 20:00:00+02:00,0.06255,0.06267
2024-10-30 22:00:00+02:00,0.06268,0.06311
2024-10-31 00:00:00+02:00,0.0631,0.06281
2024-10-31 02:00:00+02:00,0.0628,0.0624
2024-10-31 04:00:00+02:00,0.0624,0.06193
2024-10-31 06:00:00+02:00,0.06194,0.06205
2024-10-31 08:00:00+02:00,0.06205,0.06146
2024-10-31 10:00:00+02:00,0.06147,0.06168
2024-10-31 12:00:00+02:00,0.06169,0.06144
2024-10-31 14:00:00+02:00,0.06144,0.06057
2024-10-31 16:00:00+02:00,0.06056,0.06028
2024-10-31 18:00:00+02:00,0.06028,0.06026
2024-10-31 20:00:00+02:00,0.05963,0.05891
2024-10-31 22:00:00+02:00,0.0589,0.0595
2024-11-01 00:00:00+02:00,0.05949,0.05908
2024-11-01 02:00:00+02:00,0.05908,0.05837
2024-11-01 04:00:00+02:00,0.05838,0.05859
2024-11-01 06:00:00+02:00,0.0586,0.05875
2024-11-01 08:00:00+02:00,0.05875,0.05812
2024-11-01 10:00:00+02:00,0.05812,0.05916
2024-11-01 12:00:00+02:00,0.05916,0.05901
2024-11-01 14:00:00+02:00,0.05901,0.06023
2024-11-01 16:00:00+02:00,0.06022,0.05878
2024-11-01 18:00:00+02:00,0.05878,0.05949
2024-11-01 20:00:00+02:00,0.0595,0.05909
2024-11-01 22:00:00+02:00,0.0591,0.05871
2024-11-02 00:00:00+02:00,0.0587,0.0589
2024-11-02 02:00:00+02:00,0.0589,0.0599
2024-11-02 04:00:00+02:00,0.05989,0.05971
2024-11-02 06:00:00+02:00,0.05971,0.05969
2024-11-02 08:00:00+02:00,0.05969,0.05932
2024-11-02 10:00:00+02:00,0.05932,0.05935
2024-11-02 12:00:00+02:00,0.05934,0.05895
2024-11-02 14:00:00+02:00,0.05894,0.05814
2024-11-02 16:00:00+02:00,0.05814,0.05796
2024-11-02 18:00:00+02:00,0.05797,0.0582
2024-11-02 20:00:00+02:00,0.0582,0.05844
2024-11-02 22:00:00+02:00,0.05845,0.0582
2024-11-03 00:00:00+02:00,0.0582,0.05814
2024-11-03 02:00:00+02:00,0.05814,0.05744
2024-11-03 04:00:00+02:00,0.05745,0.05635
2024-11-03 06:00:00+02:00,0.05634,0.05635
2024-11-03 08:00:00+02:00,0.05635,0.05669
2024-11-03 10:00:00+02:00,0.05669,0.05611
2024-11-03 12:00:00+02:00,0.05611,0.05561
2024-11-03 14:00:00+02:00,0.0556,0.05424
2024-11-03 16:00:00+02:00,0.05424,0.05449
2024-11-03 18:00:00+02:00,0.05448,0.0546
2024-11-03 20:00:00+02:00,0.05462,0.05474
2024-11-03 22:00:00+02:00,0.05473,0.05546
2024-11-04 00:00:00+02:00,0.05548,0.0553
2024-11-04 02:00:00+02:00,0.05529,0.05554
2024-11-04 04:00:00+02:00,0.05555,0.05538
2024-11-04 06:00:00+02:00,0.05538,0.05453
2024-11-04 08:00:00+02:00,0.05453,0.05457
2024-11-04 10:00:00+02:00,0.05457,0.05497
2024-11-04 12:00:00+02:00,0.05497,0.05573
2024-11-04 14:00:00+02:00,0.05574,0.05549
2024-11-04 16:00:00+02:00,0.0555,0.05549
2024-11-04 18:00:00+02:00,0.0555,0.05507
2024-11-04 20:00:00+02:00,0.05508,0.05537
2024-11-04 22:00:00+02:00,0.05537,0.05384
2024-11-05 00:00:00+02:00,0.05383,0.05421
2024-11-05 02:00:00+02:00,0.05421,0.05497
2024-11-05 04:00:00+02:00,0.05498,0.05532
2024-11-05 06:00:00+02:00,0.05533,0.05592
2024-11-05 08:00:00+02:00,0.05592,0.05602
2024-11-05 10:00:00+02:00,0.05602,0.05603
2024-11-05 12:00:00+02:00,0.05604,0.05581
2024-11-05 14:00:00+02:00,0.05581,0.05579
2024-11-05 16:00:00+02:00,0.05578,0.05689
2024-11-05 18:00:00+02:00,0.05689,0.05693
2024-11-05 20:00:00+02:00,0.05694,0.05627
2024-11-05 22:00:00+02:00,0.05629,0.05677
2024-11-06 00:00:00+02:00,0.05676,0.05705
2024-11-06 02:00:00+02:00,0.05705,0.05849
2024-11-06 04:00:00+02:00,0.0585,0.06038
2024-11-06 06:00:00+02:00,0.06039,0.06064
2024-11-06 08:00:00+02:00,0.06065,0.06047
2024-11-06 10:00:00+02:00,0.06046,0.06052
2024-11-06 12:00:00+02:00,0.06051,0.06074
2024-11-06 14:00:00+02:00,0.06073,0.06069
2024-11-06 16:00:00+02:00,0.0607,0.06011
2024-11-06 18:00:00+02:00,0.06011,0.06033
2024-11-06 20:00:00+02:00,0.06032,0.06084
2024-11-06 22:00:00+02:00,0.06083,0.06162
2024-11-07 00:00:00+02:00,0.06162,0.06182
2024-11-07 02:00:00+02:00,0.06182,0.0623
2024-11-07 04:00:00+02:00,0.06229,0.06209
2024-11-07 06:00:00+02:00,0.0621,0.06195
2024-11-07 08:00:00+02:00,0.06195,0.06123
2024-11-07 10:00:00+02:00,0.06123,0.06105
2024-11-07 12:00:00+02:00,0.06104,0.06075
2024-11-07 14:00:00+02:00,0.06075,0.06052
2024-11-07 16:00:00+02:00,0.06053,0.06195
2024-11-07 18:00:00+02:00,0.06194,0.06213
2024-11-07 20:00:00+02:00,0.06214,0.06205
2024-11-07 22:00:00+02:00,0.06205,0.06268
2024-11-08 00:00:00+02:00,0.06268,0.06251
2024-11-08 02:00:00+02:00,0.06251,0.06183
2024-11-08 04:00:00+02:00,0.06183,0.06146
2024-11-08 06:00:00+02:00,0.06145,0.06172
2024-11-08 08:00:00+02:00,0.06171,0.06162
2024-11-08 10:00:00+02:00,0.06161,0.06131
2024-11-08 12:00:00+02:00,0.06131,0.06154
2024-11-08 14:00:00+02:00,0.06154,0.06178
2024-11-08 16:00:00+02:00,0.06178,0.06149
2024-11-08 18:00:00+02:00,0.06149,0.06095
2024-11-08 20:00:00+02:00,0.06095,0.06189
2024-11-08 22:00:00+02:00,0.06188,0.06153
2024-11-09 00:00:00+02:00,0.06152,0.06183
2024-11-09 02:00:00+02:00,0.06184,0.06117
2024-11-09 04:00:00+02:00,0.06116,0.06097
2024-11-09 06:00:00+02:00,0.06096,0.06223
2024-11-09 08:00:00+02:00,0.06223,0.06273
2024-11-09 10:00:00+02:00,0.06273,0.06253
2024-11-09 12:00:00+02:00,0.06253,0.06328
2024-11-09 14:00:00+02:00,0.06327,0.06288
2024-11-09 16:00:00+02:00,0.06288,0.06251
2024-11-09 18:00:00+02:00,0.06252,0.06239
2024-11-09 20:00:00+02:00,0.06239,0.06233
2024-11-09 22:00:00+02:00,0.06233,0.06316
2024-11-10 00:00:00+02:00,0.06316,0.06401
2024-11-10 02:00:00+02:00,0.064,0.06411
2024-11-10 04:00:00+02:00,0.0641,0.06508
2024-11-10 06:00:00+02:00,0.06507,0.06582
2024-11-10 08:00:00+02:00,0.06582,0.06649
2024-11-10 10:00:00+02:00,0.0665,0.06687
2024-11-10 12:00:00+02:00,0.06688,0.06715
2024-11-10 14:00:00+02:00,0.06715,0.06769
2024-11-10 16:00:00+02:00,0.06768,0.06783
2024-11-10 18:00:00+02:00,0.06782,0.06851
2024-11-10 20:00:00+02:00,0.06852,0.06723
2024-11-10 22:00:00+02:00,0.06724,0.0661
2024-11-11 00:00:00+02:00,0.0661,0.06697
2024-11-11 02:00:00+02:00,0.06697,0.06787
2024-11-11 04:00:00+02:00,0.06787,0.06872
2024-11-11 06:00:00+02:00,0.06872,0.06592
2024-11-11 08:00:00+02:00,0.06591,0.06656
2024-11-11 10:00:00+02:00,0.06656,0.06681
2024-11-11 12:00:00+02:00,0.06678,0.0678
2024-11-11 14:00:00+02:00,0.06778,0.06669
2024-11-11 16:00:00+02:00,0.0667,0.06697
2024-11-11 18:00:00+02:00,0.06697,0.06918
2024-11-11 20:00:00+02:00,0.06918,0.06881
2024-11-11 22:00:00+02:00,0.0688,0.06995
2024-11-12 00:00:00+02:00,0.06995,0.07169
2024-11-12 02:00:00+02:00,0.07168,0.07093
2024-11-12 04:00:00+02:00,0.07093,0.07118
2024-11-12 06:00:00+02:00,0.07117,0.07041
2024-11-12 08:00:00+02:00,0.07041,0.07216
2024-11-12 10:00:00+02:00,0.07217,0.0696
2024-11-12 12:00:00+02:00,0.06961,0.06719
2024-11-12 14:00:00+02:00,0.06718,0.06643
2024-11-12 16:00:00+02:00,0.06641,0.06554
2024-11-12 18:00:00+02:00,0.06553,0.06523
2024-11-12 20:00:00+02:00,0.06522,0.067
2024-11-12 22:00:00+02:00,0.06701,0.06732
2024-11-13 00:00:00+02:00,0.06732,0.06812
2024-11-13 02:00:00+02:00,0.06813,0.06744
2024-11-13 04:00:00+02:00,0.06744,0.06446
2024-11-13 06:00:00+02:00,0.06446,0.06287
2024-11-13 08:00:00+02:00,0.06287,0.06351
2024-11-13 10:00:00+02:00,0.06351,0.06297
2024-11-13 12:00:00+02:00,0.06296,0.06344
2024-11-13 14:00:00+02:00,0.06342,0.06519
2024-11-13 16:00:00+02:00,0.06518,0.06722
2024-11-13 18:00:00+02:00,0.06721,0.06689
2024-11-13 20:00:00+02:00,0.0669,0.06403
2024-11-13 22:00:00+02:00,0.06402,0.06373
2024-11-14 00:00:00+02:00,0.06372,0.06504
2024-11-14 02:00:00+02:00,0.06503,0.06551
2024-11-14 04:00:00+02:00,0.06551,0.06579
2024-11-14 06:00:00+02:00,0.0658,0.06673
2024-11-14 08:00:00+02:00,0.06672,0.06662
2024-11-14 10:00:00+02:00,0.06663,0.06661
2024-11-14 12:00:00+02:00,0.0666,0.06547
2024-11-14 14:00:00+02:00,0.06544,0.06527
2024-11-14 16:00:00+02:00,0.06528,0.06354
2024-11-14 18:00:00+02:00,0.06354,0.06423
2024-11-14 20:00:00+02:00,0.06423,0.06472
2024-11-14 22:00:00+02:00,0.06472,0.06471
2024-11-15 00:00:00+02:00,0.06473,0.06281
2024-11-15 02:00:00+02:00,0.06281,0.06307
2024-11-15 04:00:00+02:00,0.06307,0.0634
2024-11-15 06:00:00+02:00,0.06339,0.06286
2024-11-15 08:00:00+02:00,0.06286,0.06339
2024-11-15 10:00:00+02:00,0.0634,0.06429
2024-11-15 12:00:00+02:00,0.06429,0.06459
2024-11-15 14:00:00+02:00,0.06459,0.06581
2024-11-15 16:00:00+02:00,0.06582,0.06411
2024-11-15 18:00:00+02:00,0.06411,0.06502
2024-11-15 20:00:00+02:00,0.06502,0.06664
2024-11-15 22:00:00+02:00,0.06664,0.06681
2024-11-16 00:00:00+02:00,0.06681,0.06748
2024-11-16 02:00:00+02:00,0.06749,0.06771
2024-11-16 04:00:00+02:00,0.06771,0.0685
2024-11-16 06:00:00+02:00,0.06849,0.06861
2024-11-16 08:00:00+02:00,0.06861,0.0684
2024-11-16 10:00:00+02:00,0.06839,0.06886
2024-11-16 12:00:00+02:00,0.06887,0.07111
2024-11-16 14:00:00+02:00,0.07111,0.07087
2024-11-16 16:00:00+02:00,0.07088,0.07175
2024-11-16 18:00:00+02:00,0.07176,0.0727
2024-11-16 20:00:00+02:00,0.07271,0.07369
2024-11-16 22:00:00+02:00,0.07367,0.0744
2024-11-17 00:00:00+02:00,0.0744,0.07521
2024-11-17 02:00:00+02:00,0.07521,0.07305
2024-11-17 04:00:00+02:00,0.07308,0.07245
2024-11-17 06:00:00+02:00,0.07242,0.07191
2024-11-17 08:00:00+02:00,0.0719,0.07243
2024-11-17 10:00:00+02:00,0.07243,0.07263
2024-11-17 12:00:00+02:00,0.07262,0.07077
2024-11-17 14:00:00+02:00,0.07077,0.07144
2024-11-17 16:00:00+02:00,0.07142,0.07065
2024-11-17 18:00:00+02:00,0.07065,0.07064
2024-11-17 20:00:00+02:00,0.07063,0.06928
2024-11-17 22:00:00+02:00,0.06928,0.06828
2024-11-18 00:00:00+02:00,0.06828,0.0692
2024-11-18 02:00:00+02:00,0.0692,0.07141
2024-11-18 04:00:00+02:00,0.07141,0.0724
2024-11-18 06:00:00+02:00,0.0724,0.0734
2024-11-18 08:00:00+02:00,0.0734,0.0758
2024-11-18 10:00:00+02:00,0.0758,0.07512
2024-11-18 12:00:00+02:00,0.07512,0.07428
2024-11-18 14:00:00+02:00,0.07429,0.07286
2024-11-18 16:00:00+02:00,0.07284,0.07527
2024-11-18 18:00:00+02:00,0.07524,0.08309
2024-11-18 20:00:00+02:00,0.08311,0.07779
2024-11-18 22:00:00+02:00,0.07779,0.07895
2024-11-19 00:00:00+02:00,0.07896,0.07923
2024-11-19 02:00:00+02:00,0.07923,0.08219
2024-11-19 04:00:00+02:00,0.08219,0.08047
2024-11-19 06:00:00+02:00,0.08047,0.078
2024-11-19 08:00:00+02:00,0.078,0.07862
2024-11-19 10:00:00+02:00,0.07861,0.07666
2024-11-19 12:00:00+02:00,0.07665,0.07762
2024-11-19 14:00:00+02:00,0.07763,0.07615
2024-11-19 16:00:00+02:00,0.07614,0.07632
2024-11-19 18:00:00+02:00,0.07631,0.07546
2024-11-19 20:00:00+02:00,0.07547,0.0767
2024-11-19 22:00:00+02:00,0.0767,0.07519
2024-11-20 00:00:00+02:00,0.07518,0.07594
2024-11-20 02:00:00+02:00,0.07593,0.07366
2024-11-20 04:00:00+02:00,0.07366,0.07276
2024-11-20 06:00:00+02:00,0.07275,0.0739
2024-11-20 08:00:00+02:00,0.0739,0.0736
2024-11-20 10:00:00+02:00,0.0736,0.07505
2024-11-20 12:00:00+02:00,0.07505,0.07453
2024-11-20 14:00:00+02:00,0.07452,0.07496
2024-11-20 16:00:00+02:00,0.07497,0.07442
2024-11-20 18:00:00+02:00,0.07443,0.07159
2024-11-20 20:00:00+02:00,0.07158,0.0712
2024-11-20 22:00:00+02:00,0.07119,0.0725
2024-11-21 00:00:00+02:00,0.07251,0.0716
2024-11-21 02:00:00+02:00,0.07161,0.0721
2024-11-21 04:00:00+02:00,0.0721,0.07108
2024-11-21 06:00:00+02:00,0.07108,0.07352
2024-11-21 08:00:00+02:00,0.07352,0.07302
2024-11-21 10:00:00+02:00,0.07301,0.07161
2024-11-21 12:00:00+02:00,0.07161,0.07172
2024-11-21 14:00:00+02:00,0.07171,0.07493
2024-11-21 16:00:00+02:00,0.07493,0.07382
2024-11-21 18:00:00+02:00,0.07383,0.07414
2024-11-21 20:00:00+02:00,0.07415,0.07406
2024-11-21 22:00:00+02:00,0.07406,0.07462
2024-11-22 00:00:00+02:00,0.07463,0.07465
2024-11-22 02:00:00+02:00,0.07465,0.07447
2024-11-22 04:00:00+02:00,0.07448,0.07513
2024-11-22 06:00:00+02:00,0.07515,0.07643
2024-11-22 08:00:00+02:00,0.07643,0.07557
2024-11-22 10:00:00+02:00,0.07557,0.07609
2024-11-22 12:00:00+02:00,0.0761,0.07659
2024-11-22 14:00:00+02:00,0.07656,0.07469
2024-11-22 16:00:00+02:00,0.07468,0.07664
2024-11-22 18:00:00+02:00,0.07666,0.07581
2024-11-22 20:00:00+02:00,0.07582,0.07526
2024-11-22 22:00:00+02:00,0.07526,0.07713
2024-11-23 00:00:00+02:00,0.07712,0.07882
2024-11-23 02:00:00+02:00,0.07882,0.08083
2024-11-23 04:00:00+02:00,0.08084,0.07966
2024-11-23 06:00:00+02:00,0.07964,0.08102
2024-11-23 08:00:00+02:00,0.08102,0.08349
2024-11-23 10:00:00+02:00,0.08348,0.08356
2024-11-23 12:00:00+02:00,0.08356,0.08406
2024-11-23 14:00:00+02:00,0.08408,0.08629
2024-11-23 16:00:00+02:00,0.08629,0.08813
2024-11-23 18:00:00+02:00,0.08814,0.08671
2024-11-23 20:00:00+02:00,0.08669,0.08609
2024-11-23 22:00:00+02:00,0.08609,0.08698
2024-11-24 00:00:00+02:00,0.08697,0.08677
2024-11-24 02:00:00+02:00,0.08678,0.08748
2024-11-24 04:00:00+02:00,0.08746,0.09277
2024-11-24 06:00:00+02:00,0.09276,0.10052
2024-11-24 08:00:00+02:00,0.10052,0.09581
2024-11-24 10:00:00+02:00,0.09584,0.09566
2024-11-24 12:00:00+02:00,0.09563,0.09089
2024-11-24 14:00:00+02:00,0.09089,0.09152
2024-11-24 16:00:00+02:00,0.09152,0.08725
2024-11-24 18:00:00+02:00,0.08727,0.08901
2024-11-24 20:00:00+02:00,0.08901,0.08987
2024-11-24 22:00:00+02:00,0.08985,0.09382
2024-11-25 00:00:00+02:00,0.0938,0.09808
2024-11-25 02:00:00+02:00,0.09808,0.09273
2024-11-25 04:00:00+02:00,0.09272,0.09449
2024-11-25 06:00:00+02:00,0.09447,0.09564
2024-11-25 08:00:00+02:00,0.09562,0.0942
2024-11-25 10:00:00+02:00,0.09419,0.09791
2024-11-25 12:00:00+02:00,0.09789,0.0947
2024-11-25 14:00:00+02:00,0.09471,0.09309
2024-11-25 16:00:00+02:00,0.0931,0.09444
2024-11-25 18:00:00+02:00,0.09446,0.09304
2024-11-25 20:00:00+02:00,0.09307,0.09385
2024-11-25 22:00:00+02:00,0.09384,0.09178
2024-11-26 00:00:00+02:00,0.09176,0.09095
2024-11-26 02:00:00+02:00,0.09095,0.09324
2024-11-26 04:00:00+02:00,0.09323,0.09339
2024-11-26 06:00:00+02:00,0.09339,0.09529
2024-11-26 08:00:00+02:00,0.09528,0.09259
2024-11-26 10:00:00+02:00,0.09257,0.09114
2024-11-26 12:00:00+02:00,0.09117,0.08831
2024-11-26 14:00:00+02:00,0.08831,0.08647
2024-11-26 16:00:00+02:00,0.08648,0.08662
2024-11-26 18:00:00+02:00,0.08663,0.08933
2024-11-26 20:00:00+02:00,0.08933,0.08709
2024-11-26 22:00:00+02:00,0.08709,0.08701
2024-11-27 00:00:00+02:00,0.08702,0.09021
2024-11-27 02:00:00+02:00,0.09021,0.08879
2024-11-27 04:00:00+02:00,0.08878,0.08922
2024-11-27 06:00:00+02:00,0.08923,0.08879
2024-11-27 08:00:00+02:00,0.08881,0.09115
2024-11-27 10:00:00+02:00,0.09117,0.09014
2024-11-27 12:00:00+02:00,0.09015,0.09136
2024-11-27 14:00:00+02:00,0.09136,0.09177
2024-11-27 16:00:00+02:00,0.09177,0.0929
2024-11-27 18:00:00+02:00,0.09289,0.09356
2024-11-27 20:00:00+02:00,0.09352,0.09338
2024-11-27 22:00:00+02:00,0.09337,0.09327
2024-11-28 00:00:00+02:00,0.09327,0.09357
2024-11-28 02:00:00+02:00,0.09357,0.09347
2024-11-28 04:00:00+02:00,0.09346,0.09066
2024-11-28 06:00:00+02:00,0.09066,0.09133
2024-11-28 08:00:00+02:00,0.09133,0.0909
2024-11-28 10:00:00+02:00,0.0909,0.0906
2024-11-28 12:00:00+02:00,0.09059,0.09108
2024-11-28 14:00:00+02:00,0.09107,0.0909
2024-11-28 16:00:00+02:00,0.0909,0.08951
2024-11-28 18:00:00+02:00,0.08952,0.09117
2024-11-28 20:00:00+02:00,0.09116,0.09353
2024-11-28 22:00:00+02:00,0.09353,0.09403
2024-11-29 00:00:00+02:00,0.09403,0.09422
2024-11-29 02:00:00+02:00,0.09422,0.09491
2024-11-29 04:00:00+02:00,0.0949,0.09364
2024-11-29 06:00:00+02:00,0.09364,0.09333
2024-11-29 08:00:00+02:00,0.09333,0.09179
2024-11-29 10:00:00+02:00,0.09177,0.09361
2024-11-29 12:00:00+02:00,0.09363,0.0957
2024-11-29 14:00:00+02:00,0.09571,0.09741
2024-11-29 16:00:00+02:00,0.09742,0.09849
2024-11-29 18:00:00+02:00,0.0985,0.09917
2024-11-29 20:00:00+02:00,0.09915,0.10108
2024-11-29 22:00:00+02:00,0.10108,0.1026
2024-11-30 00:00:00+02:00,0.10261,0.10256
2024-11-30 02:00:00+02:00,0.10257,0.09927
2024-11-30 04:00:00+02:00,0.09928,0.09916
2024-11-30 06:00:00+02:00,0.09916,0.10064
2024-11-30 08:00:00+02:00,0.10063,0.1005
2024-11-30 10:00:00+02:00,0.10049,0.1015
2024-11-30 12:00:00+02:00,0.1015,0.10029
2024-11-30 14:00:00+02:00,0.10026,0.10303
2024-11-30 16:00:00+02:00,0.10304,0.10333
2024-11-30 18:00:00+02:00,0.10333,0.10305
2024-11-30 20:00:00+02:00,0.10304,0.10484
2024-11-30 22:00:00+02:00,0.10482,0.10434
2024-12-01 00:00:00+02:00,0.10434,0.10337
2024-12-01 02:00:00+02:00,0.10337,0.1015
2024-12-01 04:00:00+02:00,0.1015,0.10111
2024-12-01 06:00:00+02:00,0.10111,0.10087
2024-12-01 08:00:00+02:00,0.10085,0.10379
2024-12-01 10:00:00+02:00,0.10379,0.10636
2024-12-01 12:00:00+02:00,0.10636,0.10806
2024-12-01 14:00:00+02:00,0.10807,0.10642
2024-12-01 16:00:00+02:00,0.10645,0.10687
2024-12-01 18:00:00+02:00,0.10686,0.10616
2024-12-01 20:00:00+02:00,0.10616,0.10648
2024-12-01 22:00:00+02:00,0.10648,0.10555
2024-12-02 00:00:00+02:00,0.10555,0.10652
2024-12-02 02:00:00+02:00,0.10653,0.10789
2024-12-02 04:00:00+02:00,0.10788,0.10386
2024-12-02 06:00:00+02:00,0.10385,0.10587
2024-12-02 08:00:00+02:00,0.10586,0.10565
2024-12-02 10:00:00+02:00,0.10566,0.10193
2024-12-02 12:00:00+02:00,0.10194,0.09962
2024-12-02 14:00:00+02:00,0.09964,0.10286
2024-12-02 16:00:00+02:00,0.10284,0.10491
2024-12-02 18:00:00+02:00,0.1049,0.10128
2024-12-02 20:00:00+02:00,0.1013,0.10534
2024-12-02 22:00:00+02:00,0.10535,0.11179
2024-12-03 00:00:00+02:00,0.11179,0.11365
2024-12-03 02:00:00+02:00,0.11366,0.11615
2024-12-03 04:00:00+02:00,0.11615,0.11846
2024-12-03 06:00:00+02:00,0.11843,0.12081
2024-12-03 08:00:00+02:00,0.12082,0.1174
2024-12-03 10:00:00+02:00,0.1174,0.11987
2024-12-03 12:00:00+02:00,0.11986,0.11963
2024-12-03 14:00:00+02:00,0.1196,0.11182
2024-12-03 16:00:00+02:00,0.11185,0.11157
2024-12-03 18:00:00+02:00,0.11157,0.11364
2024-12-03 20:00:00+02:00,0.11366,0.11415
2024-12-03 22:00:00+02:00,0.11416,0.11715
2024-12-04 00:00:00+02:00,0.11716,0.12235
2024-12-04 02:00:00+02:00,0.12235,0.12081
2024-12-04 04:00:00+02:00,0.12083,0.12031
2024-12-04 06:00:00+02:00,0.12029,0.12208
2024-12-04 08:00:00+02:00,0.12208,0.12423
2024-12-04 10:00:00+02:00,0.12422,0.12554
2024-12-04 12:00:00+02:00,0.12554,0.13767
2024-12-04 14:00:00+02:00,0.13773,0.13445
2024-12-04 16:00:00+02:00,0.13447,0.1341
2024-12-04 18:00:00+02:00,0.13412,0.13116
2024-12-04 20:00:00+02:00,0.13115,0.13637
2024-12-04 22:00:00+02:00,0.13638,0.13323
2024-12-05 00:00:00+02:00,0.13324,0.13372
2024-12-05 02:00:00+02:00,0.13376,0.12573
2024-12-05 04:00:00+02:00,0.12573,0.12529
2024-12-05 06:00:00+02:00,0.12528,0.12783
2024-12-05 08:00:00+02:00,0.12784,0.12966
2024-12-05 10:00:00+02:00,0.12966,0.12914
2024-12-05 12:00:00+02:00,0.12913,0.1412
2024-12-05 14:00:00+02:00,0.1412,0.13538
2024-12-05 16:00:00+02:00,0.1354,0.1358
2024-12-05 18:00:00+02:00,0.13581,0.13636
2024-12-05 20:00:00+02:00,0.13632,0.13341
2024-12-05 22:00:00+02:00,0.1334,0.13551
2024-12-06 00:00:00+02:00,0.1355,0.13093
2024-12-06 02:00:00+02:00,0.13094,0.13273
2024-12-06 04:00:00+02:00,0.13274,0.13002
2024-12-06 06:00:00+02:00,0.13001,0.13115
2024-12-06 08:00:00+02:00,0.13117,0.1334
2024-12-06 10:00:00+02:00,0.13341,0.12944
2024-12-06 12:00:00+02:00,0.12944,0.1285
2024-12-06 14:00:00+02:00,0.1285,0.12824
2024-12-06 16:00:00+02:00,0.12824,0.13049
2024-12-06 18:00:00+02:00,0.1305,0.13097
2024-12-06 20:00:00+02:00,0.13095,0.13144
2024-12-06 22:00:00+02:00,0.13143,0.13022
2024-12-07 00:00:00+02:00,0.13023,0.13101
2024-12-07 02:00:00+02:00,0.13102,0.13211
2024-12-07 04:00:00+02:00,0.13211,0.12982
2024-12-07 06:00:00+02:00,0.12983,0.1302
2024-12-07 08:00:00+02:00,0.13019,0.1291
2024-12-07 10:00:00+02:00,0.1291,0.12924
2024-12-07 12:00:00+02:00,0.1292,0.12944
2024-12-07 14:00:00+02:00,0.12946,0.12956
2024-12-07 16:00:00+02:00,0.12955,0.1297
2024-12-07 18:00:00+02:00,0.1297,0.127
2024-12-07 20:00:00+02:00,0.12701,0.12806
2024-12-07 22:00:00+02:00,0.12805,0.12907
2024-12-08 00:00:00+02:00,0.12908,0.1292
2024-12-08 02:00:00+02:00,0.12919,0.12895
2024-12-08 04:00:00+02:00,0.12893,0.1285
2024-12-08 06:00:00+02:00,0.12851,0.12645
2024-12-08 08:00:00+02:00,0.12646,0.12903
2024-12-08 10:00:00+02:00,0.12904,0.13332
2024-12-08 12:00:00+02:00,0.13333,0.13151
2024-12-08 14:00:00+02:00,0.13152,0.13239
2024-12-08 16:00:00+02:00,0.1324,0.13379
2024-12-08 18:00:00+02:00,0.1338,0.13092
2024-12-08 20:00:00+02:00,0.13092,0.12952
2024-12-08 22:00:00+02:00,0.12953,0.13081
2024-12-09 00:00:00+02:00,0.13081,0.13142
2024-12-09 02:00:00+02:00,0.13143,0.12765
2024-12-09 04:00:00+02:00,0.12765,0.1263
2024-12-09 06:00:00+02:00,0.12629,0.12692
2024-12-09 08:00:00+02:00,0.12691,0.12452
2024-12-09 10:00:00+02:00,0.12452,0.11972
2024-12-09 12:00:00+02:00,0.11972,0.11878
2024-12-09 14:00:00+02:00,0.11878,0.12185
2024-12-09 16:00:00+02:00,0.12185,0.11998
2024-12-09 18:00:00+02:00,0.11997,0.11877
2024-12-09 20:00:00+02:00,0.11877,0.11896
2024-12-09 22:00:00+02:00,0.11896,0.10507
2024-12-10 00:00:00+02:00,0.10507,0.1062
2024-12-10 02:00:00+02:00,0.10618,0.10587
2024-12-10 04:00:00+02:00,0.10586,0.10188
2024-12-10 06:00:00+02:00,0.10187,0.10456
2024-12-10 08:00:00+02:00,0.10456,0.1047
2024-12-10 10:00:00+02:00,0.1047,0.10509
2024-12-10 12:00:00+02:00,0.1051,0.10503
2024-12-10 14:00:00+02:00,0.10504,0.10019
2024-12-10 16:00:00+02:00,0.10018,0.09455
2024-12-10 18:00:00+02:00,0.09456,0.09172
2024-12-10 20:00:00+02:00,0.09172,0.09824
2024-12-10 22:00:00+02:00,0.09823,0.10207
2024-12-11 00:00:00+02:00,0.10208,0.10189
2024-12-11 02:00:00+02:00,0.10189,0.0978
2024-12-11 04:00:00+02:00,0.09781,0.10069
2024-12-11 06:00:00+02:00,0.1007,0.10001
2024-12-11 08:00:00+02:00,0.10001,0.09899
2024-12-11 10:00:00+02:00,0.099,0.10216
2024-12-11 12:00:00+02:00,0.10215,0.10331
2024-12-11 14:00:00+02:00,0.10332,0.11037
2024-12-11 16:00:00+02:00,0.11037,0.11128
2024-12-11 18:00:00+02:00,0.11129,0.11218
2024-12-11 20:00:00+02:00,0.11219,0.11544
2024-12-11 22:00:00+02:00,0.11546,0.1181
2024-12-12 00:00:00+02:00,0.11809,0.11995
2024-12-12 02:00:00+02:00,0.11995,0.11799
2024-12-12 04:00:00+02:00,0.11804,0.12198
2024-12-12 06:00:00+02:00,0.12198,0.12311
2024-12-12 08:00:00+02:00,0.12314,0.11982
2024-12-12 10:00:00+02:00,0.11982,0.11955
2024-12-12 12:00:00+02:00,0.11954,0.11812
2024-12-12 14:00:00+02:00,0.11815,0.11861
2024-12-12 16:00:00+02:00,0.1186,0.11904
2024-12-12 18:00:00+02:00,0.11908,0.12006
2024-12-12 20:00:00+02:00,0.12005,0.11535
2024-12-12 22:00:00+02:00,0.11534,0.11677
2024-12-13 00:00:00+02:00,0.11678,0.11749
2024-12-13 02:00:00+02:00,0.11747,0.11522
2024-12-13 04:00:00+02:00,0.11523,0.11635
2024-12-13 06:00:00+02:00,0.11635,0.11482
2024-12-13 08:00:00+02:00,0.11481,0.11398
2024-12-13 10:00:00+02:00,0.11399,0.11368
2024-12-13 12:00:00+02:00,0.1137,0.11392
2024-12-13 14:00:00+02:00,0.11393,0.11416
2024-12-13 16:00:00+02:00,0.11415,0.11351
2024-12-13 18:00:00+02:00,0.11349,0.11495
2024-12-13 20:00:00+02:00,0.11494,0.11409
2024-12-13 22:00:00+02:00,0.11409,0.11437
2024-12-14 00:00:00+02:00,0.11438,0.11735
2024-12-14 02:00:00+02:00,0.11735,0.11666
2024-12-14 04:00:00+02:00,0.11666,0.11485
2024-12-14 06:00:00+02:00,0.11485,0.11503
2024-12-14 08:00:00+02:00,0.11504,0.11454
2024-12-14 10:00:00+02:00,0.11455,0.11398
2024-12-14 12:00:00+02:00,0.11398,0.11324
2024-12-14 14:00:00+02:00,0.11322,0.10955
2024-12-14 16:00:00+02:00,0.10955,0.1106
2024-12-14 18:00:00+02:00,0.11059,0.1088
2024-12-14 20:00:00+02:00,0.10878,0.10895
2024-12-14 22:00:00+02:00,0.10894,0.10889
2024-12-15 00:00:00+02:00,0.10888,0.11024
2024-12-15 02:00:00+02:00,0.11025,0.11166
2024-12-15 04:00:00+02:00,0.11166,0.10932
2024-12-15 06:00:00+02:00,0.10932,0.11028
2024-12-15 08:00:00+02:00,0.11028,0.10754
2024-12-15 10:00:00+02:00,0.10754,0.11005
2024-12-15 12:00:00+02:00,0.11005,0.11008
2024-12-15 14:00:00+02:00,0.11008,0.11269
2024-12-15 16:00:00+02:00,0.1127,0.11233
2024-12-15 18:00:00+02:00,0.11231,0.11135
2024-12-15 20:00:00+02:00,0.11135,0.11115
2024-12-15 22:00:00+02:00,0.11115,0.10779
2024-12-16 00:00:00+02:00,0.10779,0.1128
2024-12-16 02:00:00+02:00,0.11281,0.11423
2024-12-16 04:00:00+02:00,0.11425,0.11099
2024-12-16 06:00:00+02:00,0.11098,0.11109
2024-12-16 08:00:00+02:00,0.11111,0.11084
2024-12-16 10:00:00+02:00,0.11085,0.10831
2024-12-16 12:00:00+02:00,0.10831,0.10634
2024-12-16 14:00:00+02:00,0.10634,0.10677
2024-12-16 16:00:00+02:00,0.10677,0.10777
2024-12-16 18:00:00+02:00,0.10776,0.1102
2024-12-16 20:00:00+02:00,0.11021,0.10993
2024-12-16 22:00:00+02:00,0.10995,0.11117
2024-12-17 00:00:00+02:00,0.11118,0.10838
2024-12-17 02:00:00+02:00,0.10837,0.10722
2024-12-17 04:00:00+02:00,0.10722,0.10837
2024-12-17 06:00:00+02:00,0.10836,0.10745
2024-12-17 08:00:00+02:00,0.10744,0.10718
2024-12-17 10:00:00+02:00,0.10717,0.10874
2024-12-17 12:00:00+02:00,0.10877,0.10945
2024-12-17 14:00:00+02:00,0.10942,0.10909
2024-12-17 16:00:00+02:00,0.10906,0.10514
2024-12-17 18:00:00+02:00,0.10513,0.10798
2024-12-17 20:00:00+02:00,0.10798,0.10643
2024-12-17 22:00:00+02:00,0.10642,0.10522
2024-12-18 00:00:00+02:00,0.10522,0.10323
2024-12-18 02:00:00+02:00,0.10324,0.10171
2024-12-18 04:00:00+02:00,0.10173,0.10178
2024-12-18 06:00:00+02:00,0.10177,0.10095
2024-12-18 08:00:00+02:00,0.10096,0.10079
2024-12-18 10:00:00+02:00,0.10081,0.10211
2024-12-18 12:00:00+02:00,0.1021,0.1023
2024-12-18 14:00:00+02:00,0.10228,0.10132
2024-12-18 16:00:00+02:00,0.10132,0.10114
2024-12-18 18:00:00+02:00,0.10113,0.10199
2024-12-18 20:00:00+02:00,0.102,0.09911
2024-12-18 22:00:00+02:00,0.09911,0.09568
2024-12-19 00:00:00+02:00,0.09567,0.09355
2024-12-19 02:00:00+02:00,0.09356,0.09108
2024-12-19 04:00:00+02:00,0.09107,0.09401
2024-12-19 06:00:00+02:00,0.09398,0.09432
2024-12-19 08:00:00+02:00,0.09435,0.09443
2024-12-19 10:00:00+02:00,0.09442,0.09407
2024-12-19 12:00:00+02:00,0.09407,0.09489
2024-12-19 14:00:00+02:00,0.09487,0.09358
2024-12-19 16:00:00+02:00,0.09358,0.09168
2024-12-19 18:00:00+02:00,0.09167,0.08789
2024-12-19 20:00:00+02:00,0.08786,0.0857
2024-12-19 22:00:00+02:00,0.08573,0.08731
2024-12-20 00:00:00+02:00,0.0873,0.08584
2024-12-20 02:00:00+02:00,0.08585,0.08675
2024-12-20 04:00:00+02:00,0.08676,0.0878
2024-12-20 06:00:00+02:00,0.0878,0.08573
2024-12-20 08:00:00+02:00,0.08571,0.08587
2024-12-20 10:00:00+02:00,0.08587,0.07949
2024-12-20 12:00:00+02:00,0.07949,0.07403
2024-12-20 14:00:00+02:00,0.07405,0.08044
2024-12-20 16:00:00+02:00,0.08043,0.08406
2024-12-20 18:00:00+02:00,0.08407,0.08597
2024-12-20 20:00:00+02:00,0.08597,0.08757
2024-12-20 22:00:00+02:00,0.08758,0.08692
2024-12-21 00:00:00+02:00,0.08693,0.08907
2024-12-21 02:00:00+02:00,0.08907,0.09004
2024-12-21 04:00:00+02:00,0.09004,0.08954
2024-12-21 06:00:00+02:00,0.08954,0.09298
2024-12-21 08:00:00+02:00,0.09299,0.09323
2024-12-21 10:00:00+02:00,0.09323,0.0913
2024-12-21 12:00:00+02:00,0.09128,0.09051
2024-12-21 14:00:00+02:00,0.09051,0.08617
2024-12-21 16:00:00+02:00,0.08615,0.0863
2024-12-21 18:00:00+02:00,0.08631,0.08523
2024-12-21 20:00:00+02:00,0.08523,0.08425
2024-12-21 22:00:00+02:00,0.08426,0.08312
2024-12-22 00:00:00+02:00,0.0831,0.08335
2024-12-22 02:00:00+02:00,0.08336,0.08422
2024-12-22 04:00:00+02:00,0.08421,0.08406
2024-12-22 06:00:00+02:00,0.08404,0.08308
2024-12-22 08:00:00+02:00,0.08308,0.08327
2024-12-22 10:00:00+02:00,0.08328,0.08563
2024-12-22 12:00:00+02:00,0.08562,0.08519
2024-12-22 14:00:00+02:00,0.08519,0.08617
2024-12-22 16:00:00+02:00,0.08616,0.08415
2024-12-22 18:00:00+02:00,0.08416,0.08487
2024-12-22 20:00:00+02:00,0.08489,0.08256
2024-12-22 22:00:00+02:00,0.08256,0.08472
2024-12-23 00:00:00+02:00,0.08471,0.08418
2024-12-23 02:00:00+02:00,0.08418,0.08334
2024-12-23 04:00:00+02:00,0.08336,0.08746
2024-12-23 06:00:00+02:00,0.08748,0.08606
2024-12-23 08:00:00+02:00,0.08607,0.08565
2024-12-23 10:00:00+02:00,0.08565,0.08603
2024-12-23 12:00:00+02:00,0.08603,0.08545
2024-12-23 14:00:00+02:00,0.08544,0.08453
2024-12-23 16:00:00+02:00,0.08453,0.08355
2024-12-23 18:00:00+02:00,0.08355,0.08543
2024-12-23 20:00:00+02:00,0.08547,0.08652
2024-12-23 22:00:00+02:00,0.08652,0.08975
2024-12-24 00:00:00+02:00,0.08974,0.09042
2024-12-24 02:00:00+02:00,0.09042,0.08891
2024-12-24 04:00:00+02:00,0.08889,0.09007
2024-12-24 06:00:00+02:00,0.09008,0.09142
2024-12-24 08:00:00+02:00,0.09142,0.0904
2024-12-24 10:00:00+02:00,0.0904,0.09042
2024-12-24 12:00:00+02:00,0.0904,0.09148
2024-12-24 14:00:00+02:00,0.09148,0.09421
2024-12-24 16:00:00+02:00,0.09422,0.09483
2024-12-24 18:00:00+02:00,0.09483,0.09411
2024-12-24 20:00:00+02:00,0.09411,0.09314
2024-12-24 22:00:00+02:00,0.09314,0.09405
2024-12-25 00:00:00+02:00,0.09405,0.09435
2024-12-25 02:00:00+02:00,0.09433,0.09483
2024-12-25 04:00:00+02:00,0.09483,0.09396
2024-12-25 06:00:00+02:00,0.09397,0.09428
2024-12-25 08:00:00+02:00,0.09428,0.09265
2024-12-25 10:00:00+02:00,0.09264,0.09318
2024-12-25 12:00:00+02:00,0.09319,0.09229
2024-12-25 14:00:00+02:00,0.0923,0.09348
2024-12-25 16:00:00+02:00,0.09349,0.09231
2024-12-25 18:00:00+02:00,0.0923,0.09265
2024-12-25 20:00:00+02:00,0.09265,0.09292
2024-12-25 22:00:00+02:00,0.09291,0.09153
2024-12-26 00:00:00+02:00,0.09153,0.09203
2024-12-26 02:00:00+02:00,0.09204,0.0908
2024-12-26 04:00:00+02:00,0.0908,0.08977
2024-12-26 06:00:00+02:00,0.08979,0.08884
2024-12-26 08:00:00+02:00,0.08884,0.08806
2024-12-26 10:00:00+02:00,0.08806,0.08653
2024-12-26 12:00:00+02:00,0.08652,0.08653
2024-12-26 14:00:00+02:00,0.08653,0.08564
2024-12-26 16:00:00+02:00,0.08563,0.08521
2024-12-26 18:00:00+02:00,0.0852,0.08452
2024-12-26 20:00:00+02:00,0.08453,0.08495
2024-12-26 22:00:00+02:00,0.08495,0.08478
2024-12-27 00:00:00+02:00,0.08479,0.0852
2024-12-27 02:00:00+02:00,0.0852,0.08569
2024-12-27 04:00:00+02:00,0.08569,0.08602
2024-12-27 06:00:00+02:00,0.08602,0.08563
2024-12-27 08:00:00+02:00,0.08563,0.08524
2024-12-27 10:00:00+02:00,0.08522,0.08936
2024-12-27 12:00:00+02:00,0.08935,0.08977
2024-12-27 14:00:00+02:00,0.08976,0.08801
2024-12-27 16:00:00+02:00,0.088,0.08534
2024-12-27 18:00:00+02:00,0.08533,0.08723
2024-12-27 20:00:00+02:00,0.08723,0.08658
2024-12-27 22:00:00+02:00,0.08659,0.08525
2024-12-28 00:00:00+02:00,0.08523,0.08548
2024-12-28 02:00:00+02:00,0.08549,0.0856
2024-12-28 04:00:00+02:00,0.0856,0.08608
2024-12-28 06:00:00+02:00,0.08607,0.08595
2024-12-28 08:00:00+02:00,0.08595,0.08518
2024-12-28 10:00:00+02:00,0.08516,0.08585
2024-12-28 12:00:00+02:00,0.08586,0.08605
2024-12-28 14:00:00+02:00,0.08606,0.08742
2024-12-28 16:00:00+02:00,0.08742,0.08668
2024-12-28 18:00:00+02:00,0.08668,0.08807
2024-12-28 20:00:00+02:00,0.08806,0.08746
2024-12-28 22:00:00+02:00,0.08748,0.08807
2024-12-29 00:00:00+02:00,0.08807,0.08896
2024-12-29 02:00:00+02:00,0.08897,0.08821
2024-12-29 04:00:00+02:00,0.08822,0.08875
2024-12-29 06:00:00+02:00,0.08874,0.08765
2024-12-29 08:00:00+02:00,0.08766,0.08821
2024-12-29 10:00:00+02:00,0.08819,0.08755
2024-12-29 12:00:00+02:00,0.08754,0.08672
2024-12-29 14:00:00+02:00,0.08672,0.08676
2024-12-29 16:00:00+02:00,0.08676,0.08598
2024-12-29 18:00:00+02:00,0.08598,0.08516
2024-12-29 20:00:00+02:00,0.08515,0.08502
2024-12-29 22:00:00+02:00,0.08501,0.08429
2024-12-30 00:00:00+02:00,0.08428,0.08382
2024-12-30 02:00:00+02:00,0.08382,0.08623
2024-12-30 04:00:00+02:00,0.08623,0.08597
2024-12-30 06:00:00+02:00,0.08596,0.08558
2024-12-30 08:00:00+02:00,0.0856,0.08538
2024-12-30 10:00:00+02:00,0.08539,0.0851
2024-12-30 12:00:00+02:00,0.0851,0.08472
2024-12-30 14:00:00+02:00,0.08471,0.08247
2024-12-30 16:00:00+02:00,0.08247,0.08207
2024-12-30 18:00:00+02:00,0.08207,0.08444
2024-12-30 20:00:00+02:00,0.08443,0.08596
2024-12-30 22:00:00+02:00,0.08597,0.08319
2024-12-31 00:00:00+02:00,0.08319,0.08404
2024-12-31 02:00:00+02:00,0.08404,0.08226
2024-12-31 04:00:00+02:00,0.08227,0.0813
2024-12-31 06:00:00+02:00,0.0813,0.08123
2024-12-31 08:00:00+02:00,0.0812,0.08111
2024-12-31 10:00:00+02:00,0.08112,0.08248
2024-12-31 12:00:00+02:00,0.08248,0.08269
2024-12-31 14:00:00+02:00,0.08269,0.08437
2024-12-31 16:00:00+02:00,0.08436,0.08466
2024-12-31 18:00:00+02:00,0.08466,0.08294
2024-12-31 20:00:00+02:00,0.08295,0.08255
2024-12-31 22:00:00+02:00,0.08254,0.0829
2025-01-01 00:00:00+02:00,0.08291,0.0819
2025-01-01 02:00:00+02:00,0.08191,0.08237
2025-01-01 04:00:00+02:00,0.08237,0.08218
2025-01-01 06:00:00+02:00,0.08218,0.08232
2025-01-01 08:00:00+02:00,0.08232,0.08246
2025-01-01 10:00:00+02:00,0.08246,0.08111
2025-01-01 12:00:00+02:00,0.08114,0.08205
2025-01-01 14:00:00+02:00,0.08204,0.08291
2025-01-01 16:00:00+02:00,0.0829,0.08432
2025-01-01 18:00:00+02:00,0.08431,0.08431
2025-01-01 20:00:00+02:00,0.08432,0.08575
2025-01-01 22:00:00+02:00,0.08574,0.086
2025-01-02 00:00:00+02:00,0.086,0.08615
2025-01-02 02:00:00+02:00,0.08615,0.0869
2025-01-02 04:00:00+02:00,0.08691,0.08754
2025-01-02 06:00:00+02:00,0.08755,0.0871
2025-01-02 08:00:00+02:00,0.08711,0.08746
2025-01-02 10:00:00+02:00,0.08745,0.08868
2025-01-02 12:00:00+02:00,0.08869,0.0887
2025-01-02 14:00:00+02:00,0.0887,0.08848
2025-01-02 16:00:00+02:00,0.08848,0.08827
2025-01-02 18:00:00+02:00,0.08827,0.08803
2025-01-02 20:00:00+02:00,0.08804,0.08777
2025-01-02 22:00:00+02:00,0.08777,0.08766
2025-01-03 00:00:00+02:00,0.08766,0.08782
2025-01-03 02:00:00+02:00,0.08782,0.08759
2025-01-03 04:00:00+02:00,0.08759,0.08858
2025-01-03 06:00:00+02:00,0.08857,0.0874
2025-01-03 08:00:00+02:00,0.08741,0.087
2025-01-03 10:00:00+02:00,0.08701,0.08897
2025-01-03 12:00:00+02:00,0.08898,0.09087
2025-01-03 14:00:00+02:00,0.09088,0.09047
2025-01-03 16:00:00+02:00,0.09047,0.09275
2025-01-03 18:00:00+02:00,0.09276,0.09311
2025-01-03 20:00:00+02:00,0.09313,0.09337
2025-01-03 22:00:00+02:00,0.09336,0.09301
2025-01-04 00:00:00+02:00,0.09301,0.09343
2025-01-04 02:00:00+02:00,0.09343,0.09357
2025-01-04 04:00:00+02:00,0.09358,0.09366
2025-01-04 06:00:00+02:00,0.09365,0.09329
2025-01-04 08:00:00+02:00,0.09329,0.0939
2025-01-04 10:00:00+02:00,0.0939,0.09246
2025-01-04 12:00:00+02:00,0.09246,0.09221
2025-01-04 14:00:00+02:00,0.09222,0.09366
2025-01-04 16:00:00+02:00,0.09366,0.0916
2025-01-04 18:00:00+02:00,0.0916,0.09229
2025-01-04 20:00:00+02:00,0.0923,0.09173
2025-01-04 22:00:00+02:00,0.09172,0.09182
2025-01-05 00:00:00+02:00,0.09184,0.09196
2025-01-05 02:00:00+02:00,0.09197,0.09114
2025-01-05 04:00:00+02:00,0.09113,0.09116
2025-01-05 06:00:00+02:00,0.09116,0.09139
2025-01-05 08:00:00+02:00,0.09139,0.09271
2025-01-05 10:00:00+02:00,0.09272,0.09176
2025-01-05 12:00:00+02:00,0.09177,0.09132
2025-01-05 14:00:00+02:00,0.09131,0.09157
2025-01-05 16:00:00+02:00,0.09158,0.09164
2025-01-05 18:00:00+02:00,0.09164,0.09132
2025-01-05 20:00:00+02:00,0.09132,0.09206
2025-01-05 22:00:00+02:00,0.09206,0.09219
2025-01-06 00:00:00+02:00,0.09219,0.09257
2025-01-06 02:00:00+02:00,0.09259,0.09286
2025-01-06 04:00:00+02:00,0.09285,0.09409
2025-01-06 06:00:00+02:00,0.09409,0.09351
2025-01-06 08:00:00+02:00,0.09352,0.09323
2025-01-06 10:00:00+02:00,0.09323,0.09318
2025-01-06 12:00:00+02:00,0.09317,0.09461
2025-01-06 14:00:00+02:00,0.09461,0.09523
2025-01-06 16:00:00+02:00,0.09523,0.09622
2025-01-06 18:00:00+02:00,0.09623,0.09563
2025-01-06 20:00:00+02:00,0.09563,0.09578
2025-01-06 22:00:00+02:00,0.09578,0.09454
2025-01-07 00:00:00+02:00,0.09455,0.09526
2025-01-07 02:00:00+02:00,0.09525,0.09524
2025-01-07 04:00:00+02:00,0.09525,0.0942
2025-01-07 06:00:00+02:00,0.0942,0.094
2025-01-07 08:00:00+02:00,0.094,0.09373
2025-01-07 10:00:00+02:00,0.09374,0.09391
2025-01-07 12:00:00+02:00,0.09391,0.09286
2025-01-07 14:00:00+02:00,0.09287,0.09304
2025-01-07 16:00:00+02:00,0.09304,0.08792
2025-01-07 18:00:00+02:00,0.08791,0.08688
2025-01-07 20:00:00+02:00,0.0869,0.08577
2025-01-07 22:00:00+02:00,0.08578,0.08486
2025-01-08 00:00:00+02:00,0.08484,0.08452
2025-01-08 02:00:00+02:00,0.08453,0.08469
2025-01-08 04:00:00+02:00,0.08468,0.08407
2025-01-08 06:00:00+02:00,0.08407,0.08308
2025-01-08 08:00:00+02:00,0.08309,0.082
2025-01-08 10:00:00+02:00,0.08198,0.08231
2025-01-08 12:00:00+02:00,0.08232,0.08218
2025-01-08 14:00:00+02:00,0.08219,0.08267
2025-01-08 16:00:00+02:00,0.08267,0.08406
2025-01-08 18:00:00+02:00,0.08407,0.08104
2025-01-08 20:00:00+02:00,0.08103,0.0811
2025-01-08 22:00:00+02:00,0.08108,0.08117
2025-01-09 00:00:00+02:00,0.08116,0.08226
2025-01-09 02:00:00+02:00,0.08224,0.08304
2025-01-09 04:00:00+02:00,0.08305,0.0835
2025-01-09 06:00:00+02:00,0.08349,0.08289
2025-01-09 08:00:00+02:00,0.08288,0.08075
2025-01-09 10:00:00+02:00,0.08076,0.08241
2025-01-09 12:00:00+02:00,0.08242,0.08427
2025-01-09 14:00:00+02:00,0.08427,0.08137
2025-01-09 16:00:00+02:00,0.08134,0.08353
2025-01-09 18:00:00+02:00,0.08352,0.08218
2025-01-09 20:00:00+02:00,0.08219,0.08097
2025-01-09 22:00:00+02:00,0.08096,0.08052
2025-01-10 00:00:00+02:00,0.0805,0.08264
2025-01-10 02:00:00+02:00,0.08264,0.08174
2025-01-10 04:00:00+02:00,0.08175,0.08214
2025-01-10 06:00:00+02:00,0.08216,0.08204
2025-01-10 08:00:00+02:00,0.08201,0.08303
2025-01-10 10:00:00+02:00,0.08301,0.08297
2025-01-10 12:00:00+02:00,0.08295,0.08373
2025-01-10 14:00:00+02:00,0.08373,0.08169
2025-01-10 16:00:00+02:00,0.08169,0.0819
2025-01-10 18:00:00+02:00,0.08191,0.08363
2025-01-10 20:00:00+02:00,0.08363,0.08429
2025-01-10 22:00:00+02:00,0.08429,0.08346
2025-01-11 00:00:00+02:00,0.08347,0.08365
2025-01-11 02:00:00+02:00,0.08365,0.08288
2025-01-11 04:00:00+02:00,0.08289,0.08247
2025-01-11 06:00:00+02:00,0.08247,0.08303
2025-01-11 08:00:00+02:00,0.08303,0.08236
2025-01-11 10:00:00+02:00,0.08236,0.08227
2025-01-11 12:00:00+02:00,0.08227,0.08278
2025-01-11 14:00:00+02:00,0.08278,0.08204
2025-01-11 16:00:00+02:00,0.08202,0.08189
2025-01-11 18:00:00+02:00,0.08189,0.08168
2025-01-11 20:00:00+02:00,0.08169,0.08219
2025-01-11 22:00:00+02:00,0.08218,0.08484
2025-01-12 00:00:00+02:00,0.08485,0.08344
2025-01-12 02:00:00+02:00,0.08345,0.08374
2025-01-12 04:00:00+02:00,0.08374,0.08338
2025-01-12 06:00:00+02:00,0.08339,0.08329
2025-01-12 08:00:00+02:00,0.08328,0.08252
2025-01-12 10:00:00+02:00,0.08251,0.08149
2025-01-12 12:00:00+02:00,0.08149,0.08181
2025-01-12 14:00:00+02:00,0.08181,0.08185
2025-01-12 16:00:00+02:00,0.08186,0.08247
2025-01-12 18:00:00+02:00,0.08245,0.08233
2025-01-12 20:00:00+02:00,0.08232,0.08198
2025-01-12 22:00:00+02:00,0.08198,0.08102
2025-01-13 00:00:00+02:00,0.08102,0.08109
2025-01-13 02:00:00+02:00,0.08109,0.08116
2025-01-13 04:00:00+02:00,0.08116,0.07889
2025-01-13 06:00:00+02:00,0.07888,0.07883
2025-01-13 08:00:00+02:00,0.07884,0.07833
2025-01-13 10:00:00+02:00,0.07832,0.07637
2025-01-13 12:00:00+02:00,0.07639,0.07411
2025-01-13 14:00:00+02:00,0.07412,0.07462
2025-01-13 16:00:00+02:00,0.07462,0.07702
2025-01-13 18:00:00+02:00,0.07704,0.07532
2025-01-13 20:00:00+02:00,0.07531,0.07548
2025-01-13 22:00:00+02:00,0.07548,0.07846
2025-01-14 00:00:00+02:00,0.07846,0.07879
2025-01-14 02:00:00+02:00,0.07879,0.07821
2025-01-14 04:00:00+02:00,0.07821,0.07845
2025-01-14 06:00:00+02:00,0.07847,0.07838
2025-01-14 08:00:00+02:00,0.07839,0.07827
2025-01-14 10:00:00+02:00,0.07827,0.08027
2025-01-14 12:00:00+02:00,0.08027,0.08006
2025-01-14 14:00:00+02:00,0.08006,0.08007
2025-01-14 16:00:00+02:00,0.08006,0.07992
2025-01-14 18:00:00+02:00,0.07992,0.08091
2025-01-14 20:00:00+02:00,0.08091,0.08059
2025-01-14 22:00:00+02:00,0.08058,0.08085
2025-01-15 00:00:00+02:00,0.08085,0.08108
2025-01-15 02:00:00+02:00,0.08109,0.081
2025-01-15 04:00:00+02:00,0.081,0.08136
2025-01-15 06:00:00+02:00,0.08137,0.08176
2025-01-15 08:00:00+02:00,0.08176,0.0824
2025-01-15 10:00:00+02:00,0.08241,0.08085
2025-01-15 12:00:00+02:00,0.08085,0.08024
2025-01-15 14:00:00+02:00,0.08022,0.08337
2025-01-15 16:00:00+02:00,0.08336,0.08478
2025-01-15 18:00:00+02:00,0.08479,0.08401
2025-01-15 20:00:00+02:00,0.08402,0.08569
2025-01-15 22:00:00+02:00,0.0857,0.0862
2025-01-16 00:00:00+02:00,0.08621,0.08697
2025-01-16 02:00:00+02:00,0.08697,0.08645
2025-01-16 04:00:00+02:00,0.08644,0.08622
2025-01-16 06:00:00+02:00,0.08622,0.08574
2025-01-16 08:00:00+02:00,0.08573,0.08551
2025-01-16 10:00:00+02:00,0.0855,0.08458
2025-01-16 12:00:00+02:00,0.08458,0.08557
2025-01-16 14:00:00+02:00,0.08555,0.08601
2025-01-16 16:00:00+02:00,0.08601,0.08609
2025-01-16 18:00:00+02:00,0.08608,0.08671
2025-01-16 20:00:00+02:00,0.08672,0.08711
2025-01-16 22:00:00+02:00,0.08713,0.08582
2025-01-17 00:00:00+02:00,0.08582,0.08493
2025-01-17 02:00:00+02:00,0.08493,0.08687
2025-01-17 04:00:00+02:00,0.08688,0.0871
2025-01-17 06:00:00+02:00,0.0871,0.08804
2025-01-17 08:00:00+02:00,0.08803,0.08779
2025-01-17 10:00:00+02:00,0.08779,0.08817
2025-01-17 12:00:00+02:00,0.08816,0.08895
2025-01-17 14:00:00+02:00,0.08895,0.08831
2025-01-17 16:00:00+02:00,0.08833,0.08882
2025-01-17 18:00:00+02:00,0.08883,0.08847
2025-01-17 20:00:00+02:00,0.08847,0.08849
2025-01-17 22:00:00+02:00,0.0885,0.0902
2025-01-18 00:00:00+02:00,0.0902,0.08964
2025-01-18 02:00:00+02:00,0.08965,0.08885
2025-01-18 04:00:00+02:00,0.08884,0.08669
2025-01-18 06:00:00+02:00,0.08666,0.08367
2025-01-18 08:00:00+02:00,0.08366,0.08364
2025-01-18 10:00:00+02:00,0.08363,0.0837
2025-01-18 12:00:00+02:00,0.08371,0.08428
2025-01-18 14:00:00+02:00,0.08429,0.08481
2025-01-18 16:00:00+02:00,0.08481,0.08336
2025-01-18 18:00:00+02:00,0.08337,0.08219
2025-01-18 20:00:00+02:00,0.08217,0.08325
2025-01-18 22:00:00+02:00,0.08325,0.08227
2025-01-19 00:00:00+02:00,0.08226,0.08323
2025-01-19 02:00:00+02:00,0.08322,0.08501
2025-01-19 04:00:00+02:00,0.08501,0.08389
2025-01-19 06:00:00+02:00,0.08389,0.08288
2025-01-19 08:00:00+02:00,0.08288,0.08139
2025-01-19 10:00:00+02:00,0.08138,0.07948
2025-01-19 12:00:00+02:00,0.07948,0.07682
2025-01-19 14:00:00+02:00,0.07683,0.08041
2025-01-19 16:00:00+02:00,0.08039,0.08207
2025-01-19 18:00:00+02:00,0.08207,0.08327
2025-01-19 20:00:00+02:00,0.08328,0.08378
2025-01-19 22:00:00+02:00,0.08378,0.07832
2025-01-20 00:00:00+02:00,0.07833,0.076
2025-01-20 02:00:00+02:00,0.076,0.07385
2025-01-20 04:00:00+02:00,0.07383,0.07602
2025-01-20 06:00:00+02:00,0.07602,0.07637
2025-01-20 08:00:00+02:00,0.07637,0.08107
2025-01-20 10:00:00+02:00,0.08107,0.0803
2025-01-20 12:00:00+02:00,0.08031,0.0803
2025-01-20 14:00:00+02:00,0.0803,0.07865
2025-01-20 16:00:00+02:00,0.07865,0.07776
2025-01-20 18:00:00+02:00,0.07779,0.0757
2025-01-20 20:00:00+02:00,0.07571,0.07709
2025-01-20 22:00:00+02:00,0.07708,0.07569
2025-01-21 00:00:00+02:00,0.0757,0.07653
2025-01-21 02:00:00+02:00,0.0765,0.07447
2025-01-21 04:00:00+02:00,0.07447,0.07408
2025-01-21 06:00:00+02:00,0.07408,0.07302
2025-01-21 08:00:00+02:00,0.07303,0.07421
2025-01-21 10:00:00+02:00,0.07423,0.07472
2025-01-21 12:00:00+02:00,0.07472,0.07601
2025-01-21 14:00:00+02:00,0.07604,0.07648
2025-01-21 16:00:00+02:00,0.07649,0.07687
2025-01-21 18:00:00+02:00,0.07687,0.07912
2025-01-21 20:00:00+02:00,0.07912,0.07858
2025-01-21 22:00:00+02:00,0.07856,0.07855
2025-01-22 00:00:00+02:00,0.07855,0.07791
2025-01-22 02:00:00+02:00,0.07791,0.0774
2025-01-22 04:00:00+02:00,0.07737,0.07796
2025-01-22 06:00:00+02:00,0.07797,0.07783
2025-01-22 08:00:00+02:00,0.07784,0.07782
2025-01-22 10:00:00+02:00,0.07783,0.07774
2025-01-22 12:00:00+02:00,0.07774,0.07855
2025-01-22 14:00:00+02:00,0.07856,0.07701
2025-01-22 16:00:00+02:00,0.07701,0.07692
2025-01-22 18:00:00+02:00,0.07692,0.07783
2025-01-22 20:00:00+02:00,0.07783,0.07704
2025-01-22 22:00:00+02:00,0.07704,0.07672
2025-01-23 00:00:00+02:00,0.0767,0.07615
2025-01-23 02:00:00+02:00,0.07616,0.07513
2025-01-23 04:00:00+02:00,0.07515,0.07495
2025-01-23 06:00:00+02:00,0.07496,0.07461
2025-01-23 08:00:00+02:00,0.0746,0.07529
2025-01-23 10:00:00+02:00,0.0753,0.07418
2025-01-23 12:00:00+02:00,0.07419,0.07414
2025-01-23 14:00:00+02:00,0.07414,0.07418
2025-01-23 16:00:00+02:00,0.07418,0.07542
2025-01-23 18:00:00+02:00,0.07543,0.07579
2025-01-23 20:00:00+02:00,0.0758,0.07323
2025-01-23 22:00:00+02:00,0.07323,0.07341
2025-01-24 00:00:00+02:00,0.07341,0.07549
2025-01-24 02:00:00+02:00,0.0755,0.07329
2025-01-24 04:00:00+02:00,0.07332,0.07322
2025-01-24 06:00:00+02:00,0.07321,0.07561
2025-01-24 08:00:00+02:00,0.07563,0.0748
2025-01-24 10:00:00+02:00,0.0748,0.07526
2025-01-24 12:00:00+02:00,0.07525,0.0756
2025-01-24 14:00:00+02:00,0.0756,0.07598
2025-01-24 16:00:00+02:00,0.07599,0.07537
2025-01-24 18:00:00+02:00,0.07536,0.07508
2025-01-24 20:00:00+02:00,0.07508,0.07437
2025-01-24 22:00:00+02:00,0.07439,0.0734
2025-01-25 00:00:00+02:00,0.07339,0.073
2025-01-25 02:00:00+02:00,0.07301,0.0729
2025-01-25 04:00:00+02:00,0.0729,0.07391
2025-01-25 06:00:00+02:00,0.0739,0.07349
2025-01-25 08:00:00+02:00,0.07348,0.07295
2025-01-25 10:00:00+02:00,0.07295,0.0729
2025-01-25 12:00:00+02:00,0.07289,0.07334
2025-01-25 14:00:00+02:00,0.07334,0.0734
2025-01-25 16:00:00+02:00,0.07341,0.07389
2025-01-25 18:00:00+02:00,0.07387,0.07364
2025-01-25 20:00:00+02:00,0.07365,0.07368
2025-01-25 22:00:00+02:00,0.07368,0.07388
2025-01-26 00:00:00+02:00,0.0739,0.07373
2025-01-26 02:00:00+02:00,0.07374,0.07457
2025-01-26 04:00:00+02:00,0.07457,0.07518
2025-01-26 06:00:00+02:00,0.07517,0.07585
2025-01-26 08:00:00+02:00,0.07584,0.07585
2025-01-26 10:00:00+02:00,0.07585,0.07476
2025-01-26 12:00:00+02:00,0.07476,0.07578
2025-01-26 14:00:00+02:00,0.07577,0.0758
2025-01-26 16:00:00+02:00,0.0758,0.07537
2025-01-26 18:00:00+02:00,0.07537,0.07543
2025-01-26 20:00:00+02:00,0.07543,0.0754
2025-01-26 22:00:00+02:00,0.07541,0.07415
2025-01-27 00:00:00+02:00,0.07415,0.07187
2025-01-27 02:00:00+02:00,0.07186,0.06942
2025-01-27 04:00:00+02:00,0.06941,0.06905
2025-01-27 06:00:00+02:00,0.06906,0.06806
2025-01-27 08:00:00+02:00,0.06805,0.0662
2025-01-27 10:00:00+02:00,0.06621,0.06626
2025-01-27 12:00:00+02:00,0.06627,0.06527
2025-01-27 14:00:00+02:00,0.06526,0.06709
2025-01-27 16:00:00+02:00,0.0671,0.06863
2025-01-27 18:00:00+02:00,0.06863,0.06735
2025-01-27 20:00:00+02:00,0.06735,0.06761
2025-01-27 22:00:00+02:00,0.06761,0.06956
2025-01-28 00:00:00+02:00,0.06959,0.06986
2025-01-28 02:00:00+02:00,0.06985,0.0692
2025-01-28 04:00:00+02:00,0.0692,0.06993
2025-01-28 06:00:00+02:00,0.06992,0.07038
2025-01-28 08:00:00+02:00,0.07039,0.07
2025-01-28 10:00:00+02:00,0.07,0.0695
2025-01-28 12:00:00+02:00,0.06949,0.06935
2025-01-28 14:00:00+02:00,0.06935,0.0685
2025-01-28 16:00:00+02:00,0.0685,0.06839
2025-01-28 18:00:00+02:00,0.06839,0.06727
2025-01-28 20:00:00+02:00,0.06726,0.06684
2025-01-28 22:00:00+02:00,0.06684,0.06457
2025-01-29 00:00:00+02:00,0.06457,0.06382
2025-01-29 02:00:00+02:00,0.06383,0.06485
2025-01-29 04:00:00+02:00,0.06485,0.0653
2025-01-29 06:00:00+02:00,0.06531,0.06564
2025-01-29 08:00:00+02:00,0.06564,0.06653
2025-01-29 10:00:00+02:00,0.06652,0.06557
2025-01-29 12:00:00+02:00,0.06558,0.06546
2025-01-29 14:00:00+02:00,0.06545,0.06437
2025-01-29 16:00:00+02:00,0.06437,0.06428
2025-01-29 18:00:00+02:00,0.06427,0.06479
2025-01-29 20:00:00+02:00,0.0648,0.06604
2025-01-29 22:00:00+02:00,0.06603,0.06677
2025-01-30 00:00:00+02:00,0.06676,0.06538
2025-01-30 02:00:00+02:00,0.06537,0.06614
2025-01-30 04:00:00+02:00,0.06615,0.06747
2025-01-30 06:00:00+02:00,0.06746,0.06752
2025-01-30 08:00:00+02:00,0.06753,0.06768
2025-01-30 10:00:00+02:00,0.06769,0.06854
2025-01-30 12:00:00+02:00,0.06854,0.07183
2025-01-30 14:00:00+02:00,0.07181,0.07212
2025-01-30 16:00:00+02:00,0.07211,0.07254
2025-01-30 18:00:00+02:00,0.07255,0.07383
2025-01-30 20:00:00+02:00,0.07383,0.07373
2025-01-30 22:00:00+02:00,0.07374,0.07314
2025-01-31 00:00:00+02:00,0.07314,0.07238
2025-01-31 02:00:00+02:00,0.07238,0.07257
2025-01-31 04:00:00+02:00,0.07257,0.07156
2025-01-31 06:00:00+02:00,0.07155,0.07194
2025-01-31 08:00:00+02:00,0.07194,0.07262
2025-01-31 10:00:00+02:00,0.07261,0.07264
2025-01-31 12:00:00+02:00,0.07264,0.07352
2025-01-31 14:00:00+02:00,0.07352,0.07376
2025-01-31 16:00:00+02:00,0.07377,0.07486
2025-01-31 18:00:00+02:00,0.07486,0.07347
2025-01-31 20:00:00+02:00,0.07347,0.07198
2025-01-31 22:00:00+02:00,0.07197,0.07184
2025-02-01 00:00:00+02:00,0.07183,0.07189
2025-02-01 02:00:00+02:00,0.07189,0.07199
2025-02-01 04:00:00+02:00,0.07197,0.07224
2025-02-01 06:00:00+02:00,0.07225,0.07335
2025-02-01 08:00:00+02:00,0.07333,0.07195
2025-02-01 10:00:00+02:00,0.07195,0.07076
2025-02-01 12:00:00+02:00,0.07076,0.07153
2025-02-01 14:00:00+02:00,0.07153,0.07044
2025-02-01 16:00:00+02:00,0.07045,0.07047
2025-02-01 18:00:00+02:00,0.07047,0.06996
2025-02-01 20:00:00+02:00,0.06997,0.06791
2025-02-01 22:00:00+02:00,0.06791,0.06696
2025-02-02 00:00:00+02:00,0.06696,0.06614
2025-02-02 02:00:00+02:00,0.06614,0.06719
2025-02-02 04:00:00+02:00,0.0672,0.06402
2025-02-02 06:00:00+02:00,0.06404,0.06517
2025-02-02 08:00:00+02:00,0.06517,0.06453
2025-02-02 10:00:00+02:00,0.06453,0.06489
2025-02-02 12:00:00+02:00,0.06489,0.06334
2025-02-02 14:00:00+02:00,0.06334,0.06475
2025-02-02 16:00:00+02:00,0.06475,0.06388
2025-02-02 18:00:00+02:00,0.06388,0.05947
2025-02-02 20:00:00+02:00,0.05949,0.0597
2025-02-02 22:00:00+02:00,0.05969,0.05798
2025-02-03 00:00:00+02:00,0.058,0.05771
2025-02-03 02:00:00+02:00,0.05772,0.04904
2025-02-03 04:00:00+02:00,0.04905,0.05112
2025-02-03 06:00:00+02:00,0.05113,0.05198
2025-02-03 08:00:00+02:00,0.05198,0.05567
2025-02-03 10:00:00+02:00,0.05566,0.05402
2025-02-03 12:00:00+02:00,0.05402,0.05591
2025-02-03 14:00:00+02:00,0.05592,0.05537
2025-02-03 16:00:00+02:00,0.05539,0.05945
2025-02-03 18:00:00+02:00,0.05944,0.05983
2025-02-03 20:00:00+02:00,0.05981,0.06121
2025-02-03 22:00:00+02:00,0.0612,0.06225
2025-02-04 00:00:00+02:00,0.06226,0.06241
2025-02-04 02:00:00+02:00,0.0624,0.06164
2025-02-04 04:00:00+02:00,0.06165,0.06061
2025-02-04 06:00:00+02:00,0.06061,0.05709
2025-02-04 08:00:00+02:00,0.0571,0.05611
2025-02-04 10:00:00+02:00,0.0561,0.05644
2025-02-04 12:00:00+02:00,0.05643,0.05843
2025-02-04 14:00:00+02:00,0.05844,0.05888
2025-02-04 16:00:00+02:00,0.05888,0.05929
2025-02-04 18:00:00+02:00,0.05929,0.05924
2025-02-04 20:00:00+02:00,0.05923,0.05825
2025-02-04 22:00:00+02:00,0.05826,0.05639
2025-02-05 00:00:00+02:00,0.05638,0.05814
2025-02-05 02:00:00+02:00,0.05815,0.05732
2025-02-05 04:00:00+02:00,0.05733,0.058
2025-02-05 06:00:00+02:00,0.058,0.05857
2025-02-05 08:00:00+02:00,0.05856,0.0583
2025-02-05 10:00:00+02:00,0.05829,0.0579
2025-02-05 12:00:00+02:00,0.05789,0.0588
2025-02-05 14:00:00+02:00,0.05881,0.05887
2025-02-05 16:00:00+02:00,0.05887,0.05832
2025-02-05 18:00:00+02:00,0.05831,0.05619
2025-02-05 20:00:00+02:00,0.0562,0.05746
2025-02-05 22:00:00+02:00,0.05746,0.05655
2025-02-06 00:00:00+02:00,0.05655,0.05632
2025-02-06 02:00:00+02:00,0.05631,0.05672
2025-02-06 04:00:00+02:00,0.05671,0.05739
2025-02-06 06:00:00+02:00,0.05739,0.05739
2025-02-06 08:00:00+02:00,0.0574,0.05731
2025-02-06 10:00:00+02:00,0.05732,0.05726
2025-02-06 12:00:00+02:00,0.05725,0.05686
2025-02-06 14:00:00+02:00,0.05686,0.05649
2025-02-06 16:00:00+02:00,0.05649,0.05426
2025-02-06 18:00:00+02:00,0.05425,0.05474
2025-02-06 20:00:00+02:00,0.05475,0.05397
2025-02-06 22:00:00+02:00,0.05397,0.05456
2025-02-07 00:00:00+02:00,0.05456,0.05409
2025-02-07 02:00:00+02:00,0.05409,0.0553
2025-02-07 04:00:00+02:00,0.05529,0.05516
2025-02-07 06:00:00+02:00,0.05517,0.0548
2025-02-07 08:00:00+02:00,0.05481,0.05473
2025-02-07 10:00:00+02:00,0.05473,0.05582
2025-02-07 12:00:00+02:00,0.05581,0.05655
2025-02-07 14:00:00+02:00,0.05654,0.05744
2025-02-07 16:00:00+02:00,0.05744,0.05729
2025-02-07 18:00:00+02:00,0.0573,0.05629
2025-02-07 20:00:00+02:00,0.0563,0.05645
2025-02-07 22:00:00+02:00,0.05645,0.05439
2025-02-08 00:00:00+02:00,0.0544,0.05522
2025-02-08 02:00:00+02:00,0.05522,0.05477
2025-02-08 04:00:00+02:00,0.05477,0.05496
2025-02-08 06:00:00+02:00,0.05496,0.05487
2025-02-08 08:00:00+02:00,0.05488,0.05532
2025-02-08 10:00:00+02:00,0.05531,0.05499
2025-02-08 12:00:00+02:00,0.05498,0.055
2025-02-08 14:00:00+02:00,0.05499,0.05549
2025-02-08 16:00:00+02:00,0.05548,0.05587
2025-02-08 18:00:00+02:00,0.05587,0.05689
2025-02-08 20:00:00+02:00,0.05691,0.05756
2025-02-08 22:00:00+02:00,0.05757,0.05806
2025-02-09 00:00:00+02:00,0.05806,0.05809
2025-02-09 02:00:00+02:00,0.05809,0.05854
2025-02-09 04:00:00+02:00,0.05854,0.05969
2025-02-09 06:00:00+02:00,0.05969,0.05925
2025-02-09 08:00:00+02:00,0.05926,0.06038
2025-02-09 10:00:00+02:00,0.06038,0.0596
2025-02-09 12:00:00+02:00,0.05959,0.05947
2025-02-09 14:00:00+02:00,0.05946,0.05806
2025-02-09 16:00:00+02:00,0.05806,0.05872
2025-02-09 18:00:00+02:00,0.05871,0.05835
2025-02-09 20:00:00+02:00,0.05835,0.0579
2025-02-09 22:00:00+02:00,0.0579,0.05621
2025-02-10 00:00:00+02:00,0.05622,0.05797
2025-02-10 02:00:00+02:00,0.05796,0.05656
2025-02-10 04:00:00+02:00,0.05655,0.05763
2025-02-10 06:00:00+02:00,0.05763,0.05862
2025-02-10 08:00:00+02:00,0.05863,0.05882
2025-02-10 10:00:00+02:00,0.05881,0.05889
2025-02-10 12:00:00+02:00,0.05889,0.05888
2025-02-10 14:00:00+02:00,0.05888,0.05994
2025-02-10 16:00:00+02:00,0.05996,0.05943
2025-02-10 18:00:00+02:00,0.05944,0.05973
2025-02-10 20:00:00+02:00,0.05972,0.05917
2025-02-10 22:00:00+02:00,0.05917,0.05938
2025-02-11 00:00:00+02:00,0.05938,0.05954
2025-02-11 02:00:00+02:00,0.05954,0.06016
2025-02-11 04:00:00+02:00,0.06015,0.05996
2025-02-11 06:00:00+02:00,0.05995,0.06195
2025-02-11 08:00:00+02:00,0.06196,0.0617
2025-02-11 10:00:00+02:00,0.06171,0.06119
2025-02-11 12:00:00+02:00,0.06118,0.06125
2025-02-11 14:00:00+02:00,0.06126,0.05887
2025-02-11 16:00:00+02:00,0.05889,0.05935
2025-02-11 18:00:00+02:00,0.05934,0.05879
2025-02-11 20:00:00+02:00,0.05878,0.05732
2025-02-11 22:00:00+02:00,0.05733,0.05838
2025-02-12 00:00:00+02:00,0.05838,0.0581
2025-02-12 02:00:00+02:00,0.05809,0.05994
2025-02-12 04:00:00+02:00,0.05993,0.05925
2025-02-12 06:00:00+02:00,0.05926,0.05988
2025-02-12 08:00:00+02:00,0.05988,0.05943
2025-02-12 10:00:00+02:00,0.05944,0.05968
2025-02-12 12:00:00+02:00,0.05967,0.06008
2025-02-12 14:00:00+02:00,0.06008,0.05992
2025-02-12 16:00:00+02:00,0.05992,0.06146
2025-02-12 18:00:00+02:00,0.06148,0.06324
2025-02-12 20:00:00+02:00,0.06324,0.06372
2025-02-12 22:00:00+02:00,0.06373,0.06371
2025-02-13 00:00:00+02:00,0.06372,0.064
2025-02-13 02:00:00+02:00,0.06401,0.06483
2025-02-13 04:00:00+02:00,0.06482,0.06432
2025-02-13 06:00:00+02:00,0.06433,0.06346
2025-02-13 08:00:00+02:00,0.06347,0.06228
2025-02-13 10:00:00+02:00,0.06228,0.06149
2025-02-13 12:00:00+02:00,0.06148,0.06146
2025-02-13 14:00:00+02:00,0.06147,0.06144
2025-02-13 16:00:00+02:00,0.06144,0.06115
2025-02-13 18:00:00+02:00,0.06114,0.06036
2025-02-13 20:00:00+02:00,0.06037,0.06047
2025-02-13 22:00:00+02:00,0.06047,0.06092
2025-02-14 00:00:00+02:00,0.06091,0.06068
2025-02-14 02:00:00+02:00,0.06069,0.06054
2025-02-14 04:00:00+02:00,0.06052,0.0616
2025-02-14 06:00:00+02:00,0.0616,0.0609
2025-02-14 08:00:00+02:00,0.0609,0.06083
2025-02-14 10:00:00+02:00,0.06083,0.06234
2025-02-14 12:00:00+02:00,0.06234,0.0616
2025-02-14 14:00:00+02:00,0.0616,0.06203
2025-02-14 16:00:00+02:00,0.06201,0.06259
2025-02-14 18:00:00+02:00,0.06259,0.06399
2025-02-14 20:00:00+02:00,0.06399,0.06282
2025-02-14 22:00:00+02:00,0.06282,0.06269
2025-02-15 00:00:00+02:00,0.06269,0.06167
2025-02-15 02:00:00+02:00,0.06166,0.06139
2025-02-15 04:00:00+02:00,0.06138,0.06105
2025-02-15 06:00:00+02:00,0.06105,0.06103
2025-02-15 08:00:00+02:00,0.06104,0.06114
2025-02-15 10:00:00+02:00,0.06115,0.06086
2025-02-15 12:00:00+02:00,0.06085,0.06089
2025-02-15 14:00:00+02:00,0.06089,0.06053
2025-02-15 16:00:00+02:00,0.06052,0.05977
2025-02-15 18:00:00+02:00,0.05977,0.05933
2025-02-15 20:00:00+02:00,0.05933,0.05919
2025-02-15 22:00:00+02:00,0.05919,0.05928
2025-02-16 00:00:00+02:00,0.05928,0.05888
2025-02-16 02:00:00+02:00,0.05887,0.05879
2025-02-16 04:00:00+02:00,0.05877,0.05856
2025-02-16 06:00:00+02:00,0.05855,0.05898
2025-02-16 08:00:00+02:00,0.05897,0.05872
2025-02-16 10:00:00+02:00,0.05873,0.06005
2025-02-16 12:00:00+02:00,0.06004,0.06082
2025-02-16 14:00:00+02:00,0.06082,0.05947
2025-02-16 16:00:00+02:00,0.05947,0.05968
2025-02-16 18:00:00+02:00,0.05968,0.05967
2025-02-16 20:00:00+02:00,0.05966,0.05956
2025-02-16 22:00:00+02:00,0.05955,0.0595
2025-02-17 00:00:00+02:00,0.0595,0.05974
2025-02-17 02:00:00+02:00,0.05975,0.06103
2025-02-17 04:00:00+02:00,0.06103,0.06073
2025-02-17 06:00:00+02:00,0.06073,0.05956
2025-02-17 08:00:00+02:00,0.05957,0.05943
2025-02-17 10:00:00+02:00,0.05943,0.06026
2025-02-17 12:00:00+02:00,0.06027,0.06104
2025-02-17 14:00:00+02:00,0.06103,0.0613
2025-02-17 16:00:00+02:00,0.0613,0.06049
2025-02-17 18:00:00+02:00,0.06049,0.05953
2025-02-17 20:00:00+02:00,0.05952,0.05945
2025-02-17 22:00:00+02:00,0.05944,0.06059
2025-02-18 00:00:00+02:00,0.06059,0.06018
2025-02-18 02:00:00+02:00,0.06018,0.06007
2025-02-18 04:00:00+02:00,0.06008,0.05971
2025-02-18 06:00:00+02:00,0.05971,0.05792
2025-02-18 08:00:00+02:00,0.05792,0.05719
2025-02-18 10:00:00+02:00,0.05719,0.05753
2025-02-18 12:00:00+02:00,0.05753,0.05689
2025-02-18 14:00:00+02:00,0.05689,0.0572
2025-02-18 16:00:00+02:00,0.0572,0.05494
2025-02-18 18:00:00+02:00,0.05494,0.05459
2025-02-18 20:00:00+02:00,0.0546,0.05474
2025-02-18 22:00:00+02:00,0.05475,0.05492
2025-02-19 00:00:00+02:00,0.05492,0.05551
2025-02-19 02:00:00+02:00,0.0555,0.05487
2025-02-19 04:00:00+02:00,0.05487,0.05493
2025-02-19 06:00:00+02:00,0.05492,0.05435
2025-02-19 08:00:00+02:00,0.05433,0.05538
2025-02-19 10:00:00+02:00,0.05538,0.05495
2025-02-19 12:00:00+02:00,0.05495,0.05533
2025-02-19 14:00:00+02:00,0.05533,0.05474
2025-02-19 16:00:00+02:00,0.05474,0.05357
2025-02-19 18:00:00+02:00,0.05358,0.05379
2025-02-19 20:00:00+02:00,0.0538,0.05374
2025-02-19 22:00:00+02:00,0.05373,0.05349
2025-02-20 00:00:00+02:00,0.05349,0.05417
2025-02-20 02:00:00+02:00,0.05417,0.05387
2025-02-20 04:00:00+02:00,0.05387,0.05409
2025-02-20 06:00:00+02:00,0.05408,0.05437
2025-02-20 08:00:00+02:00,0.05438,0.05296
2025-02-20 10:00:00+02:00,0.05296,0.05299
2025-02-20 12:00:00+02:00,0.05299,0.05348
2025-02-20 14:00:00+02:00,0.05349,0.05332
2025-02-20 16:00:00+02:00,0.05332,0.05216
2025-02-20 18:00:00+02:00,0.05217,0.05333
2025-02-20 20:00:00+02:00,0.05332,0.05388
2025-02-20 22:00:00+02:00,0.05386,0.0535
2025-02-21 00:00:00+02:00,0.0535,0.05422
2025-02-21 02:00:00+02:00,0.05421,0.05342
2025-02-21 04:00:00+02:00,0.05342,0.05358
2025-02-21 06:00:00+02:00,0.05358,0.05376
2025-02-21 08:00:00+02:00,0.05376,0.05394
2025-02-21 10:00:00+02:00,0.05393,0.05519
2025-02-21 12:00:00+02:00,0.05519,0.05461
2025-02-21 14:00:00+02:00,0.0546,0.05527
2025-02-21 16:00:00+02:00,0.05526,0.05277
2025-02-21 18:00:00+02:00,0.05278,0.05147
2025-02-21 20:00:00+02:00,0.05148,0.05014
2025-02-21 22:00:00+02:00,0.05013,0.05046
2025-02-22 00:00:00+02:00,0.05045,0.05107
2025-02-22 02:00:00+02:00,0.05107,0.05148
2025-02-22 04:00:00+02:00,0.05149,0.05166
2025-02-22 06:00:00+02:00,0.05165,0.05202
2025-02-22 08:00:00+02:00,0.05202,0.05203
2025-02-22 10:00:00+02:00,0.05203,0.05259
2025-02-22 12:00:00+02:00,0.05259,0.05233
2025-02-22 14:00:00+02:00,0.05234,0.05232
2025-02-22 16:00:00+02:00,0.05232,0.05253
2025-02-22 18:00:00+02:00,0.05252,0.05279
2025-02-22 20:00:00+02:00,0.05278,0.05235
2025-02-22 22:00:00+02:00,0.05235,0.05248
2025-02-23 00:00:00+02:00,0.05248,0.05261
2025-02-23 02:00:00+02:00,0.05262,0.05246
2025-02-23 04:00:00+02:00,0.05244,0.0523
2025-02-23 06:00:00+02:00,0.05229,0.05262
2025-02-23 08:00:00+02:00,0.05261,0.05315
2025-02-23 10:00:00+02:00,0.05314,0.05231
2025-02-23 12:00:00+02:00,0.05231,0.05235
2025-02-23 14:00:00+02:00,0.05236,0.05197
2025-02-23 16:00:00+02:00,0.05198,0.05117
2025-02-23 18:00:00+02:00,0.05117,0.0519
2025-02-23 20:00:00+02:00,0.0519,0.05161
2025-02-23 22:00:00+02:00,0.05161,0.05169
2025-02-24 00:00:00+02:00,0.05168,0.05209
2025-02-24 02:00:00+02:00,0.05209,0.05115
2025-02-24 04:00:00+02:00,0.05115,0.05015
2025-02-24 06:00:00+02:00,0.05016,0.0507
2025-02-24 08:00:00+02:00,0.0507,0.05075
2025-02-24 10:00:00+02:00,0.05076,0.05064
2025-02-24 12:00:00+02:00,0.05064,0.05101
2025-02-24 14:00:00+02:00,0.05101,0.0508
2025-02-24 16:00:00+02:00,0.0508,0.05013
2025-02-24 18:00:00+02:00,0.05013,0.05021
2025-02-24 20:00:00+02:00,0.05021,0.04954
2025-02-24 22:00:00+02:00,0.04955,0.04948
2025-02-25 00:00:00+02:00,0.04947,0.04754
2025-02-25 02:00:00+02:00,0.04755,0.04718
2025-02-25 04:00:00+02:00,0.04717,0.04733
2025-02-25 06:00:00+02:00,0.04734,0.04778
2025-02-25 08:00:00+02:00,0.04777,0.04609
2025-02-25 10:00:00+02:00,0.0461,0.04639
2025-02-25 12:00:00+02:00,0.04638,0.04822
2025-02-25 14:00:00+02:00,0.04822,0.04806
2025-02-25 16:00:00+02:00,0.04806,0.0486
2025-02-25 18:00:00+02:00,0.04861,0.04916
2025-02-25 20:00:00+02:00,0.04916,0.05002
2025-02-25 22:00:00+02:00,0.05002,0.04999
2025-02-26 00:00:00+02:00,0.04999,0.04973
2025-02-26 02:00:00+02:00,0.04974,0.04961
2025-02-26 04:00:00+02:00,0.04961,0.0502
2025-02-26 06:00:00+02:00,0.05019,0.04999
2025-02-26 08:00:00+02:00,0.04999,0.04991
2025-02-26 10:00:00+02:00,0.04991,0.05048
2025-02-26 12:00:00+02:00,0.05048,0.05031
2025-02-26 14:00:00+02:00,0.05032,0.04947
2025-02-26 16:00:00+02:00,0.04948,0.05049
2025-02-26 18:00:00+02:00,0.05049,0.04932
2025-02-26 20:00:00+02:00,0.04931,0.04932
2025-02-26 22:00:00+02:00,0.04933,0.05041
2025-02-27 00:00:00+02:00,0.05042,0.05039
2025-02-27 02:00:00+02:00,0.0504,0.05071
2025-02-27 04:00:00+02:00,0.05071,0.051
2025-02-27 06:00:00+02:00,0.051,0.05153
2025-02-27 08:00:00+02:00,0.05153,0.05171
2025-02-27 10:00:00+02:00,0.0517,0.05166
2025-02-27 12:00:00+02:00,0.05166,0.05157
2025-02-27 14:00:00+02:00,0.05157,0.05129
2025-02-27 16:00:00+02:00,0.05129,0.05083
2025-02-27 18:00:00+02:00,0.05083,0.05072
2025-02-27 20:00:00+02:00,0.05072,0.05028
2025-02-27 22:00:00+02:00,0.05029,0.05045
2025-02-28 00:00:00+02:00,0.05045,0.0508
2025-02-28 02:00:00+02:00,0.05081,0.04869
2025-02-28 04:00:00+02:00,0.04868,0.04774
2025-02-28 06:00:00+02:00,0.04775,0.04785
2025-02-28 08:00:00+02:00,0.04786,0.0473
2025-02-28 10:00:00+02:00,0.04729,0.04839
2025-02-28 12:00:00+02:00,0.0484,0.04746
2025-02-28 14:00:00+02:00,0.04746,0.04871
2025-02-28 16:00:00+02:00,0.04871,0.05006
2025-02-28 18:00:00+02:00,0.05006,0.05057
2025-02-28 20:00:00+02:00,0.05056,0.051
2025-02-28 22:00:00+02:00,0.05099,0.05128
2025-03-01 00:00:00+02:00,0.05129,0.05102
2025-03-01 02:00:00+02:00,0.05103,0.05112
2025-03-01 04:00:00+02:00,0.05112,0.05091
2025-03-01 06:00:00+02:00,0.0509,0.05083
2025-03-01 08:00:00+02:00,0.05083,0.05039
2025-03-01 10:00:00+02:00,0.05038,0.05033
2025-03-01 12:00:00+02:00,0.05033,0.0496
2025-03-01 14:00:00+02:00,0.04961,0.04906
2025-03-01 16:00:00+02:00,0.04907,0.04933
2025-03-01 18:00:00+02:00,0.04933,0.0493
2025-03-01 20:00:00+02:00,0.04928,0.04957
2025-03-01 22:00:00+02:00,0.04957,0.05014
2025-03-02 00:00:00+02:00,0.05013,0.05017
2025-03-02 02:00:00+02:00,0.05017,0.05009
2025-03-02 04:00:00+02:00,0.0501,0.05008
2025-03-02 06:00:00+02:00,0.05007,0.05026
2025-03-02 08:00:00+02:00,0.05024,0.04997
2025-03-02 10:00:00+02:00,0.04996,0.05049
2025-03-02 12:00:00+02:00,0.05049,0.05062
2025-03-02 14:00:00+02:00,0.05062,0.05015
2025-03-02 16:00:00+02:00,0.05015,0.05101
2025-03-02 18:00:00+02:00,0.05102,0.05387
2025-03-02 20:00:00+02:00,0.05388,0.05403
2025-03-02 22:00:00+02:00,0.05401,0.05404
2025-03-03 00:00:00+02:00,0.05404,0.05354
2025-03-03 02:00:00+02:00,0.05355,0.0527
2025-03-03 04:00:00+02:00,0.05271,0.05187
2025-03-03 06:00:00+02:00,0.05188,0.05222
2025-03-03 08:00:00+02:00,0.05222,0.05131
2025-03-03 10:00:00+02:00,0.05131,0.05062
2025-03-03 12:00:00+02:00,0.05062,0.0509
2025-03-03 14:00:00+02:00,0.0509,0.05131
2025-03-03 16:00:00+02:00,0.05131,0.04977
2025-03-03 18:00:00+02:00,0.04978,0.04978
2025-03-03 20:00:00+02:00,0.04979,0.04656
2025-03-03 22:00:00+02:00,0.04656,0.04598
2025-03-04 00:00:00+02:00,0.04597,0.04647
2025-03-04 02:00:00+02:00,0.04647,0.04444
2025-03-04 04:00:00+02:00,0.04445,0.04512
2025-03-04 06:00:00+02:00,0.04513,0.04591
2025-03-04 08:00:00+02:00,0.04592,0.04582
2025-03-04 10:00:00+02:00,0.04582,0.04611
2025-03-04 12:00:00+02:00,0.04611,0.04669
2025-03-04 14:00:00+02:00,0.0467,0.04553
2025-03-04 16:00:00+02:00,0.04553,0.0466
2025-03-04 18:00:00+02:00,0.0466,0.04667
2025-03-04 20:00:00+02:00,0.04666,0.04771
2025-03-04 22:00:00+02:00,0.0477,0.048
2025-03-05 00:00:00+02:00,0.04801,0.04779
2025-03-05 02:00:00+02:00,0.0478,0.04763
2025-03-05 04:00:00+02:00,0.04764,0.04675
2025-03-05 06:00:00+02:00,0.04676,0.04693
2025-03-05 08:00:00+02:00,0.04693,0.04716
2025-03-05 10:00:00+02:00,0.04716,0.04799
2025-03-05 12:00:00+02:00,0.04799,0.04828
2025-03-05 14:00:00+02:00,0.04829,0.04849
2025-03-05 16:00:00+02:00,0.0485,0.04793
2025-03-05 18:00:00+02:00,0.04793,0.04833
2025-03-05 20:00:00+02:00,0.04833,0.04872
2025-03-05 22:00:00+02:00,0.04873,0.04876
2025-03-06 00:00:00+02:00,0.04875,0.04888
2025-03-06 02:00:00+02:00,0.04888,0.04863
2025-03-06 04:00:00+02:00,0.04862,0.049
2025-03-06 06:00:00+02:00,0.04901,0.04943
2025-03-06 08:00:00+02:00,0.04944,0.04851
2025-03-06 10:00:00+02:00,0.0485,0.04874
2025-03-06 12:00:00+02:00,0.04874,0.05042
2025-03-06 14:00:00+02:00,0.05044,0.04984
2025-03-06 16:00:00+02:00,0.04983,0.05023
2025-03-06 18:00:00+02:00,0.05023,0.04846
2025-03-06 20:00:00+02:00,0.04845,0.04784
2025-03-06 22:00:00+02:00,0.04785,0.04804
2025-03-07 00:00:00+02:00,0.04804,0.04784
2025-03-07 02:00:00+02:00,0.04783,0.04741
2025-03-07 04:00:00+02:00,0.0474,0.04739
2025-03-07 06:00:00+02:00,0.0474,0.04772
2025-03-07 08:00:00+02:00,0.04773,0.04817
2025-03-07 10:00:00+02:00,0.04817,0.04868
2025-03-07 12:00:00+02:00,0.04869,0.04866
2025-03-07 14:00:00+02:00,0.04866,0.04837
2025-03-07 16:00:00+02:00,0.04836,0.04827
2025-03-07 18:00:00+02:00,0.04826,0.04783
2025-03-07 20:00:00+02:00,0.04783,0.04862
2025-03-07 22:00:00+02:00,0.04861,0.04856
2025-03-08 00:00:00+02:00,0.04855,0.0489
2025-03-08 02:00:00+02:00,0.0489,0.04898
2025-03-08 04:00:00+02:00,0.04898,0.04829
2025-03-08 06:00:00+02:00,0.04829,0.04776
2025-03-08 08:00:00+02:00,0.04776,0.04691
2025-03-08 10:00:00+02:00,0.0469,0.04684
2025-03-08 12:00:00+02:00,0.04684,0.0467
2025-03-08 14:00:00+02:00,0.0467,0.0471
2025-03-08 16:00:00+02:00,0.0471,0.04707
2025-03-08 18:00:00+02:00,0.04707,0.04757
2025-03-08 20:00:00+02:00,0.04756,0.04781
2025-03-08 22:00:00+02:00,0.04781,0.0475
2025-03-09 00:00:00+02:00,0.0475,0.04744
2025-03-09 02:00:00+02:00,0.04743,0.04746
2025-03-09 04:00:00+02:00,0.04746,0.04744
2025-03-09 06:00:00+02:00,0.04744,0.04714
2025-03-09 08:00:00+02:00,0.04715,0.04688
2025-03-09 10:00:00+02:00,0.04687,0.04642
2025-03-09 12:00:00+02:00,0.04643,0.04586
2025-03-09 14:00:00+02:00,0.04585,0.04482
2025-03-09 16:00:00+02:00,0.04483,0.04485
2025-03-09 18:00:00+02:00,0.04484,0.04326
2025-03-09 20:00:00+02:00,0.04326,0.04386
2025-03-09 22:00:00+02:00,0.04387,0.04328
2025-03-10 00:00:00+02:00,0.04328,0.04327
2025-03-10 02:00:00+02:00,0.04327,0.04359
2025-03-10 04:00:00+02:00,0.04359,0.04397
2025-03-10 06:00:00+02:00,0.04397,0.04483
2025-03-10 08:00:00+02:00,0.04484,0.04497
2025-03-10 10:00:00+02:00,0.04497,0.04509
2025-03-10 12:00:00+02:00,0.04509,0.0456
2025-03-10 14:00:00+02:00,0.04561,0.04495
2025-03-10 16:00:00+02:00,0.04494,0.0442
2025-03-10 18:00:00+02:00,0.04419,0.04218
2025-03-10 20:00:00+02:00,0.04217,0.04196
2025-03-10 22:00:00+02:00,0.04197,0.04177
2025-03-11 00:00:00+02:00,0.04177,0.04089
2025-03-11 02:00:00+02:00,0.0409,0.04143
2025-03-11 04:00:00+02:00,0.04143,0.0421
2025-03-11 06:00:00+02:00,0.04211,0.04323
2025-03-11 08:00:00+02:00,0.04322,0.04304
2025-03-11 10:00:00+02:00,0.04305,0.04335
2025-03-11 12:00:00+02:00,0.04335,0.04342
2025-03-11 14:00:00+02:00,0.04342,0.04317
2025-03-11 16:00:00+02:00,0.04316,0.04291
2025-03-11 18:00:00+02:00,0.04292,0.04269
2025-03-11 20:00:00+02:00,0.04269,0.04418
2025-03-11 22:00:00+02:00,0.04418,0.04392
2025-03-12 00:00:00+02:00,0.04391,0.04322
2025-03-12 02:00:00+02:00,0.04322,0.04352
2025-03-12 04:00:00+02:00,0.04353,0.04225
2025-03-12 06:00:00+02:00,0.04225,0.04204
2025-03-12 08:00:00+02:00,0.04203,0.04261
2025-03-12 10:00:00+02:00,0.04262,0.04296
2025-03-12 12:00:00+02:00,0.04296,0.04353
2025-03-12 14:00:00+02:00,0.04353,0.04319
2025-03-12 16:00:00+02:00,0.04318,0.04262
2025-03-12 18:00:00+02:00,0.04263,0.04335
2025-03-12 20:00:00+02:00,0.04335,0.04393
2025-03-12 22:00:00+02:00,0.04392,0.04397
2025-03-13 00:00:00+02:00,0.04397,0.04389
2025-03-13 02:00:00+02:00,0.04389,0.04374
2025-03-13 04:00:00+02:00,0.04375,0.04342
2025-03-13 06:00:00+02:00,0.04342,0.04283
2025-03-13 08:00:00+02:00,0.04284,0.04285
2025-03-13 10:00:00+02:00,0.04284,0.04362
2025-03-13 12:00:00+02:00,0.04362,0.04311
2025-03-13 14:00:00+02:00,0.04311,0.04267
2025-03-13 16:00:00+02:00,0.04266,0.04279
2025-03-13 18:00:00+02:00,0.0428,0.04189
2025-03-13 20:00:00+02:00,0.04188,0.04213
2025-03-13 22:00:00+02:00,0.04214,0.04209
2025-03-14 00:00:00+02:00,0.04209,0.04254
2025-03-14 02:00:00+02:00,0.04256,0.04305
2025-03-14 04:00:00+02:00,0.04304,0.04324
2025-03-14 06:00:00+02:00,0.04324,0.04325
2025-03-14 08:00:00+02:00,0.04326,0.04331
2025-03-14 10:00:00+02:00,0.0433,0.04368
2025-03-14 12:00:00+02:00,0.04369,0.04323
2025-03-14 14:00:00+02:00,0.04322,0.04284
2025-03-14 16:00:00+02:00,0.04284,0.04361
2025-03-14 18:00:00+02:00,0.04361,0.04366
2025-03-14 20:00:00+02:00,0.04367,0.04381
2025-03-14 22:00:00+02:00,0.04381,0.04394
2025-03-15 00:00:00+02:00,0.04394,0.04372
2025-03-15 02:00:00+02:00,0.04373,0.04429
2025-03-15 04:00:00+02:00,0.0443,0.04472
2025-03-15 06:00:00+02:00,0.04472,0.04455
2025-03-15 08:00:00+02:00,0.04455,0.04448
2025-03-15 10:00:00+02:00,0.04447,0.04459
2025-03-15 12:00:00+02:00,0.0446,0.04471
2025-03-15 14:00:00+02:00,0.04471,0.04484
2025-03-15 16:00:00+02:00,0.04482,0.04496
2025-03-15 18:00:00+02:00,0.04495,0.04558
2025-03-15 20:00:00+02:00,0.04558,0.04541
2025-03-15 22:00:00+02:00,0.04539,0.04696
2025-03-16 00:00:00+02:00,0.04696,0.04663
2025-03-16 02:00:00+02:00,0.04663,0.04568
2025-03-16 04:00:00+02:00,0.04568,0.04604
2025-03-16 06:00:00+02:00,0.04604,0.04665
2025-03-16 08:00:00+02:00,0.04666,0.04661
2025-03-16 10:00:00+02:00,0.04661,0.04595
2025-03-16 12:00:00+02:00,0.04595,0.04451
2025-03-16 14:00:00+02:00,0.04452,0.04442
2025-03-16 16:00:00+02:00,0.04441,0.04475
2025-03-16 18:00:00+02:00,0.04475,0.0452
2025-03-16 20:00:00+02:00,0.0452,0.04408
2025-03-16 22:00:00+02:00,0.04409,0.0441
2025-03-17 00:00:00+02:00,0.04409,0.04392
2025-03-17 02:00:00+02:00,0.04391,0.04458
2025-03-17 04:00:00+02:00,0.04457,0.0449
2025-03-17 06:00:00+02:00,0.0449,0.04447
2025-03-17 08:00:00+02:00,0.04447,0.04493
2025-03-17 10:00:00+02:00,0.04493,0.04545
2025-03-17 12:00:00+02:00,0.04545,0.04529
2025-03-17 14:00:00+02:00,0.0453,0.04465
2025-03-17 16:00:00+02:00,0.04465,0.04524
2025-03-17 18:00:00+02:00,0.04525,0.04552
2025-03-17 20:00:00+02:00,0.04552,0.04563
2025-03-17 22:00:00+02:00,0.04563,0.04578
2025-03-18 00:00:00+02:00,0.04578,0.04561
2025-03-18 02:00:00+02:00,0.0456,0.04471
2025-03-18 04:00:00+02:00,0.04472,0.04458
2025-03-18 06:00:00+02:00,0.04457,0.04509
2025-03-18 08:00:00+02:00,0.04509,0.0448
2025-03-18 10:00:00+02:00,0.0448,0.04504
2025-03-18 12:00:00+02:00,0.04503,0.0449
2025-03-18 14:00:00+02:00,0.04489,0.04449
2025-03-18 16:00:00+02:00,0.04448,0.04432
2025-03-18 18:00:00+02:00,0.04432,0.04386
2025-03-18 20:00:00+02:00,0.04386,0.04457
2025-03-18 22:00:00+02:00,0.04456,0.04475
2025-03-19 00:00:00+02:00,0.04475,0.04563
2025-03-19 02:00:00+02:00,0.04563,0.04564
2025-03-19 04:00:00+02:00,0.04564,0.04603
2025-03-19 06:00:00+02:00,0.04604,0.0459
2025-03-19 08:00:00+02:00,0.0459,0.04521
2025-03-19 10:00:00+02:00,0.04521,0.04531
2025-03-19 12:00:00+02:00,0.04531,0.04611
2025-03-19 14:00:00+02:00,0.0461,0.04612
2025-03-19 16:00:00+02:00,0.04613,0.04618
2025-03-19 18:00:00+02:00,0.04618,0.04561
2025-03-19 20:00:00+02:00,0.04561,0.04607
2025-03-19 22:00:00+02:00,0.04608,0.04639
2025-03-20 00:00:00+02:00,0.04639,0.0467
2025-03-20 02:00:00+02:00,0.0467,0.04598
2025-03-20 04:00:00+02:00,0.04599,0.04587
2025-03-20 06:00:00+02:00,0.04587,0.04599
2025-03-20 08:00:00+02:00,0.04599,0.04622
2025-03-20 10:00:00+02:00,0.04621,0.04598
2025-03-20 12:00:00+02:00,0.04598,0.04553
2025-03-20 14:00:00+02:00,0.04554,0.04571
2025-03-20 16:00:00+02:00,0.0457,0.04549
2025-03-20 18:00:00+02:00,0.04548,0.04514
2025-03-20 20:00:00+02:00,0.04515,0.04533
2025-03-20 22:00:00+02:00,0.04534,0.04516
2025-03-21 00:00:00+02:00,0.04516,0.0452
2025-03-21 02:00:00+02:00,0.04519,0.04571
2025-03-21 04:00:00+02:00,0.0457,0.04552
2025-03-21 06:00:00+02:00,0.04551,0.04593
2025-03-21 08:00:00+02:00,0.04593,0.04532
2025-03-21 10:00:00+02:00,0.04534,0.04492
2025-03-21 12:00:00+02:00,0.04492,0.04454
2025-03-21 14:00:00+02:00,0.04455,0.04464
2025-03-21 16:00:00+02:00,0.04463,0.0444
2025-03-21 18:00:00+02:00,0.04439,0.04464
2025-03-21 20:00:00+02:00,0.04465,0.0448
2025-03-21 22:00:00+02:00,0.0448,0.04504
2025-03-22 00:00:00+02:00,0.04505,0.04485
2025-03-22 02:00:00+02:00,0.04486,0.04502
2025-03-22 04:00:00+02:00,0.04502,0.04557
2025-03-22 06:00:00+02:00,0.04558,0.04602
2025-03-22 08:00:00+02:00,0.04603,0.04634
2025-03-22 10:00:00+02:00,0.04635,0.04648
2025-03-22 12:00:00+02:00,0.04648,0.04623
2025-03-22 14:00:00+02:00,0.04623,0.04609
2025-03-22 16:00:00+02:00,0.04609,0.04632
2025-03-22 18:00:00+02:00,0.04631,0.04675
2025-03-22 20:00:00+02:00,0.04676,0.04663
2025-03-22 22:00:00+02:00,0.04662,0.04626
2025-03-23 00:00:00+02:00,0.04626,0.04566
2025-03-23 02:00:00+02:00,0.04566,0.04569
2025-03-23 04:00:00+02:00,0.04568,0.04577
2025-03-23 06:00:00+02:00,0.04578,0.04535
2025-03-23 08:00:00+02:00,0.04536,0.04556
2025-03-23 10:00:00+02:00,0.04556,0.04545
2025-03-23 12:00:00+02:00,0.04545,0.0457
2025-03-23 14:00:00+02:00,0.0457,0.0456
2025-03-23 16:00:00+02:00,0.0456,0.04536
2025-03-23 18:00:00+02:00,0.04536,0.04476
2025-03-23 20:00:00+02:00,0.04475,0.04499
2025-03-23 22:00:00+02:00,0.04498,0.04518
2025-03-24 00:00:00+02:00,0.04517,0.04544
2025-03-24 02:00:00+02:00,0.04546,0.04492
2025-03-24 04:00:00+02:00,0.04491,0.04575
2025-03-24 06:00:00+02:00,0.04576,0.04681
2025-03-24 08:00:00+02:00,0.04681,0.04724
2025-03-24 10:00:00+02:00,0.04724,0.04819
2025-03-24 12:00:00+02:00,0.04818,0.04795
2025-03-24 14:00:00+02:00,0.04795,0.04722
2025-03-24 16:00:00+02:00,0.04722,0.04743
2025-03-24 18:00:00+02:00,0.04743,0.04755
2025-03-24 20:00:00+02:00,0.04755,0.04748
2025-03-24 22:00:00+02:00,0.04747,0.04807
2025-03-25 00:00:00+02:00,0.04808,0.04766
2025-03-25 02:00:00+02:00,0.04765,0.04818
2025-03-25 04:00:00+02:00,0.04817,0.04777
2025-03-25 06:00:00+02:00,0.04776,0.04816
2025-03-25 08:00:00+02:00,0.04816,0.04816
2025-03-25 10:00:00+02:00,0.04816,0.04828
2025-03-25 12:00:00+02:00,0.04827,0.04838
2025-03-25 14:00:00+02:00,0.04839,0.04819
2025-03-25 16:00:00+02:00,0.04819,0.04821
2025-03-25 18:00:00+02:00,0.0482,0.04848
2025-03-25 20:00:00+02:00,0.04848,0.04848
2025-03-25 22:00:00+02:00,0.04848,0.0483
2025-03-26 00:00:00+02:00,0.0483,0.04818
2025-03-26 02:00:00+02:00,0.04818,0.04863
2025-03-26 04:00:00+02:00,0.04862,0.04795
2025-03-26 06:00:00+02:00,0.04795,0.04857
2025-03-26 08:00:00+02:00,0.04858,0.04921
2025-03-26 10:00:00+02:00,0.04922,0.04908
2025-03-26 12:00:00+02:00,0.04909,0.04957
2025-03-26 14:00:00+02:00,0.04957,0.0481
2025-03-26 16:00:00+02:00,0.04808,0.04808
2025-03-26 18:00:00+02:00,0.04807,0.04806
2025-03-26 20:00:00+02:00,0.04807,0.04764
2025-03-26 22:00:00+02:00,0.04764,0.04775
2025-03-27 00:00:00+02:00,0.04774,0.04759
2025-03-27 02:00:00+02:00,0.04759,0.04791
2025-03-27 04:00:00+02:00,0.04791,0.04852
2025-03-27 06:00:00+02:00,0.04852,0.04821
2025-03-27 08:00:00+02:00,0.0482,0.04786
2025-03-27 10:00:00+02:00,0.04785,0.04743
2025-03-27 12:00:00+02:00,0.04743,0.0471
2025-03-27 14:00:00+02:00,0.0471,0.047
2025-03-27 16:00:00+02:00,0.04699,0.04759
2025-03-27 18:00:00+02:00,0.0476,0.04711
2025-03-27 20:00:00+02:00,0.04712,0.04746
2025-03-27 22:00:00+02:00,0.04747,0.04773
2025-03-28 00:00:00+02:00,0.04773,0.04736
2025-03-28 03:00:00+03:00,0.04736,0.04725
2025-03-28 05:00:00+03:00,0.04726,0.04647
2025-03-28 07:00:00+03:00,0.04648,0.04468
2025-03-28 09:00:00+03:00,0.04467,0.04437
2025-03-28 11:00:00+03:00,0.04437,0.04411
2025-03-28 13:00:00+03:00,0.04411,0.0444
2025-03-28 15:00:00+03:00,0.04441,0.04398
2025-03-28 17:00:00+03:00,0.04398,0.04373
2025-03-28 19:00:00+03:00,0.04373,0.0435
2025-03-28 21:00:00+03:00,0.04349,0.04321
2025-03-28 23:00:00+03:00,0.04321,0.04332
2025-03-29 01:00:00+03:00,0.04332,0.04346
2025-03-29 03:00:00+03:00,0.04346,0.04319
2025-03-29 05:00:00+03:00,0.04319,0.04295
2025-03-29 07:00:00+03:00,0.04295,0.04249
2025-03-29 09:00:00+03:00,0.04249,0.042
2025-03-29 11:00:00+03:00,0.04201,0.04206
2025-03-29 13:00:00+03:00,0.04205,0.04176
2025-03-29 15:00:00+03:00,0.04176,0.04231
2025-03-29 17:00:00+03:00,0.04231,0.04208
2025-03-29 19:00:00+03:00,0.04209,0.04154
2025-03-29 21:00:00+03:00,0.04155,0.04175
2025-03-29 23:00:00+03:00,0.04175,0.04152
2025-03-30 01:00:00+03:00,0.04152,0.04178
2025-03-30 03:00:00+03:00,0.04178,0.04203
2025-03-30 05:00:00+03:00,0.04203,0.04225
2025-03-30 07:00:00+03:00,0.04224,0.04235
2025-03-30 09:00:00+03:00,0.04235,0.04243
2025-03-30 11:00:00+03:00,0.04244,0.04252
2025-03-30 13:00:00+03:00,0.04251,0.04237
2025-03-30 15:00:00+03:00,0.04237,0.04187
2025-03-30 17:00:00+03:00,0.04187,0.04213
2025-03-30 19:00:00+03:00,0.04213,0.04194
2025-03-30 21:00:00+03:00,0.04194,0.04229
2025-03-30 23:00:00+03:00,0.04228,0.04184
2025-03-31 01:00:00+03:00,0.04183,0.04205
2025-03-31 03:00:00+03:00,0.04205,0.04259
2025-03-31 05:00:00+03:00,0.04259,0.04192
2025-03-31 07:00:00+03:00,0.04193,0.04234
2025-03-31 09:00:00+03:00,0.04236,0.04162
2025-03-31 11:00:00+03:00,0.04162,0.04112
2025-03-31 13:00:00+03:00,0.04113,0.04183
2025-03-31 15:00:00+03:00,0.04183,0.04183
2025-03-31 17:00:00+03:00,0.04184,0.04228
2025-03-31 19:00:00+03:00,0.04229,0.04184
2025-03-31 21:00:00+03:00,0.04184,0.04246
2025-03-31 23:00:00+03:00,0.04246,0.04221
2025-04-01 01:00:00+03:00,0.04221,0.04202
2025-04-01 03:00:00+03:00,0.04202,0.0419
2025-04-01 05:00:00+03:00,0.04189,0.0424
2025-04-01 07:00:00+03:00,0.04241,0.04272
2025-04-01 09:00:00+03:00,0.04273,0.04334
2025-04-01 11:00:00+03:00,0.04333,0.0434
2025-04-01 13:00:00+03:00,0.0434,0.04391
2025-04-01 15:00:00+03:00,0.04391,0.04391
2025-04-01 17:00:00+03:00,0.04391,0.04475
2025-04-01 19:00:00+03:00,0.04475,0.04414
2025-04-01 21:00:00+03:00,0.04414,0.04372
2025-04-01 23:00:00+03:00,0.04373,0.04382
2025-04-02 01:00:00+03:00,0.04382,0.04356
2025-04-02 03:00:00+03:00,0.04358,0.04262
2025-04-02 05:00:00+03:00,0.04263,0.04272
2025-04-02 07:00:00+03:00,0.04271,0.04215
2025-04-02 09:00:00+03:00,0.04214,0.04208
2025-04-02 11:00:00+03:00,0.04209,0.04297
2025-04-02 13:00:00+03:00,0.04296,0.0422
2025-04-02 15:00:00+03:00,0.04221,0.04247
2025-04-02 17:00:00+03:00,0.04246,0.04325
2025-04-02 19:00:00+03:00,0.04325,0.0427
2025-04-02 21:00:00+03:00,0.04269,0.04289
2025-04-02 23:00:00+03:00,0.04289,0.04158
2025-04-03 01:00:00+03:00,0.04159,0.04016
2025-04-03 03:00:00+03:00,0.04016,0.04077
2025-04-03 05:00:00+03:00,0.04075,0.04094
2025-04-03 07:00:00+03:00,0.04094,0.04068
2025-04-03 09:00:00+03:00,0.04069,0.04037
2025-04-03 11:00:00+03:00,0.04037,0.04031
2025-04-03 13:00:00+03:00,0.04031,0.04002
2025-04-03 15:00:00+03:00,0.04002,0.03994
2025-04-03 17:00:00+03:00,0.03993,0.04008
2025-04-03 19:00:00+03:00,0.04008,0.04013
2025-04-03 21:00:00+03:00,0.04013,0.04046
2025-04-03 23:00:00+03:00,0.04046,0.04097
2025-04-04 01:00:00+03:00,0.04098,0.04091
2025-04-04 03:00:00+03:00,0.04092,0.04109
2025-04-04 05:00:00+03:00,0.04109,0.04136
2025-04-04 07:00:00+03:00,0.04137,0.04166
2025-04-04 09:00:00+03:00,0.04166,0.04179
2025-04-04 11:00:00+03:00,0.04179,0.04208
2025-04-04 13:00:00+03:00,0.04209,0.04086
2025-04-04 15:00:00+03:00,0.04085,0.04175
2025-04-04 17:00:00+03:00,0.04175,0.04191
2025-04-04 19:00:00+03:00,0.04192,0.04216
2025-04-04 21:00:00+03:00,0.04217,0.04176
2025-04-04 23:00:00+03:00,0.04175,0.04209
2025-04-05 01:00:00+03:00,0.04209,0.04199
2025-04-05 03:00:00+03:00,0.04199,0.04202
2025-04-05 05:00:00+03:00,0.04202,0.04186
2025-04-05 07:00:00+03:00,0.04186,0.04164
2025-04-05 09:00:00+03:00,0.04164,0.0418
2025-04-05 11:00:00+03:00,0.04181,0.04186
2025-04-05 13:00:00+03:00,0.04187,0.04151
2025-04-05 15:00:00+03:00,0.0415,0.041
2025-04-05 17:00:00+03:00,0.04099,0.04096
2025-04-05 19:00:00+03:00,0.04096,0.0411
2025-04-05 21:00:00+03:00,0.0411,0.04118
2025-04-05 23:00:00+03:00,0.04118,0.04116
2025-04-06 01:00:00+03:00,0.04115,0.04154
2025-04-06 03:00:00+03:00,0.04155,0.04155
2025-04-06 05:00:00+03:00,0.04155,0.04136
2025-04-06 07:00:00+03:00,0.04135,0.04149
2025-04-06 09:00:00+03:00,0.0415,0.04127
2025-04-06 11:00:00+03:00,0.04126,0.04115
2025-04-06 13:00:00+03:00,0.04115,0.04094
2025-04-06 15:00:00+03:00,0.04094,0.04007
2025-04-06 17:00:00+03:00,0.04007,0.04046
2025-04-06 19:00:00+03:00,0.04046,0.03948
2025-04-06 21:00:00+03:00,0.03946,0.03835
2025-04-06 23:00:00+03:00,0.03833,0.0377
2025-04-07 01:00:00+03:00,0.03771,0.03791
2025-04-07 03:00:00+03:00,0.03791,0.03899
2025-04-07 05:00:00+03:00,0.03899,0.03744
2025-04-07 07:00:00+03:00,0.03744,0.03822
2025-04-07 09:00:00+03:00,0.03822,0.03644
2025-04-07 11:00:00+03:00,0.03644,0.03784
2025-04-07 13:00:00+03:00,0.03785,0.03784
2025-04-07 15:00:00+03:00,0.03783,0.0394
2025-04-07 17:00:00+03:00,0.03938,0.03883
2025-04-07 19:00:00+03:00,0.03882,0.03896
2025-04-07 21:00:00+03:00,0.03896,0.03824
2025-04-07 23:00:00+03:00,0.03825,0.03875
2025-04-08 01:00:00+03:00,0.03875,0.03851
2025-04-08 03:00:00+03:00,0.03851,0.03912
2025-04-08 05:00:00+03:00,0.03913,0.03849
2025-04-08 07:00:00+03:00,0.03849,0.03826
2025-04-08 09:00:00+03:00,0.03825,0.03775
2025-04-08 11:00:00+03:00,0.03774,0.03779
2025-04-08 13:00:00+03:00,0.03779,0.03851
2025-04-08 15:00:00+03:00,0.03852,0.03835
2025-04-08 17:00:00+03:00,0.03834,0.03754
2025-04-08 19:00:00+03:00,0.03754,0.03651
2025-04-08 21:00:00+03:00,0.0365,0.03563
2025-04-08 23:00:00+03:00,0.03563,0.03609
2025-04-09 01:00:00+03:00,0.03608,0.0358
2025-04-09 03:00:00+03:00,0.03581,0.036
2025-04-09 05:00:00+03:00,0.036,0.03607
2025-04-09 07:00:00+03:00,0.03606,0.03647
2025-04-09 09:00:00+03:00,0.03648,0.03683
2025-04-09 11:00:00+03:00,0.03684,0.03666
2025-04-09 13:00:00+03:00,0.03666,0.03631
2025-04-09 15:00:00+03:00,0.03631,0.0372
2025-04-09 17:00:00+03:00,0.0372,0.03703
2025-04-09 19:00:00+03:00,0.03704,0.03923
2025-04-09 21:00:00+03:00,0.03923,0.03877
2025-04-09 23:00:00+03:00,0.03877,0.03939
2025-04-10 01:00:00+03:00,0.03938,0.03918
2025-04-10 03:00:00+03:00,0.03919,0.03926
2025-04-10 05:00:00+03:00,0.03926,0.03909
2025-04-10 07:00:00+03:00,0.03909,0.03903
2025-04-10 09:00:00+03:00,0.03902,0.03912
2025-04-10 11:00:00+03:00,0.03913,0.03897
2025-04-10 13:00:00+03:00,0.03898,0.03872
2025-04-10 15:00:00+03:00,0.03871,0.03839
2025-04-10 17:00:00+03:00,0.03838,0.03733
2025-04-10 19:00:00+03:00,0.03733,0.03763
2025-04-10 21:00:00+03:00,0.03763,0.03786
2025-04-10 23:00:00+03:00,0.03785,0.0382
2025-04-11 01:00:00+03:00,0.03821,0.03821
2025-04-11 03:00:00+03:00,0.03821,0.03884
2025-04-11 05:00:00+03:00,0.03884,0.03886
2025-04-11 07:00:00+03:00,0.03886,0.03914
2025-04-11 09:00:00+03:00,0.03915,0.03924
2025-04-11 11:00:00+03:00,0.03924,0.0394
2025-04-11 13:00:00+03:00,0.0394,0.03925
2025-04-11 15:00:00+03:00,0.03927,0.03964
2025-04-11 17:00:00+03:00,0.03963,0.0395
2025-04-11 19:00:00+03:00,0.0395,0.03997
2025-04-11 21:00:00+03:00,0.03996,0.0395
2025-04-11 23:00:00+03:00,0.0395,0.03899
2025-04-12 01:00:00+03:00,0.03899,0.0388
2025-04-12 03:00:00+03:00,0.0388,0.03835
2025-04-12 05:00:00+03:00,0.03835,0.03825
2025-04-12 07:00:00+03:00,0.03824,0.03847
2025-04-12 09:00:00+03:00,0.03847,0.03854
2025-04-12 11:00:00+03:00,0.03856,0.03906
2025-04-12 13:00:00+03:00,0.03905,0.03911
2025-04-12 15:00:00+03:00,0.03911,0.03981
2025-04-12 17:00:00+03:00,0.0398,0.04021
2025-04-12 19:00:00+03:00,0.04021,0.03974
2025-04-12 21:00:00+03:00,0.03973,0.03999
2025-04-12 23:00:00+03:00,0.03999,0.04013
2025-04-13 01:00:00+03:00,0.04013,0.04015
2025-04-13 03:00:00+03:00,0.04015,0.03984
2025-04-13 05:00:00+03:00,0.03984,0.03986
2025-04-13 07:00:00+03:00,0.03985,0.03937
2025-04-13 09:00:00+03:00,0.03938,0.03939
2025-04-13 11:00:00+03:00,0.03939,0.03979
2025-04-13 13:00:00+03:00,0.03978,0.03937
2025-04-13 15:00:00+03:00,0.03937,0.03859
2025-04-13 17:00:00+03:00,0.03859,0.03845
2025-04-13 19:00:00+03:00,0.03844,0.03934
2025-04-13 21:00:00+03:00,0.03934,0.03782
2025-04-13 23:00:00+03:00,0.03783,0.03709
2025-04-14 01:00:00+03:00,0.03709,0.03723
2025-04-14 03:00:00+03:00,0.03724,0.0375
2025-04-14 05:00:00+03:00,0.03751,0.03775
2025-04-14 07:00:00+03:00,0.03775,0.03776
2025-04-14 09:00:00+03:00,0.03777,0.03783
2025-04-14 11:00:00+03:00,0.03784,0.03757
2025-04-14 13:00:00+03:00,0.03759,0.03858
2025-04-14 15:00:00+03:00,0.03859,0.03794
2025-04-14 17:00:00+03:00,0.03795,0.03742
2025-04-14 19:00:00+03:00,0.03741,0.03782
2025-04-14 21:00:00+03:00,0.03782,0.03766
2025-04-14 23:00:00+03:00,0.03767,0.03719
2025-04-15 01:00:00+03:00,0.03719,0.03714
2025-04-15 03:00:00+03:00,0.03714,0.03735
2025-04-15 05:00:00+03:00,0.03735,0.03737
2025-04-15 07:00:00+03:00,0.03738,0.03752
2025-04-15 09:00:00+03:00,0.03751,0.03737
2025-04-15 11:00:00+03:00,0.03737,0.03751
2025-04-15 13:00:00+03:00,0.0375,0.03666
2025-04-15 15:00:00+03:00,0.03665,0.03677
2025-04-15 17:00:00+03:00,0.03678,0.03647
2025-04-15 19:00:00+03:00,0.03647,0.03618
2025-04-15 21:00:00+03:00,0.03617,0.03597
2025-04-15 23:00:00+03:00,0.03597,0.0362
2025-04-16 01:00:00+03:00,0.03619,0.03603
2025-04-16 03:00:00+03:00,0.03602,0.03641
2025-04-16 05:00:00+03:00,0.03641,0.03625
2025-04-16 07:00:00+03:00,0.03625,0.03606
2025-04-16 09:00:00+03:00,0.03605,0.03573
2025-04-16 11:00:00+03:00,0.03573,0.03556
2025-04-16 13:00:00+03:00,0.03557,0.03575
2025-04-16 15:00:00+03:00,0.03575,0.03552
2025-04-16 17:00:00+03:00,0.03551,0.03569
2025-04-16 19:00:00+03:00,0.03567,0.03467
2025-04-16 21:00:00+03:00,0.03466,0.03546
2025-04-16 23:00:00+03:00,0.03545,0.03544
2025-04-17 01:00:00+03:00,0.03544,0.0354
2025-04-17 03:00:00+03:00,0.03541,0.0353
2025-04-17 05:00:00+03:00,0.0353,0.03521
2025-04-17 07:00:00+03:00,0.0352,0.03575
2025-04-17 09:00:00+03:00,0.03576,0.03581
2025-04-17 11:00:00+03:00,0.03582,0.0356
2025-04-17 13:00:00+03:00,0.0356,0.03572
2025-04-17 15:00:00+03:00,0.03573,0.03568
2025-04-17 17:00:00+03:00,0.03567,0.0355
2025-04-17 19:00:00+03:00,0.0355,0.03564
2025-04-17 21:00:00+03:00,0.03565,0.03525
2025-04-17 23:00:00+03:00,0.03524,0.03534
2025-04-18 01:00:00+03:00,0.03533,0.03534
2025-04-18 03:00:00+03:00,0.03533,0.03532
2025-04-18 05:00:00+03:00,0.03532,0.03595
2025-04-18 07:00:00+03:00,0.03595,0.03615
2025-04-18 09:00:00+03:00,0.03614,0.03626
2025-04-18 11:00:00+03:00,0.03625,0.03642
2025-04-18 13:00:00+03:00,0.03642,0.03661
2025-04-18 15:00:00+03:00,0.03661,0.03673
2025-04-18 17:00:00+03:00,0.03673,0.03619
2025-04-18 19:00:00+03:00,0.03619,0.03649
2025-04-18 21:00:00+03:00,0.03649,0.03651
2025-04-18 23:00:00+03:00,0.03651,0.03674
2025-04-19 01:00:00+03:00,0.03674,0.03657
2025-04-19 03:00:00+03:00,0.03657,0.03743
2025-04-19 05:00:00+03:00,0.03744,0.03735
2025-04-19 07:00:00+03:00,0.03735,0.03713
2025-04-19 09:00:00+03:00,0.03714,0.0372
2025-04-19 11:00:00+03:00,0.0372,0.03712
2025-04-19 13:00:00+03:00,0.03712,0.03717
2025-04-19 15:00:00+03:00,0.03717,0.03713
2025-04-19 17:00:00+03:00,0.03713,0.03724
2025-04-19 19:00:00+03:00,0.03724,0.03752
2025-04-19 21:00:00+03:00,0.03752,0.03742
2025-04-19 23:00:00+03:00,0.03742,0.03771
2025-04-20 01:00:00+03:00,0.03771,0.03765
2025-04-20 03:00:00+03:00,0.03766,0.03746
2025-04-20 05:00:00+03:00,0.03747,0.03768
2025-04-20 07:00:00+03:00,0.03767,0.03794
2025-04-20 09:00:00+03:00,0.03794,0.03759
2025-04-20 11:00:00+03:00,0.03758,0.0373
2025-04-20 13:00:00+03:00,0.0373,0.03699
2025-04-20 15:00:00+03:00,0.03698,0.03699
2025-04-20 17:00:00+03:00,0.03698,0.03736
2025-04-20 19:00:00+03:00,0.03735,0.03766
2025-04-20 21:00:00+03:00,0.03765,0.03754
2025-04-20 23:00:00+03:00,0.03753,0.03771
2025-04-21 01:00:00+03:00,0.03771,0.03765
2025-04-21 03:00:00+03:00,0.03765,0.03816
2025-04-21 05:00:00+03:00,0.03816,0.03773
2025-04-21 07:00:00+03:00,0.03773,0.03803
2025-04-21 09:00:00+03:00,0.03803,0.03819
2025-04-21 11:00:00+03:00,0.0382,0.03814
2025-04-21 13:00:00+03:00,0.03814,0.03806
2025-04-21 15:00:00+03:00,0.03806,0.03807
2025-04-21 17:00:00+03:00,0.03806,0.03813
2025-04-21 19:00:00+03:00,0.03814,0.03741
2025-04-21 21:00:00+03:00,0.03742,0.03744
2025-04-21 23:00:00+03:00,0.03742,0.03738
2025-04-22 01:00:00+03:00,0.03738,0.03744
2025-04-22 03:00:00+03:00,0.03745,0.03735
2025-04-22 05:00:00+03:00,0.03735,0.03706
2025-04-22 07:00:00+03:00,0.03706,0.03683
2025-04-22 09:00:00+03:00,0.03682,0.03735
2025-04-22 11:00:00+03:00,0.03735,0.03712
2025-04-22 13:00:00+03:00,0.03712,0.03748
2025-04-22 15:00:00+03:00,0.03748,0.03827
2025-04-22 17:00:00+03:00,0.03828,0.03871
2025-04-22 19:00:00+03:00,0.03871,0.03883
2025-04-22 21:00:00+03:00,0.03883,0.03893
2025-04-22 23:00:00+03:00,0.03893,0.03953
2025-04-23 01:00:00+03:00,0.03954,0.04049
2025-04-23 03:00:00+03:00,0.04049,0.04022
2025-04-23 05:00:00+03:00,0.04022,0.04069
2025-04-23 07:00:00+03:00,0.04069,0.04068
2025-04-23 09:00:00+03:00,0.04069,0.04075
2025-04-23 11:00:00+03:00,0.04074,0.04131
2025-04-23 13:00:00+03:00,0.0413,0.04141
2025-04-23 15:00:00+03:00,0.04141,0.0406
2025-04-23 17:00:00+03:00,0.04061,0.0402
2025-04-23 19:00:00+03:00,0.0402,0.04089
2025-04-23 21:00:00+03:00,0.04088,0.04053
2025-04-23 23:00:00+03:00,0.04052,0.04084
2025-04-24 01:00:00+03:00,0.04084,0.04115
2025-04-24 03:00:00+03:00,0.04115,0.04107
2025-04-24 05:00:00+03:00,0.04107,0.04003
2025-04-24 07:00:00+03:00,0.04003,0.0405
2025-04-24 09:00:00+03:00,0.04051,0.04019
2025-04-24 11:00:00+03:00,0.0402,0.04011
2025-04-24 13:00:00+03:00,0.04011,0.04041
2025-04-24 15:00:00+03:00,0.04042,0.04089
2025-04-24 17:00:00+03:00,0.04089,0.04123
2025-04-24 19:00:00+03:00,0.04123,0.04088
2025-04-24 21:00:00+03:00,0.04087,0.04102
2025-04-24 23:00:00+03:00,0.04103,0.0413
2025-04-25 01:00:00+03:00,0.0413,0.04141
2025-04-25 03:00:00+03:00,0.04141,0.04164
2025-04-25 05:00:00+03:00,0.04164,0.04144
2025-04-25 07:00:00+03:00,0.04143,0.04213
2025-04-25 09:00:00+03:00,0.04213,0.04225
2025-04-25 11:00:00+03:00,0.04225,0.04245
2025-04-25 13:00:00+03:00,0.04244,0.0422
2025-04-25 15:00:00+03:00,0.04221,0.04209
2025-04-25 17:00:00+03:00,0.04209,0.04208
2025-04-25 19:00:00+03:00,0.04208,0.04188
2025-04-25 21:00:00+03:00,0.04188,0.04197
2025-04-25 23:00:00+03:00,0.04196,0.0419
2025-04-26 01:00:00+03:00,0.04189,0.0422
2025-04-26 03:00:00+03:00,0.04219,0.04355
2025-04-26 05:00:00+03:00,0.04354,0.04368
2025-04-26 07:00:00+03:00,0.04367,0.04347
2025-04-26 09:00:00+03:00,0.04345,0.04362
2025-04-26 11:00:00+03:00,0.04362,0.04275
2025-04-26 13:00:00+03:00,0.04275,0.04203
2025-04-26 15:00:00+03:00,0.04203,0.04189
2025-04-26 17:00:00+03:00,0.04189,0.04252
2025-04-26 19:00:00+03:00,0.04252,0.04227
2025-04-26 21:00:00+03:00,0.04227,0.04257
2025-04-26 23:00:00+03:00,0.04256,0.04274
2025-04-27 01:00:00+03:00,0.04272,0.04289
2025-04-27 03:00:00+03:00,0.04288,0.04183
2025-04-27 05:00:00+03:00,0.04183,0.04225
2025-04-27 07:00:00+03:00,0.04224,0.04178
2025-04-27 09:00:00+03:00,0.04177,0.04151
2025-04-27 11:00:00+03:00,0.04151,0.04171
2025-04-27 13:00:00+03:00,0.04172,0.04161
2025-04-27 15:00:00+03:00,0.04161,0.04118
2025-04-27 17:00:00+03:00,0.04118,0.04114
2025-04-27 19:00:00+03:00,0.04113,0.04111
2025-04-27 21:00:00+03:00,0.04112,0.04152
2025-04-27 23:00:00+03:00,0.04151,0.04134
2025-04-28 01:00:00+03:00,0.04134,0.04094
2025-04-28 03:00:00+03:00,0.04094,0.04013
2025-04-28 05:00:00+03:00,0.04012,0.04077
2025-04-28 07:00:00+03:00,0.04078,0.04073
2025-04-28 09:00:00+03:00,0.04073,0.04152
2025-04-28 11:00:00+03:00,0.04153,0.04143
2025-04-28 13:00:00+03:00,0.04143,0.04162
2025-04-28 15:00:00+03:00,0.04162,0.0409
2025-04-28 17:00:00+03:00,0.0409,0.04062
2025-04-28 19:00:00+03:00,0.04061,0.04169
2025-04-28 21:00:00+03:00,0.04169,0.04197
2025-04-28 23:00:00+03:00,0.04197,0.04237
2025-04-29 01:00:00+03:00,0.04237,0.04234
2025-04-29 03:00:00+03:00,0.04234,0.04261
2025-04-29 05:00:00+03:00,0.04261,0.04261
2025-04-29 07:00:00+03:00,0.04261,0.04236
2025-04-29 09:00:00+03:00,0.04235,0.04266
2025-04-29 11:00:00+03:00,0.04267,0.04225
2025-04-29 13:00:00+03:00,0.04224,0.04195
2025-04-29 15:00:00+03:00,0.04194,0.04175
2025-04-29 17:00:00+03:00,0.04175,0.04193
2025-04-29 19:00:00+03:00,0.04193,0.04184
2025-04-29 21:00:00+03:00,0.04184,0.04161
2025-04-29 23:00:00+03:00,0.04163,0.04112
2025-04-30 01:00:00+03:00,0.04111,0.0407
2025-04-30 03:00:00+03:00,0.04071,0.04073
2025-04-30 05:00:00+03:00,0.04073,0.04125
2025-04-30 07:00:00+03:00,0.04125,0.04123
2025-04-30 09:00:00+03:00,0.04124,0.04092
2025-04-30 11:00:00+03:00,0.04091,0.04147
2025-04-30 13:00:00+03:00,0.04148,0.04181
2025-04-30 15:00:00+03:00,0.0418,0.03971
2025-04-30 17:00:00+03:00,0.03969,0.04069
2025-04-30 19:00:00+03:00,0.04069,0.04108
2025-04-30 21:00:00+03:00,0.04109,0.04114
2025-04-30 23:00:00+03:00,0.04117,0.04116
2025-05-01 01:00:00+03:00,0.04114,0.04117
2025-05-01 03:00:00+03:00,0.04118,0.04142
2025-05-01 05:00:00+03:00,0.04142,0.04094
2025-05-01 07:00:00+03:00,0.04095,0.04127
2025-05-01 09:00:00+03:00,0.04126,0.04164
2025-05-01 11:00:00+03:00,0.04162,0.04188
2025-05-01 13:00:00+03:00,0.04188,0.04207
2025-05-01 15:00:00+03:00,0.04208,0.04178
2025-05-01 17:00:00+03:00,0.04177,0.04205
2025-05-01 19:00:00+03:00,0.04205,0.04206
2025-05-01 21:00:00+03:00,0.04207,0.04227
2025-05-01 23:00:00+03:00,0.04228,0.04242
2025-05-02 01:00:00+03:00,0.04243,0.0426
2025-05-02 03:00:00+03:00,0.0426,0.04268
2025-05-02 05:00:00+03:00,0.04267,0.04277
2025-05-02 07:00:00+03:00,0.04278,0.04232
2025-05-02 09:00:00+03:00,0.04231,0.04203
2025-05-02 11:00:00+03:00,0.04203,0.04223
2025-05-02 13:00:00+03:00,0.04224,0.04224
2025-05-02 15:00:00+03:00,0.04224,0.04253
2025-05-02 17:00:00+03:00,0.04253,0.04234
2025-05-02 19:00:00+03:00,0.04234,0.04231
2025-05-02 21:00:00+03:00,0.0423,0.04196
2025-05-02 23:00:00+03:00,0.04195,0.04216
2025-05-03 01:00:00+03:00,0.04215,0.0425
2025-05-03 03:00:00+03:00,0.0425,0.04192
2025-05-03 05:00:00+03:00,0.04192,0.04199
2025-05-03 07:00:00+03:00,0.042,0.042
2025-05-03 09:00:00+03:00,0.04201,0.04186
2025-05-03 11:00:00+03:00,0.04186,0.04159
2025-05-03 13:00:00+03:00,0.04158,0.04109
2025-05-03 15:00:00+03:00,0.0411,0.04116
2025-05-03 17:00:00+03:00,0.04116,0.0412
2025-05-03 19:00:00+03:00,0.04121,0.04041
2025-05-03 21:00:00+03:00,0.04041,0.04076
2025-05-03 23:00:00+03:00,0.04076,0.04057
2025-05-04 01:00:00+03:00,0.04057,0.04023
2025-05-04 03:00:00+03:00,0.04023,0.04001
2025-05-04 05:00:00+03:00,0.04002,0.03973
2025-05-04 07:00:00+03:00,0.03973,0.03977
2025-05-04 09:00:00+03:00,0.03976,0.03963
2025-05-04 11:00:00+03:00,0.03964,0.03929
2025-05-04 13:00:00+03:00,0.03929,0.03948
2025-05-04 15:00:00+03:00,0.03948,0.0392
2025-05-04 17:00:00+03:00,0.0392,0.03917
2025-05-04 19:00:00+03:00,0.03918,0.03891
2025-05-04 21:00:00+03:00,0.03891,0.0389
2025-05-04 23:00:00+03:00,0.03889,0.03914
2025-05-05 01:00:00+03:00,0.03915,0.03905
2025-05-05 03:00:00+03:00,0.03904,0.03912
2025-05-05 05:00:00+03:00,0.03911,0.03946
2025-05-05 07:00:00+03:00,0.03947,0.03974
2025-05-05 09:00:00+03:00,0.03975,0.03959
2025-05-05 11:00:00+03:00,0.0396,0.03932
2025-05-05 13:00:00+03:00,0.03932,0.03892
2025-05-05 15:00:00+03:00,0.03892,0.039
2025-05-05 17:00:00+03:00,0.03901,0.03897
2025-05-05 19:00:00+03:00,0.03896,0.03956
2025-05-05 21:00:00+03:00,0.03957,0.03932
2025-05-05 23:00:00+03:00,0.03933,0.0394
2025-05-06 01:00:00+03:00,0.03939,0.03932
2025-05-06 03:00:00+03:00,0.0393,0.03921
2025-05-06 05:00:00+03:00,0.0392,0.03957
2025-05-06 07:00:00+03:00,0.03957,0.03943
2025-05-06 09:00:00+03:00,0.03944,0.03927
2025-05-06 11:00:00+03:00,0.03927,0.03892
2025-05-06 13:00:00+03:00,0.03893,0.03824
2025-05-06 15:00:00+03:00,0.03826,0.03819
2025-05-06 17:00:00+03:00,0.03819,0.03825
2025-05-06 19:00:00+03:00,0.03826,0.03834
2025-05-06 21:00:00+03:00,0.03835,0.03844
2025-05-06 23:00:00+03:00,0.03845,0.03793
2025-05-07 01:00:00+03:00,0.03791,0.03882
2025-05-07 03:00:00+03:00,0.03883,0.03947
2025-05-07 05:00:00+03:00,0.03947,0.03914
2025-05-07 07:00:00+03:00,0.03914,0.03906
2025-05-07 09:00:00+03:00,0.03906,0.03937
2025-05-07 11:00:00+03:00,0.03937,0.0394
2025-05-07 13:00:00+03:00,0.0394,0.03943
2025-05-07 15:00:00+03:00,0.03944,0.03888
2025-05-07 17:00:00+03:00,0.03888,0.0385
2025-05-07 19:00:00+03:00,0.03849,0.03849
2025-05-07 21:00:00+03:00,0.03848,0.03862
2025-05-07 23:00:00+03:00,0.03862,0.03887
2025-05-08 01:00:00+03:00,0.03889,0.03928
2025-05-08 03:00:00+03:00,0.03929,0.03985
2025-05-08 05:00:00+03:00,0.03985,0.04085
2025-05-08 07:00:00+03:00,0.04086,0.0411
2025-05-08 09:00:00+03:00,0.04111,0.04138
2025-05-08 11:00:00+03:00,0.04138,0.04162
2025-05-08 13:00:00+03:00,0.04163,0.0417
2025-05-08 15:00:00+03:00,0.0417,0.0418
2025-05-08 17:00:00+03:00,0.04181,0.04244
2025-05-08 19:00:00+03:00,0.04244,0.04277
2025-05-08 21:00:00+03:00,0.04277,0.04305
2025-05-08 23:00:00+03:00,0.04305,0.04404
2025-05-09 01:00:00+03:00,0.04404,0.04414
2025-05-09 03:00:00+03:00,0.04414,0.04506
2025-05-09 05:00:00+03:00,0.04505,0.04425
2025-05-09 07:00:00+03:00,0.04425,0.04475
2025-05-09 09:00:00+03:00,0.04476,0.04556
2025-05-09 11:00:00+03:00,0.04555,0.04544
2025-05-09 13:00:00+03:00,0.04545,0.04582
2025-05-09 15:00:00+03:00,0.04581,0.04606
2025-05-09 17:00:00+03:00,0.04603,0.04547
2025-05-09 19:00:00+03:00,0.04548,0.04593
2025-05-09 21:00:00+03:00,0.04593,0.04543
2025-05-09 23:00:00+03:00,0.04544,0.04587
2025-05-10 01:00:00+03:00,0.04588,0.04627
2025-05-10 03:00:00+03:00,0.04628,0.04602
2025-05-10 05:00:00+03:00,0.04603,0.04641
2025-05-10 07:00:00+03:00,0.04641,0.04657
2025-05-10 09:00:00+03:00,0.04656,0.04753
2025-05-10 11:00:00+03:00,0.04753,0.04734
2025-05-10 13:00:00+03:00,0.04734,0.0464
2025-05-10 15:00:00+03:00,0.0464,0.04702
2025-05-10 17:00:00+03:00,0.04701,0.04644
2025-05-10 19:00:00+03:00,0.04644,0.04741
2025-05-10 21:00:00+03:00,0.04741,0.04772
2025-05-10 23:00:00+03:00,0.0477,0.04825
2025-05-11 01:00:00+03:00,0.04825,0.04937
2025-05-11 03:00:00+03:00,0.04936,0.04839
2025-05-11 05:00:00+03:00,0.04839,0.04926
2025-05-11 07:00:00+03:00,0.04926,0.04905
2025-05-11 09:00:00+03:00,0.04904,0.04741
2025-05-11 11:00:00+03:00,0.04741,0.04792
2025-05-11 13:00:00+03:00,0.04792,0.04833
2025-05-11 15:00:00+03:00,0.04833,0.04714
2025-05-11 17:00:00+03:00,0.04714,0.04759
2025-05-11 19:00:00+03:00,0.04759,0.04796
2025-05-11 21:00:00+03:00,0.04797,0.048
2025-05-11 23:00:00+03:00,0.04801,0.04806
2025-05-12 01:00:00+03:00,0.04807,0.04807
2025-05-12 03:00:00+03:00,0.04808,0.04786
2025-05-12 05:00:00+03:00,0.04787,0.04847
2025-05-12 07:00:00+03:00,0.04848,0.0478
2025-05-12 09:00:00+03:00,0.04781,0.04906
2025-05-12 11:00:00+03:00,0.04906,0.04915
2025-05-12 13:00:00+03:00,0.04915,0.04827
2025-05-12 15:00:00+03:00,0.04826,0.04931
2025-05-12 17:00:00+03:00,0.04932,0.04744
2025-05-12 19:00:00+03:00,0.04744,0.04827
2025-05-12 21:00:00+03:00,0.04828,0.04784
2025-05-12 23:00:00+03:00,0.04784,0.04824
2025-05-13 01:00:00+03:00,0.04824,0.04863
2025-05-13 03:00:00+03:00,0.04863,0.04661
2025-05-13 05:00:00+03:00,0.04662,0.0456
2025-05-13 07:00:00+03:00,0.0456,0.04684
2025-05-13 09:00:00+03:00,0.04684,0.04725
2025-05-13 11:00:00+03:00,0.04725,0.04814
2025-05-13 13:00:00+03:00,0.04815,0.04784
2025-05-13 15:00:00+03:00,0.04784,0.04804
2025-05-13 17:00:00+03:00,0.04803,0.04822
2025-05-13 19:00:00+03:00,0.04823,0.04912
2025-05-13 21:00:00+03:00,0.04913,0.05023
2025-05-13 23:00:00+03:00,0.05022,0.04991
2025-05-14 01:00:00+03:00,0.04992,0.04967
2025-05-14 03:00:00+03:00,0.04967,0.05048
2025-05-14 05:00:00+03:00,0.05048,0.04991
2025-05-14 07:00:00+03:00,0.04991,0.0503
2025-05-14 09:00:00+03:00,0.0503,0.04958
2025-05-14 11:00:00+03:00,0.04957,0.04867
2025-05-14 13:00:00+03:00,0.04867,0.04917
2025-05-14 15:00:00+03:00,0.04917,0.04841
2025-05-14 17:00:00+03:00,0.04843,0.04806
2025-05-14 19:00:00+03:00,0.04806,0.04792
2025-05-14 21:00:00+03:00,0.04793,0.0479
2025-05-14 23:00:00+03:00,0.04791,0.04786
2025-05-15 01:00:00+03:00,0.04786,0.04777
2025-05-15 03:00:00+03:00,0.04778,0.0469
2025-05-15 05:00:00+03:00,0.0469,0.04688
2025-05-15 07:00:00+03:00,0.04688,0.04626
2025-05-15 09:00:00+03:00,0.04627,0.0453
2025-05-15 11:00:00+03:00,0.04529,0.04558
2025-05-15 13:00:00+03:00,0.04558,0.04565
2025-05-15 15:00:00+03:00,0.04565,0.04508
2025-05-15 17:00:00+03:00,0.04509,0.04581
2025-05-15 19:00:00+03:00,0.04582,0.04607
2025-05-15 21:00:00+03:00,0.04606,0.04495
2025-05-15 23:00:00+03:00,0.04496,0.04465
2025-05-16 01:00:00+03:00,0.04464,0.04466
2025-05-16 03:00:00+03:00,0.04466,0.0449
2025-05-16 05:00:00+03:00,0.0449,0.04522
2025-05-16 07:00:00+03:00,0.0452,0.04518
2025-05-16 09:00:00+03:00,0.04518,0.04531
2025-05-16 11:00:00+03:00,0.0453,0.04551
2025-05-16 13:00:00+03:00,0.04552,0.04525
2025-05-16 15:00:00+03:00,0.04524,0.04536
2025-05-16 17:00:00+03:00,0.04535,0.04516
2025-05-16 19:00:00+03:00,0.04517,0.04466
2025-05-16 21:00:00+03:00,0.04465,0.04486
2025-05-16 23:00:00+03:00,0.04485,0.04451
2025-05-17 01:00:00+03:00,0.0445,0.0442
2025-05-17 03:00:00+03:00,0.04419,0.04294
2025-05-17 05:00:00+03:00,0.04294,0.043
2025-05-17 07:00:00+03:00,0.04301,0.04285
2025-05-17 09:00:00+03:00,0.04285,0.04286
2025-05-17 11:00:00+03:00,0.04286,0.04282
2025-05-17 13:00:00+03:00,0.04281,0.04288
2025-05-17 15:00:00+03:00,0.04288,0.04254
2025-05-17 17:00:00+03:00,0.04252,0.04279
2025-05-17 19:00:00+03:00,0.04279,0.04257
2025-05-17 21:00:00+03:00,0.04257,0.04236
2025-05-17 23:00:00+03:00,0.04235,0.04273
2025-05-18 01:00:00+03:00,0.04274,0.04256
2025-05-18 03:00:00+03:00,0.04256,0.0427
2025-05-18 05:00:00+03:00,0.04269,0.04257
2025-05-18 07:00:00+03:00,0.04258,0.04354
2025-05-18 09:00:00+03:00,0.04354,0.04363
2025-05-18 11:00:00+03:00,0.04364,0.04406
2025-05-18 13:00:00+03:00,0.04407,0.04379
2025-05-18 15:00:00+03:00,0.04379,0.0445
2025-05-18 17:00:00+03:00,0.04451,0.04533
2025-05-18 19:00:00+03:00,0.04534,0.04435
2025-05-18 21:00:00+03:00,0.04436,0.04292
2025-05-18 23:00:00+03:00,0.04291,0.0437
2025-05-19 01:00:00+03:00,0.04371,0.04513
2025-05-19 03:00:00+03:00,0.04513,0.04392
2025-05-19 05:00:00+03:00,0.04392,0.0428
2025-05-19 07:00:00+03:00,0.04281,0.04259
2025-05-19 09:00:00+03:00,0.0426,0.04263
2025-05-19 11:00:00+03:00,0.04262,0.04224
2025-05-19 13:00:00+03:00,0.04223,0.04219
2025-05-19 15:00:00+03:00,0.04218,0.04252
2025-05-19 17:00:00+03:00,0.04251,0.04319
2025-05-19 19:00:00+03:00,0.0432,0.04372
2025-05-19 21:00:00+03:00,0.04373,0.04362
2025-05-19 23:00:00+03:00,0.04361,0.04352
2025-05-20 01:00:00+03:00,0.04351,0.04364
2025-05-20 03:00:00+03:00,0.04365,0.04419
2025-05-20 05:00:00+03:00,0.04419,0.04406
2025-05-20 07:00:00+03:00,0.04407,0.04415
2025-05-20 09:00:00+03:00,0.04416,0.04356
2025-05-20 11:00:00+03:00,0.04356,0.04339
2025-05-20 13:00:00+03:00,0.0434,0.04298
2025-05-20 15:00:00+03:00,0.04298,0.0428
2025-05-20 17:00:00+03:00,0.04279,0.04316
2025-05-20 19:00:00+03:00,0.04318,0.04324
2025-05-20 21:00:00+03:00,0.04325,0.04348
2025-05-20 23:00:00+03:00,0.04348,0.04423
2025-05-21 01:00:00+03:00,0.04425,0.04428
2025-05-21 03:00:00+03:00,0.04429,0.0439
2025-05-21 05:00:00+03:00,0.0439,0.04444
2025-05-21 07:00:00+03:00,0.04444,0.04487
2025-05-21 09:00:00+03:00,0.04487,0.04412
2025-05-21 11:00:00+03:00,0.04413,0.04381
2025-05-21 13:00:00+03:00,0.0438,0.04432
2025-05-21 15:00:00+03:00,0.04432,0.04459
2025-05-21 17:00:00+03:00,0.04461,0.04501
2025-05-21 19:00:00+03:00,0.04501,0.04379
2025-05-21 21:00:00+03:00,0.04378,0.04492
2025-05-21 23:00:00+03:00,0.04491,0.04462
2025-05-22 01:00:00+03:00,0.04462,0.04519
2025-05-22 03:00:00+03:00,0.0452,0.04561
2025-05-22 05:00:00+03:00,0.04563,0.04637
2025-05-22 07:00:00+03:00,0.04636,0.04645
2025-05-22 09:00:00+03:00,0.04646,0.04655
2025-05-22 11:00:00+03:00,0.04655,0.04706
2025-05-22 13:00:00+03:00,0.04706,0.04659
2025-05-22 15:00:00+03:00,0.0466,0.04607
2025-05-22 17:00:00+03:00,0.04608,0.04687
2025-05-22 19:00:00+03:00,0.04688,0.04697
2025-05-22 21:00:00+03:00,0.04697,0.04666
2025-05-22 23:00:00+03:00,0.04667,0.04661
2025-05-23 01:00:00+03:00,0.04664,0.04712
2025-05-23 03:00:00+03:00,0.04713,0.04741
2025-05-23 05:00:00+03:00,0.04742,0.04794
2025-05-23 07:00:00+03:00,0.04793,0.04734
2025-05-23 09:00:00+03:00,0.04734,0.04648
2025-05-23 11:00:00+03:00,0.04649,0.04736
2025-05-23 13:00:00+03:00,0.04736,0.04507
2025-05-23 15:00:00+03:00,0.04508,0.04568
2025-05-23 17:00:00+03:00,0.04569,0.04534
2025-05-23 19:00:00+03:00,0.04534,0.04547
2025-05-23 21:00:00+03:00,0.04546,0.04502
2025-05-23 23:00:00+03:00,0.04501,0.04455
2025-05-24 01:00:00+03:00,0.04454,0.04368
2025-05-24 03:00:00+03:00,0.0437,0.0437
2025-05-24 05:00:00+03:00,0.0437,0.04415
2025-05-24 07:00:00+03:00,0.04415,0.04418
2025-05-24 09:00:00+03:00,0.04417,0.04401
2025-05-24 11:00:00+03:00,0.04401,0.04394
2025-05-24 13:00:00+03:00,0.04395,0.0443
2025-05-24 15:00:00+03:00,0.04432,0.04409
2025-05-24 17:00:00+03:00,0.04408,0.04414
2025-05-24 19:00:00+03:00,0.04413,0.04391
2025-05-24 21:00:00+03:00,0.04391,0.04385
2025-05-24 23:00:00+03:00,0.04385,0.04365
2025-05-25 01:00:00+03:00,0.04364,0.04341
2025-05-25 03:00:00+03:00,0.0434,0.04284
2025-05-25 05:00:00+03:00,0.04285,0.04309
2025-05-25 07:00:00+03:00,0.04308,0.04325
2025-05-25 09:00:00+03:00,0.04325,0.0429
2025-05-25 11:00:00+03:00,0.0429,0.04265
2025-05-25 13:00:00+03:00,0.04264,0.04265
2025-05-25 15:00:00+03:00,0.04264,0.04277
2025-05-25 17:00:00+03:00,0.04278,0.04259
2025-05-25 19:00:00+03:00,0.0426,0.04252
2025-05-25 21:00:00+03:00,0.04252,0.04266
2025-05-25 23:00:00+03:00,0.04265,0.04237
2025-05-26 01:00:00+03:00,0.04238,0.04356
2025-05-26 03:00:00+03:00,0.04356,0.04396
2025-05-26 05:00:00+03:00,0.04396,0.04368
2025-05-26 07:00:00+03:00,0.04369,0.04395
2025-05-26 09:00:00+03:00,0.04394,0.04431
2025-05-26 11:00:00+03:00,0.04432,0.04404
2025-05-26 13:00:00+03:00,0.04405,0.04389
2025-05-26 15:00:00+03:00,0.0439,0.04353
2025-05-26 17:00:00+03:00,0.04353,0.04387
2025-05-26 19:00:00+03:00,0.04387,0.04309
2025-05-26 21:00:00+03:00,0.04309,0.04315
2025-05-26 23:00:00+03:00,0.04314,0.04337
2025-05-27 01:00:00+03:00,0.04339,0.04334
2025-05-27 03:00:00+03:00,0.04334,0.04271
2025-05-27 05:00:00+03:00,0.04271,0.04317
2025-05-27 07:00:00+03:00,0.04317,0.04348
2025-05-27 09:00:00+03:00,0.04348,0.04396
2025-05-27 11:00:00+03:00,0.04397,0.04426
2025-05-27 13:00:00+03:00,0.04426,0.04425
2025-05-27 15:00:00+03:00,0.04425,0.04416
2025-05-27 17:00:00+03:00,0.04416,0.04429
2025-05-27 19:00:00+03:00,0.04429,0.04457
2025-05-27 21:00:00+03:00,0.04457,0.04424
2025-05-27 23:00:00+03:00,0.04424,0.04411
2025-05-28 01:00:00+03:00,0.04412,0.04401
2025-05-28 03:00:00+03:00,0.044,0.04404
2025-05-28 05:00:00+03:00,0.04403,0.04451
2025-05-28 07:00:00+03:00,0.04452,0.04428
2025-05-28 09:00:00+03:00,0.04427,0.04378
2025-05-28 11:00:00+03:00,0.04378,0.0435
2025-05-28 13:00:00+03:00,0.04349,0.04406
2025-05-28 15:00:00+03:00,0.04406,0.04398
2025-05-28 17:00:00+03:00,0.04397,0.04327
2025-05-28 19:00:00+03:00,0.04328,0.04345
2025-05-28 21:00:00+03:00,0.04346,0.04257
2025-05-28 23:00:00+03:00,0.04258,0.04338
2025-05-29 01:00:00+03:00,0.04337,0.04409
2025-05-29 03:00:00+03:00,0.04409,0.0445
2025-05-29 05:00:00+03:00,0.04452,0.04449
2025-05-29 07:00:00+03:00,0.04449,0.04374
2025-05-29 09:00:00+03:00,0.04373,0.04389
2025-05-29 11:00:00+03:00,0.0439,0.04382
2025-05-29 13:00:00+03:00,0.04382,0.04379
2025-05-29 15:00:00+03:00,0.04379,0.04311
2025-05-29 17:00:00+03:00,0.04311,0.04301
2025-05-29 19:00:00+03:00,0.04303,0.04301
2025-05-29 21:00:00+03:00,0.04301,0.04266
2025-05-29 23:00:00+03:00,0.04266,0.04299
2025-05-30 01:00:00+03:00,0.04299,0.04237
2025-05-30 03:00:00+03:00,0.04236,0.04116
2025-05-30 05:00:00+03:00,0.04116,0.04107
2025-05-30 07:00:00+03:00,0.04106,0.0411
2025-05-30 09:00:00+03:00,0.0411,0.04041
2025-05-30 11:00:00+03:00,0.04041,0.04036
2025-05-30 13:00:00+03:00,0.04035,0.04039
2025-05-30 15:00:00+03:00,0.04039,0.03997
2025-05-30 17:00:00+03:00,0.03998,0.04
2025-05-30 19:00:00+03:00,0.04001,0.0392
2025-05-30 21:00:00+03:00,0.03921,0.0395
2025-05-30 23:00:00+03:00,0.03951,0.0392
2025-05-31 01:00:00+03:00,0.03921,0.03818
2025-05-31 03:00:00+03:00,0.03817,0.03771
2025-05-31 05:00:00+03:00,0.0377,0.03816
2025-05-31 07:00:00+03:00,0.03817,0.03839
2025-05-31 09:00:00+03:00,0.03839,0.03851
2025-05-31 11:00:00+03:00,0.0385,0.03818
2025-05-31 13:00:00+03:00,0.03817,0.0381
2025-05-31 15:00:00+03:00,0.03811,0.03858
2025-05-31 17:00:00+03:00,0.03858,0.03873
2025-05-31 19:00:00+03:00,0.03874,0.03875
2025-05-31 21:00:00+03:00,0.03874,0.039
2025-05-31 23:00:00+03:00,0.039,0.03934
2025-06-01 01:00:00+03:00,0.03934,0.0389
2025-06-01 03:00:00+03:00,0.03891,0.03864
2025-06-01 05:00:00+03:00,0.03863,0.0389
2025-06-01 07:00:00+03:00,0.0389,0.03924
2025-06-01 09:00:00+03:00,0.03924,0.0391
2025-06-01 11:00:00+03:00,0.03909,0.03858
2025-06-01 13:00:00+03:00,0.03857,0.03855
2025-06-01 15:00:00+03:00,0.03855,0.03881
2025-06-01 17:00:00+03:00,0.03882,0.03924
2025-06-01 19:00:00+03:00,0.03924,0.03956
2025-06-01 21:00:00+03:00,0.03955,0.03943
2025-06-01 23:00:00+03:00,0.03942,0.03952
2025-06-02 01:00:00+03:00,0.03954,0.03953
2025-06-02 03:00:00+03:00,0.03953,0.03943
2025-06-02 05:00:00+03:00,0.03943,0.03909
2025-06-02 07:00:00+03:00,0.03908,0.03914
2025-06-02 09:00:00+03:00,0.03914,0.03955
2025-06-02 11:00:00+03:00,0.03954,0.03907
2025-06-02 13:00:00+03:00,0.03907,0.03924
2025-06-02 15:00:00+03:00,0.03924,0.0394
2025-06-02 17:00:00+03:00,0.03939,0.03945
2025-06-02 19:00:00+03:00,0.03944,0.0395
2025-06-02 21:00:00+03:00,0.0395,0.0392
2025-06-02 23:00:00+03:00,0.03921,0.04006
2025-06-03 01:00:00+03:00,0.04007,0.0402
2025-06-03 03:00:00+03:00,0.04021,0.04067
2025-06-03 05:00:00+03:00,0.04067,0.04014
2025-06-03 07:00:00+03:00,0.04015,0.04045
2025-06-03 09:00:00+03:00,0.04045,0.04029
2025-06-03 11:00:00+03:00,0.0403,0.04035
2025-06-03 13:00:00+03:00,0.04034,0.04043
2025-06-03 15:00:00+03:00,0.04042,0.04061
2025-06-03 17:00:00+03:00,0.04061,0.04027
2025-06-03 19:00:00+03:00,0.04027,0.04046
2025-06-03 21:00:00+03:00,0.04045,0.04033
2025-06-03 23:00:00+03:00,0.04034,0.03967
2025-06-04 01:00:00+03:00,0.03968,0.03992
2025-06-04 03:00:00+03:00,0.03992,0.04038
2025-06-04 05:00:00+03:00,0.04039,0.04046
2025-06-04 07:00:00+03:00,0.04047,0.04034
2025-06-04 09:00:00+03:00,0.04035,0.04017
2025-06-04 11:00:00+03:00,0.04017,0.0401
2025-06-04 13:00:00+03:00,0.04009,0.03963
2025-06-04 15:00:00+03:00,0.03964,0.0394
2025-06-04 17:00:00+03:00,0.0394,0.0399
2025-06-04 19:00:00+03:00,0.03991,0.03943
2025-06-04 21:00:00+03:00,0.03944,0.0392
2025-06-04 23:00:00+03:00,0.0392,0.03906
2025-06-05 01:00:00+03:00,0.03907,0.03896
2025-06-05 03:00:00+03:00,0.03895,0.0389
2025-06-05 05:00:00+03:00,0.03892,0.03896
2025-06-05 07:00:00+03:00,0.03897,0.03873
2025-06-05 09:00:00+03:00,0.03873,0.03902
2025-06-05 11:00:00+03:00,0.03903,0.03905
2025-06-05 13:00:00+03:00,0.03905,0.03897
2025-06-05 15:00:00+03:00,0.03896,0.0387
2025-06-05 17:00:00+03:00,0.03869,0.03885
2025-06-05 19:00:00+03:00,0.03885,0.03847
2025-06-05 21:00:00+03:00,0.03846,0.03726
2025-06-05 23:00:00+03:00,0.03726,0.03676
2025-06-06 01:00:00+03:00,0.03675,0.03669
2025-06-06 03:00:00+03:00,0.03668,0.03692
2025-06-06 05:00:00+03:00,0.03692,0.03729
2025-06-06 07:00:00+03:00,0.03729,0.03738
2025-06-06 09:00:00+03:00,0.03738,0.0373
2025-06-06 11:00:00+03:00,0.03731,0.03734
2025-06-06 13:00:00+03:00,0.03734,0.0374
2025-06-06 15:00:00+03:00,0.0374,0.03802
2025-06-06 17:00:00+03:00,0.03803,0.03795
2025-06-06 19:00:00+03:00,0.03794,0.03763
2025-06-06 21:00:00+03:00,0.03762,0.0374
2025-06-06 23:00:00+03:00,0.0374,0.0373
2025-06-07 01:00:00+03:00,0.03731,0.03711
2025-06-07 03:00:00+03:00,0.03712,0.03734
2025-06-07 05:00:00+03:00,0.03734,0.03764
2025-06-07 07:00:00+03:00,0.03765,0.03793
2025-06-07 09:00:00+03:00,0.03794,0.03833
2025-06-07 11:00:00+03:00,0.03834,0.03814
2025-06-07 13:00:00+03:00,0.03814,0.03816
2025-06-07 15:00:00+03:00,0.03816,0.03842
2025-06-07 17:00:00+03:00,0.03842,0.03818
2025-06-07 19:00:00+03:00,0.03818,0.03785
2025-06-07 21:00:00+03:00,0.03784,0.03797
2025-06-07 23:00:00+03:00,0.03796,0.03811
2025-06-08 01:00:00+03:00,0.03811,0.03806
2025-06-08 03:00:00+03:00,0.03806,0.03794
2025-06-08 05:00:00+03:00,0.03793,0.0378
2025-06-08 07:00:00+03:00,0.0378,0.03774
2025-06-08 09:00:00+03:00,0.03774,0.03765
2025-06-08 11:00:00+03:00,0.03765,0.03753
2025-06-08 13:00:00+03:00,0.03753,0.0379
2025-06-08 15:00:00+03:00,0.03791,0.03779
2025-06-08 17:00:00+03:00,0.0378,0.03797
2025-06-08 19:00:00+03:00,0.03797,0.0382
2025-06-08 21:00:00+03:00,0.03821,0.03852
2025-06-08 23:00:00+03:00,0.03852,0.03848
2025-06-09 01:00:00+03:00,0.03848,0.03808
2025-06-09 03:00:00+03:00,0.03809,0.03797
2025-06-09 05:00:00+03:00,0.03797,0.03793
2025-06-09 07:00:00+03:00,0.03792,0.03726
2025-06-09 09:00:00+03:00,0.03726,0.03749
2025-06-09 11:00:00+03:00,0.03749,0.03795
2025-06-09 13:00:00+03:00,0.03796,0.03827
2025-06-09 15:00:00+03:00,0.03827,0.03793
2025-06-09 17:00:00+03:00,0.03793,0.03823
2025-06-09 19:00:00+03:00,0.03823,0.03849
2025-06-09 21:00:00+03:00,0.03849,0.03846
2025-06-09 23:00:00+03:00,0.03845,0.03925
2025-06-10 01:00:00+03:00,0.03926,0.0395
2025-06-10 03:00:00+03:00,0.03951,0.03974
2025-06-10 05:00:00+03:00,0.03973,0.03951
2025-06-10 07:00:00+03:00,0.03951,0.03909
2025-06-10 09:00:00+03:00,0.03909,0.03928
2025-06-10 11:00:00+03:00,0.03928,0.0393
2025-06-10 13:00:00+03:00,0.03929,0.04011
2025-06-10 15:00:00+03:00,0.04011,0.03971
2025-06-10 17:00:00+03:00,0.03971,0.03944
2025-06-10 19:00:00+03:00,0.03945,0.03939
2025-06-10 21:00:00+03:00,0.0394,0.03991
2025-06-10 23:00:00+03:00,0.03992,0.04016
2025-06-11 01:00:00+03:00,0.04016,0.04057
2025-06-11 03:00:00+03:00,0.04057,0.04011
2025-06-11 05:00:00+03:00,0.04011,0.04051
2025-06-11 07:00:00+03:00,0.04051,0.04042
2025-06-11 09:00:00+03:00,0.04042,0.04048
2025-06-11 11:00:00+03:00,0.04048,0.03999
2025-06-11 13:00:00+03:00,0.04,0.03993
2025-06-11 15:00:00+03:00,0.03992,0.04024
2025-06-11 17:00:00+03:00,0.04026,0.04053
2025-06-11 19:00:00+03:00,0.04053,0.04002
2025-06-11 21:00:00+03:00,0.04001,0.03961
2025-06-11 23:00:00+03:00,0.03961,0.03916
2025-06-12 01:00:00+03:00,0.03914,0.03928
2025-06-12 03:00:00+03:00,0.0393,0.03903
2025-06-12 05:00:00+03:00,0.03903,0.03843
2025-06-12 07:00:00+03:00,0.03844,0.03854
2025-06-12 09:00:00+03:00,0.03854,0.03833
2025-06-12 11:00:00+03:00,0.03833,0.03826
2025-06-12 13:00:00+03:00,0.03827,0.03773
2025-06-12 15:00:00+03:00,0.03773,0.03821
2025-06-12 17:00:00+03:00,0.03821,0.03776
2025-06-12 19:00:00+03:00,0.03776,0.03837
2025-06-12 21:00:00+03:00,0.03838,0.03754
2025-06-12 23:00:00+03:00,0.03753,0.03716
2025-06-13 01:00:00+03:00,0.03717,0.03722
2025-06-13 03:00:00+03:00,0.03722,0.03501
2025-06-13 05:00:00+03:00,0.035,0.03601
2025-06-13 07:00:00+03:00,0.03601,0.03575
2025-06-13 09:00:00+03:00,0.03576,0.0359
2025-06-13 11:00:00+03:00,0.03589,0.03566
2025-06-13 13:00:00+03:00,0.03566,0.03602
2025-06-13 15:00:00+03:00,0.03602,0.03559
2025-06-13 17:00:00+03:00,0.03559,0.03603
2025-06-13 19:00:00+03:00,0.03603,0.0364
2025-06-13 21:00:00+03:00,0.03639,0.03601
2025-06-13 23:00:00+03:00,0.03599,0.03634
2025-06-14 01:00:00+03:00,0.03636,0.03653
2025-06-14 03:00:00+03:00,0.03654,0.03618
2025-06-14 05:00:00+03:00,0.03618,0.03628
2025-06-14 07:00:00+03:00,0.03628,0.03633
2025-06-14 09:00:00+03:00,0.03633,0.03627
2025-06-14 11:00:00+03:00,0.03627,0.03625
2025-06-14 13:00:00+03:00,0.03626,0.03651
2025-06-14 15:00:00+03:00,0.03649,0.03658
2025-06-14 17:00:00+03:00,0.03659,0.03631
2025-06-14 19:00:00+03:00,0.03631,0.03614
2025-06-14 21:00:00+03:00,0.03614,0.03575
2025-06-14 23:00:00+03:00,0.03576,0.03622
2025-06-15 01:00:00+03:00,0.03622,0.03631
2025-06-15 03:00:00+03:00,0.0363,0.03642
2025-06-15 05:00:00+03:00,0.03642,0.03645
2025-06-15 07:00:00+03:00,0.03646,0.03662
2025-06-15 09:00:00+03:00,0.03662,0.03624
2025-06-15 11:00:00+03:00,0.03623,0.036
2025-06-15 13:00:00+03:00,0.036,0.03617
2025-06-15 15:00:00+03:00,0.03616,0.03628
2025-06-15 17:00:00+03:00,0.03629,0.03636
2025-06-15 19:00:00+03:00,0.03636,0.03623
2025-06-15 21:00:00+03:00,0.03623,0.03599
2025-06-15 23:00:00+03:00,0.036,0.03589
2025-06-16 01:00:00+03:00,0.03588,0.03623
2025-06-16 03:00:00+03:00,0.03624,0.03646
2025-06-16 05:00:00+03:00,0.03646,0.03635
2025-06-16 07:00:00+03:00,0.03636,0.03669
2025-06-16 09:00:00+03:00,0.03669,0.03689
2025-06-16 11:00:00+03:00,0.0369,0.03711
2025-06-16 13:00:00+03:00,0.03712,0.03721
2025-06-16 15:00:00+03:00,0.03721,0.03735
2025-06-16 17:00:00+03:00,0.03736,0.03742
2025-06-16 19:00:00+03:00,0.03742,0.03741
2025-06-16 21:00:00+03:00,0.03741,0.03761
2025-06-16 23:00:00+03:00,0.03761,0.03775
2025-06-17 01:00:00+03:00,0.03777,0.03666
2025-06-17 03:00:00+03:00,0.03666,0.03685
2025-06-17 05:00:00+03:00,0.03686,0.03696
2025-06-17 07:00:00+03:00,0.03696,0.03663
2025-06-17 09:00:00+03:00,0.03663,0.03626
2025-06-17 11:00:00+03:00,0.03626,0.03611
2025-06-17 13:00:00+03:00,0.03611,0.03602
2025-06-17 15:00:00+03:00,0.03602,0.03609
2025-06-17 17:00:00+03:00,0.0361,0.03552
2025-06-17 19:00:00+03:00,0.03552,0.03515
2025-06-17 21:00:00+03:00,0.03513,0.03563
2025-06-17 23:00:00+03:00,0.03563,0.0352
2025-06-18 01:00:00+03:00,0.0352,0.0352
2025-06-18 03:00:00+03:00,0.0352,0.03531
2025-06-18 05:00:00+03:00,0.03532,0.03532
2025-06-18 07:00:00+03:00,0.03531,0.03545
2025-06-18 09:00:00+03:00,0.03544,0.03541
2025-06-18 11:00:00+03:00,0.03542,0.0352
2025-06-18 13:00:00+03:00,0.0352,0.03499
2025-06-18 15:00:00+03:00,0.03499,0.03476
2025-06-18 17:00:00+03:00,0.03476,0.03498
2025-06-18 19:00:00+03:00,0.03498,0.03504
2025-06-18 21:00:00+03:00,0.03504,0.03459
2025-06-18 23:00:00+03:00,0.0346,0.03545
2025-06-19 01:00:00+03:00,0.03546,0.03526
2025-06-19 03:00:00+03:00,0.03526,0.03514
2025-06-19 05:00:00+03:00,0.03515,0.03536
2025-06-19 07:00:00+03:00,0.03537,0.03514
2025-06-19 09:00:00+03:00,0.03513,0.03495
2025-06-19 11:00:00+03:00,0.03495,0.03513
2025-06-19 13:00:00+03:00,0.03513,0.03499
2025-06-19 15:00:00+03:00,0.03499,0.03487
2025-06-19 17:00:00+03:00,0.03486,0.03478
2025-06-19 19:00:00+03:00,0.03477,0.03495
2025-06-19 21:00:00+03:00,0.03495,0.0349
2025-06-19 23:00:00+03:00,0.03491,0.03493
2025-06-20 01:00:00+03:00,0.03493,0.03512
2025-06-20 03:00:00+03:00,0.03511,0.03536
2025-06-20 05:00:00+03:00,0.03536,0.03512
2025-06-20 07:00:00+03:00,0.03512,0.035
2025-06-20 09:00:00+03:00,0.035,0.03558
2025-06-20 11:00:00+03:00,0.03558,0.03553
2025-06-20 13:00:00+03:00,0.03551,0.03578
2025-06-20 15:00:00+03:00,0.03577,0.03577
2025-06-20 17:00:00+03:00,0.03578,0.03506
2025-06-20 19:00:00+03:00,0.03506,0.03426
2025-06-20 21:00:00+03:00,0.03425,0.03434
2025-06-20 23:00:00+03:00,0.03433,0.03437
2025-06-21 01:00:00+03:00,0.03437,0.03431
2025-06-21 03:00:00+03:00,0.03432,0.03466
2025-06-21 05:00:00+03:00,0.03467,0.03469
2025-06-21 07:00:00+03:00,0.0347,0.03475
2025-06-21 09:00:00+03:00,0.03477,0.03474
2025-06-21 11:00:00+03:00,0.03473,0.03474
2025-06-21 13:00:00+03:00,0.03474,0.03456
2025-06-21 15:00:00+03:00,0.03457,0.03415
2025-06-21 17:00:00+03:00,0.03415,0.03408
2025-06-21 19:00:00+03:00,0.03407,0.03368
2025-06-21 21:00:00+03:00,0.03368,0.03333
2025-06-21 23:00:00+03:00,0.03332,0.03247
2025-06-22 01:00:00+03:00,0.03246,0.03287
2025-06-22 03:00:00+03:00,0.03288,0.03262
2025-06-22 05:00:00+03:00,0.03263,0.0324
2025-06-22 07:00:00+03:00,0.03241,0.03267
2025-06-22 09:00:00+03:00,0.03267,0.03268
2025-06-22 11:00:00+03:00,0.03268,0.03213
2025-06-22 13:00:00+03:00,0.03211,0.03257
2025-06-22 15:00:00+03:00,0.03257,0.0317
2025-06-22 17:00:00+03:00,0.0317,0.03157
2025-06-22 19:00:00+03:00,0.03157,0.03172
2025-06-22 21:00:00+03:00,0.03172,0.03148
2025-06-22 23:00:00+03:00,0.03148,0.03156
2025-06-23 01:00:00+03:00,0.03156,0.03223
2025-06-23 03:00:00+03:00,0.03222,0.03231
2025-06-23 05:00:00+03:00,0.03232,0.03227
2025-06-23 07:00:00+03:00,0.03228,0.03268
2025-06-23 09:00:00+03:00,0.03269,0.03274
2025-06-23 11:00:00+03:00,0.03274,0.03269
2025-06-23 13:00:00+03:00,0.0327,0.03264
2025-06-23 15:00:00+03:00,0.03265,0.03331
2025-06-23 17:00:00+03:00,0.03331,0.03278
2025-06-23 19:00:00+03:00,0.03278,0.03337
2025-06-23 21:00:00+03:00,0.03337,0.03389
2025-06-23 23:00:00+03:00,0.03388,0.03426
2025-06-24 01:00:00+03:00,0.03427,0.0351
2025-06-24 03:00:00+03:00,0.0351,0.03523
2025-06-24 05:00:00+03:00,0.03523,0.03506
2025-06-24 07:00:00+03:00,0.03505,0.03561
2025-06-24 09:00:00+03:00,0.0356,0.03532
2025-06-24 11:00:00+03:00,0.03532,0.03541
2025-06-24 13:00:00+03:00,0.03542,0.03521
2025-06-24 15:00:00+03:00,0.03522,0.03517
2025-06-24 17:00:00+03:00,0.03517,0.03518
2025-06-24 19:00:00+03:00,0.03517,0.0355
2025-06-24 21:00:00+03:00,0.0355,0.03528
2025-06-24 23:00:00+03:00,0.03528,0.03551
2025-06-25 01:00:00+03:00,0.0355,0.03565
2025-06-25 03:00:00+03:00,0.03565,0.03549
2025-06-25 05:00:00+03:00,0.03549,0.03574
2025-06-25 07:00:00+03:00,0.03573,0.03578
2025-06-25 09:00:00+03:00,0.03579,0.03611
2025-06-25 11:00:00+03:00,0.0361,0.03551
2025-06-25 13:00:00+03:00,0.03551,0.03572
2025-06-25 15:00:00+03:00,0.03572,0.03612
2025-06-25 17:00:00+03:00,0.03613,0.03504
2025-06-25 19:00:00+03:00,0.03505,0.03511
2025-06-25 21:00:00+03:00,0.0351,0.03525
2025-06-25 23:00:00+03:00,0.03525,0.03574
2025-06-26 01:00:00+03:00,0.03575,0.03576
2025-06-26 03:00:00+03:00,0.03577,0.03726
2025-06-26 05:00:00+03:00,0.03727,0.03622
2025-06-26 07:00:00+03:00,0.03623,0.03576
2025-06-26 09:00:00+03:00,0.03577,0.03545
2025-06-26 11:00:00+03:00,0.03545,0.03511
2025-06-26 13:00:00+03:00,0.0351,0.03496
2025-06-26 15:00:00+03:00,0.03498,0.03423
2025-06-26 17:00:00+03:00,0.03422,0.03424
2025-06-26 19:00:00+03:00,0.03425,0.034
2025-06-26 21:00:00+03:00,0.03401,0.03424
2025-06-26 23:00:00+03:00,0.03424,0.03421
2025-06-27 01:00:00+03:00,0.0342,0.03403
2025-06-27 03:00:00+03:00,0.03403,0.03419
2025-06-27 05:00:00+03:00,0.0342,0.03453
2025-06-27 07:00:00+03:00,0.03454,0.03431
2025-06-27 09:00:00+03:00,0.03432,0.03431
2025-06-27 11:00:00+03:00,0.03432,0.03451
2025-06-27 13:00:00+03:00,0.03451,0.03448
2025-06-27 15:00:00+03:00,0.03448,0.0344
2025-06-27 17:00:00+03:00,0.0344,0.03459
2025-06-27 19:00:00+03:00,0.0346,0.03431
2025-06-27 21:00:00+03:00,0.0343,0.03406
2025-06-27 23:00:00+03:00,0.03406,0.03443
2025-06-28 01:00:00+03:00,0.03443,0.03462
2025-06-28 03:00:00+03:00,0.03462,0.03474
2025-06-28 05:00:00+03:00,0.03475,0.03481
2025-06-28 07:00:00+03:00,0.0348,0.03484
2025-06-28 09:00:00+03:00,0.03484,0.03495
2025-06-28 11:00:00+03:00,0.03496,0.03498
2025-06-28 13:00:00+03:00,0.03498,0.03482
2025-06-28 15:00:00+03:00,0.03482,0.03472
2025-06-28 17:00:00+03:00,0.03473,0.035
2025-06-28 19:00:00+03:00,0.03501,0.03523
2025-06-28 21:00:00+03:00,0.03524,0.03512
2025-06-28 23:00:00+03:00,0.03512,0.03529
2025-06-29 01:00:00+03:00,0.0353,0.03531
2025-06-29 03:00:00+03:00,0.03531,0.03527
2025-06-29 05:00:00+03:00,0.03526,0.03517
2025-06-29 07:00:00+03:00,0.03517,0.03535
2025-06-29 09:00:00+03:00,0.03534,0.0353
2025-06-29 11:00:00+03:00,0.0353,0.03538
2025-06-29 13:00:00+03:00,0.03538,0.03539
2025-06-29 15:00:00+03:00,0.0354,0.0354
2025-06-29 17:00:00+03:00,0.0354,0.03517
2025-06-29 19:00:00+03:00,0.03518,0.03534
2025-06-29 21:00:00+03:00,0.03534,0.03545
2025-06-29 23:00:00+03:00,0.03544,0.03568
2025-06-30 01:00:00+03:00,0.03569,0.03657
2025-06-30 03:00:00+03:00,0.03656,0.03603
2025-06-30 05:00:00+03:00,0.03604,0.03593
2025-06-30 07:00:00+03:00,0.03593,0.03597
2025-06-30 09:00:00+03:00,0.03597,0.03584
2025-06-30 11:00:00+03:00,0.03583,0.03543
2025-06-30 13:00:00+03:00,0.03542,0.03545
2025-06-30 15:00:00+03:00,0.03547,0.03495
2025-06-30 17:00:00+03:00,0.03495,0.0351
2025-06-30 19:00:00+03:00,0.0351,0.03518
2025-06-30 21:00:00+03:00,0.03518,0.03553
2025-06-30 23:00:00+03:00,0.03554,0.03513
2025-07-01 01:00:00+03:00,0.03514,0.03517
2025-07-01 03:00:00+03:00,0.03518,0.03492
2025-07-01 05:00:00+03:00,0.03491,0.03498
2025-07-01 07:00:00+03:00,0.03498,0.03455
2025-07-01 09:00:00+03:00,0.03455,0.03461
2025-07-01 11:00:00+03:00,0.03461,0.03448
2025-07-01 13:00:00+03:00,0.03447,0.03419
2025-07-01 15:00:00+03:00,0.03419,0.03424
2025-07-01 17:00:00+03:00,0.03424,0.03417
2025-07-01 19:00:00+03:00,0.03417,0.0341
2025-07-01 21:00:00+03:00,0.03412,0.03385
2025-07-01 23:00:00+03:00,0.03384,0.03405
2025-07-02 01:00:00+03:00,0.03404,0.03386
2025-07-02 03:00:00+03:00,0.03387,0.03378
2025-07-02 05:00:00+03:00,0.03379,0.03386
2025-07-02 07:00:00+03:00,0.03386,0.03439
2025-07-02 09:00:00+03:00,0.03439,0.03443
2025-07-02 11:00:00+03:00,0.03443,0.03435
2025-07-02 13:00:00+03:00,0.03435,0.03448
2025-07-02 15:00:00+03:00,0.03448,0.03484
2025-07-02 17:00:00+03:00,0.03484,0.03555
2025-07-02 19:00:00+03:00,0.03556,0.03666
2025-07-02 21:00:00+03:00,0.03667,0.03689
2025-07-02 23:00:00+03:00,0.03689,0.0369
2025-07-03 01:00:00+03:00,0.03691,0.0365
2025-07-03 03:00:00+03:00,0.0365,0.03687
2025-07-03 05:00:00+03:00,0.03686,0.03662
2025-07-03 07:00:00+03:00,0.03661,0.03708
2025-07-03 09:00:00+03:00,0.03707,0.03714
2025-07-03 11:00:00+03:00,0.03713,0.03703
2025-07-03 13:00:00+03:00,0.03703,0.03684
2025-07-03 15:00:00+03:00,0.03682,0.03703
2025-07-03 17:00:00+03:00,0.03703,0.03621
2025-07-03 19:00:00+03:00,0.03621,0.03646
2025-07-03 21:00:00+03:00,0.03646,0.03653
2025-07-03 23:00:00+03:00,0.03654,0.03674
2025-07-04 01:00:00+03:00,0.03673,0.0366
2025-07-04 03:00:00+03:00,0.0366,0.03653
2025-07-04 05:00:00+03:00,0.03652,0.03616
2025-07-04 07:00:00+03:00,0.03617,0.03602
2025-07-04 09:00:00+03:00,0.03603,0.03578
2025-07-04 11:00:00+03:00,0.03578,0.03562
2025-07-04 13:00:00+03:00,0.03563,0.03559
2025-07-04 15:00:00+03:00,0.0356,0.03514
2025-07-04 17:00:00+03:00,0.03513,0.03512
2025-07-04 19:00:00+03:00,0.03511,0.0346
2025-07-04 21:00:00+03:00,0.0346,0.03456
2025-07-04 23:00:00+03:00,0.03457,0.03475
2025-07-05 01:00:00+03:00,0.03475,0.03487
2025-07-05 03:00:00+03:00,0.03486,0.03495
2025-07-05 05:00:00+03:00,0.03494,0.03488
2025-07-05 07:00:00+03:00,0.03488,0.03502
2025-07-05 09:00:00+03:00,0.03502,0.0351
2025-07-05 11:00:00+03:00,0.03511,0.03508
2025-07-05 13:00:00+03:00,0.03506,0.03495
2025-07-05 15:00:00+03:00,0.03495,0.03475
2025-07-05 17:00:00+03:00,0.03474,0.03474
2025-07-05 19:00:00+03:00,0.03474,0.03459
2025-07-05 21:00:00+03:00,0.03458,0.03466
2025-07-05 23:00:00+03:00,0.03466,0.03501
2025-07-06 01:00:00+03:00,0.03501,0.03507
2025-07-06 03:00:00+03:00,0.03507,0.035
2025-07-06 05:00:00+03:00,0.035,0.03493
2025-07-06 07:00:00+03:00,0.03493,0.03482
2025-07-06 09:00:00+03:00,0.03484,0.03499
2025-07-06 11:00:00+03:00,0.03499,0.0349
2025-07-06 13:00:00+03:00,0.03492,0.03506
2025-07-06 15:00:00+03:00,0.03507,0.03568
2025-07-06 17:00:00+03:00,0.03569,0.03556
2025-07-06 19:00:00+03:00,0.03557,0.0357
2025-07-06 21:00:00+03:00,0.03571,0.03565
2025-07-06 23:00:00+03:00,0.03564,0.03601
2025-07-07 01:00:00+03:00,0.03602,0.0357
2025-07-07 03:00:00+03:00,0.03569,0.03573
2025-07-07 05:00:00+03:00,0.03572,0.0359
2025-07-07 07:00:00+03:00,0.03591,0.03579
2025-07-07 09:00:00+03:00,0.03578,0.03606
2025-07-07 11:00:00+03:00,0.03606,0.03585
2025-07-07 13:00:00+03:00,0.03584,0.03558
2025-07-07 15:00:00+03:00,0.03558,0.03586
2025-07-07 17:00:00+03:00,0.03586,0.03545
2025-07-07 19:00:00+03:00,0.03546,0.03532
2025-07-07 21:00:00+03:00,0.03533,0.03534
2025-07-07 23:00:00+03:00,0.03533,0.03509
2025-07-08 01:00:00+03:00,0.0351,0.03516
2025-07-08 03:00:00+03:00,0.03515,0.03471
2025-07-08 05:00:00+03:00,0.0347,0.03469
2025-07-08 07:00:00+03:00,0.03469,0.03485
2025-07-08 09:00:00+03:00,0.03484,0.03487
2025-07-08 11:00:00+03:00,0.03487,0.03494
2025-07-08 13:00:00+03:00,0.03493,0.03524
2025-07-08 15:00:00+03:00,0.03525,0.03534
2025-07-08 17:00:00+03:00,0.03535,0.03499
2025-07-08 19:00:00+03:00,0.035,0.03572
2025-07-08 21:00:00+03:00,0.03573,0.03579
2025-07-08 23:00:00+03:00,0.03579,0.03581
2025-07-09 01:00:00+03:00,0.03582,0.03583
2025-07-09 03:00:00+03:00,0.03583,0.03553
2025-07-09 05:00:00+03:00,0.03554,0.03566
2025-07-09 07:00:00+03:00,0.03566,0.03595
2025-07-09 09:00:00+03:00,0.03597,0.03633
2025-07-09 11:00:00+03:00,0.03633,0.03641
2025-07-09 13:00:00+03:00,0.0364,0.03656
2025-07-09 15:00:00+03:00,0.03657,0.03659
2025-07-09 17:00:00+03:00,0.03659,0.03655
2025-07-09 19:00:00+03:00,0.03655,0.03667
2025-07-09 21:00:00+03:00,0.03667,0.03752
2025-07-09 23:00:00+03:00,0.03753,0.03784
2025-07-10 01:00:00+03:00,0.03785,0.03773
2025-07-10 03:00:00+03:00,0.03773,0.03765
2025-07-10 05:00:00+03:00,0.03765,0.03787
2025-07-10 07:00:00+03:00,0.03786,0.0376
2025-07-10 09:00:00+03:00,0.0376,0.03775
2025-07-10 11:00:00+03:00,0.03774,0.03773
2025-07-10 13:00:00+03:00,0.03773,0.03761
2025-07-10 15:00:00+03:00,0.03761,0.0378
2025-07-10 17:00:00+03:00,0.03779,0.03766
2025-07-10 19:00:00+03:00,0.03767,0.03875
2025-07-10 21:00:00+03:00,0.03875,0.03842
2025-07-10 23:00:00+03:00,0.03842,0.03957
2025-07-11 01:00:00+03:00,0.03957,0.03989
2025-07-11 03:00:00+03:00,0.03989,0.0402
2025-07-11 05:00:00+03:00,0.04019,0.04036
2025-07-11 07:00:00+03:00,0.04036,0.04093
2025-07-11 09:00:00+03:00,0.04092,0.04015
2025-07-11 11:00:00+03:00,0.04016,0.04074
2025-07-11 13:00:00+03:00,0.04073,0.04044
2025-07-11 15:00:00+03:00,0.04045,0.041
2025-07-11 17:00:00+03:00,0.04101,0.04041
2025-07-11 19:00:00+03:00,0.04041,0.04125
2025-07-11 21:00:00+03:00,0.04125,0.04123
2025-07-11 23:00:00+03:00,0.04123,0.04015
2025-07-12 01:00:00+03:00,0.04015,0.03991
2025-07-12 03:00:00+03:00,0.0399,0.04019
2025-07-12 05:00:00+03:00,0.04019,0.0403
2025-07-12 07:00:00+03:00,0.0403,0.04005
2025-07-12 09:00:00+03:00,0.04005,0.04064
2025-07-12 11:00:00+03:00,0.04063,0.04057
2025-07-12 13:00:00+03:00,0.04057,0.04041
2025-07-12 15:00:00+03:00,0.04042,0.03977
2025-07-12 17:00:00+03:00,0.03978,0.03884
2025-07-12 19:00:00+03:00,0.03885,0.03956
2025-07-12 21:00:00+03:00,0.03956,0.03961
2025-07-12 23:00:00+03:00,0.03962,0.0396
2025-07-13 01:00:00+03:00,0.0396,0.03979
2025-07-13 03:00:00+03:00,0.0398,0.03983
2025-07-13 05:00:00+03:00,0.03982,0.03971
2025-07-13 07:00:00+03:00,0.03971,0.03992
2025-07-13 09:00:00+03:00,0.03991,0.04045
2025-07-13 11:00:00+03:00,0.04045,0.04015
2025-07-13 13:00:00+03:00,0.04016,0.04043
2025-07-13 15:00:00+03:00,0.04043,0.04081
2025-07-13 17:00:00+03:00,0.04081,0.04122
2025-07-13 19:00:00+03:00,0.04122,0.04091
2025-07-13 21:00:00+03:00,0.04091,0.04098
2025-07-13 23:00:00+03:00,0.04098,0.04052
2025-07-14 01:00:00+03:00,0.04051,0.0407
2025-07-14 03:00:00+03:00,0.04069,0.04094
2025-07-14 05:00:00+03:00,0.04094,0.0417
2025-07-14 07:00:00+03:00,0.04171,0.04158
2025-07-14 09:00:00+03:00,0.04159,0.04176
2025-07-14 11:00:00+03:00,0.04177,0.04154
2025-07-14 13:00:00+03:00,0.04153,0.04134
2025-07-14 15:00:00+03:00,0.04133,0.04144
2025-07-14 17:00:00+03:00,0.04143,0.04045
2025-07-14 19:00:00+03:00,0.04046,0.04061
2025-07-14 21:00:00+03:00,0.04061,0.04011
2025-07-14 23:00:00+03:00,0.04011,0.0403
2025-07-15 01:00:00+03:00,0.0403,0.04029
2025-07-15 03:00:00+03:00,0.04029,0.03956
2025-07-15 05:00:00+03:00,0.03955,0.03896
2025-07-15 07:00:00+03:00,0.03896,0.03933
2025-07-15 09:00:00+03:00,0.03933,0.03917
2025-07-15 11:00:00+03:00,0.03918,0.03916
2025-07-15 13:00:00+03:00,0.03916,0.03942
2025-07-15 15:00:00+03:00,0.03942,0.03988
2025-07-15 17:00:00+03:00,0.03988,0.0399
2025-07-15 19:00:00+03:00,0.03993,0.04098
2025-07-15 21:00:00+03:00,0.04099,0.04025
2025-07-15 23:00:00+03:00,0.04025,0.04078
2025-07-16 01:00:00+03:00,0.04079,0.04136
2025-07-16 03:00:00+03:00,0.04136,0.04151
2025-07-16 05:00:00+03:00,0.04151,0.04089
2025-07-16 07:00:00+03:00,0.0409,0.04124
2025-07-16 09:00:00+03:00,0.04124,0.04154
2025-07-16 11:00:00+03:00,0.04154,0.04119
2025-07-16 13:00:00+03:00,0.0412,0.04111
2025-07-16 15:00:00+03:00,0.04112,0.04128
2025-07-16 17:00:00+03:00,0.04128,0.0414
2025-07-16 19:00:00+03:00,0.04141,0.04217
2025-07-16 21:00:00+03:00,0.04217,0.04217
2025-07-16 23:00:00+03:00,0.04216,0.04285
2025-07-17 01:00:00+03:00,0.04286,0.0421
2025-07-17 03:00:00+03:00,0.04208,0.04138
2025-07-17 05:00:00+03:00,0.04137,0.04122
2025-07-17 07:00:00+03:00,0.04121,0.04182
2025-07-17 09:00:00+03:00,0.04181,0.04201
2025-07-17 11:00:00+03:00,0.042,0.04254
2025-07-17 13:00:00+03:00,0.04254,0.04224
2025-07-17 15:00:00+03:00,0.04225,0.04218
2025-07-17 17:00:00+03:00,0.04217,0.04211
2025-07-17 19:00:00+03:00,0.0421,0.0421
2025-07-17 21:00:00+03:00,0.04212,0.04154
2025-07-17 23:00:00+03:00,0.04155,0.04229
2025-07-18 01:00:00+03:00,0.04229,0.04253
2025-07-18 03:00:00+03:00,0.04254,0.04369
2025-07-18 05:00:00+03:00,0.04369,0.04382
2025-07-18 07:00:00+03:00,0.04382,0.04519
2025-07-18 09:00:00+03:00,0.04519,0.04423
2025-07-18 11:00:00+03:00,0.04422,0.0446
2025-07-18 13:00:00+03:00,0.0446,0.04412
2025-07-18 15:00:00+03:00,0.04413,0.04444
2025-07-18 17:00:00+03:00,0.04445,0.04292
2025-07-18 19:00:00+03:00,0.04293,0.04337
2025-07-18 21:00:00+03:00,0.04337,0.04299
2025-07-18 23:00:00+03:00,0.04299,0.04256
2025-07-19 01:00:00+03:00,0.04257,0.04244
2025-07-19 03:00:00+03:00,0.04247,0.04217
2025-07-19 05:00:00+03:00,0.04218,0.04311
2025-07-19 07:00:00+03:00,0.04311,0.0431
2025-07-19 09:00:00+03:00,0.04309,0.04279
2025-07-19 11:00:00+03:00,0.04279,0.04265
2025-07-19 13:00:00+03:00,0.04267,0.04234
2025-07-19 15:00:00+03:00,0.04234,0.04218
2025-07-19 17:00:00+03:00,0.0422,0.04198
2025-07-19 19:00:00+03:00,0.04198,0.04232
2025-07-19 21:00:00+03:00,0.04229,0.04353
2025-07-19 23:00:00+03:00,0.04352,0.04332
2025-07-20 01:00:00+03:00,0.04334,0.0437
2025-07-20 03:00:00+03:00,0.0437,0.0436
2025-07-20 05:00:00+03:00,0.04359,0.04378
2025-07-20 07:00:00+03:00,0.04379,0.04422
2025-07-20 09:00:00+03:00,0.04421,0.0444
2025-07-20 11:00:00+03:00,0.04441,0.04465
2025-07-20 13:00:00+03:00,0.04467,0.04475
2025-07-20 15:00:00+03:00,0.04476,0.04526
2025-07-20 17:00:00+03:00,0.04526,0.04556
2025-07-20 19:00:00+03:00,0.04556,0.04552
2025-07-20 21:00:00+03:00,0.04553,0.04573
2025-07-20 23:00:00+03:00,0.04573,0.04593
2025-07-21 01:00:00+03:00,0.04594,0.04543
2025-07-21 03:00:00+03:00,0.04544,0.04528
2025-07-21 05:00:00+03:00,0.0453,0.04632
2025-07-21 07:00:00+03:00,0.04633,0.04621
2025-07-21 09:00:00+03:00,0.04622,0.04638
2025-07-21 11:00:00+03:00,0.04638,0.04638
2025-07-21 13:00:00+03:00,0.04638,0.04644
2025-07-21 15:00:00+03:00,0.04645,0.04658
2025-07-21 17:00:00+03:00,0.04659,0.04644
2025-07-21 19:00:00+03:00,0.04645,0.04624
2025-07-21 21:00:00+03:00,0.04624,0.04555
2025-07-21 23:00:00+03:00,0.04557,0.04597
2025-07-22 01:00:00+03:00,0.04596,0.04631
2025-07-22 03:00:00+03:00,0.04632,0.04642
2025-07-22 05:00:00+03:00,0.04643,0.04532
2025-07-22 07:00:00+03:00,0.04532,0.04447
2025-07-22 09:00:00+03:00,0.0445,0.04465
2025-07-22 11:00:00+03:00,0.04464,0.0446
2025-07-22 13:00:00+03:00,0.0446,0.04512
2025-07-22 15:00:00+03:00,0.04513,0.04472
2025-07-22 17:00:00+03:00,0.0447,0.04535
2025-07-22 19:00:00+03:00,0.04535,0.04517
2025-07-22 21:00:00+03:00,0.04516,0.04505
2025-07-22 23:00:00+03:00,0.04504,0.04586
2025-07-23 01:00:00+03:00,0.04587,0.04628
2025-07-23 03:00:00+03:00,0.04629,0.04567
2025-07-23 05:00:00+03:00,0.04568,0.04561
2025-07-23 07:00:00+03:00,0.04561,0.04622
2025-07-23 09:00:00+03:00,0.0462,0.04571
2025-07-23 11:00:00+03:00,0.0457,0.04498
2025-07-23 13:00:00+03:00,0.04499,0.04489
2025-07-23 15:00:00+03:00,0.0449,0.0429
2025-07-23 17:00:00+03:00,0.0429,0.04345
2025-07-23 19:00:00+03:00,0.04346,0.04238
2025-07-23 21:00:00+03:00,0.04241,0.04245
2025-07-23 23:00:00+03:00,0.04244,0.04201
2025-07-24 01:00:00+03:00,0.04201,0.04213
2025-07-24 03:00:00+03:00,0.04214,0.04269
2025-07-24 05:00:00+03:00,0.04269,0.04246
2025-07-24 07:00:00+03:00,0.04248,0.04053
2025-07-24 09:00:00+03:00,0.04053,0.04081
2025-07-24 11:00:00+03:00,0.04081,0.04114
2025-07-24 13:00:00+03:00,0.04115,0.04162
2025-07-24 15:00:00+03:00,0.04161,0.04118
2025-07-24 17:00:00+03:00,0.04119,0.04224
2025-07-24 19:00:00+03:00,0.04225,0.04229
2025-07-24 21:00:00+03:00,0.04229,0.04205
2025-07-24 23:00:00+03:00,0.04205,0.04205
2025-07-25 01:00:00+03:00,0.04205,0.0415
2025-07-25 03:00:00+03:00,0.04151,0.0414
2025-07-25 05:00:00+03:00,0.0414,0.04044
2025-07-25 07:00:00+03:00,0.0404,0.04034
2025-07-25 09:00:00+03:00,0.04034,0.04056
2025-07-25 11:00:00+03:00,0.04057,0.04164
2025-07-25 13:00:00+03:00,0.04164,0.04179
2025-07-25 15:00:00+03:00,0.04179,0.0418
2025-07-25 17:00:00+03:00,0.0418,0.04085
2025-07-25 19:00:00+03:00,0.04084,0.04112
2025-07-25 21:00:00+03:00,0.04114,0.04125
2025-07-25 23:00:00+03:00,0.04123,0.04226
2025-07-26 01:00:00+03:00,0.04227,0.04231
2025-07-26 03:00:00+03:00,0.0423,0.04203
2025-07-26 05:00:00+03:00,0.04203,0.0425
2025-07-26 07:00:00+03:00,0.04249,0.04254
2025-07-26 09:00:00+03:00,0.04254,0.04244
2025-07-26 11:00:00+03:00,0.04244,0.04257
2025-07-26 13:00:00+03:00,0.04256,0.04252
2025-07-26 15:00:00+03:00,0.04253,0.04262
2025-07-26 17:00:00+03:00,0.04263,0.04257
2025-07-26 19:00:00+03:00,0.04258,0.04241
2025-07-26 21:00:00+03:00,0.04241,0.04294
2025-07-26 23:00:00+03:00,0.04294,0.04294
2025-07-27 01:00:00+03:00,0.04293,0.04248
2025-07-27 03:00:00+03:00,0.04247,0.04259
2025-07-27 05:00:00+03:00,0.04259,0.04262
2025-07-27 07:00:00+03:00,0.04263,0.04294
2025-07-27 09:00:00+03:00,0.04294,0.04297
2025-07-27 11:00:00+03:00,0.04296,0.0426
2025-07-27 13:00:00+03:00,0.04258,0.04304
2025-07-27 15:00:00+03:00,0.04303,0.04317
2025-07-27 17:00:00+03:00,0.04317,0.04303
2025-07-27 19:00:00+03:00,0.04303,0.04346
2025-07-27 21:00:00+03:00,0.04345,0.04387
2025-07-27 23:00:00+03:00,0.04387,0.04509
2025-07-28 01:00:00+03:00,0.04509,0.04425
2025-07-28 03:00:00+03:00,0.04426,0.04375
2025-07-28 05:00:00+03:00,0.04375,0.04455
2025-07-28 07:00:00+03:00,0.04454,0.04473
2025-07-28 09:00:00+03:00,0.04474,0.04437
2025-07-28 11:00:00+03:00,0.04436,0.04429
2025-07-28 13:00:00+03:00,0.04431,0.04394
2025-07-28 15:00:00+03:00,0.04395,0.04328
2025-07-28 17:00:00+03:00,0.04329,0.0427
2025-07-28 19:00:00+03:00,0.0427,0.04225
2025-07-28 21:00:00+03:00,0.04226,0.04164
2025-07-28 23:00:00+03:00,0.04165,0.04129
2025-07-29 01:00:00+03:00,0.04129,0.04128
2025-07-29 03:00:00+03:00,0.04127,0.04085
2025-07-29 05:00:00+03:00,0.04085,0.04136
2025-07-29 07:00:00+03:00,0.04136,0.04194
2025-07-29 09:00:00+03:00,0.04194,0.04255
2025-07-29 11:00:00+03:00,0.04256,0.04214
2025-07-29 13:00:00+03:00,0.04215,0.04176
2025-07-29 15:00:00+03:00,0.04176,0.04155
2025-07-29 17:00:00+03:00,0.04156,0.04115
2025-07-29 19:00:00+03:00,0.04115,0.04108
2025-07-29 21:00:00+03:00,0.04108,0.04055
2025-07-29 23:00:00+03:00,0.04055,0.04102
2025-07-30 01:00:00+03:00,0.04102,0.04121
2025-07-30 03:00:00+03:00,0.04121,0.04102
2025-07-30 05:00:00+03:00,0.04102,0.0411
2025-07-30 07:00:00+03:00,0.0411,0.04098
2025-07-30 09:00:00+03:00,0.04097,0.04046
2025-07-30 11:00:00+03:00,0.04045,0.04023
2025-07-30 13:00:00+03:00,0.04023,0.03964
2025-07-30 15:00:00+03:00,0.03965,0.03992
2025-07-30 17:00:00+03:00,0.03991,0.04034
2025-07-30 19:00:00+03:00,0.04036,0.04067
2025-07-30 21:00:00+03:00,0.04068,0.04015
2025-07-30 23:00:00+03:00,0.04017,0.04021
2025-07-31 01:00:00+03:00,0.04021,0.04061
2025-07-31 03:00:00+03:00,0.04061,0.04099
2025-07-31 05:00:00+03:00,0.041,0.04123
2025-07-31 07:00:00+03:00,0.04124,0.04129
2025-07-31 09:00:00+03:00,0.04129,0.04132
2025-07-31 11:00:00+03:00,0.04131,0.04141
2025-07-31 13:00:00+03:00,0.04141,0.04108
2025-07-31 15:00:00+03:00,0.04109,0.04002
2025-07-31 17:00:00+03:00,0.04002,0.04009
2025-07-31 19:00:00+03:00,0.04009,0.0399
2025-07-31 21:00:00+03:00,0.0399,0.03969
2025-07-31 23:00:00+03:00,0.03968,0.03942
2025-08-01 01:00:00+03:00,0.03942,0.0386
2025-08-01 03:00:00+03:00,0.03859,0.03834
2025-08-01 05:00:00+03:00,0.03832,0.03872
2025-08-01 07:00:00+03:00,0.03872,0.03817
2025-08-01 09:00:00+03:00,0.03816,0.03796
2025-08-01 11:00:00+03:00,0.03795,0.03757
2025-08-01 13:00:00+03:00,0.03757,0.03802
2025-08-01 15:00:00+03:00,0.03802,0.03742
2025-08-01 17:00:00+03:00,0.03741,0.03832
2025-08-01 19:00:00+03:00,0.03831,0.03776
2025-08-01 21:00:00+03:00,0.03777,0.03825
2025-08-01 23:00:00+03:00,0.03824,0.03805
2025-08-02 01:00:00+03:00,0.03806,0.0378
2025-08-02 03:00:00+03:00,0.0378,0.03803
2025-08-02 05:00:00+03:00,0.03802,0.03807
2025-08-02 07:00:00+03:00,0.03808,0.03799
2025-08-02 09:00:00+03:00,0.038,0.03783
2025-08-02 11:00:00+03:00,0.03782,0.03738
2025-08-02 13:00:00+03:00,0.03739,0.03749
2025-08-02 15:00:00+03:00,0.03749,0.03749
2025-08-02 17:00:00+03:00,0.0375,0.03708
2025-08-02 19:00:00+03:00,0.03708,0.03664
2025-08-02 21:00:00+03:00,0.03665,0.03676
2025-08-02 23:00:00+03:00,0.03675,0.03698
2025-08-03 01:00:00+03:00,0.03697,0.03705
2025-08-03 03:00:00+03:00,0.03704,0.03734
2025-08-03 05:00:00+03:00,0.03734,0.0375
2025-08-03 07:00:00+03:00,0.0375,0.03767
2025-08-03 09:00:00+03:00,0.03768,0.03774
2025-08-03 11:00:00+03:00,0.03774,0.03782
2025-08-03 13:00:00+03:00,0.03782,0.038
2025-08-03 15:00:00+03:00,0.03799,0.03802
2025-08-03 17:00:00+03:00,0.03802,0.03793
2025-08-03 19:00:00+03:00,0.03793,0.03792
2025-08-03 21:00:00+03:00,0.03793,0.03803
2025-08-03 23:00:00+03:00,0.03803,0.03825
2025-08-04 01:00:00+03:00,0.03825,0.03823
2025-08-04 03:00:00+03:00,0.03823,0.03864
2025-08-04 05:00:00+03:00,0.03864,0.03859
2025-08-04 07:00:00+03:00,0.03859,0.03859
2025-08-04 09:00:00+03:00,0.0386,0.03895
2025-08-04 11:00:00+03:00,0.03894,0.0386
2025-08-04 13:00:00+03:00,0.03861,0.03855
2025-08-04 15:00:00+03:00,0.03857,0.03913
2025-08-04 17:00:00+03:00,0.03913,0.03936
2025-08-04 19:00:00+03:00,0.03935,0.03969
2025-08-04 21:00:00+03:00,0.0397,0.0394
2025-08-04 23:00:00+03:00,0.0394,0.0398
2025-08-05 01:00:00+03:00,0.03981,0.03994
2025-08-05 03:00:00+03:00,0.03994,0.0398
2025-08-05 05:00:00+03:00,0.03979,0.03935
2025-08-05 07:00:00+03:00,0.03935,0.03937
2025-08-05 09:00:00+03:00,0.03937,0.03897
2025-08-05 11:00:00+03:00,0.03896,0.03967
2025-08-05 13:00:00+03:00,0.03967,0.04005
2025-08-05 15:00:00+03:00,0.04006,0.03973
2025-08-05 17:00:00+03:00,0.03973,0.03867
2025-08-05 19:00:00+03:00,0.03866,0.03875
2025-08-05 21:00:00+03:00,0.03874,0.0383
2025-08-05 23:00:00+03:00,0.0383,0.0381
2025-08-06 01:00:00+03:00,0.0381,0.03863
2025-08-06 03:00:00+03:00,0.03862,0.03823
2025-08-06 05:00:00+03:00,0.03823,0.03786
2025-08-06 07:00:00+03:00,0.03786,0.03852
2025-08-06 09:00:00+03:00,0.03852,0.0389
2025-08-06 11:00:00+03:00,0.0389,0.0388
2025-08-06 13:00:00+03:00,0.0388,0.03865
2025-08-06 15:00:00+03:00,0.03866,0.03858
2025-08-06 17:00:00+03:00,0.03856,0.03937
2025-08-06 19:00:00+03:00,0.03936,0.03934
2025-08-06 21:00:00+03:00,0.03934,0.0393
2025-08-06 23:00:00+03:00,0.0393,0.03941
2025-08-07 01:00:00+03:00,0.03941,0.03944
2025-08-07 03:00:00+03:00,0.03944,0.03927
2025-08-07 05:00:00+03:00,0.03926,0.03896
2025-08-07 07:00:00+03:00,0.03896,0.03927
2025-08-07 09:00:00+03:00,0.03926,0.03939
2025-08-07 11:00:00+03:00,0.03938,0.03944
2025-08-07 13:00:00+03:00,0.03944,0.04038
2025-08-07 15:00:00+03:00,0.04037,0.04033
2025-08-07 17:00:00+03:00,0.04034,0.04013
2025-08-07 19:00:00+03:00,0.04012,0.0399
2025-08-07 21:00:00+03:00,0.0399,0.04024
2025-08-07 23:00:00+03:00,0.04022,0.04045
2025-08-08 01:00:00+03:00,0.04047,0.04082
2025-08-08 03:00:00+03:00,0.04083,0.04076
2025-08-08 05:00:00+03:00,0.04076,0.04096
2025-08-08 07:00:00+03:00,0.04097,0.04074
2025-08-08 09:00:00+03:00,0.04074,0.04142
2025-08-08 11:00:00+03:00,0.04143,0.04131
2025-08-08 13:00:00+03:00,0.04132,0.04142
2025-08-08 15:00:00+03:00,0.04143,0.0417
2025-08-08 17:00:00+03:00,0.0417,0.04103
2025-08-08 19:00:00+03:00,0.04102,0.04212
2025-08-08 21:00:00+03:00,0.04213,0.0422
2025-08-08 23:00:00+03:00,0.0422,0.04218
2025-08-09 01:00:00+03:00,0.04217,0.04226
2025-08-09 03:00:00+03:00,0.04227,0.04246
2025-08-09 05:00:00+03:00,0.04245,0.04241
2025-08-09 07:00:00+03:00,0.04241,0.0433
2025-08-09 09:00:00+03:00,0.04329,0.04318
2025-08-09 11:00:00+03:00,0.04319,0.04341
2025-08-09 13:00:00+03:00,0.04341,0.04345
2025-08-09 15:00:00+03:00,0.04346,0.04326
2025-08-09 17:00:00+03:00,0.04326,0.04334
2025-08-09 19:00:00+03:00,0.04334,0.04348
2025-08-09 21:00:00+03:00,0.04348,0.04358
2025-08-09 23:00:00+03:00,0.04357,0.04352
2025-08-10 01:00:00+03:00,0.04352,0.04331
2025-08-10 03:00:00+03:00,0.04331,0.04356
2025-08-10 05:00:00+03:00,0.04357,0.04368
2025-08-10 07:00:00+03:00,0.04368,0.04334
2025-08-10 09:00:00+03:00,0.04334,0.04228
2025-08-10 11:00:00+03:00,0.04228,0.04265
2025-08-10 13:00:00+03:00,0.04264,0.04219
2025-08-10 15:00:00+03:00,0.0422,0.04207
2025-08-10 17:00:00+03:00,0.04207,0.04277
2025-08-10 19:00:00+03:00,0.04276,0.0432
2025-08-10 21:00:00+03:00,0.0432,0.04313
2025-08-10 23:00:00+03:00,0.04313,0.0429
2025-08-11 01:00:00+03:00,0.04292,0.04302
2025-08-11 03:00:00+03:00,0.04302,0.04355
2025-08-11 05:00:00+03:00,0.04353,0.0439
2025-08-11 07:00:00+03:00,0.0439,0.04355
2025-08-11 09:00:00+03:00,0.04355,0.0426
2025-08-11 11:00:00+03:00,0.04259,0.04268
2025-08-11 13:00:00+03:00,0.04269,0.04146
2025-08-11 15:00:00+03:00,0.04146,0.04163
2025-08-11 17:00:00+03:00,0.04164,0.04199
2025-08-11 19:00:00+03:00,0.042,0.04181
2025-08-11 21:00:00+03:00,0.04181,0.0416
2025-08-11 23:00:00+03:00,0.04161,0.04095
2025-08-12 01:00:00+03:00,0.04096,0.04085
2025-08-12 03:00:00+03:00,0.04084,0.04126
2025-08-12 05:00:00+03:00,0.04128,0.04125
2025-08-12 07:00:00+03:00,0.04126,0.04124
2025-08-12 09:00:00+03:00,0.04123,0.04153
2025-08-12 11:00:00+03:00,0.04155,0.04102
2025-08-12 13:00:00+03:00,0.04102,0.04101
2025-08-12 15:00:00+03:00,0.04101,0.04174
2025-08-12 17:00:00+03:00,0.04175,0.04269
2025-08-12 19:00:00+03:00,0.04269,0.043
2025-08-12 21:00:00+03:00,0.043,0.04333
2025-08-12 23:00:00+03:00,0.04333,0.04326
2025-08-13 01:00:00+03:00,0.04326,0.04316
2025-08-13 03:00:00+03:00,0.04316,0.04297
2025-08-13 05:00:00+03:00,0.04297,0.04346
2025-08-13 07:00:00+03:00,0.04344,0.0429
2025-08-13 09:00:00+03:00,0.04291,0.04336
2025-08-13 11:00:00+03:00,0.04336,0.04407
2025-08-13 13:00:00+03:00,0.04406,0.04433
2025-08-13 15:00:00+03:00,0.04434,0.04415
2025-08-13 17:00:00+03:00,0.04416,0.04395
2025-08-13 19:00:00+03:00,0.04395,0.04409
2025-08-13 21:00:00+03:00,0.04409,0.04419
2025-08-13 23:00:00+03:00,0.04419,0.04419
2025-08-14 01:00:00+03:00,0.04418,0.04439
2025-08-14 03:00:00+03:00,0.0444,0.04423
2025-08-14 05:00:00+03:00,0.04423,0.04462
2025-08-14 07:00:00+03:00,0.04461,0.04388
2025-08-14 09:00:00+03:00,0.04387,0.0436
2025-08-14 11:00:00+03:00,0.04361,0.04328
2025-08-14 13:00:00+03:00,0.04328,0.04289
2025-08-14 15:00:00+03:00,0.04289,0.04114
2025-08-14 17:00:00+03:00,0.04114,0.04086
2025-08-14 19:00:00+03:00,0.04086,0.04046
2025-08-14 21:00:00+03:00,0.04046,0.04029
2025-08-14 23:00:00+03:00,0.04028,0.03979
2025-08-15 01:00:00+03:00,0.03978,0.04012
2025-08-15 03:00:00+03:00,0.04011,0.04043
2025-08-15 05:00:00+03:00,0.04042,0.0407
2025-08-15 07:00:00+03:00,0.0407,0.04087
2025-08-15 09:00:00+03:00,0.04087,0.04101
2025-08-15 11:00:00+03:00,0.04102,0.04054
2025-08-15 13:00:00+03:00,0.04054,0.04049
2025-08-15 15:00:00+03:00,0.04049,0.04022
2025-08-15 17:00:00+03:00,0.04021,0.03886
2025-08-15 19:00:00+03:00,0.03886,0.03947
2025-08-15 21:00:00+03:00,0.03946,0.03928
2025-08-15 23:00:00+03:00,0.03928,0.03982
2025-08-16 01:00:00+03:00,0.03981,0.04004
2025-08-16 03:00:00+03:00,0.04003,0.04055
2025-08-16 05:00:00+03:00,0.04054,0.04044
2025-08-16 07:00:00+03:00,0.04045,0.04026
2025-08-16 09:00:00+03:00,0.04026,0.04044
2025-08-16 11:00:00+03:00,0.04044,0.04029
2025-08-16 13:00:00+03:00,0.0403,0.04031
2025-08-16 15:00:00+03:00,0.04032,0.0404
2025-08-16 17:00:00+03:00,0.0404,0.04155
2025-08-16 19:00:00+03:00,0.04154,0.04131
2025-08-16 21:00:00+03:00,0.0413,0.04133
2025-08-16 23:00:00+03:00,0.04133,0.04139
2025-08-17 01:00:00+03:00,0.04139,0.0417
2025-08-17 03:00:00+03:00,0.04171,0.04151
2025-08-17 05:00:00+03:00,0.04152,0.04159
2025-08-17 07:00:00+03:00,0.04159,0.04174
2025-08-17 09:00:00+03:00,0.04174,0.04175
2025-08-17 11:00:00+03:00,0.04176,0.04207
2025-08-17 13:00:00+03:00,0.04208,0.04209
2025-08-17 15:00:00+03:00,0.0421,0.04196
2025-08-17 17:00:00+03:00,0.04197,0.04243
2025-08-17 19:00:00+03:00,0.04244,0.04174
2025-08-17 21:00:00+03:00,0.04174,0.04131
2025-08-17 23:00:00+03:00,0.04132,0.04128
2025-08-18 01:00:00+03:00,0.04127,0.04126
2025-08-18 03:00:00+03:00,0.04125,0.04041
2025-08-18 05:00:00+03:00,0.04041,0.03992
2025-08-18 07:00:00+03:00,0.03992,0.04012
2025-08-18 09:00:00+03:00,0.04012,0.03958
2025-08-18 11:00:00+03:00,0.03959,0.03987
2025-08-18 13:00:00+03:00,0.03987,0.0398
2025-08-18 15:00:00+03:00,0.03979,0.03971
2025-08-18 17:00:00+03:00,0.03972,0.04013
2025-08-18 19:00:00+03:00,0.04013,0.04017
2025-08-18 21:00:00+03:00,0.04016,0.04012
2025-08-18 23:00:00+03:00,0.04013,0.0403
2025-08-19 01:00:00+03:00,0.04031,0.03994
2025-08-19 03:00:00+03:00,0.03994,0.03992
2025-08-19 05:00:00+03:00,0.03993,0.03931
2025-08-19 07:00:00+03:00,0.0393,0.03945
2025-08-19 09:00:00+03:00,0.03945,0.0395
2025-08-19 11:00:00+03:00,0.0395,0.03997
2025-08-19 13:00:00+03:00,0.03996,0.04003
2025-08-19 15:00:00+03:00,0.04004,0.03993
2025-08-19 17:00:00+03:00,0.03994,0.03904
2025-08-19 19:00:00+03:00,0.03904,0.03915
2025-08-19 21:00:00+03:00,0.03914,0.03896
2025-08-19 23:00:00+03:00,0.03897,0.03916
2025-08-20 01:00:00+03:00,0.03915,0.0387
2025-08-20 03:00:00+03:00,0.03871,0.039
2025-08-20 05:00:00+03:00,0.039,0.03916
2025-08-20 07:00:00+03:00,0.03917,0.03938
2025-08-20 09:00:00+03:00,0.03939,0.0392
2025-08-20 11:00:00+03:00,0.0392,0.0395
2025-08-20 13:00:00+03:00,0.0395,0.03938
2025-08-20 15:00:00+03:00,0.03939,0.03884
2025-08-20 17:00:00+03:00,0.03884,0.03971
2025-08-20 19:00:00+03:00,0.03972,0.04011
2025-08-20 21:00:00+03:00,0.04011,0.04034
2025-08-20 23:00:00+03:00,0.04035,0.04031
2025-08-21 01:00:00+03:00,0.04032,0.04023
2025-08-21 03:00:00+03:00,0.04024,0.04049
2025-08-21 05:00:00+03:00,0.04049,0.04046
2025-08-21 07:00:00+03:00,0.04047,0.04067
2025-08-21 09:00:00+03:00,0.04066,0.04026
2025-08-21 11:00:00+03:00,0.04026,0.03992
2025-08-21 13:00:00+03:00,0.03992,0.03992
2025-08-21 15:00:00+03:00,0.03991,0.03982
2025-08-21 17:00:00+03:00,0.03983,0.03944
2025-08-21 19:00:00+03:00,0.03944,0.03947
2025-08-21 21:00:00+03:00,0.03947,0.03939
2025-08-21 23:00:00+03:00,0.03939,0.03982
2025-08-22 01:00:00+03:00,0.03982,0.03952
2025-08-22 03:00:00+03:00,0.03953,0.03952
2025-08-22 05:00:00+03:00,0.03953,0.03932
2025-08-22 07:00:00+03:00,0.03933,0.03951
2025-08-22 09:00:00+03:00,0.0395,0.03962
2025-08-22 11:00:00+03:00,0.03961,0.0395
2025-08-22 13:00:00+03:00,0.0395,0.0389
2025-08-22 15:00:00+03:00,0.0389,0.0388
2025-08-22 17:00:00+03:00,0.0388,0.04107
2025-08-22 19:00:00+03:00,0.04108,0.04217
2025-08-22 21:00:00+03:00,0.04218,0.04238
2025-08-22 23:00:00+03:00,0.04239,0.0427
2025-08-23 01:00:00+03:00,0.04271,0.04253
2025-08-23 03:00:00+03:00,0.04253,0.04213
2025-08-23 05:00:00+03:00,0.04214,0.04146
2025-08-23 07:00:00+03:00,0.04146,0.04229
2025-08-23 09:00:00+03:00,0.04229,0.0418
2025-08-23 11:00:00+03:00,0.04181,0.042
2025-08-23 13:00:00+03:00,0.04199,0.04163
2025-08-23 15:00:00+03:00,0.04163,0.04157
2025-08-23 17:00:00+03:00,0.04157,0.04164
2025-08-23 19:00:00+03:00,0.04165,0.04173
2025-08-23 21:00:00+03:00,0.04173,0.04205
2025-08-23 23:00:00+03:00,0.04206,0.04171
2025-08-24 01:00:00+03:00,0.04171,0.04176
2025-08-24 03:00:00+03:00,0.04176,0.04146
2025-08-24 05:00:00+03:00,0.04146,0.04105
2025-08-24 07:00:00+03:00,0.04105,0.04093
2025-08-24 09:00:00+03:00,0.04093,0.04042
2025-08-24 11:00:00+03:00,0.04043,0.04036
2025-08-24 13:00:00+03:00,0.04036,0.0401
2025-08-24 15:00:00+03:00,0.04011,0.04024
2025-08-24 17:00:00+03:00,0.04024,0.04017
2025-08-24 19:00:00+03:00,0.04018,0.04094
2025-08-24 21:00:00+03:00,0.04094,0.04111
2025-08-24 23:00:00+03:00,0.04111,0.04109
2025-08-25 01:00:00+03:00,0.04109,0.04071
2025-08-25 03:00:00+03:00,0.0407,0.04059
2025-08-25 05:00:00+03:00,0.04058,0.04094
2025-08-25 07:00:00+03:00,0.04094,0.04036
2025-08-25 09:00:00+03:00,0.04036,0.03939
2025-08-25 11:00:00+03:00,0.03939,0.03957
2025-08-25 13:00:00+03:00,0.03957,0.03955
2025-08-25 15:00:00+03:00,0.03954,0.03944
2025-08-25 17:00:00+03:00,0.03945,0.03937
2025-08-25 19:00:00+03:00,0.03937,0.03921
2025-08-25 21:00:00+03:00,0.03922,0.03863
2025-08-25 23:00:00+03:00,0.03863,0.03771
2025-08-26 01:00:00+03:00,0.03771,0.03823
2025-08-26 03:00:00+03:00,0.03823,0.03853
2025-08-26 05:00:00+03:00,0.03852,0.03858
2025-08-26 07:00:00+03:00,0.03858,0.03863
2025-08-26 09:00:00+03:00,0.03863,0.03879
2025-08-26 11:00:00+03:00,0.03879,0.03859
2025-08-26 13:00:00+03:00,0.03859,0.03861
2025-08-26 15:00:00+03:00,0.03862,0.03885
2025-08-26 17:00:00+03:00,0.03885,0.03891
2025-08-26 19:00:00+03:00,0.03891,0.03911
2025-08-26 21:00:00+03:00,0.03912,0.03969
2025-08-26 23:00:00+03:00,0.03969,0.03977
2025-08-27 01:00:00+03:00,0.03978,0.03964
2025-08-27 03:00:00+03:00,0.03965,0.03949
2025-08-27 05:00:00+03:00,0.03949,0.03975
2025-08-27 07:00:00+03:00,0.03974,0.03975
2025-08-27 09:00:00+03:00,0.03975,0.03945
2025-08-27 11:00:00+03:00,0.03946,0.03946
2025-08-27 13:00:00+03:00,0.03946,0.03959
2025-08-27 15:00:00+03:00,0.03959,0.03946
2025-08-27 17:00:00+03:00,0.03947,0.03983
2025-08-27 19:00:00+03:00,0.03984,0.03994
2025-08-27 21:00:00+03:00,0.03994,0.03965
2025-08-27 23:00:00+03:00,0.03963,0.03955
2025-08-28 01:00:00+03:00,0.03955,0.03935
2025-08-28 03:00:00+03:00,0.03935,0.03963
2025-08-28 05:00:00+03:00,0.03963,0.03996
2025-08-28 07:00:00+03:00,0.03997,0.04013
2025-08-28 09:00:00+03:00,0.04013,0.04007
2025-08-28 11:00:00+03:00,0.04008,0.03997
2025-08-28 13:00:00+03:00,0.03997,0.04014
2025-08-28 15:00:00+03:00,0.04015,0.04023
2025-08-28 17:00:00+03:00,0.04024,0.04023
2025-08-28 19:00:00+03:00,0.04023,0.04002
2025-08-28 21:00:00+03:00,0.04002,0.03996
2025-08-28 23:00:00+03:00,0.03996,0.04042
2025-08-29 01:00:00+03:00,0.04042,0.04102
2025-08-29 03:00:00+03:00,0.04102,0.04039
2025-08-29 05:00:00+03:00,0.04038,0.04062
2025-08-29 07:00:00+03:00,0.04062,0.04038
2025-08-29 09:00:00+03:00,0.04038,0.0394
2025-08-29 11:00:00+03:00,0.03939,0.0391
2025-08-29 13:00:00+03:00,0.03909,0.03925
2025-08-29 15:00:00+03:00,0.03926,0.03918
2025-08-29 17:00:00+03:00,0.03919,0.03899
2025-08-29 19:00:00+03:00,0.03899,0.03867
2025-08-29 21:00:00+03:00,0.03867,0.03881
2025-08-29 23:00:00+03:00,0.0388,0.03918
2025-08-30 01:00:00+03:00,0.03918,0.039
2025-08-30 03:00:00+03:00,0.03901,0.03847
2025-08-30 05:00:00+03:00,0.03849,0.03939
2025-08-30 07:00:00+03:00,0.0394,0.03944
2025-08-30 09:00:00+03:00,0.03945,0.0396
2025-08-30 11:00:00+03:00,0.0396,0.03938
2025-08-30 13:00:00+03:00,0.03939,0.0394
2025-08-30 15:00:00+03:00,0.03939,0.03917
2025-08-30 17:00:00+03:00,0.03917,0.03949
2025-08-30 19:00:00+03:00,0.03949,0.03922
2025-08-30 21:00:00+03:00,0.03922,0.03935
2025-08-30 23:00:00+03:00,0.03935,0.03926
2025-08-31 01:00:00+03:00,0.03926,0.03944
2025-08-31 03:00:00+03:00,0.03944,0.04052
2025-08-31 05:00:00+03:00,0.04051,0.04084
2025-08-31 07:00:00+03:00,0.04085,0.04053
2025-08-31 09:00:00+03:00,0.04053,0.0407
2025-08-31 11:00:00+03:00,0.0407,0.04055
2025-08-31 13:00:00+03:00,0.04056,0.04048
2025-08-31 15:00:00+03:00,0.04046,0.04015
2025-08-31 17:00:00+03:00,0.04015,0.04053
2025-08-31 19:00:00+03:00,0.04053,0.04033
2025-08-31 21:00:00+03:00,0.04033,0.04054
2025-08-31 23:00:00+03:00,0.04055,0.04059
2025-09-01 01:00:00+03:00,0.0406,0.03994
2025-09-01 01:00:00+03:00,0.0406,0.03992
