open_time,open,close
2023-10-19 01:00:00+03:00,3.638,3.65
2023-10-19 03:00:00+03:00,3.65,3.613
2023-10-19 05:00:00+03:00,3.613,3.613
2023-10-19 07:00:00+03:00,3.613,3.609
2023-10-19 09:00:00+03:00,3.609,3.614
2023-10-19 11:00:00+03:00,3.614,3.609
2023-10-19 13:00:00+03:00,3.608,3.622
2023-10-19 15:00:00+03:00,3.621,3.623
2023-10-19 17:00:00+03:00,3.624,3.63
2023-10-19 19:00:00+03:00,3.63,3.628
2023-10-19 21:00:00+03:00,3.629,3.639
2023-10-19 23:00:00+03:00,3.639,3.626
2023-10-20 01:00:00+03:00,3.626,3.646
2023-10-20 03:00:00+03:00,3.646,3.661
2023-10-20 05:00:00+03:00,3.66,3.706
2023-10-20 07:00:00+03:00,3.706,3.714
2023-10-20 09:00:00+03:00,3.714,3.722
2023-10-20 11:00:00+03:00,3.722,3.781
2023-10-20 13:00:00+03:00,3.782,3.756
2023-10-20 15:00:00+03:00,3.755,3.75
2023-10-20 17:00:00+03:00,3.749,3.71
2023-10-20 19:00:00+03:00,3.709,3.706
2023-10-20 21:00:00+03:00,3.706,3.71
2023-10-20 23:00:00+03:00,3.71,3.717
2023-10-21 01:00:00+03:00,3.716,3.714
2023-10-21 03:00:00+03:00,3.714,3.711
2023-10-21 05:00:00+03:00,3.71,3.721
2023-10-21 07:00:00+03:00,3.721,3.734
2023-10-21 09:00:00+03:00,3.734,3.763
2023-10-21 11:00:00+03:00,3.764,3.769
2023-10-21 13:00:00+03:00,3.768,3.808
2023-10-21 15:00:00+03:00,3.807,3.825
2023-10-21 17:00:00+03:00,3.825,3.862
2023-10-21 19:00:00+03:00,3.862,3.958
2023-10-21 21:00:00+03:00,3.959,3.936
2023-10-21 23:00:00+03:00,3.936,3.916
2023-10-22 01:00:00+03:00,3.916,3.906
2023-10-22 03:00:00+03:00,3.905,3.916
2023-10-22 05:00:00+03:00,3.916,3.869
2023-10-22 07:00:00+03:00,3.869,3.923
2023-10-22 09:00:00+03:00,3.922,3.867
2023-10-22 11:00:00+03:00,3.867,3.833
2023-10-22 13:00:00+03:00,3.833,3.831
2023-10-22 15:00:00+03:00,3.831,3.853
2023-10-22 17:00:00+03:00,3.852,3.817
2023-10-22 19:00:00+03:00,3.818,3.873
2023-10-22 21:00:00+03:00,3.873,3.85
2023-10-22 23:00:00+03:00,3.851,3.876
2023-10-23 01:00:00+03:00,3.876,3.965
2023-10-23 03:00:00+03:00,3.964,4.0
2023-10-23 05:00:00+03:00,3.999,4.028
2023-10-23 07:00:00+03:00,4.028,4.016
2023-10-23 09:00:00+03:00,4.016,3.964
2023-10-23 11:00:00+03:00,3.964,3.952
2023-10-23 13:00:00+03:00,3.952,4.03
2023-10-23 15:00:00+03:00,4.03,4.002
2023-10-23 17:00:00+03:00,4.002,4.092
2023-10-23 19:00:00+03:00,4.091,4.142
2023-10-23 21:00:00+03:00,4.143,4.19
2023-10-23 23:00:00+03:00,4.19,4.187
2023-10-24 01:00:00+03:00,4.187,4.357
2023-10-24 03:00:00+03:00,4.356,4.33
2023-10-24 05:00:00+03:00,4.33,4.295
2023-10-24 07:00:00+03:00,4.294,4.304
2023-10-24 09:00:00+03:00,4.304,4.253
2023-10-24 11:00:00+03:00,4.253,4.282
2023-10-24 13:00:00+03:00,4.282,4.295
2023-10-24 15:00:00+03:00,4.294,4.314
2023-10-24 17:00:00+03:00,4.315,4.152
2023-10-24 19:00:00+03:00,4.153,4.17
2023-10-24 21:00:00+03:00,4.171,4.179
2023-10-24 23:00:00+03:00,4.178,4.193
2023-10-25 01:00:00+03:00,4.192,4.186
2023-10-25 03:00:00+03:00,4.185,4.25
2023-10-25 05:00:00+03:00,4.25,4.205
2023-10-25 07:00:00+03:00,4.205,4.21
2023-10-25 09:00:00+03:00,4.21,4.177
2023-10-25 11:00:00+03:00,4.176,4.199
2023-10-25 13:00:00+03:00,4.198,4.197
2023-10-25 15:00:00+03:00,4.197,4.251
2023-10-25 17:00:00+03:00,4.251,4.327
2023-10-25 19:00:00+03:00,4.327,4.284
2023-10-25 21:00:00+03:00,4.284,4.318
2023-10-25 23:00:00+03:00,4.318,4.288
2023-10-26 01:00:00+03:00,4.288,4.289
2023-10-26 03:00:00+03:00,4.289,4.31
2023-10-26 05:00:00+03:00,4.311,4.364
2023-10-26 07:00:00+03:00,4.364,4.273
2023-10-26 09:00:00+03:00,4.272,4.384
2023-10-26 11:00:00+03:00,4.383,4.366
2023-10-26 13:00:00+03:00,4.365,4.304
2023-10-26 15:00:00+03:00,4.305,4.279
2023-10-26 17:00:00+03:00,4.279,4.197
2023-10-26 19:00:00+03:00,4.198,4.222
2023-10-26 21:00:00+03:00,4.222,4.236
2023-10-26 23:00:00+03:00,4.235,4.226
2023-10-27 01:00:00+03:00,4.227,4.234
2023-10-27 03:00:00+03:00,4.233,4.125
2023-10-27 05:00:00+03:00,4.126,4.179
2023-10-27 07:00:00+03:00,4.178,4.165
2023-10-27 09:00:00+03:00,4.166,4.122
2023-10-27 11:00:00+03:00,4.122,4.178
2023-10-27 13:00:00+03:00,4.178,4.12
2023-10-27 15:00:00+03:00,4.12,4.174
2023-10-27 17:00:00+03:00,4.174,4.164
2023-10-27 19:00:00+03:00,4.163,4.107
2023-10-27 21:00:00+03:00,4.106,4.119
2023-10-27 23:00:00+03:00,4.119,4.147
2023-10-28 01:00:00+03:00,4.147,4.134
2023-10-28 03:00:00+03:00,4.134,4.161
2023-10-28 05:00:00+03:00,4.161,4.198
2023-10-28 07:00:00+03:00,4.198,4.18
2023-10-28 09:00:00+03:00,4.179,4.178
2023-10-28 11:00:00+03:00,4.177,4.185
2023-10-28 13:00:00+03:00,4.186,4.197
2023-10-28 15:00:00+03:00,4.197,4.181
2023-10-28 17:00:00+03:00,4.181,4.19
2023-10-28 19:00:00+03:00,4.191,4.175
2023-10-28 21:00:00+03:00,4.175,4.151
2023-10-28 23:00:00+03:00,4.151,4.193
2023-10-29 01:00:00+03:00,4.192,4.179
2023-10-29 02:00:00+02:00,4.18,4.166
2023-10-29 04:00:00+02:00,4.165,4.162
2023-10-29 06:00:00+02:00,4.161,4.162
2023-10-29 08:00:00+02:00,4.162,4.176
2023-10-29 10:00:00+02:00,4.176,4.194
2023-10-29 12:00:00+02:00,4.194,4.193
2023-10-29 14:00:00+02:00,4.193,4.215
2023-10-29 16:00:00+02:00,4.214,4.264
2023-10-29 18:00:00+02:00,4.264,4.277
2023-10-29 20:00:00+02:00,4.278,4.289
2023-10-29 22:00:00+02:00,4.289,4.294
2023-10-30 00:00:00+02:00,4.294,4.313
2023-10-30 02:00:00+02:00,4.312,4.295
2023-10-30 04:00:00+02:00,4.295,4.277
2023-10-30 06:00:00+02:00,4.277,4.258
2023-10-30 08:00:00+02:00,4.259,4.243
2023-10-30 10:00:00+02:00,4.242,4.329
2023-10-30 12:00:00+02:00,4.329,4.325
2023-10-30 14:00:00+02:00,4.326,4.331
2023-10-30 16:00:00+02:00,4.331,4.357
2023-10-30 18:00:00+02:00,4.357,4.313
2023-10-30 20:00:00+02:00,4.313,4.377
2023-10-30 22:00:00+02:00,4.378,4.458
2023-10-31 00:00:00+02:00,4.458,4.521
2023-10-31 02:00:00+02:00,4.522,4.552
2023-10-31 04:00:00+02:00,4.553,4.483
2023-10-31 06:00:00+02:00,4.483,4.502
2023-10-31 08:00:00+02:00,4.501,4.426
2023-10-31 10:00:00+02:00,4.427,4.467
2023-10-31 12:00:00+02:00,4.468,4.502
2023-10-31 14:00:00+02:00,4.501,4.409
2023-10-31 16:00:00+02:00,4.409,4.362
2023-10-31 18:00:00+02:00,4.362,4.441
2023-10-31 20:00:00+02:00,4.442,4.426
2023-10-31 22:00:00+02:00,4.426,4.425
2023-11-01 00:00:00+02:00,4.425,4.449
2023-11-01 02:00:00+02:00,4.449,4.441
2023-11-01 04:00:00+02:00,4.442,4.42
2023-11-01 06:00:00+02:00,4.421,4.357
2023-11-01 08:00:00+02:00,4.356,4.367
2023-11-01 10:00:00+02:00,4.368,4.384
2023-11-01 12:00:00+02:00,4.385,4.362
2023-11-01 14:00:00+02:00,4.362,4.368
2023-11-01 16:00:00+02:00,4.369,4.361
2023-11-01 18:00:00+02:00,4.361,4.423
2023-11-01 20:00:00+02:00,4.422,4.673
2023-11-01 22:00:00+02:00,4.673,4.765
2023-11-02 00:00:00+02:00,4.766,4.732
2023-11-02 02:00:00+02:00,4.732,4.766
2023-11-02 04:00:00+02:00,4.765,4.748
2023-11-02 06:00:00+02:00,4.749,4.631
2023-11-02 08:00:00+02:00,4.631,4.653
2023-11-02 10:00:00+02:00,4.652,4.728
2023-11-02 12:00:00+02:00,4.728,4.705
2023-11-02 14:00:00+02:00,4.705,4.7
2023-11-02 16:00:00+02:00,4.701,4.591
2023-11-02 18:00:00+02:00,4.592,4.671
2023-11-02 20:00:00+02:00,4.671,4.673
2023-11-02 22:00:00+02:00,4.674,4.634
2023-11-03 00:00:00+02:00,4.635,4.633
2023-11-03 02:00:00+02:00,4.633,4.491
2023-11-03 04:00:00+02:00,4.492,4.519
2023-11-03 06:00:00+02:00,4.518,4.535
2023-11-03 08:00:00+02:00,4.535,4.559
2023-11-03 10:00:00+02:00,4.558,4.511
2023-11-03 12:00:00+02:00,4.511,4.531
2023-11-03 14:00:00+02:00,4.532,4.579
2023-11-03 16:00:00+02:00,4.578,4.624
2023-11-03 18:00:00+02:00,4.625,4.587
2023-11-03 20:00:00+02:00,4.588,4.585
2023-11-03 22:00:00+02:00,4.585,4.606
2023-11-04 00:00:00+02:00,4.606,4.614
2023-11-04 02:00:00+02:00,4.614,4.635
2023-11-04 04:00:00+02:00,4.635,4.632
2023-11-04 06:00:00+02:00,4.633,4.633
2023-11-04 08:00:00+02:00,4.633,4.649
2023-11-04 10:00:00+02:00,4.649,4.635
2023-11-04 12:00:00+02:00,4.636,4.638
2023-11-04 14:00:00+02:00,4.639,4.723
2023-11-04 16:00:00+02:00,4.723,4.644
2023-11-04 18:00:00+02:00,4.645,4.661
2023-11-04 20:00:00+02:00,4.66,4.667
2023-11-04 22:00:00+02:00,4.667,4.665
2023-11-05 00:00:00+02:00,4.665,4.687
2023-11-05 02:00:00+02:00,4.687,4.72
2023-11-05 04:00:00+02:00,4.721,4.765
2023-11-05 06:00:00+02:00,4.765,4.789
2023-11-05 08:00:00+02:00,4.79,4.798
2023-11-05 10:00:00+02:00,4.798,4.764
2023-11-05 12:00:00+02:00,4.763,4.81
2023-11-05 14:00:00+02:00,4.81,4.73
2023-11-05 16:00:00+02:00,4.729,4.778
2023-11-05 18:00:00+02:00,4.777,4.827
2023-11-05 20:00:00+02:00,4.826,4.81
2023-11-05 22:00:00+02:00,4.809,4.708
2023-11-06 00:00:00+02:00,4.709,4.762
2023-11-06 02:00:00+02:00,4.763,4.782
2023-11-06 04:00:00+02:00,4.782,4.792
2023-11-06 06:00:00+02:00,4.791,4.716
2023-11-06 08:00:00+02:00,4.717,4.779
2023-11-06 10:00:00+02:00,4.779,4.854
2023-11-06 12:00:00+02:00,4.854,4.872
2023-11-06 14:00:00+02:00,4.873,4.849
2023-11-06 16:00:00+02:00,4.85,4.873
2023-11-06 18:00:00+02:00,4.872,4.863
2023-11-06 20:00:00+02:00,4.864,4.926
2023-11-06 22:00:00+02:00,4.926,4.922
2023-11-07 00:00:00+02:00,4.922,4.97
2023-11-07 02:00:00+02:00,4.97,4.975
2023-11-07 04:00:00+02:00,4.975,4.946
2023-11-07 06:00:00+02:00,4.945,5.008
2023-11-07 08:00:00+02:00,5.007,4.97
2023-11-07 10:00:00+02:00,4.97,4.885
2023-11-07 12:00:00+02:00,4.886,4.874
2023-11-07 14:00:00+02:00,4.874,4.889
2023-11-07 16:00:00+02:00,4.89,4.788
2023-11-07 18:00:00+02:00,4.789,4.832
2023-11-07 20:00:00+02:00,4.831,4.915
2023-11-07 22:00:00+02:00,4.916,4.973
2023-11-08 00:00:00+02:00,4.973,4.929
2023-11-08 02:00:00+02:00,4.929,4.932
2023-11-08 04:00:00+02:00,4.932,4.88
2023-11-08 06:00:00+02:00,4.88,4.889
2023-11-08 08:00:00+02:00,4.89,4.908
2023-11-08 10:00:00+02:00,4.909,4.934
2023-11-08 12:00:00+02:00,4.934,4.937
2023-11-08 14:00:00+02:00,4.937,5.023
2023-11-08 16:00:00+02:00,5.023,4.949
2023-11-08 18:00:00+02:00,4.949,5.001
2023-11-08 20:00:00+02:00,4.999,5.055
2023-11-08 22:00:00+02:00,5.054,5.035
2023-11-09 00:00:00+02:00,5.035,5.033
2023-11-09 02:00:00+02:00,5.034,5.087
2023-11-09 04:00:00+02:00,5.088,5.109
2023-11-09 06:00:00+02:00,5.11,5.125
2023-11-09 08:00:00+02:00,5.126,5.081
2023-11-09 10:00:00+02:00,5.082,5.14
2023-11-09 12:00:00+02:00,5.139,5.102
2023-11-09 14:00:00+02:00,5.103,5.127
2023-11-09 16:00:00+02:00,5.127,5.153
2023-11-09 18:00:00+02:00,5.153,4.953
2023-11-09 20:00:00+02:00,4.953,4.872
2023-11-09 22:00:00+02:00,4.871,4.898
2023-11-10 00:00:00+02:00,4.898,5.093
2023-11-10 02:00:00+02:00,5.093,5.175
2023-11-10 04:00:00+02:00,5.175,5.111
2023-11-10 06:00:00+02:00,5.111,5.15
2023-11-10 08:00:00+02:00,5.15,5.087
2023-11-10 10:00:00+02:00,5.087,5.111
2023-11-10 12:00:00+02:00,5.111,5.183
2023-11-10 14:00:00+02:00,5.183,5.061
2023-11-10 16:00:00+02:00,5.062,5.043
2023-11-10 18:00:00+02:00,5.033,5.136
2023-11-10 20:00:00+02:00,5.135,5.153
2023-11-10 22:00:00+02:00,5.153,5.245
2023-11-11 00:00:00+02:00,5.245,5.303
2023-11-11 02:00:00+02:00,5.302,5.262
2023-11-11 04:00:00+02:00,5.262,5.193
2023-11-11 06:00:00+02:00,5.193,5.239
2023-11-11 08:00:00+02:00,5.24,5.218
2023-11-11 10:00:00+02:00,5.219,5.327
2023-11-11 12:00:00+02:00,5.326,5.262
2023-11-11 14:00:00+02:00,5.263,5.348
2023-11-11 16:00:00+02:00,5.348,5.476
2023-11-11 18:00:00+02:00,5.476,5.56
2023-11-11 20:00:00+02:00,5.56,5.659
2023-11-11 22:00:00+02:00,5.659,5.584
2023-11-12 00:00:00+02:00,5.585,5.56
2023-11-12 02:00:00+02:00,5.56,5.605
2023-11-12 04:00:00+02:00,5.604,5.603
2023-11-12 06:00:00+02:00,5.603,5.534
2023-11-12 08:00:00+02:00,5.534,5.719
2023-11-12 10:00:00+02:00,5.719,5.764
2023-11-12 12:00:00+02:00,5.763,5.81
2023-11-12 14:00:00+02:00,5.81,5.736
2023-11-12 16:00:00+02:00,5.735,5.766
2023-11-12 18:00:00+02:00,5.767,5.684
2023-11-12 20:00:00+02:00,5.685,5.709
2023-11-12 22:00:00+02:00,5.709,5.761
2023-11-13 00:00:00+02:00,5.761,5.712
2023-11-13 02:00:00+02:00,5.712,5.794
2023-11-13 04:00:00+02:00,5.795,5.657
2023-11-13 06:00:00+02:00,5.658,5.62
2023-11-13 08:00:00+02:00,5.62,5.711
2023-11-13 10:00:00+02:00,5.711,5.717
2023-11-13 12:00:00+02:00,5.717,5.597
2023-11-13 14:00:00+02:00,5.598,5.549
2023-11-13 16:00:00+02:00,5.549,5.593
2023-11-13 18:00:00+02:00,5.592,5.477
2023-11-13 20:00:00+02:00,5.477,5.534
2023-11-13 22:00:00+02:00,5.535,5.381
2023-11-14 00:00:00+02:00,5.382,5.352
2023-11-14 02:00:00+02:00,5.353,5.315
2023-11-14 04:00:00+02:00,5.315,5.373
2023-11-14 06:00:00+02:00,5.373,5.47
2023-11-14 08:00:00+02:00,5.47,5.474
2023-11-14 10:00:00+02:00,5.474,5.429
2023-11-14 12:00:00+02:00,5.43,5.295
2023-11-14 14:00:00+02:00,5.296,5.386
2023-11-14 16:00:00+02:00,5.387,5.345
2023-11-14 18:00:00+02:00,5.346,5.26
2023-11-14 20:00:00+02:00,5.26,5.141
2023-11-14 22:00:00+02:00,5.141,5.225
2023-11-15 00:00:00+02:00,5.225,5.2
2023-11-15 02:00:00+02:00,5.2,5.208
2023-11-15 04:00:00+02:00,5.208,5.207
2023-11-15 06:00:00+02:00,5.207,5.299
2023-11-15 08:00:00+02:00,5.299,5.308
2023-11-15 10:00:00+02:00,5.307,5.298
2023-11-15 12:00:00+02:00,5.298,5.442
2023-11-15 14:00:00+02:00,5.442,5.401
2023-11-15 16:00:00+02:00,5.4,5.451
2023-11-15 18:00:00+02:00,5.45,5.433
2023-11-15 20:00:00+02:00,5.434,5.628
2023-11-15 22:00:00+02:00,5.629,5.567
2023-11-16 00:00:00+02:00,5.567,5.567
2023-11-16 02:00:00+02:00,5.567,5.565
2023-11-16 04:00:00+02:00,5.566,5.59
2023-11-16 06:00:00+02:00,5.589,5.58
2023-11-16 08:00:00+02:00,5.58,5.715
2023-11-16 10:00:00+02:00,5.714,5.741
2023-11-16 12:00:00+02:00,5.741,5.61
2023-11-16 14:00:00+02:00,5.609,5.527
2023-11-16 16:00:00+02:00,5.528,5.475
2023-11-16 18:00:00+02:00,5.476,5.49
2023-11-16 20:00:00+02:00,5.491,5.415
2023-11-16 22:00:00+02:00,5.416,5.357
2023-11-17 00:00:00+02:00,5.357,5.355
2023-11-17 02:00:00+02:00,5.355,5.476
2023-11-17 04:00:00+02:00,5.475,5.458
2023-11-17 06:00:00+02:00,5.458,5.472
2023-11-17 08:00:00+02:00,5.471,5.366
2023-11-17 10:00:00+02:00,5.366,5.397
2023-11-17 12:00:00+02:00,5.397,5.307
2023-11-17 14:00:00+02:00,5.306,5.299
2023-11-17 16:00:00+02:00,5.3,5.075
2023-11-17 18:00:00+02:00,5.075,5.251
2023-11-17 20:00:00+02:00,5.251,5.21
2023-11-17 22:00:00+02:00,5.21,5.22
2023-11-18 00:00:00+02:00,5.22,5.245
2023-11-18 02:00:00+02:00,5.244,5.188
2023-11-18 04:00:00+02:00,5.188,5.131
2023-11-18 06:00:00+02:00,5.131,5.084
2023-11-18 08:00:00+02:00,5.084,5.103
2023-11-18 10:00:00+02:00,5.103,5.127
2023-11-18 12:00:00+02:00,5.127,5.131
2023-11-18 14:00:00+02:00,5.13,5.101
2023-11-18 16:00:00+02:00,5.101,5.227
2023-11-18 18:00:00+02:00,5.227,5.268
2023-11-18 20:00:00+02:00,5.268,5.261
2023-11-18 22:00:00+02:00,5.261,5.249
2023-11-19 00:00:00+02:00,5.248,5.292
2023-11-19 02:00:00+02:00,5.291,5.246
2023-11-19 04:00:00+02:00,5.246,5.288
2023-11-19 06:00:00+02:00,5.287,5.266
2023-11-19 08:00:00+02:00,5.267,5.291
2023-11-19 10:00:00+02:00,5.292,5.295
2023-11-19 12:00:00+02:00,5.294,5.232
2023-11-19 14:00:00+02:00,5.232,5.25
2023-11-19 16:00:00+02:00,5.249,5.292
2023-11-19 18:00:00+02:00,5.292,5.408
2023-11-19 20:00:00+02:00,5.408,5.477
2023-11-19 22:00:00+02:00,5.477,5.453
2023-11-20 00:00:00+02:00,5.453,5.436
2023-11-20 02:00:00+02:00,5.436,5.449
2023-11-20 04:00:00+02:00,5.449,5.459
2023-11-20 06:00:00+02:00,5.459,5.406
2023-11-20 08:00:00+02:00,5.407,5.472
2023-11-20 10:00:00+02:00,5.472,5.529
2023-11-20 12:00:00+02:00,5.529,5.487
2023-11-20 14:00:00+02:00,5.488,5.405
2023-11-20 16:00:00+02:00,5.405,5.439
2023-11-20 18:00:00+02:00,5.44,5.437
2023-11-20 20:00:00+02:00,5.437,5.35
2023-11-20 22:00:00+02:00,5.351,5.325
2023-11-21 00:00:00+02:00,5.325,5.302
2023-11-21 02:00:00+02:00,5.303,5.307
2023-11-21 04:00:00+02:00,5.306,5.249
2023-11-21 06:00:00+02:00,5.25,5.234
2023-11-21 08:00:00+02:00,5.234,5.201
2023-11-21 10:00:00+02:00,5.201,5.199
2023-11-21 12:00:00+02:00,5.199,5.19
2023-11-21 14:00:00+02:00,5.191,5.161
2023-11-21 16:00:00+02:00,5.16,5.143
2023-11-21 18:00:00+02:00,5.143,5.032
2023-11-21 20:00:00+02:00,5.032,5.032
2023-11-21 22:00:00+02:00,5.032,5.006
2023-11-22 00:00:00+02:00,5.007,4.855
2023-11-22 02:00:00+02:00,4.854,4.947
2023-11-22 04:00:00+02:00,4.948,5.026
2023-11-22 06:00:00+02:00,5.027,5.027
2023-11-22 08:00:00+02:00,5.028,5.052
2023-11-22 10:00:00+02:00,5.051,5.101
2023-11-22 12:00:00+02:00,5.1,5.072
2023-11-22 14:00:00+02:00,5.071,5.098
2023-11-22 16:00:00+02:00,5.098,5.087
2023-11-22 18:00:00+02:00,5.086,5.145
2023-11-22 20:00:00+02:00,5.146,5.221
2023-11-22 22:00:00+02:00,5.221,5.213
2023-11-23 00:00:00+02:00,5.213,5.174
2023-11-23 02:00:00+02:00,5.174,5.2
2023-11-23 04:00:00+02:00,5.199,5.17
2023-11-23 06:00:00+02:00,5.169,5.167
2023-11-23 08:00:00+02:00,5.168,5.173
2023-11-23 10:00:00+02:00,5.174,5.216
2023-11-23 12:00:00+02:00,5.217,5.158
2023-11-23 14:00:00+02:00,5.158,5.132
2023-11-23 16:00:00+02:00,5.132,5.107
2023-11-23 18:00:00+02:00,5.107,5.133
2023-11-23 20:00:00+02:00,5.133,5.105
2023-11-23 22:00:00+02:00,5.105,5.12
2023-11-24 00:00:00+02:00,5.121,5.138
2023-11-24 02:00:00+02:00,5.138,5.155
2023-11-24 04:00:00+02:00,5.156,5.166
2023-11-24 06:00:00+02:00,5.166,5.177
2023-11-24 08:00:00+02:00,5.177,5.225
2023-11-24 10:00:00+02:00,5.226,5.218
2023-11-24 12:00:00+02:00,5.218,5.211
2023-11-24 14:00:00+02:00,5.212,5.206
2023-11-24 16:00:00+02:00,5.207,5.246
2023-11-24 18:00:00+02:00,5.246,5.25
2023-11-24 20:00:00+02:00,5.25,5.23
2023-11-24 22:00:00+02:00,5.23,5.251
2023-11-25 00:00:00+02:00,5.251,5.242
2023-11-25 02:00:00+02:00,5.241,5.318
2023-11-25 04:00:00+02:00,5.318,5.304
2023-11-25 06:00:00+02:00,5.304,5.277
2023-11-25 08:00:00+02:00,5.276,5.314
2023-11-25 10:00:00+02:00,5.315,5.296
2023-11-25 12:00:00+02:00,5.296,5.271
2023-11-25 14:00:00+02:00,5.27,5.327
2023-11-25 16:00:00+02:00,5.326,5.348
2023-11-25 18:00:00+02:00,5.348,5.349
2023-11-25 20:00:00+02:00,5.348,5.343
2023-11-25 22:00:00+02:00,5.344,5.328
2023-11-26 00:00:00+02:00,5.328,5.331
2023-11-26 02:00:00+02:00,5.331,5.305
2023-11-26 04:00:00+02:00,5.304,5.327
2023-11-26 06:00:00+02:00,5.327,5.396
2023-11-26 08:00:00+02:00,5.396,5.363
2023-11-26 10:00:00+02:00,5.363,5.361
2023-11-26 12:00:00+02:00,5.361,5.336
2023-11-26 14:00:00+02:00,5.335,5.351
2023-11-26 16:00:00+02:00,5.351,5.277
2023-11-26 18:00:00+02:00,5.276,5.227
2023-11-26 20:00:00+02:00,5.227,5.302
2023-11-26 22:00:00+02:00,5.302,5.315
2023-11-27 00:00:00+02:00,5.316,5.329
2023-11-27 02:00:00+02:00,5.33,5.317
2023-11-27 04:00:00+02:00,5.317,5.287
2023-11-27 06:00:00+02:00,5.287,5.283
2023-11-27 08:00:00+02:00,5.283,5.251
2023-11-27 10:00:00+02:00,5.251,5.231
2023-11-27 12:00:00+02:00,5.23,5.151
2023-11-27 14:00:00+02:00,5.151,5.151
2023-11-27 16:00:00+02:00,5.152,5.08
2023-11-27 18:00:00+02:00,5.079,5.106
2023-11-27 20:00:00+02:00,5.106,5.071
2023-11-27 22:00:00+02:00,5.071,5.11
2023-11-28 00:00:00+02:00,5.109,5.155
2023-11-28 02:00:00+02:00,5.155,5.171
2023-11-28 04:00:00+02:00,5.171,5.163
2023-11-28 06:00:00+02:00,5.164,5.17
2023-11-28 08:00:00+02:00,5.171,5.163
2023-11-28 10:00:00+02:00,5.164,5.198
2023-11-28 12:00:00+02:00,5.197,5.199
2023-11-28 14:00:00+02:00,5.2,5.228
2023-11-28 16:00:00+02:00,5.227,5.224
2023-11-28 18:00:00+02:00,5.223,5.292
2023-11-28 20:00:00+02:00,5.293,5.28
2023-11-28 22:00:00+02:00,5.28,5.264
2023-11-29 00:00:00+02:00,5.264,5.275
2023-11-29 02:00:00+02:00,5.276,5.289
2023-11-29 04:00:00+02:00,5.289,5.277
2023-11-29 06:00:00+02:00,5.277,5.268
2023-11-29 08:00:00+02:00,5.268,5.28
2023-11-29 10:00:00+02:00,5.28,5.329
2023-11-29 12:00:00+02:00,5.328,5.351
2023-11-29 14:00:00+02:00,5.35,5.286
2023-11-29 16:00:00+02:00,5.286,5.233
2023-11-29 18:00:00+02:00,5.232,5.223
2023-11-29 20:00:00+02:00,5.223,5.196
2023-11-29 22:00:00+02:00,5.198,5.164
2023-11-30 00:00:00+02:00,5.165,5.16
2023-11-30 02:00:00+02:00,5.161,5.129
2023-11-30 04:00:00+02:00,5.129,5.178
2023-11-30 06:00:00+02:00,5.179,5.15
2023-11-30 08:00:00+02:00,5.149,5.172
2023-11-30 10:00:00+02:00,5.171,5.163
2023-11-30 12:00:00+02:00,5.163,5.199
2023-11-30 14:00:00+02:00,5.199,5.209
2023-11-30 16:00:00+02:00,5.209,5.49
2023-11-30 18:00:00+02:00,5.49,5.462
2023-11-30 20:00:00+02:00,5.462,5.453
2023-11-30 22:00:00+02:00,5.453,5.497
2023-12-01 00:00:00+02:00,5.496,5.475
2023-12-01 02:00:00+02:00,5.474,5.461
2023-12-01 04:00:00+02:00,5.462,5.495
2023-12-01 06:00:00+02:00,5.496,5.477
2023-12-01 08:00:00+02:00,5.477,5.453
2023-12-01 10:00:00+02:00,5.454,5.471
2023-12-01 12:00:00+02:00,5.472,5.45
2023-12-01 14:00:00+02:00,5.45,5.399
2023-12-01 16:00:00+02:00,5.399,5.427
2023-12-01 18:00:00+02:00,5.426,5.447
2023-12-01 20:00:00+02:00,5.447,5.47
2023-12-01 22:00:00+02:00,5.471,5.447
2023-12-02 00:00:00+02:00,5.446,5.471
2023-12-02 02:00:00+02:00,5.47,5.461
2023-12-02 04:00:00+02:00,5.462,5.483
2023-12-02 06:00:00+02:00,5.482,5.471
2023-12-02 08:00:00+02:00,5.471,5.495
2023-12-02 10:00:00+02:00,5.494,5.512
2023-12-02 12:00:00+02:00,5.513,5.524
2023-12-02 14:00:00+02:00,5.524,5.522
2023-12-02 16:00:00+02:00,5.522,5.485
2023-12-02 18:00:00+02:00,5.485,5.489
2023-12-02 20:00:00+02:00,5.489,5.554
2023-12-02 22:00:00+02:00,5.553,5.602
2023-12-03 00:00:00+02:00,5.602,5.564
2023-12-03 02:00:00+02:00,5.563,5.601
2023-12-03 04:00:00+02:00,5.601,5.544
2023-12-03 06:00:00+02:00,5.545,5.536
2023-12-03 08:00:00+02:00,5.535,5.537
2023-12-03 10:00:00+02:00,5.538,5.522
2023-12-03 12:00:00+02:00,5.522,5.503
2023-12-03 14:00:00+02:00,5.504,5.477
2023-12-03 16:00:00+02:00,5.477,5.506
2023-12-03 18:00:00+02:00,5.507,5.453
2023-12-03 20:00:00+02:00,5.454,5.468
2023-12-03 22:00:00+02:00,5.468,5.527
2023-12-04 00:00:00+02:00,5.527,5.542
2023-12-04 02:00:00+02:00,5.542,5.599
2023-12-04 04:00:00+02:00,5.598,5.61
2023-12-04 06:00:00+02:00,5.61,5.64
2023-12-04 08:00:00+02:00,5.639,5.652
2023-12-04 10:00:00+02:00,5.651,5.673
2023-12-04 12:00:00+02:00,5.674,5.578
2023-12-04 14:00:00+02:00,5.578,5.562
2023-12-04 16:00:00+02:00,5.563,5.489
2023-12-04 18:00:00+02:00,5.489,5.532
2023-12-04 20:00:00+02:00,5.532,5.569
2023-12-04 22:00:00+02:00,5.569,5.581
2023-12-05 00:00:00+02:00,5.58,5.638
2023-12-05 02:00:00+02:00,5.637,5.636
2023-12-05 04:00:00+02:00,5.637,5.608
2023-12-05 06:00:00+02:00,5.608,5.649
2023-12-05 08:00:00+02:00,5.648,5.634
2023-12-05 10:00:00+02:00,5.634,5.593
2023-12-05 12:00:00+02:00,5.593,5.536
2023-12-05 14:00:00+02:00,5.536,5.519
2023-12-05 16:00:00+02:00,5.519,5.631
2023-12-05 18:00:00+02:00,5.63,5.736
2023-12-05 20:00:00+02:00,5.736,5.787
2023-12-05 22:00:00+02:00,5.787,5.797
2023-12-06 00:00:00+02:00,5.797,5.908
2023-12-06 02:00:00+02:00,5.909,5.966
2023-12-06 04:00:00+02:00,5.967,5.879
2023-12-06 06:00:00+02:00,5.88,5.856
2023-12-06 08:00:00+02:00,5.857,5.951
2023-12-06 10:00:00+02:00,5.95,5.932
2023-12-06 12:00:00+02:00,5.933,5.947
2023-12-06 14:00:00+02:00,5.947,6.044
2023-12-06 16:00:00+02:00,6.044,6.13
2023-12-06 18:00:00+02:00,6.129,6.123
2023-12-06 20:00:00+02:00,6.124,6.08
2023-12-06 22:00:00+02:00,6.081,6.085
2023-12-07 00:00:00+02:00,6.085,6.05
2023-12-07 02:00:00+02:00,6.05,6.099
2023-12-07 04:00:00+02:00,6.1,6.064
2023-12-07 06:00:00+02:00,6.064,6.182
2023-12-07 08:00:00+02:00,6.182,6.129
2023-12-07 10:00:00+02:00,6.129,6.035
2023-12-07 12:00:00+02:00,6.035,5.975
2023-12-07 14:00:00+02:00,5.975,6.002
2023-12-07 16:00:00+02:00,6.001,6.102
2023-12-07 18:00:00+02:00,6.103,6.284
2023-12-07 20:00:00+02:00,6.284,6.203
2023-12-07 22:00:00+02:00,6.203,6.258
2023-12-08 00:00:00+02:00,6.257,6.247
2023-12-08 02:00:00+02:00,6.247,6.192
2023-12-08 04:00:00+02:00,6.192,6.226
2023-12-08 06:00:00+02:00,6.225,6.294
2023-12-08 08:00:00+02:00,6.294,6.238
2023-12-08 10:00:00+02:00,6.239,6.285
2023-12-08 12:00:00+02:00,6.285,6.379
2023-12-08 14:00:00+02:00,6.379,6.667
2023-12-08 16:00:00+02:00,6.666,6.685
2023-12-08 18:00:00+02:00,6.685,6.652
2023-12-08 20:00:00+02:00,6.652,6.66
2023-12-08 22:00:00+02:00,6.661,6.743
2023-12-09 00:00:00+02:00,6.742,6.846
2023-12-09 02:00:00+02:00,6.846,7.31
2023-12-09 04:00:00+02:00,7.309,7.419
2023-12-09 06:00:00+02:00,7.419,7.423
2023-12-09 08:00:00+02:00,7.422,7.568
2023-12-09 10:00:00+02:00,7.568,7.461
2023-12-09 12:00:00+02:00,7.461,7.597
2023-12-09 14:00:00+02:00,7.597,7.428
2023-12-09 16:00:00+02:00,7.427,7.324
2023-12-09 18:00:00+02:00,7.324,7.087
2023-12-09 20:00:00+02:00,7.087,7.29
2023-12-09 22:00:00+02:00,7.29,7.227
2023-12-10 00:00:00+02:00,7.228,7.11
2023-12-10 02:00:00+02:00,7.109,7.272
2023-12-10 04:00:00+02:00,7.271,7.265
2023-12-10 06:00:00+02:00,7.265,7.287
2023-12-10 08:00:00+02:00,7.288,7.207
2023-12-10 10:00:00+02:00,7.206,6.968
2023-12-10 12:00:00+02:00,6.968,7.097
2023-12-10 14:00:00+02:00,7.097,7.204
2023-12-10 16:00:00+02:00,7.203,7.226
2023-12-10 18:00:00+02:00,7.226,7.149
2023-12-10 20:00:00+02:00,7.149,7.186
2023-12-10 22:00:00+02:00,7.185,7.229
2023-12-11 00:00:00+02:00,7.229,7.351
2023-12-11 02:00:00+02:00,7.352,7.217
2023-12-11 04:00:00+02:00,7.217,6.847
2023-12-11 06:00:00+02:00,6.847,6.803
2023-12-11 08:00:00+02:00,6.802,6.666
2023-12-11 10:00:00+02:00,6.665,6.704
2023-12-11 12:00:00+02:00,6.704,6.762
2023-12-11 14:00:00+02:00,6.761,6.668
2023-12-11 16:00:00+02:00,6.669,6.689
2023-12-11 18:00:00+02:00,6.689,6.575
2023-12-11 20:00:00+02:00,6.575,6.529
2023-12-11 22:00:00+02:00,6.529,6.731
2023-12-12 00:00:00+02:00,6.73,6.708
2023-12-12 02:00:00+02:00,6.707,6.8
2023-12-12 04:00:00+02:00,6.799,6.91
2023-12-12 06:00:00+02:00,6.911,6.988
2023-12-12 08:00:00+02:00,6.988,7.257
2023-12-12 10:00:00+02:00,7.256,7.099
2023-12-12 12:00:00+02:00,7.099,7.145
2023-12-12 14:00:00+02:00,7.145,7.207
2023-12-12 16:00:00+02:00,7.208,7.145
2023-12-12 18:00:00+02:00,7.146,6.838
2023-12-12 20:00:00+02:00,6.838,7.053
2023-12-12 22:00:00+02:00,7.053,6.925
2023-12-13 00:00:00+02:00,6.925,7.135
2023-12-13 02:00:00+02:00,7.135,6.824
2023-12-13 04:00:00+02:00,6.824,6.778
2023-12-13 06:00:00+02:00,6.779,6.802
2023-12-13 08:00:00+02:00,6.802,6.77
2023-12-13 10:00:00+02:00,6.769,6.807
2023-12-13 12:00:00+02:00,6.808,6.757
2023-12-13 14:00:00+02:00,6.757,6.985
2023-12-13 16:00:00+02:00,6.985,7.047
2023-12-13 18:00:00+02:00,7.048,6.977
2023-12-13 20:00:00+02:00,6.976,7.277
2023-12-13 22:00:00+02:00,7.276,7.403
2023-12-14 00:00:00+02:00,7.404,7.607
2023-12-14 02:00:00+02:00,7.607,7.553
2023-12-14 04:00:00+02:00,7.553,7.438
2023-12-14 06:00:00+02:00,7.438,7.393
2023-12-14 08:00:00+02:00,7.391,7.418
2023-12-14 10:00:00+02:00,7.417,7.326
2023-12-14 12:00:00+02:00,7.326,7.546
2023-12-14 14:00:00+02:00,7.545,7.29
2023-12-14 16:00:00+02:00,7.29,7.263
2023-12-14 18:00:00+02:00,7.263,7.394
2023-12-14 20:00:00+02:00,7.394,7.401
2023-12-14 22:00:00+02:00,7.401,7.539
2023-12-15 00:00:00+02:00,7.54,7.513
2023-12-15 02:00:00+02:00,7.513,7.545
2023-12-15 04:00:00+02:00,7.545,7.447
2023-12-15 06:00:00+02:00,7.446,7.293
2023-12-15 08:00:00+02:00,7.294,7.213
2023-12-15 10:00:00+02:00,7.213,7.297
2023-12-15 12:00:00+02:00,7.297,7.322
2023-12-15 14:00:00+02:00,7.323,7.21
2023-12-15 16:00:00+02:00,7.209,7.102
2023-12-15 18:00:00+02:00,7.102,7.085
2023-12-15 20:00:00+02:00,7.085,7.066
2023-12-15 22:00:00+02:00,7.066,7.041
2023-12-16 00:00:00+02:00,7.042,6.953
2023-12-16 02:00:00+02:00,6.953,7.006
2023-12-16 04:00:00+02:00,7.007,7.085
2023-12-16 06:00:00+02:00,7.085,7.146
2023-12-16 08:00:00+02:00,7.146,7.096
2023-12-16 10:00:00+02:00,7.097,7.151
2023-12-16 12:00:00+02:00,7.151,7.196
2023-12-16 14:00:00+02:00,7.196,7.259
2023-12-16 16:00:00+02:00,7.26,7.279
2023-12-16 18:00:00+02:00,7.28,7.252
2023-12-16 20:00:00+02:00,7.252,7.058
2023-12-16 22:00:00+02:00,7.059,7.051
2023-12-17 00:00:00+02:00,7.052,7.09
2023-12-17 02:00:00+02:00,7.091,7.085
2023-12-17 04:00:00+02:00,7.085,7.078
2023-12-17 06:00:00+02:00,7.078,7.035
2023-12-17 08:00:00+02:00,7.035,6.973
2023-12-17 10:00:00+02:00,6.973,7.059
2023-12-17 12:00:00+02:00,7.059,6.999
2023-12-17 14:00:00+02:00,6.999,6.918
2023-12-17 16:00:00+02:00,6.917,6.928
2023-12-17 18:00:00+02:00,6.929,6.955
2023-12-17 20:00:00+02:00,6.955,6.906
2023-12-17 22:00:00+02:00,6.907,6.872
2023-12-18 00:00:00+02:00,6.871,6.79
2023-12-18 02:00:00+02:00,6.79,6.708
2023-12-18 04:00:00+02:00,6.708,6.721
2023-12-18 06:00:00+02:00,6.722,6.697
2023-12-18 08:00:00+02:00,6.698,6.663
2023-12-18 10:00:00+02:00,6.662,6.602
2023-12-18 12:00:00+02:00,6.601,6.539
2023-12-18 14:00:00+02:00,6.539,6.61
2023-12-18 16:00:00+02:00,6.609,6.599
2023-12-18 18:00:00+02:00,6.598,6.653
2023-12-18 20:00:00+02:00,6.653,6.696
2023-12-18 22:00:00+02:00,6.696,6.852
2023-12-19 00:00:00+02:00,6.853,6.883
2023-12-19 02:00:00+02:00,6.882,6.979
2023-12-19 04:00:00+02:00,6.979,6.928
2023-12-19 06:00:00+02:00,6.928,6.93
2023-12-19 08:00:00+02:00,6.93,6.973
2023-12-19 10:00:00+02:00,6.973,6.902
2023-12-19 12:00:00+02:00,6.903,6.835
2023-12-19 14:00:00+02:00,6.835,6.825
2023-12-19 16:00:00+02:00,6.824,6.772
2023-12-19 18:00:00+02:00,6.772,6.633
2023-12-19 20:00:00+02:00,6.633,6.732
2023-12-19 22:00:00+02:00,6.732,6.756
2023-12-20 00:00:00+02:00,6.755,6.707
2023-12-20 02:00:00+02:00,6.707,6.669
2023-12-20 04:00:00+02:00,6.67,6.773
2023-12-20 06:00:00+02:00,6.772,6.849
2023-12-20 08:00:00+02:00,6.85,6.904
2023-12-20 10:00:00+02:00,6.903,7.021
2023-12-20 12:00:00+02:00,7.02,7.0
2023-12-20 14:00:00+02:00,7.0,7.109
2023-12-20 16:00:00+02:00,7.108,7.084
2023-12-20 18:00:00+02:00,7.085,7.053
2023-12-20 20:00:00+02:00,7.052,6.974
2023-12-20 22:00:00+02:00,6.974,6.887
2023-12-21 00:00:00+02:00,6.888,6.959
2023-12-21 02:00:00+02:00,6.96,7.066
2023-12-21 04:00:00+02:00,7.065,7.128
2023-12-21 06:00:00+02:00,7.129,7.229
2023-12-21 08:00:00+02:00,7.229,7.441
2023-12-21 10:00:00+02:00,7.442,7.473
2023-12-21 12:00:00+02:00,7.472,7.577
2023-12-21 14:00:00+02:00,7.577,7.658
2023-12-21 16:00:00+02:00,7.658,7.55
2023-12-21 18:00:00+02:00,7.55,8.062
2023-12-21 20:00:00+02:00,8.063,8.254
2023-12-21 22:00:00+02:00,8.253,8.312
2023-12-22 00:00:00+02:00,8.312,8.432
2023-12-22 02:00:00+02:00,8.432,8.359
2023-12-22 04:00:00+02:00,8.359,8.245
2023-12-22 06:00:00+02:00,8.244,8.152
2023-12-22 08:00:00+02:00,8.152,7.955
2023-12-22 10:00:00+02:00,7.955,7.955
2023-12-22 12:00:00+02:00,7.955,8.136
2023-12-22 14:00:00+02:00,8.137,8.094
2023-12-22 16:00:00+02:00,8.094,8.079
2023-12-22 18:00:00+02:00,8.079,8.055
2023-12-22 20:00:00+02:00,8.055,7.929
2023-12-22 22:00:00+02:00,7.93,7.965
2023-12-23 00:00:00+02:00,7.964,7.958
2023-12-23 02:00:00+02:00,7.959,7.75
2023-12-23 04:00:00+02:00,7.75,7.623
2023-12-23 06:00:00+02:00,7.623,7.745
2023-12-23 08:00:00+02:00,7.745,7.73
2023-12-23 10:00:00+02:00,7.73,7.834
2023-12-23 12:00:00+02:00,7.833,7.838
2023-12-23 14:00:00+02:00,7.838,7.851
2023-12-23 16:00:00+02:00,7.851,7.821
2023-12-23 18:00:00+02:00,7.821,7.837
2023-12-23 20:00:00+02:00,7.837,7.957
2023-12-23 22:00:00+02:00,7.957,8.209
2023-12-24 00:00:00+02:00,8.21,8.333
2023-12-24 02:00:00+02:00,8.332,8.888
2023-12-24 04:00:00+02:00,8.888,8.806
2023-12-24 06:00:00+02:00,8.806,8.496
2023-12-24 08:00:00+02:00,8.497,8.594
2023-12-24 10:00:00+02:00,8.593,8.908
2023-12-24 12:00:00+02:00,8.909,9.065
2023-12-24 14:00:00+02:00,9.065,9.075
2023-12-24 16:00:00+02:00,9.074,8.942
2023-12-24 18:00:00+02:00,8.943,8.946
2023-12-24 20:00:00+02:00,8.946,8.877
2023-12-24 22:00:00+02:00,8.877,8.73
2023-12-25 00:00:00+02:00,8.73,8.619
2023-12-25 02:00:00+02:00,8.619,8.721
2023-12-25 04:00:00+02:00,8.72,8.749
2023-12-25 06:00:00+02:00,8.749,9.217
2023-12-25 08:00:00+02:00,9.218,9.207
2023-12-25 10:00:00+02:00,9.207,9.062
2023-12-25 12:00:00+02:00,9.062,9.148
2023-12-25 14:00:00+02:00,9.148,9.148
2023-12-25 16:00:00+02:00,9.15,9.175
2023-12-25 18:00:00+02:00,9.175,9.257
2023-12-25 20:00:00+02:00,9.258,9.179
2023-12-25 22:00:00+02:00,9.179,9.177
2023-12-26 00:00:00+02:00,9.178,9.202
2023-12-26 02:00:00+02:00,9.203,9.405
2023-12-26 04:00:00+02:00,9.406,9.305
2023-12-26 06:00:00+02:00,9.304,9.064
2023-12-26 08:00:00+02:00,9.064,9.108
2023-12-26 10:00:00+02:00,9.108,8.966
2023-12-26 12:00:00+02:00,8.966,9.177
2023-12-26 14:00:00+02:00,9.176,9.107
2023-12-26 16:00:00+02:00,9.106,8.862
2023-12-26 18:00:00+02:00,8.863,8.617
2023-12-26 20:00:00+02:00,8.617,8.651
2023-12-26 22:00:00+02:00,8.651,8.762
2023-12-27 00:00:00+02:00,8.762,8.825
2023-12-27 02:00:00+02:00,8.825,8.728
2023-12-27 04:00:00+02:00,8.729,8.473
2023-12-27 06:00:00+02:00,8.474,8.618
2023-12-27 08:00:00+02:00,8.618,8.682
2023-12-27 10:00:00+02:00,8.683,8.831
2023-12-27 12:00:00+02:00,8.832,8.845
2023-12-27 14:00:00+02:00,8.844,8.833
2023-12-27 16:00:00+02:00,8.833,8.926
2023-12-27 18:00:00+02:00,8.926,8.893
2023-12-27 20:00:00+02:00,8.892,8.808
2023-12-27 22:00:00+02:00,8.808,8.798
2023-12-28 00:00:00+02:00,8.799,8.703
2023-12-28 02:00:00+02:00,8.704,8.782
2023-12-28 04:00:00+02:00,8.783,8.586
2023-12-28 06:00:00+02:00,8.586,8.568
2023-12-28 08:00:00+02:00,8.567,8.577
2023-12-28 10:00:00+02:00,8.577,8.641
2023-12-28 12:00:00+02:00,8.641,8.704
2023-12-28 14:00:00+02:00,8.703,8.501
2023-12-28 16:00:00+02:00,8.502,8.384
2023-12-28 18:00:00+02:00,8.384,8.412
2023-12-28 20:00:00+02:00,8.413,8.452
2023-12-28 22:00:00+02:00,8.452,8.363
2023-12-29 00:00:00+02:00,8.363,8.435
2023-12-29 02:00:00+02:00,8.436,8.224
2023-12-29 04:00:00+02:00,8.223,8.445
2023-12-29 06:00:00+02:00,8.444,8.448
2023-12-29 08:00:00+02:00,8.447,8.316
2023-12-29 10:00:00+02:00,8.317,8.604
2023-12-29 12:00:00+02:00,8.604,8.575
2023-12-29 14:00:00+02:00,8.574,8.65
2023-12-29 16:00:00+02:00,8.65,8.369
2023-12-29 18:00:00+02:00,8.37,8.222
2023-12-29 20:00:00+02:00,8.221,8.281
2023-12-29 22:00:00+02:00,8.281,8.231
2023-12-30 00:00:00+02:00,8.23,8.298
2023-12-30 02:00:00+02:00,8.297,8.42
2023-12-30 04:00:00+02:00,8.421,8.37
2023-12-30 06:00:00+02:00,8.371,8.459
2023-12-30 08:00:00+02:00,8.459,8.327
2023-12-30 10:00:00+02:00,8.328,8.138
2023-12-30 12:00:00+02:00,8.139,8.216
2023-12-30 14:00:00+02:00,8.215,8.236
2023-12-30 16:00:00+02:00,8.237,8.393
2023-12-30 18:00:00+02:00,8.393,8.36
2023-12-30 20:00:00+02:00,8.361,8.319
2023-12-30 22:00:00+02:00,8.318,8.397
2023-12-31 00:00:00+02:00,8.397,8.355
2023-12-31 02:00:00+02:00,8.356,8.278
2023-12-31 04:00:00+02:00,8.277,8.22
2023-12-31 06:00:00+02:00,8.22,8.292
2023-12-31 08:00:00+02:00,8.293,8.572
2023-12-31 10:00:00+02:00,8.571,8.602
2023-12-31 12:00:00+02:00,8.601,8.479
2023-12-31 14:00:00+02:00,8.479,8.537
2023-12-31 16:00:00+02:00,8.537,8.494
2023-12-31 18:00:00+02:00,8.494,8.52
2023-12-31 20:00:00+02:00,8.52,8.452
2023-12-31 22:00:00+02:00,8.453,8.32
2024-01-01 00:00:00+02:00,8.32,8.207
2024-01-01 02:00:00+02:00,8.208,8.302
2024-01-01 04:00:00+02:00,8.302,8.155
2024-01-01 06:00:00+02:00,8.154,8.103
2024-01-01 08:00:00+02:00,8.104,8.176
2024-01-01 10:00:00+02:00,8.177,8.243
2024-01-01 12:00:00+02:00,8.242,8.248
2024-01-01 14:00:00+02:00,8.249,8.277
2024-01-01 16:00:00+02:00,8.276,8.391
2024-01-01 18:00:00+02:00,8.391,8.391
2024-01-01 20:00:00+02:00,8.391,8.604
2024-01-01 22:00:00+02:00,8.602,8.549
2024-01-02 00:00:00+02:00,8.55,8.607
2024-01-02 02:00:00+02:00,8.608,8.682
2024-01-02 04:00:00+02:00,8.682,8.688
2024-01-02 06:00:00+02:00,8.687,8.661
2024-01-02 08:00:00+02:00,8.661,8.713
2024-01-02 10:00:00+02:00,8.714,8.784
2024-01-02 12:00:00+02:00,8.785,8.66
2024-01-02 14:00:00+02:00,8.661,8.724
2024-01-02 16:00:00+02:00,8.724,8.425
2024-01-02 18:00:00+02:00,8.425,8.436
2024-01-02 20:00:00+02:00,8.436,8.444
2024-01-02 22:00:00+02:00,8.445,8.418
2024-01-03 00:00:00+02:00,8.419,8.418
2024-01-03 02:00:00+02:00,8.418,8.539
2024-01-03 04:00:00+02:00,8.539,8.449
2024-01-03 06:00:00+02:00,8.449,8.53
2024-01-03 08:00:00+02:00,8.529,8.453
2024-01-03 10:00:00+02:00,8.454,8.521
2024-01-03 12:00:00+02:00,8.52,8.141
2024-01-03 14:00:00+02:00,8.142,7.586
2024-01-03 16:00:00+02:00,7.587,7.758
2024-01-03 18:00:00+02:00,7.759,7.709
2024-01-03 20:00:00+02:00,7.709,7.678
2024-01-03 22:00:00+02:00,7.679,7.797
2024-01-04 00:00:00+02:00,7.797,7.624
2024-01-04 02:00:00+02:00,7.624,7.517
2024-01-04 04:00:00+02:00,7.517,7.642
2024-01-04 06:00:00+02:00,7.642,7.696
2024-01-04 08:00:00+02:00,7.695,7.6
2024-01-04 10:00:00+02:00,7.6,7.613
2024-01-04 12:00:00+02:00,7.613,7.667
2024-01-04 14:00:00+02:00,7.667,7.701
2024-01-04 16:00:00+02:00,7.7,7.883
2024-01-04 18:00:00+02:00,7.883,7.845
2024-01-04 20:00:00+02:00,7.846,7.881
2024-01-04 22:00:00+02:00,7.88,7.881
2024-01-05 00:00:00+02:00,7.88,7.874
2024-01-05 02:00:00+02:00,7.874,7.687
2024-01-05 04:00:00+02:00,7.686,7.705
2024-01-05 06:00:00+02:00,7.705,7.729
2024-01-05 08:00:00+02:00,7.728,7.62
2024-01-05 10:00:00+02:00,7.621,7.666
2024-01-05 12:00:00+02:00,7.666,7.452
2024-01-05 14:00:00+02:00,7.452,7.462
2024-01-05 16:00:00+02:00,7.462,7.352
2024-01-05 18:00:00+02:00,7.351,7.324
2024-01-05 20:00:00+02:00,7.325,7.3
2024-01-05 22:00:00+02:00,7.3,7.367
2024-01-06 00:00:00+02:00,7.368,7.445
2024-01-06 02:00:00+02:00,7.446,7.344
2024-01-06 04:00:00+02:00,7.345,7.297
2024-01-06 06:00:00+02:00,7.298,7.093
2024-01-06 08:00:00+02:00,7.093,7.114
2024-01-06 10:00:00+02:00,7.114,7.179
2024-01-06 12:00:00+02:00,7.179,7.191
2024-01-06 14:00:00+02:00,7.192,7.176
2024-01-06 16:00:00+02:00,7.176,7.236
2024-01-06 18:00:00+02:00,7.235,7.3
2024-01-06 20:00:00+02:00,7.3,7.195
2024-01-06 22:00:00+02:00,7.195,7.157
2024-01-07 00:00:00+02:00,7.157,7.134
2024-01-07 02:00:00+02:00,7.134,7.139
2024-01-07 04:00:00+02:00,7.139,7.124
2024-01-07 06:00:00+02:00,7.125,7.201
2024-01-07 08:00:00+02:00,7.202,7.287
2024-01-07 10:00:00+02:00,7.288,7.141
2024-01-07 12:00:00+02:00,7.141,7.189
2024-01-07 14:00:00+02:00,7.188,7.258
2024-01-07 16:00:00+02:00,7.257,7.147
2024-01-07 18:00:00+02:00,7.147,7.169
2024-01-07 20:00:00+02:00,7.17,7.209
2024-01-07 22:00:00+02:00,7.21,7.083
2024-01-08 00:00:00+02:00,7.083,6.897
2024-01-08 02:00:00+02:00,6.897,6.814
2024-01-08 04:00:00+02:00,6.814,6.685
2024-01-08 06:00:00+02:00,6.685,6.858
2024-01-08 08:00:00+02:00,6.858,6.937
2024-01-08 10:00:00+02:00,6.937,6.879
2024-01-08 12:00:00+02:00,6.879,7.135
2024-01-08 14:00:00+02:00,7.136,7.192
2024-01-08 16:00:00+02:00,7.192,7.223
2024-01-08 18:00:00+02:00,7.223,7.302
2024-01-08 20:00:00+02:00,7.302,7.481
2024-01-08 22:00:00+02:00,7.481,7.413
2024-01-09 00:00:00+02:00,7.413,7.481
2024-01-09 02:00:00+02:00,7.48,7.36
2024-01-09 04:00:00+02:00,7.361,7.317
2024-01-09 06:00:00+02:00,7.316,7.426
2024-01-09 08:00:00+02:00,7.425,7.453
2024-01-09 10:00:00+02:00,7.453,7.313
2024-01-09 12:00:00+02:00,7.312,7.315
2024-01-09 14:00:00+02:00,7.316,7.222
2024-01-09 16:00:00+02:00,7.222,7.137
2024-01-09 18:00:00+02:00,7.136,7.061
2024-01-09 20:00:00+02:00,7.06,7.031
2024-01-09 22:00:00+02:00,7.032,6.985
2024-01-10 00:00:00+02:00,6.984,7.125
2024-01-10 02:00:00+02:00,7.126,7.197
2024-01-10 04:00:00+02:00,7.197,7.137
2024-01-10 06:00:00+02:00,7.136,7.168
2024-01-10 08:00:00+02:00,7.168,7.071
2024-01-10 10:00:00+02:00,7.072,7.191
2024-01-10 12:00:00+02:00,7.191,7.135
2024-01-10 14:00:00+02:00,7.135,6.941
2024-01-10 16:00:00+02:00,6.941,7.079
2024-01-10 18:00:00+02:00,7.077,7.158
2024-01-10 20:00:00+02:00,7.158,7.251
2024-01-10 22:00:00+02:00,7.25,7.833
2024-01-11 00:00:00+02:00,7.833,7.988
2024-01-11 02:00:00+02:00,7.988,8.061
2024-01-11 04:00:00+02:00,8.062,8.215
2024-01-11 06:00:00+02:00,8.216,8.045
2024-01-11 08:00:00+02:00,8.045,8.331
2024-01-11 10:00:00+02:00,8.331,8.283
2024-01-11 12:00:00+02:00,8.283,8.398
2024-01-11 14:00:00+02:00,8.398,8.468
2024-01-11 16:00:00+02:00,8.468,8.238
2024-01-11 18:00:00+02:00,8.238,8.204
2024-01-11 20:00:00+02:00,8.205,8.227
2024-01-11 22:00:00+02:00,8.226,8.12
2024-01-12 00:00:00+02:00,8.119,8.149
2024-01-12 02:00:00+02:00,8.149,8.123
2024-01-12 04:00:00+02:00,8.123,8.08
2024-01-12 06:00:00+02:00,8.079,8.175
2024-01-12 08:00:00+02:00,8.174,8.072
2024-01-12 10:00:00+02:00,8.072,8.065
2024-01-12 12:00:00+02:00,8.065,8.071
2024-01-12 14:00:00+02:00,8.07,8.167
2024-01-12 16:00:00+02:00,8.167,7.901
2024-01-12 18:00:00+02:00,7.901,7.813
2024-01-12 20:00:00+02:00,7.813,7.767
2024-01-12 22:00:00+02:00,7.766,7.646
2024-01-13 00:00:00+02:00,7.646,7.566
2024-01-13 02:00:00+02:00,7.566,7.552
2024-01-13 04:00:00+02:00,7.551,7.587
2024-01-13 06:00:00+02:00,7.587,7.683
2024-01-13 08:00:00+02:00,7.682,7.691
2024-01-13 10:00:00+02:00,7.691,7.64
2024-01-13 12:00:00+02:00,7.641,7.649
2024-01-13 14:00:00+02:00,7.648,7.636
2024-01-13 16:00:00+02:00,7.637,7.705
2024-01-13 18:00:00+02:00,7.705,7.69
2024-01-13 20:00:00+02:00,7.689,7.627
2024-01-13 22:00:00+02:00,7.626,7.66
2024-01-14 00:00:00+02:00,7.66,7.614
2024-01-14 02:00:00+02:00,7.614,7.565
2024-01-14 04:00:00+02:00,7.564,7.509
2024-01-14 06:00:00+02:00,7.509,7.592
2024-01-14 08:00:00+02:00,7.592,7.611
2024-01-14 10:00:00+02:00,7.612,7.687
2024-01-14 12:00:00+02:00,7.687,7.581
2024-01-14 14:00:00+02:00,7.581,7.609
2024-01-14 16:00:00+02:00,7.609,7.67
2024-01-14 18:00:00+02:00,7.671,7.648
2024-01-14 20:00:00+02:00,7.647,7.476
2024-01-14 22:00:00+02:00,7.475,7.526
2024-01-15 00:00:00+02:00,7.527,7.321
2024-01-15 02:00:00+02:00,7.321,7.478
2024-01-15 04:00:00+02:00,7.478,7.605
2024-01-15 06:00:00+02:00,7.605,7.613
2024-01-15 08:00:00+02:00,7.613,7.531
2024-01-15 10:00:00+02:00,7.531,7.642
2024-01-15 12:00:00+02:00,7.642,7.581
2024-01-15 14:00:00+02:00,7.582,7.639
2024-01-15 16:00:00+02:00,7.64,7.415
2024-01-15 18:00:00+02:00,7.415,7.571
2024-01-15 20:00:00+02:00,7.57,7.627
2024-01-15 22:00:00+02:00,7.628,7.544
2024-01-16 00:00:00+02:00,7.545,7.507
2024-01-16 02:00:00+02:00,7.507,7.537
2024-01-16 04:00:00+02:00,7.536,7.595
2024-01-16 06:00:00+02:00,7.595,7.527
2024-01-16 08:00:00+02:00,7.529,7.55
2024-01-16 10:00:00+02:00,7.551,7.613
2024-01-16 12:00:00+02:00,7.612,7.52
2024-01-16 14:00:00+02:00,7.52,7.463
2024-01-16 16:00:00+02:00,7.464,7.515
2024-01-16 18:00:00+02:00,7.514,7.458
2024-01-16 20:00:00+02:00,7.459,7.455
2024-01-16 22:00:00+02:00,7.456,7.575
2024-01-17 00:00:00+02:00,7.575,7.488
2024-01-17 02:00:00+02:00,7.489,7.542
2024-01-17 04:00:00+02:00,7.542,7.492
2024-01-17 06:00:00+02:00,7.493,7.414
2024-01-17 08:00:00+02:00,7.414,7.37
2024-01-17 10:00:00+02:00,7.369,7.393
2024-01-17 12:00:00+02:00,7.392,7.394
2024-01-17 14:00:00+02:00,7.394,7.399
2024-01-17 16:00:00+02:00,7.399,7.339
2024-01-17 18:00:00+02:00,7.34,7.322
2024-01-17 20:00:00+02:00,7.322,7.339
2024-01-17 22:00:00+02:00,7.339,7.349
2024-01-18 00:00:00+02:00,7.349,7.351
2024-01-18 02:00:00+02:00,7.35,7.293
2024-01-18 04:00:00+02:00,7.294,7.35
2024-01-18 06:00:00+02:00,7.35,7.33
2024-01-18 08:00:00+02:00,7.329,7.341
2024-01-18 10:00:00+02:00,7.342,7.286
2024-01-18 12:00:00+02:00,7.286,7.206
2024-01-18 14:00:00+02:00,7.206,7.17
2024-01-18 16:00:00+02:00,7.17,7.214
2024-01-18 18:00:00+02:00,7.214,6.995
2024-01-18 20:00:00+02:00,6.995,6.872
2024-01-18 22:00:00+02:00,6.873,6.955
2024-01-19 00:00:00+02:00,6.954,7.017
2024-01-19 02:00:00+02:00,7.017,6.973
2024-01-19 04:00:00+02:00,6.973,6.953
2024-01-19 06:00:00+02:00,6.953,6.993
2024-01-19 08:00:00+02:00,6.994,7.002
2024-01-19 10:00:00+02:00,7.003,7.009
2024-01-19 12:00:00+02:00,7.009,6.999
2024-01-19 14:00:00+02:00,6.999,6.946
2024-01-19 16:00:00+02:00,6.946,6.798
2024-01-19 18:00:00+02:00,6.799,6.73
2024-01-19 20:00:00+02:00,6.73,6.849
2024-01-19 22:00:00+02:00,6.85,6.843
2024-01-20 00:00:00+02:00,6.844,6.89
2024-01-20 02:00:00+02:00,6.89,6.865
2024-01-20 04:00:00+02:00,6.865,6.826
2024-01-20 06:00:00+02:00,6.826,6.838
2024-01-20 08:00:00+02:00,6.837,6.902
2024-01-20 10:00:00+02:00,6.902,6.811
2024-01-20 12:00:00+02:00,6.811,6.856
2024-01-20 14:00:00+02:00,6.856,6.86
2024-01-20 16:00:00+02:00,6.86,6.858
2024-01-20 18:00:00+02:00,6.859,6.861
2024-01-20 20:00:00+02:00,6.86,6.842
2024-01-20 22:00:00+02:00,6.842,6.885
2024-01-21 00:00:00+02:00,6.886,6.91
2024-01-21 02:00:00+02:00,6.91,6.887
2024-01-21 04:00:00+02:00,6.886,6.915
2024-01-21 06:00:00+02:00,6.915,6.887
2024-01-21 08:00:00+02:00,6.886,6.902
2024-01-21 10:00:00+02:00,6.902,6.898
2024-01-21 12:00:00+02:00,6.898,6.896
2024-01-21 14:00:00+02:00,6.896,6.937
2024-01-21 16:00:00+02:00,6.938,6.883
2024-01-21 18:00:00+02:00,6.883,6.886
2024-01-21 20:00:00+02:00,6.887,6.903
2024-01-21 22:00:00+02:00,6.903,6.896
2024-01-22 00:00:00+02:00,6.896,6.813
2024-01-22 02:00:00+02:00,6.814,6.736
2024-01-22 04:00:00+02:00,6.738,6.72
2024-01-22 06:00:00+02:00,6.721,6.733
2024-01-22 08:00:00+02:00,6.734,6.72
2024-01-22 10:00:00+02:00,6.72,6.663
2024-01-22 12:00:00+02:00,6.663,6.581
2024-01-22 14:00:00+02:00,6.581,6.632
2024-01-22 16:00:00+02:00,6.633,6.517
2024-01-22 18:00:00+02:00,6.518,6.534
2024-01-22 20:00:00+02:00,6.534,6.377
2024-01-22 22:00:00+02:00,6.377,6.42
2024-01-23 00:00:00+02:00,6.421,6.341
2024-01-23 02:00:00+02:00,6.342,6.383
2024-01-23 04:00:00+02:00,6.382,6.416
2024-01-23 06:00:00+02:00,6.417,6.42
2024-01-23 08:00:00+02:00,6.421,6.311
2024-01-23 10:00:00+02:00,6.311,6.043
2024-01-23 12:00:00+02:00,6.043,6.095
2024-01-23 14:00:00+02:00,6.095,6.052
2024-01-23 16:00:00+02:00,6.051,6.221
2024-01-23 18:00:00+02:00,6.221,6.279
2024-01-23 20:00:00+02:00,6.279,6.193
2024-01-23 22:00:00+02:00,6.193,6.211
2024-01-24 00:00:00+02:00,6.211,6.355
2024-01-24 02:00:00+02:00,6.356,6.298
2024-01-24 04:00:00+02:00,6.297,6.272
2024-01-24 06:00:00+02:00,6.272,6.337
2024-01-24 08:00:00+02:00,6.337,6.375
2024-01-24 10:00:00+02:00,6.376,6.441
2024-01-24 12:00:00+02:00,6.441,6.474
2024-01-24 14:00:00+02:00,6.474,6.431
2024-01-24 16:00:00+02:00,6.431,6.419
2024-01-24 18:00:00+02:00,6.42,6.382
2024-01-24 20:00:00+02:00,6.383,6.342
2024-01-24 22:00:00+02:00,6.342,6.355
2024-01-25 00:00:00+02:00,6.356,6.461
2024-01-25 02:00:00+02:00,6.461,6.429
2024-01-25 04:00:00+02:00,6.429,6.473
2024-01-25 06:00:00+02:00,6.472,6.442
2024-01-25 08:00:00+02:00,6.443,6.504
2024-01-25 10:00:00+02:00,6.504,6.456
2024-01-25 12:00:00+02:00,6.457,6.526
2024-01-25 14:00:00+02:00,6.526,6.416
2024-01-25 16:00:00+02:00,6.415,6.388
2024-01-25 18:00:00+02:00,6.389,6.439
2024-01-25 20:00:00+02:00,6.439,6.445
2024-01-25 22:00:00+02:00,6.445,6.433
2024-01-26 00:00:00+02:00,6.434,6.44
2024-01-26 02:00:00+02:00,6.44,6.41
2024-01-26 04:00:00+02:00,6.41,6.445
2024-01-26 06:00:00+02:00,6.445,6.404
2024-01-26 08:00:00+02:00,6.404,6.371
2024-01-26 10:00:00+02:00,6.371,6.388
2024-01-26 12:00:00+02:00,6.387,6.597
2024-01-26 14:00:00+02:00,6.598,6.531
2024-01-26 16:00:00+02:00,6.53,6.616
2024-01-26 18:00:00+02:00,6.617,6.698
2024-01-26 20:00:00+02:00,6.697,6.672
2024-01-26 22:00:00+02:00,6.672,6.659
2024-01-27 00:00:00+02:00,6.659,6.669
2024-01-27 02:00:00+02:00,6.668,6.682
2024-01-27 04:00:00+02:00,6.682,6.689
2024-01-27 06:00:00+02:00,6.688,6.579
2024-01-27 08:00:00+02:00,6.58,6.569
2024-01-27 10:00:00+02:00,6.568,6.585
2024-01-27 12:00:00+02:00,6.585,6.647
2024-01-27 14:00:00+02:00,6.647,6.669
2024-01-27 16:00:00+02:00,6.668,6.691
2024-01-27 18:00:00+02:00,6.69,6.647
2024-01-27 20:00:00+02:00,6.648,6.682
2024-01-27 22:00:00+02:00,6.682,6.69
2024-01-28 00:00:00+02:00,6.69,6.668
2024-01-28 02:00:00+02:00,6.668,6.679
2024-01-28 04:00:00+02:00,6.679,6.733
2024-01-28 06:00:00+02:00,6.733,6.745
2024-01-28 08:00:00+02:00,6.745,6.697
2024-01-28 10:00:00+02:00,6.697,6.74
2024-01-28 12:00:00+02:00,6.74,6.731
2024-01-28 14:00:00+02:00,6.73,6.696
2024-01-28 16:00:00+02:00,6.696,6.655
2024-01-28 18:00:00+02:00,6.654,6.639
2024-01-28 20:00:00+02:00,6.639,6.599
2024-01-28 22:00:00+02:00,6.598,6.745
2024-01-29 00:00:00+02:00,6.745,6.866
2024-01-29 02:00:00+02:00,6.867,6.877
2024-01-29 04:00:00+02:00,6.877,6.922
2024-01-29 06:00:00+02:00,6.922,6.891
2024-01-29 08:00:00+02:00,6.891,6.811
2024-01-29 10:00:00+02:00,6.812,6.79
2024-01-29 12:00:00+02:00,6.79,6.825
2024-01-29 14:00:00+02:00,6.825,6.743
2024-01-29 16:00:00+02:00,6.742,6.82
2024-01-29 18:00:00+02:00,6.82,6.967
2024-01-29 20:00:00+02:00,6.967,7.105
2024-01-29 22:00:00+02:00,7.104,7.234
2024-01-30 00:00:00+02:00,7.235,7.032
2024-01-30 02:00:00+02:00,7.032,7.033
2024-01-30 04:00:00+02:00,7.033,7.001
2024-01-30 06:00:00+02:00,7.002,6.996
2024-01-30 08:00:00+02:00,6.996,7.01
2024-01-30 10:00:00+02:00,7.01,6.994
2024-01-30 12:00:00+02:00,6.994,7.043
2024-01-30 14:00:00+02:00,7.043,6.956
2024-01-30 16:00:00+02:00,6.956,7.002
2024-01-30 18:00:00+02:00,7.001,7.011
2024-01-30 20:00:00+02:00,7.01,7.004
2024-01-30 22:00:00+02:00,7.003,6.971
2024-01-31 00:00:00+02:00,6.971,6.836
2024-01-31 02:00:00+02:00,6.836,6.803
2024-01-31 04:00:00+02:00,6.802,6.805
2024-01-31 06:00:00+02:00,6.805,6.849
2024-01-31 08:00:00+02:00,6.848,6.866
2024-01-31 10:00:00+02:00,6.866,6.734
2024-01-31 12:00:00+02:00,6.734,6.759
2024-01-31 14:00:00+02:00,6.76,6.72
2024-01-31 16:00:00+02:00,6.72,6.79
2024-01-31 18:00:00+02:00,6.79,6.843
2024-01-31 20:00:00+02:00,6.842,6.817
2024-01-31 22:00:00+02:00,6.817,6.649
2024-02-01 00:00:00+02:00,6.649,6.651
2024-02-01 02:00:00+02:00,6.651,6.58
2024-02-01 04:00:00+02:00,6.58,6.649
2024-02-01 06:00:00+02:00,6.649,6.66
2024-02-01 08:00:00+02:00,6.661,6.651
2024-02-01 10:00:00+02:00,6.652,6.682
2024-02-01 12:00:00+02:00,6.681,6.641
2024-02-01 14:00:00+02:00,6.641,6.68
2024-02-01 16:00:00+02:00,6.681,6.728
2024-02-01 18:00:00+02:00,6.729,6.791
2024-02-01 20:00:00+02:00,6.792,6.803
2024-02-01 22:00:00+02:00,6.802,6.783
2024-02-02 00:00:00+02:00,6.782,6.789
2024-02-02 02:00:00+02:00,6.789,6.795
2024-02-02 04:00:00+02:00,6.794,6.79
2024-02-02 06:00:00+02:00,6.79,6.804
2024-02-02 08:00:00+02:00,6.804,6.865
2024-02-02 10:00:00+02:00,6.865,6.913
2024-02-02 12:00:00+02:00,6.913,6.905
2024-02-02 14:00:00+02:00,6.904,6.789
2024-02-02 16:00:00+02:00,6.788,6.991
2024-02-02 18:00:00+02:00,6.992,6.959
2024-02-02 20:00:00+02:00,6.959,6.936
2024-02-02 22:00:00+02:00,6.936,6.883
2024-02-03 00:00:00+02:00,6.884,6.945
2024-02-03 02:00:00+02:00,6.944,6.984
2024-02-03 04:00:00+02:00,6.985,6.913
2024-02-03 06:00:00+02:00,6.913,6.927
2024-02-03 08:00:00+02:00,6.928,6.87
2024-02-03 10:00:00+02:00,6.871,6.923
2024-02-03 12:00:00+02:00,6.923,6.892
2024-02-03 14:00:00+02:00,6.893,6.892
2024-02-03 16:00:00+02:00,6.892,6.882
2024-02-03 18:00:00+02:00,6.881,6.906
2024-02-03 20:00:00+02:00,6.906,6.904
2024-02-03 22:00:00+02:00,6.903,6.877
2024-02-04 00:00:00+02:00,6.878,6.825
2024-02-04 02:00:00+02:00,6.825,6.816
2024-02-04 04:00:00+02:00,6.816,6.816
2024-02-04 06:00:00+02:00,6.817,6.762
2024-02-04 08:00:00+02:00,6.761,6.74
2024-02-04 10:00:00+02:00,6.739,6.775
2024-02-04 12:00:00+02:00,6.774,6.802
2024-02-04 14:00:00+02:00,6.802,6.791
2024-02-04 16:00:00+02:00,6.792,6.781
2024-02-04 18:00:00+02:00,6.782,6.777
2024-02-04 20:00:00+02:00,6.777,6.741
2024-02-04 22:00:00+02:00,6.741,6.752
2024-02-05 00:00:00+02:00,6.753,6.665
2024-02-05 02:00:00+02:00,6.665,6.672
2024-02-05 04:00:00+02:00,6.673,6.836
2024-02-05 06:00:00+02:00,6.837,6.833
2024-02-05 08:00:00+02:00,6.833,6.914
2024-02-05 10:00:00+02:00,6.914,6.902
2024-02-05 12:00:00+02:00,6.901,6.96
2024-02-05 14:00:00+02:00,6.96,6.923
2024-02-05 16:00:00+02:00,6.924,6.795
2024-02-05 18:00:00+02:00,6.794,6.774
2024-02-05 20:00:00+02:00,6.774,6.789
2024-02-05 22:00:00+02:00,6.79,6.696
2024-02-06 00:00:00+02:00,6.697,6.733
2024-02-06 02:00:00+02:00,6.733,6.701
2024-02-06 04:00:00+02:00,6.7,6.75
2024-02-06 06:00:00+02:00,6.751,6.72
2024-02-06 08:00:00+02:00,6.72,6.743
2024-02-06 10:00:00+02:00,6.743,6.743
2024-02-06 12:00:00+02:00,6.744,6.705
2024-02-06 14:00:00+02:00,6.704,6.718
2024-02-06 16:00:00+02:00,6.718,6.763
2024-02-06 18:00:00+02:00,6.763,6.737
2024-02-06 20:00:00+02:00,6.737,6.795
2024-02-06 22:00:00+02:00,6.794,6.79
2024-02-07 00:00:00+02:00,6.79,6.808
2024-02-07 02:00:00+02:00,6.808,6.808
2024-02-07 04:00:00+02:00,6.808,6.731
2024-02-07 06:00:00+02:00,6.732,6.744
2024-02-07 08:00:00+02:00,6.743,6.691
2024-02-07 10:00:00+02:00,6.691,6.746
2024-02-07 12:00:00+02:00,6.746,6.705
2024-02-07 14:00:00+02:00,6.704,6.749
2024-02-07 16:00:00+02:00,6.75,6.801
2024-02-07 18:00:00+02:00,6.801,6.882
2024-02-07 20:00:00+02:00,6.882,6.888
2024-02-07 22:00:00+02:00,6.889,6.939
2024-02-08 00:00:00+02:00,6.939,6.939
2024-02-08 02:00:00+02:00,6.94,6.969
2024-02-08 04:00:00+02:00,6.969,6.956
2024-02-08 06:00:00+02:00,6.956,6.93
2024-02-08 08:00:00+02:00,6.929,6.949
2024-02-08 10:00:00+02:00,6.949,6.962
2024-02-08 12:00:00+02:00,6.963,6.904
2024-02-08 14:00:00+02:00,6.904,6.928
2024-02-08 16:00:00+02:00,6.929,7.043
2024-02-08 18:00:00+02:00,7.044,6.981
2024-02-08 20:00:00+02:00,6.982,7.01
2024-02-08 22:00:00+02:00,7.011,7.075
2024-02-09 00:00:00+02:00,7.075,7.011
2024-02-09 02:00:00+02:00,7.011,6.983
2024-02-09 04:00:00+02:00,6.982,7.049
2024-02-09 06:00:00+02:00,7.049,7.084
2024-02-09 08:00:00+02:00,7.083,7.095
2024-02-09 10:00:00+02:00,7.095,7.085
2024-02-09 12:00:00+02:00,7.085,7.16
2024-02-09 14:00:00+02:00,7.161,7.214
2024-02-09 16:00:00+02:00,7.214,7.207
2024-02-09 18:00:00+02:00,7.207,7.138
2024-02-09 20:00:00+02:00,7.138,7.147
2024-02-09 22:00:00+02:00,7.146,7.22
2024-02-10 00:00:00+02:00,7.22,7.192
2024-02-10 02:00:00+02:00,7.192,7.228
2024-02-10 04:00:00+02:00,7.227,7.251
2024-02-10 06:00:00+02:00,7.25,7.212
2024-02-10 08:00:00+02:00,7.213,7.176
2024-02-10 10:00:00+02:00,7.177,7.128
2024-02-10 12:00:00+02:00,7.127,7.104
2024-02-10 14:00:00+02:00,7.104,7.107
2024-02-10 16:00:00+02:00,7.106,7.139
2024-02-10 18:00:00+02:00,7.139,7.15
2024-02-10 20:00:00+02:00,7.149,7.209
2024-02-10 22:00:00+02:00,7.209,7.252
2024-02-11 00:00:00+02:00,7.251,7.2
2024-02-11 02:00:00+02:00,7.2,7.18
2024-02-11 04:00:00+02:00,7.18,7.245
2024-02-11 06:00:00+02:00,7.246,7.289
2024-02-11 08:00:00+02:00,7.288,7.286
2024-02-11 10:00:00+02:00,7.285,7.27
2024-02-11 12:00:00+02:00,7.27,7.3
2024-02-11 14:00:00+02:00,7.301,7.197
2024-02-11 16:00:00+02:00,7.198,7.199
2024-02-11 18:00:00+02:00,7.199,7.21
2024-02-11 20:00:00+02:00,7.21,7.187
2024-02-11 22:00:00+02:00,7.187,7.096
2024-02-12 00:00:00+02:00,7.095,7.098
2024-02-12 02:00:00+02:00,7.099,7.137
2024-02-12 04:00:00+02:00,7.137,7.07
2024-02-12 06:00:00+02:00,7.07,7.07
2024-02-12 08:00:00+02:00,7.071,7.099
2024-02-12 10:00:00+02:00,7.099,7.017
2024-02-12 12:00:00+02:00,7.016,7.011
2024-02-12 14:00:00+02:00,7.01,7.039
2024-02-12 16:00:00+02:00,7.039,7.247
2024-02-12 18:00:00+02:00,7.247,7.358
2024-02-12 20:00:00+02:00,7.358,7.222
2024-02-12 22:00:00+02:00,7.223,7.272
2024-02-13 00:00:00+02:00,7.273,7.342
2024-02-13 02:00:00+02:00,7.342,7.408
2024-02-13 04:00:00+02:00,7.407,7.303
2024-02-13 06:00:00+02:00,7.303,7.38
2024-02-13 08:00:00+02:00,7.38,7.404
2024-02-13 10:00:00+02:00,7.404,7.43
2024-02-13 12:00:00+02:00,7.43,7.385
2024-02-13 14:00:00+02:00,7.385,7.278
2024-02-13 16:00:00+02:00,7.277,7.204
2024-02-13 18:00:00+02:00,7.204,7.221
2024-02-13 20:00:00+02:00,7.221,7.228
2024-02-13 22:00:00+02:00,7.229,7.315
2024-02-14 00:00:00+02:00,7.316,7.36
2024-02-14 02:00:00+02:00,7.359,7.31
2024-02-14 04:00:00+02:00,7.31,7.507
2024-02-14 06:00:00+02:00,7.508,7.578
2024-02-14 08:00:00+02:00,7.578,7.597
2024-02-14 10:00:00+02:00,7.597,7.696
2024-02-14 12:00:00+02:00,7.697,7.666
2024-02-14 14:00:00+02:00,7.667,7.656
2024-02-14 16:00:00+02:00,7.655,7.588
2024-02-14 18:00:00+02:00,7.587,7.535
2024-02-14 20:00:00+02:00,7.535,7.648
2024-02-14 22:00:00+02:00,7.648,7.678
2024-02-15 00:00:00+02:00,7.678,7.653
2024-02-15 02:00:00+02:00,7.652,7.627
2024-02-15 04:00:00+02:00,7.627,7.675
2024-02-15 06:00:00+02:00,7.674,7.568
2024-02-15 08:00:00+02:00,7.568,7.652
2024-02-15 10:00:00+02:00,7.653,7.759
2024-02-15 12:00:00+02:00,7.76,7.907
2024-02-15 14:00:00+02:00,7.908,7.883
2024-02-15 16:00:00+02:00,7.883,7.801
2024-02-15 18:00:00+02:00,7.801,7.723
2024-02-15 20:00:00+02:00,7.724,7.762
2024-02-15 22:00:00+02:00,7.763,7.658
2024-02-16 00:00:00+02:00,7.659,7.784
2024-02-16 02:00:00+02:00,7.784,7.787
2024-02-16 04:00:00+02:00,7.788,7.824
2024-02-16 06:00:00+02:00,7.823,7.798
2024-02-16 08:00:00+02:00,7.799,7.731
2024-02-16 10:00:00+02:00,7.732,7.738
2024-02-16 12:00:00+02:00,7.737,7.772
2024-02-16 14:00:00+02:00,7.771,7.828
2024-02-16 16:00:00+02:00,7.828,7.648
2024-02-16 18:00:00+02:00,7.648,7.594
2024-02-16 20:00:00+02:00,7.595,7.583
2024-02-16 22:00:00+02:00,7.583,7.631
2024-02-17 00:00:00+02:00,7.63,7.655
2024-02-17 02:00:00+02:00,7.655,7.537
2024-02-17 04:00:00+02:00,7.536,7.586
2024-02-17 06:00:00+02:00,7.585,7.575
2024-02-17 08:00:00+02:00,7.576,7.671
2024-02-17 10:00:00+02:00,7.671,7.581
2024-02-17 12:00:00+02:00,7.581,7.609
2024-02-17 14:00:00+02:00,7.608,7.466
2024-02-17 16:00:00+02:00,7.466,7.466
2024-02-17 18:00:00+02:00,7.467,7.525
2024-02-17 20:00:00+02:00,7.524,7.565
2024-02-17 22:00:00+02:00,7.564,7.672
2024-02-18 00:00:00+02:00,7.672,7.712
2024-02-18 02:00:00+02:00,7.713,7.752
2024-02-18 04:00:00+02:00,7.753,7.746
2024-02-18 06:00:00+02:00,7.746,7.82
2024-02-18 08:00:00+02:00,7.82,7.785
2024-02-18 10:00:00+02:00,7.786,7.845
2024-02-18 12:00:00+02:00,7.844,7.779
2024-02-18 14:00:00+02:00,7.78,7.736
2024-02-18 16:00:00+02:00,7.737,7.782
2024-02-18 18:00:00+02:00,7.782,7.819
2024-02-18 20:00:00+02:00,7.82,7.796
2024-02-18 22:00:00+02:00,7.797,7.806
2024-02-19 00:00:00+02:00,7.805,7.866
2024-02-19 02:00:00+02:00,7.866,7.845
2024-02-19 04:00:00+02:00,7.845,7.817
2024-02-19 06:00:00+02:00,7.818,7.817
2024-02-19 08:00:00+02:00,7.817,7.896
2024-02-19 10:00:00+02:00,7.897,7.8
2024-02-19 12:00:00+02:00,7.8,7.833
2024-02-19 14:00:00+02:00,7.833,7.738
2024-02-19 16:00:00+02:00,7.737,7.743
2024-02-19 18:00:00+02:00,7.744,7.763
2024-02-19 20:00:00+02:00,7.762,7.785
2024-02-19 22:00:00+02:00,7.785,7.941
2024-02-20 00:00:00+02:00,7.94,8.037
2024-02-20 02:00:00+02:00,8.037,7.938
2024-02-20 04:00:00+02:00,7.938,7.825
2024-02-20 06:00:00+02:00,7.825,7.891
2024-02-20 08:00:00+02:00,7.892,7.854
2024-02-20 10:00:00+02:00,7.855,7.708
2024-02-20 12:00:00+02:00,7.708,7.85
2024-02-20 14:00:00+02:00,7.849,7.941
2024-02-20 16:00:00+02:00,7.94,7.575
2024-02-20 18:00:00+02:00,7.574,7.533
2024-02-20 20:00:00+02:00,7.533,7.653
2024-02-20 22:00:00+02:00,7.654,7.706
2024-02-21 00:00:00+02:00,7.706,7.735
2024-02-21 02:00:00+02:00,7.735,7.6
2024-02-21 04:00:00+02:00,7.6,7.621
2024-02-21 06:00:00+02:00,7.62,7.522
2024-02-21 08:00:00+02:00,7.522,7.426
2024-02-21 10:00:00+02:00,7.426,7.306
2024-02-21 12:00:00+02:00,7.305,7.323
2024-02-21 14:00:00+02:00,7.323,7.376
2024-02-21 16:00:00+02:00,7.376,7.383
2024-02-21 18:00:00+02:00,7.383,7.326
2024-02-21 20:00:00+02:00,7.327,7.362
2024-02-21 22:00:00+02:00,7.362,7.427
2024-02-22 00:00:00+02:00,7.427,7.474
2024-02-22 02:00:00+02:00,7.473,7.279
2024-02-22 04:00:00+02:00,7.28,7.387
2024-02-22 06:00:00+02:00,7.387,7.394
2024-02-22 08:00:00+02:00,7.393,7.536
2024-02-22 10:00:00+02:00,7.535,7.594
2024-02-22 12:00:00+02:00,7.595,7.534
2024-02-22 14:00:00+02:00,7.534,7.451
2024-02-22 16:00:00+02:00,7.451,7.577
2024-02-22 18:00:00+02:00,7.577,7.604
2024-02-22 20:00:00+02:00,7.603,7.567
2024-02-22 22:00:00+02:00,7.567,7.602
2024-02-23 00:00:00+02:00,7.603,7.486
2024-02-23 02:00:00+02:00,7.487,7.475
2024-02-23 04:00:00+02:00,7.476,7.386
2024-02-23 06:00:00+02:00,7.387,7.435
2024-02-23 08:00:00+02:00,7.435,7.35
2024-02-23 10:00:00+02:00,7.35,7.347
2024-02-23 12:00:00+02:00,7.347,7.365
2024-02-23 14:00:00+02:00,7.365,7.363
2024-02-23 16:00:00+02:00,7.364,7.411
2024-02-23 18:00:00+02:00,7.411,7.552
2024-02-23 20:00:00+02:00,7.551,7.621
2024-02-23 22:00:00+02:00,7.62,7.613
2024-02-24 00:00:00+02:00,7.613,7.571
2024-02-24 02:00:00+02:00,7.571,7.444
2024-02-24 04:00:00+02:00,7.444,7.605
2024-02-24 06:00:00+02:00,7.605,7.696
2024-02-24 08:00:00+02:00,7.697,7.797
2024-02-24 10:00:00+02:00,7.796,7.751
2024-02-24 12:00:00+02:00,7.751,7.758
2024-02-24 14:00:00+02:00,7.759,7.833
2024-02-24 16:00:00+02:00,7.833,7.788
2024-02-24 18:00:00+02:00,7.789,7.838
2024-02-24 20:00:00+02:00,7.839,7.832
2024-02-24 22:00:00+02:00,7.832,7.877
2024-02-25 00:00:00+02:00,7.878,7.826
2024-02-25 02:00:00+02:00,7.825,7.826
2024-02-25 04:00:00+02:00,7.826,7.767
2024-02-25 06:00:00+02:00,7.767,7.773
2024-02-25 08:00:00+02:00,7.773,7.751
2024-02-25 10:00:00+02:00,7.752,7.727
2024-02-25 12:00:00+02:00,7.727,7.76
2024-02-25 14:00:00+02:00,7.761,7.776
2024-02-25 16:00:00+02:00,7.776,7.737
2024-02-25 18:00:00+02:00,7.738,7.788
2024-02-25 20:00:00+02:00,7.788,7.842
2024-02-25 22:00:00+02:00,7.842,7.789
2024-02-26 00:00:00+02:00,7.79,7.931
2024-02-26 02:00:00+02:00,7.931,7.834
2024-02-26 04:00:00+02:00,7.834,7.855
2024-02-26 06:00:00+02:00,7.855,7.853
2024-02-26 08:00:00+02:00,7.854,7.756
2024-02-26 10:00:00+02:00,7.757,7.633
2024-02-26 12:00:00+02:00,7.633,7.65
2024-02-26 14:00:00+02:00,7.65,7.673
2024-02-26 16:00:00+02:00,7.673,7.866
2024-02-26 18:00:00+02:00,7.867,8.014
2024-02-26 20:00:00+02:00,8.013,8.085
2024-02-26 22:00:00+02:00,8.085,8.058
2024-02-27 00:00:00+02:00,8.059,8.119
2024-02-27 02:00:00+02:00,8.119,8.14
2024-02-27 04:00:00+02:00,8.14,8.058
2024-02-27 06:00:00+02:00,8.057,8.151
2024-02-27 08:00:00+02:00,8.151,8.044
2024-02-27 10:00:00+02:00,8.045,8.147
2024-02-27 12:00:00+02:00,8.148,8.105
2024-02-27 14:00:00+02:00,8.105,8.195
2024-02-27 16:00:00+02:00,8.194,8.048
2024-02-27 18:00:00+02:00,8.048,8.113
2024-02-27 20:00:00+02:00,8.113,8.226
2024-02-27 22:00:00+02:00,8.226,8.345
2024-02-28 00:00:00+02:00,8.346,8.376
2024-02-28 02:00:00+02:00,8.377,8.356
2024-02-28 04:00:00+02:00,8.356,8.262
2024-02-28 06:00:00+02:00,8.261,8.259
2024-02-28 08:00:00+02:00,8.259,8.371
2024-02-28 10:00:00+02:00,8.37,8.486
2024-02-28 12:00:00+02:00,8.485,8.418
2024-02-28 14:00:00+02:00,8.419,8.554
2024-02-28 16:00:00+02:00,8.554,8.428
2024-02-28 18:00:00+02:00,8.429,8.304
2024-02-28 20:00:00+02:00,8.305,8.133
2024-02-28 22:00:00+02:00,8.133,8.228
2024-02-29 00:00:00+02:00,8.227,8.35
2024-02-29 02:00:00+02:00,8.35,8.471
2024-02-29 04:00:00+02:00,8.47,8.44
2024-02-29 06:00:00+02:00,8.441,8.553
2024-02-29 08:00:00+02:00,8.553,8.647
2024-02-29 10:00:00+02:00,8.647,8.74
2024-02-29 12:00:00+02:00,8.739,8.738
2024-02-29 14:00:00+02:00,8.738,8.759
2024-02-29 16:00:00+02:00,8.759,8.832
2024-02-29 18:00:00+02:00,8.832,8.55
2024-02-29 20:00:00+02:00,8.549,8.574
2024-02-29 22:00:00+02:00,8.575,8.341
2024-03-01 00:00:00+02:00,8.34,8.27
2024-03-01 02:00:00+02:00,8.27,8.391
2024-03-01 04:00:00+02:00,8.391,8.362
2024-03-01 06:00:00+02:00,8.362,8.409
2024-03-01 08:00:00+02:00,8.41,8.36
2024-03-01 10:00:00+02:00,8.36,8.451
2024-03-01 12:00:00+02:00,8.451,8.431
2024-03-01 14:00:00+02:00,8.431,8.498
2024-03-01 16:00:00+02:00,8.498,8.305
2024-03-01 18:00:00+02:00,8.305,8.424
2024-03-01 20:00:00+02:00,8.424,8.381
2024-03-01 22:00:00+02:00,8.382,8.481
2024-03-02 00:00:00+02:00,8.482,8.672
2024-03-02 02:00:00+02:00,8.672,8.744
2024-03-02 04:00:00+02:00,8.744,8.966
2024-03-02 06:00:00+02:00,8.965,8.859
2024-03-02 08:00:00+02:00,8.859,8.938
2024-03-02 10:00:00+02:00,8.939,8.919
2024-03-02 12:00:00+02:00,8.919,8.974
2024-03-02 14:00:00+02:00,8.973,9.065
2024-03-02 16:00:00+02:00,9.065,9.028
2024-03-02 18:00:00+02:00,9.028,9.103
2024-03-02 20:00:00+02:00,9.103,9.24
2024-03-02 22:00:00+02:00,9.241,9.323
2024-03-03 00:00:00+02:00,9.322,9.476
2024-03-03 02:00:00+02:00,9.476,9.346
2024-03-03 04:00:00+02:00,9.346,9.385
2024-03-03 06:00:00+02:00,9.384,9.23
2024-03-03 08:00:00+02:00,9.231,8.948
2024-03-03 10:00:00+02:00,8.948,9.123
2024-03-03 12:00:00+02:00,9.125,9.188
2024-03-03 14:00:00+02:00,9.188,9.293
2024-03-03 16:00:00+02:00,9.294,9.308
2024-03-03 18:00:00+02:00,9.308,9.731
2024-03-03 20:00:00+02:00,9.73,9.678
2024-03-03 22:00:00+02:00,9.677,9.804
2024-03-04 00:00:00+02:00,9.803,9.79
2024-03-04 02:00:00+02:00,9.791,9.71
2024-03-04 04:00:00+02:00,9.712,9.706
2024-03-04 06:00:00+02:00,9.705,9.728
2024-03-04 08:00:00+02:00,9.728,9.8
2024-03-04 10:00:00+02:00,9.801,10.125
2024-03-04 12:00:00+02:00,10.125,9.983
2024-03-04 14:00:00+02:00,9.984,9.904
2024-03-04 16:00:00+02:00,9.904,10.171
2024-03-04 18:00:00+02:00,10.17,9.735
2024-03-04 20:00:00+02:00,9.735,9.948
2024-03-04 22:00:00+02:00,9.947,10.039
2024-03-05 00:00:00+02:00,10.038,9.878
2024-03-05 02:00:00+02:00,9.878,9.974
2024-03-05 04:00:00+02:00,9.972,9.813
2024-03-05 06:00:00+02:00,9.812,10.307
2024-03-05 08:00:00+02:00,10.307,10.543
2024-03-05 10:00:00+02:00,10.545,10.61
2024-03-05 12:00:00+02:00,10.609,10.485
2024-03-05 14:00:00+02:00,10.486,10.444
2024-03-05 16:00:00+02:00,10.444,10.297
2024-03-05 18:00:00+02:00,10.299,10.102
2024-03-05 20:00:00+02:00,10.102,8.913
2024-03-05 22:00:00+02:00,8.913,9.215
2024-03-06 00:00:00+02:00,9.216,9.32
2024-03-06 02:00:00+02:00,9.321,9.148
2024-03-06 04:00:00+02:00,9.149,9.102
2024-03-06 06:00:00+02:00,9.102,9.647
2024-03-06 08:00:00+02:00,9.648,10.269
2024-03-06 10:00:00+02:00,10.268,9.89
2024-03-06 12:00:00+02:00,9.891,10.14
2024-03-06 14:00:00+02:00,10.141,9.972
2024-03-06 16:00:00+02:00,9.971,9.993
2024-03-06 18:00:00+02:00,9.993,10.19
2024-03-06 20:00:00+02:00,10.19,10.236
2024-03-06 22:00:00+02:00,10.238,10.444
2024-03-07 00:00:00+02:00,10.444,10.552
2024-03-07 02:00:00+02:00,10.552,10.778
2024-03-07 04:00:00+02:00,10.778,10.507
2024-03-07 06:00:00+02:00,10.505,10.334
2024-03-07 08:00:00+02:00,10.334,10.419
2024-03-07 10:00:00+02:00,10.42,10.425
2024-03-07 12:00:00+02:00,10.425,10.465
2024-03-07 14:00:00+02:00,10.466,10.377
2024-03-07 16:00:00+02:00,10.379,10.437
2024-03-07 18:00:00+02:00,10.436,10.396
2024-03-07 20:00:00+02:00,10.396,10.443
2024-03-07 22:00:00+02:00,10.443,10.454
2024-03-08 00:00:00+02:00,10.455,10.415
2024-03-08 02:00:00+02:00,10.414,10.413
2024-03-08 04:00:00+02:00,10.414,10.42
2024-03-08 06:00:00+02:00,10.421,10.306
2024-03-08 08:00:00+02:00,10.307,10.335
2024-03-08 10:00:00+02:00,10.335,10.356
2024-03-08 12:00:00+02:00,10.355,10.448
2024-03-08 14:00:00+02:00,10.447,10.433
2024-03-08 16:00:00+02:00,10.434,10.225
2024-03-08 18:00:00+02:00,10.226,10.509
2024-03-08 20:00:00+02:00,10.51,10.501
2024-03-08 22:00:00+02:00,10.501,10.479
2024-03-09 00:00:00+02:00,10.479,10.648
2024-03-09 02:00:00+02:00,10.648,10.7
2024-03-09 04:00:00+02:00,10.699,10.651
2024-03-09 06:00:00+02:00,10.652,10.62
2024-03-09 08:00:00+02:00,10.621,10.712
2024-03-09 10:00:00+02:00,10.712,10.877
2024-03-09 12:00:00+02:00,10.876,10.905
2024-03-09 14:00:00+02:00,10.904,10.782
2024-03-09 16:00:00+02:00,10.782,10.77
2024-03-09 18:00:00+02:00,10.77,10.503
2024-03-09 20:00:00+02:00,10.503,10.45
2024-03-09 22:00:00+02:00,10.451,10.455
2024-03-10 00:00:00+02:00,10.456,10.504
2024-03-10 02:00:00+02:00,10.505,10.546
2024-03-10 04:00:00+02:00,10.545,10.461
2024-03-10 06:00:00+02:00,10.461,10.432
2024-03-10 08:00:00+02:00,10.432,10.553
2024-03-10 10:00:00+02:00,10.553,10.393
2024-03-10 12:00:00+02:00,10.394,10.42
2024-03-10 14:00:00+02:00,10.42,10.202
2024-03-10 16:00:00+02:00,10.201,10.179
2024-03-10 18:00:00+02:00,10.179,10.293
2024-03-10 20:00:00+02:00,10.293,10.289
2024-03-10 22:00:00+02:00,10.29,10.206
2024-03-11 00:00:00+02:00,10.206,10.268
2024-03-11 02:00:00+02:00,10.269,10.134
2024-03-11 04:00:00+02:00,10.132,10.367
2024-03-11 06:00:00+02:00,10.366,10.326
2024-03-11 08:00:00+02:00,10.325,10.546
2024-03-11 10:00:00+02:00,10.547,10.875
2024-03-11 12:00:00+02:00,10.875,10.737
2024-03-11 14:00:00+02:00,10.738,10.714
2024-03-11 16:00:00+02:00,10.713,10.87
2024-03-11 18:00:00+02:00,10.869,10.973
2024-03-11 20:00:00+02:00,10.976,11.047
2024-03-11 22:00:00+02:00,11.047,11.198
2024-03-12 00:00:00+02:00,11.199,11.062
2024-03-12 02:00:00+02:00,11.062,10.973
2024-03-12 04:00:00+02:00,10.973,10.876
2024-03-12 06:00:00+02:00,10.877,10.935
2024-03-12 08:00:00+02:00,10.935,10.736
2024-03-12 10:00:00+02:00,10.736,10.688
2024-03-12 12:00:00+02:00,10.689,10.628
2024-03-12 14:00:00+02:00,10.628,10.749
2024-03-12 16:00:00+02:00,10.748,10.675
2024-03-12 18:00:00+02:00,10.676,10.593
2024-03-12 20:00:00+02:00,10.593,10.788
2024-03-12 22:00:00+02:00,10.788,10.609
2024-03-13 00:00:00+02:00,10.61,10.747
2024-03-13 02:00:00+02:00,10.748,10.832
2024-03-13 04:00:00+02:00,10.831,10.938
2024-03-13 06:00:00+02:00,10.937,10.893
2024-03-13 08:00:00+02:00,10.892,11.019
2024-03-13 10:00:00+02:00,11.019,11.206
2024-03-13 12:00:00+02:00,11.206,11.027
2024-03-13 14:00:00+02:00,11.027,10.802
2024-03-13 16:00:00+02:00,10.802,10.827
2024-03-13 18:00:00+02:00,10.828,10.875
2024-03-13 20:00:00+02:00,10.875,11.034
2024-03-13 22:00:00+02:00,11.034,11.019
2024-03-14 00:00:00+02:00,11.019,11.385
2024-03-14 02:00:00+02:00,11.385,11.203
2024-03-14 04:00:00+02:00,11.202,11.187
2024-03-14 06:00:00+02:00,11.187,11.128
2024-03-14 08:00:00+02:00,11.127,11.346
2024-03-14 10:00:00+02:00,11.346,11.896
2024-03-14 12:00:00+02:00,11.897,11.714
2024-03-14 14:00:00+02:00,11.714,11.251
2024-03-14 16:00:00+02:00,11.251,11.176
2024-03-14 18:00:00+02:00,11.175,11.523
2024-03-14 20:00:00+02:00,11.522,10.984
2024-03-14 22:00:00+02:00,10.984,11.428
2024-03-15 00:00:00+02:00,11.427,11.567
2024-03-15 02:00:00+02:00,11.567,11.448
2024-03-15 04:00:00+02:00,11.448,10.784
2024-03-15 06:00:00+02:00,10.783,10.596
2024-03-15 08:00:00+02:00,10.596,10.8
2024-03-15 10:00:00+02:00,10.8,10.459
2024-03-15 12:00:00+02:00,10.457,10.394
2024-03-15 14:00:00+02:00,10.394,10.556
2024-03-15 16:00:00+02:00,10.555,10.423
2024-03-15 18:00:00+02:00,10.422,10.399
2024-03-15 20:00:00+02:00,10.399,10.676
2024-03-15 22:00:00+02:00,10.675,10.663
2024-03-16 00:00:00+02:00,10.663,10.821
2024-03-16 02:00:00+02:00,10.822,10.747
2024-03-16 04:00:00+02:00,10.748,10.699
2024-03-16 06:00:00+02:00,10.698,10.53
2024-03-16 08:00:00+02:00,10.529,10.674
2024-03-16 10:00:00+02:00,10.675,10.465
2024-03-16 12:00:00+02:00,10.466,10.354
2024-03-16 14:00:00+02:00,10.354,10.118
2024-03-16 16:00:00+02:00,10.119,10.289
2024-03-16 18:00:00+02:00,10.288,10.045
2024-03-16 20:00:00+02:00,10.045,9.854
2024-03-16 22:00:00+02:00,9.854,9.827
2024-03-17 00:00:00+02:00,9.827,9.689
2024-03-17 02:00:00+02:00,9.689,9.714
2024-03-17 04:00:00+02:00,9.714,9.854
2024-03-17 06:00:00+02:00,9.853,9.727
2024-03-17 08:00:00+02:00,9.727,9.473
2024-03-17 10:00:00+02:00,9.474,9.767
2024-03-17 12:00:00+02:00,9.768,9.847
2024-03-17 14:00:00+02:00,9.847,9.879
2024-03-17 16:00:00+02:00,9.879,10.04
2024-03-17 18:00:00+02:00,10.04,10.158
2024-03-17 20:00:00+02:00,10.159,10.233
2024-03-17 22:00:00+02:00,10.233,10.111
2024-03-18 00:00:00+02:00,10.112,10.087
2024-03-18 02:00:00+02:00,10.087,9.974
2024-03-18 04:00:00+02:00,9.973,10.008
2024-03-18 06:00:00+02:00,10.009,10.202
2024-03-18 08:00:00+02:00,10.202,10.365
2024-03-18 10:00:00+02:00,10.365,10.188
2024-03-18 12:00:00+02:00,10.189,10.198
2024-03-18 14:00:00+02:00,10.198,9.964
2024-03-18 16:00:00+02:00,9.963,9.887
2024-03-18 18:00:00+02:00,9.887,9.792
2024-03-18 20:00:00+02:00,9.793,9.753
2024-03-18 22:00:00+02:00,9.754,9.892
2024-03-19 00:00:00+02:00,9.891,9.911
2024-03-19 02:00:00+02:00,9.911,9.416
2024-03-19 04:00:00+02:00,9.416,9.42
2024-03-19 06:00:00+02:00,9.418,9.269
2024-03-19 08:00:00+02:00,9.268,9.201
2024-03-19 10:00:00+02:00,9.201,9.07
2024-03-19 12:00:00+02:00,9.07,9.129
2024-03-19 14:00:00+02:00,9.129,9.117
2024-03-19 16:00:00+02:00,9.117,9.21
2024-03-19 18:00:00+02:00,9.21,9.179
2024-03-19 20:00:00+02:00,9.179,9.201
2024-03-19 22:00:00+02:00,9.201,9.039
2024-03-20 00:00:00+02:00,9.039,8.769
2024-03-20 02:00:00+02:00,8.769,8.761
2024-03-20 04:00:00+02:00,8.762,8.723
2024-03-20 06:00:00+02:00,8.724,8.689
2024-03-20 08:00:00+02:00,8.687,9.085
2024-03-20 10:00:00+02:00,9.086,9.125
2024-03-20 12:00:00+02:00,9.125,9.278
2024-03-20 14:00:00+02:00,9.278,9.093
2024-03-20 16:00:00+02:00,9.093,8.932
2024-03-20 18:00:00+02:00,8.932,8.863
2024-03-20 20:00:00+02:00,8.863,9.291
2024-03-20 22:00:00+02:00,9.291,9.515
2024-03-21 00:00:00+02:00,9.516,9.489
2024-03-21 02:00:00+02:00,9.489,9.485
2024-03-21 04:00:00+02:00,9.486,9.443
2024-03-21 06:00:00+02:00,9.442,9.364
2024-03-21 08:00:00+02:00,9.363,9.343
2024-03-21 10:00:00+02:00,9.344,9.372
2024-03-21 12:00:00+02:00,9.372,9.398
2024-03-21 14:00:00+02:00,9.398,9.301
2024-03-21 16:00:00+02:00,9.301,9.32
2024-03-21 18:00:00+02:00,9.32,9.285
2024-03-21 20:00:00+02:00,9.284,9.229
2024-03-21 22:00:00+02:00,9.229,9.287
2024-03-22 00:00:00+02:00,9.287,9.185
2024-03-22 02:00:00+02:00,9.186,9.066
2024-03-22 04:00:00+02:00,9.065,9.252
2024-03-22 06:00:00+02:00,9.251,9.328
2024-03-22 08:00:00+02:00,9.327,9.303
2024-03-22 10:00:00+02:00,9.303,9.22
2024-03-22 12:00:00+02:00,9.22,9.065
2024-03-22 14:00:00+02:00,9.065,8.822
2024-03-22 16:00:00+02:00,8.822,8.898
2024-03-22 18:00:00+02:00,8.898,8.942
2024-03-22 20:00:00+02:00,8.941,8.903
2024-03-22 22:00:00+02:00,8.903,8.8
2024-03-23 00:00:00+02:00,8.801,8.943
2024-03-23 02:00:00+02:00,8.942,9.091
2024-03-23 04:00:00+02:00,9.092,8.973
2024-03-23 06:00:00+02:00,8.972,9.009
2024-03-23 08:00:00+02:00,9.009,9.064
2024-03-23 10:00:00+02:00,9.063,9.057
2024-03-23 12:00:00+02:00,9.057,9.104
2024-03-23 14:00:00+02:00,9.103,9.136
2024-03-23 16:00:00+02:00,9.135,9.171
2024-03-23 18:00:00+02:00,9.17,9.179
2024-03-23 20:00:00+02:00,9.178,9.136
2024-03-23 22:00:00+02:00,9.136,9.107
2024-03-24 00:00:00+02:00,9.106,8.976
2024-03-24 02:00:00+02:00,8.976,9.096
2024-03-24 04:00:00+02:00,9.096,9.008
2024-03-24 06:00:00+02:00,9.009,9.083
2024-03-24 08:00:00+02:00,9.083,9.104
2024-03-24 10:00:00+02:00,9.103,9.153
2024-03-24 12:00:00+02:00,9.153,9.203
2024-03-24 14:00:00+02:00,9.202,9.203
2024-03-24 16:00:00+02:00,9.202,9.224
2024-03-24 18:00:00+02:00,9.223,9.146
2024-03-24 20:00:00+02:00,9.147,9.266
2024-03-24 22:00:00+02:00,9.266,9.353
2024-03-25 00:00:00+02:00,9.353,9.378
2024-03-25 02:00:00+02:00,9.378,9.383
2024-03-25 04:00:00+02:00,9.384,9.467
2024-03-25 06:00:00+02:00,9.466,9.479
2024-03-25 08:00:00+02:00,9.479,9.357
2024-03-25 10:00:00+02:00,9.357,9.498
2024-03-25 12:00:00+02:00,9.498,9.442
2024-03-25 14:00:00+02:00,9.443,9.485
2024-03-25 16:00:00+02:00,9.485,9.733
2024-03-25 18:00:00+02:00,9.734,9.787
2024-03-25 20:00:00+02:00,9.788,9.797
2024-03-25 22:00:00+02:00,9.796,9.734
2024-03-26 00:00:00+02:00,9.734,9.746
2024-03-26 02:00:00+02:00,9.746,9.885
2024-03-26 04:00:00+02:00,9.884,9.921
2024-03-26 06:00:00+02:00,9.921,9.947
2024-03-26 08:00:00+02:00,9.948,9.912
2024-03-26 10:00:00+02:00,9.912,10.013
2024-03-26 12:00:00+02:00,10.014,9.93
2024-03-26 14:00:00+02:00,9.929,9.829
2024-03-26 16:00:00+02:00,9.83,9.81
2024-03-26 18:00:00+02:00,9.811,9.613
2024-03-26 20:00:00+02:00,9.613,9.562
2024-03-26 22:00:00+02:00,9.563,9.716
2024-03-27 00:00:00+02:00,9.716,9.694
2024-03-27 02:00:00+02:00,9.695,9.753
2024-03-27 04:00:00+02:00,9.753,9.71
2024-03-27 06:00:00+02:00,9.711,9.707
2024-03-27 08:00:00+02:00,9.707,9.532
2024-03-27 10:00:00+02:00,9.532,9.537
2024-03-27 12:00:00+02:00,9.536,9.617
2024-03-27 14:00:00+02:00,9.616,9.558
2024-03-27 16:00:00+02:00,9.557,9.393
2024-03-27 18:00:00+02:00,9.393,9.455
2024-03-27 20:00:00+02:00,9.456,9.417
2024-03-27 22:00:00+02:00,9.417,9.439
2024-03-28 00:00:00+02:00,9.438,9.457
2024-03-28 02:00:00+02:00,9.457,9.398
2024-03-28 04:00:00+02:00,9.398,9.373
2024-03-28 06:00:00+02:00,9.374,9.472
2024-03-28 08:00:00+02:00,9.471,9.618
2024-03-28 10:00:00+02:00,9.618,9.561
2024-03-28 12:00:00+02:00,9.561,9.581
2024-03-28 14:00:00+02:00,9.582,9.54
2024-03-28 16:00:00+02:00,9.539,9.602
2024-03-28 18:00:00+02:00,9.602,9.479
2024-03-28 20:00:00+02:00,9.48,9.498
2024-03-28 22:00:00+02:00,9.498,9.537
2024-03-29 00:00:00+02:00,9.537,9.533
2024-03-29 03:00:00+03:00,9.534,9.472
2024-03-29 05:00:00+03:00,9.473,9.434
2024-03-29 07:00:00+03:00,9.434,9.61
2024-03-29 09:00:00+03:00,9.611,9.377
2024-03-29 11:00:00+03:00,9.378,9.42
2024-03-29 13:00:00+03:00,9.42,9.563
2024-03-29 15:00:00+03:00,9.563,9.668
2024-03-29 17:00:00+03:00,9.668,9.598
2024-03-29 19:00:00+03:00,9.598,9.52
2024-03-29 21:00:00+03:00,9.52,9.531
2024-03-29 23:00:00+03:00,9.532,9.434
2024-03-30 01:00:00+03:00,9.435,9.611
2024-03-30 03:00:00+03:00,9.611,9.632
2024-03-30 05:00:00+03:00,9.633,9.585
2024-03-30 07:00:00+03:00,9.585,9.627
2024-03-30 09:00:00+03:00,9.627,9.525
2024-03-30 11:00:00+03:00,9.525,9.553
2024-03-30 13:00:00+03:00,9.553,9.608
2024-03-30 15:00:00+03:00,9.607,9.543
2024-03-30 17:00:00+03:00,9.543,9.532
2024-03-30 19:00:00+03:00,9.533,9.528
2024-03-30 21:00:00+03:00,9.528,9.506
2024-03-30 23:00:00+03:00,9.506,9.446
2024-03-31 01:00:00+03:00,9.446,9.439
2024-03-31 03:00:00+03:00,9.44,9.496
2024-03-31 05:00:00+03:00,9.496,9.468
2024-03-31 07:00:00+03:00,9.468,9.566
2024-03-31 09:00:00+03:00,9.566,9.585
2024-03-31 11:00:00+03:00,9.584,9.569
2024-03-31 13:00:00+03:00,9.569,9.57
2024-03-31 15:00:00+03:00,9.571,9.58
2024-03-31 17:00:00+03:00,9.58,9.581
2024-03-31 19:00:00+03:00,9.582,9.549
2024-03-31 21:00:00+03:00,9.549,9.592
2024-03-31 23:00:00+03:00,9.593,9.558
2024-04-01 01:00:00+03:00,9.559,9.658
2024-04-01 03:00:00+03:00,9.657,9.644
2024-04-01 05:00:00+03:00,9.643,9.676
2024-04-01 07:00:00+03:00,9.675,9.215
2024-04-01 09:00:00+03:00,9.214,9.349
2024-04-01 11:00:00+03:00,9.35,9.244
2024-04-01 13:00:00+03:00,9.245,9.197
2024-04-01 15:00:00+03:00,9.198,9.319
2024-04-01 17:00:00+03:00,9.32,9.013
2024-04-01 19:00:00+03:00,9.013,9.04
2024-04-01 21:00:00+03:00,9.041,9.162
2024-04-01 23:00:00+03:00,9.163,9.155
2024-04-02 01:00:00+03:00,9.156,9.153
2024-04-02 03:00:00+03:00,9.153,9.11
2024-04-02 05:00:00+03:00,9.109,8.754
2024-04-02 07:00:00+03:00,8.754,8.75
2024-04-02 09:00:00+03:00,8.75,8.749
2024-04-02 11:00:00+03:00,8.749,8.62
2024-04-02 13:00:00+03:00,8.62,8.521
2024-04-02 15:00:00+03:00,8.52,8.478
2024-04-02 17:00:00+03:00,8.479,8.463
2024-04-02 19:00:00+03:00,8.463,8.574
2024-04-02 21:00:00+03:00,8.574,8.603
2024-04-02 23:00:00+03:00,8.603,8.6
2024-04-03 01:00:00+03:00,8.601,8.588
2024-04-03 03:00:00+03:00,8.587,8.673
2024-04-03 05:00:00+03:00,8.674,8.647
2024-04-03 07:00:00+03:00,8.648,8.637
2024-04-03 09:00:00+03:00,8.637,8.7
2024-04-03 11:00:00+03:00,8.7,8.746
2024-04-03 13:00:00+03:00,8.747,8.682
2024-04-03 15:00:00+03:00,8.683,8.596
2024-04-03 17:00:00+03:00,8.596,8.546
2024-04-03 19:00:00+03:00,8.546,8.475
2024-04-03 21:00:00+03:00,8.475,8.41
2024-04-03 23:00:00+03:00,8.411,8.43
2024-04-04 01:00:00+03:00,8.429,8.421
2024-04-04 03:00:00+03:00,8.421,8.493
2024-04-04 05:00:00+03:00,8.492,8.348
2024-04-04 07:00:00+03:00,8.348,8.423
2024-04-04 09:00:00+03:00,8.423,8.459
2024-04-04 11:00:00+03:00,8.46,8.503
2024-04-04 13:00:00+03:00,8.504,8.474
2024-04-04 15:00:00+03:00,8.473,8.618
2024-04-04 17:00:00+03:00,8.618,8.618
2024-04-04 19:00:00+03:00,8.618,8.689
2024-04-04 21:00:00+03:00,8.689,8.521
2024-04-04 23:00:00+03:00,8.521,8.447
2024-04-05 01:00:00+03:00,8.446,8.492
2024-04-05 03:00:00+03:00,8.492,8.442
2024-04-05 05:00:00+03:00,8.442,8.429
2024-04-05 07:00:00+03:00,8.428,8.3
2024-04-05 09:00:00+03:00,8.3,8.284
2024-04-05 11:00:00+03:00,8.284,8.213
2024-04-05 13:00:00+03:00,8.213,8.132
2024-04-05 15:00:00+03:00,8.132,8.293
2024-04-05 17:00:00+03:00,8.292,8.407
2024-04-05 19:00:00+03:00,8.406,8.354
2024-04-05 21:00:00+03:00,8.353,8.382
2024-04-05 23:00:00+03:00,8.381,8.396
2024-04-06 01:00:00+03:00,8.395,8.386
2024-04-06 03:00:00+03:00,8.385,8.385
2024-04-06 05:00:00+03:00,8.384,8.454
2024-04-06 07:00:00+03:00,8.455,8.464
2024-04-06 09:00:00+03:00,8.464,8.432
2024-04-06 11:00:00+03:00,8.432,8.428
2024-04-06 13:00:00+03:00,8.429,8.401
2024-04-06 15:00:00+03:00,8.401,8.349
2024-04-06 17:00:00+03:00,8.348,8.434
2024-04-06 19:00:00+03:00,8.434,8.441
2024-04-06 21:00:00+03:00,8.441,8.416
2024-04-06 23:00:00+03:00,8.416,8.453
2024-04-07 01:00:00+03:00,8.454,8.5
2024-04-07 03:00:00+03:00,8.501,8.587
2024-04-07 05:00:00+03:00,8.588,8.643
2024-04-07 07:00:00+03:00,8.643,8.651
2024-04-07 09:00:00+03:00,8.651,8.618
2024-04-07 11:00:00+03:00,8.618,8.608
2024-04-07 13:00:00+03:00,8.607,8.672
2024-04-07 15:00:00+03:00,8.673,8.698
2024-04-07 17:00:00+03:00,8.698,8.653
2024-04-07 19:00:00+03:00,8.652,8.637
2024-04-07 21:00:00+03:00,8.637,8.56
2024-04-07 23:00:00+03:00,8.561,8.603
2024-04-08 01:00:00+03:00,8.603,8.712
2024-04-08 03:00:00+03:00,8.712,8.655
2024-04-08 05:00:00+03:00,8.656,8.626
2024-04-08 07:00:00+03:00,8.627,8.641
2024-04-08 09:00:00+03:00,8.64,8.785
2024-04-08 11:00:00+03:00,8.784,8.973
2024-04-08 13:00:00+03:00,8.973,8.986
2024-04-08 15:00:00+03:00,8.987,9.022
2024-04-08 17:00:00+03:00,9.021,9.028
2024-04-08 19:00:00+03:00,9.027,9.021
2024-04-08 21:00:00+03:00,9.02,9.004
2024-04-08 23:00:00+03:00,9.005,9.056
2024-04-09 01:00:00+03:00,9.056,9.05
2024-04-09 03:00:00+03:00,9.049,9.03
2024-04-09 05:00:00+03:00,9.031,8.981
2024-04-09 07:00:00+03:00,8.981,9.076
2024-04-09 09:00:00+03:00,9.076,8.858
2024-04-09 11:00:00+03:00,8.858,8.875
2024-04-09 13:00:00+03:00,8.876,9.003
2024-04-09 15:00:00+03:00,9.003,8.911
2024-04-09 17:00:00+03:00,8.912,8.878
2024-04-09 19:00:00+03:00,8.878,8.899
2024-04-09 21:00:00+03:00,8.899,8.843
2024-04-09 23:00:00+03:00,8.842,8.727
2024-04-10 01:00:00+03:00,8.727,8.665
2024-04-10 03:00:00+03:00,8.665,8.61
2024-04-10 05:00:00+03:00,8.61,8.571
2024-04-10 07:00:00+03:00,8.571,8.559
2024-04-10 09:00:00+03:00,8.56,8.539
2024-04-10 11:00:00+03:00,8.539,8.478
2024-04-10 13:00:00+03:00,8.477,8.433
2024-04-10 15:00:00+03:00,8.434,8.278
2024-04-10 17:00:00+03:00,8.278,8.316
2024-04-10 19:00:00+03:00,8.317,8.373
2024-04-10 21:00:00+03:00,8.373,8.373
2024-04-10 23:00:00+03:00,8.373,8.414
2024-04-11 01:00:00+03:00,8.413,8.415
2024-04-11 03:00:00+03:00,8.415,8.379
2024-04-11 05:00:00+03:00,8.378,8.434
2024-04-11 07:00:00+03:00,8.433,8.409
2024-04-11 09:00:00+03:00,8.41,8.471
2024-04-11 11:00:00+03:00,8.471,8.407
2024-04-11 13:00:00+03:00,8.406,8.262
2024-04-11 15:00:00+03:00,8.263,8.286
2024-04-11 17:00:00+03:00,8.286,8.292
2024-04-11 19:00:00+03:00,8.293,8.295
2024-04-11 21:00:00+03:00,8.295,8.284
2024-04-11 23:00:00+03:00,8.284,8.278
2024-04-12 01:00:00+03:00,8.277,8.388
2024-04-12 03:00:00+03:00,8.387,8.46
2024-04-12 05:00:00+03:00,8.46,8.459
2024-04-12 07:00:00+03:00,8.459,8.453
2024-04-12 09:00:00+03:00,8.453,8.399
2024-04-12 11:00:00+03:00,8.399,8.4
2024-04-12 13:00:00+03:00,8.4,8.438
2024-04-12 15:00:00+03:00,8.437,8.201
2024-04-12 17:00:00+03:00,8.201,8.136
2024-04-12 19:00:00+03:00,8.136,7.695
2024-04-12 21:00:00+03:00,7.696,6.916
2024-04-12 23:00:00+03:00,6.916,7.19
2024-04-13 01:00:00+03:00,7.19,7.234
2024-04-13 03:00:00+03:00,7.234,6.99
2024-04-13 05:00:00+03:00,6.989,7.143
2024-04-13 07:00:00+03:00,7.142,7.247
2024-04-13 09:00:00+03:00,7.247,7.244
2024-04-13 11:00:00+03:00,7.243,7.203
2024-04-13 13:00:00+03:00,7.202,7.216
2024-04-13 15:00:00+03:00,7.216,7.165
2024-04-13 17:00:00+03:00,7.165,7.106
2024-04-13 19:00:00+03:00,7.107,6.705
2024-04-13 21:00:00+03:00,6.706,6.404
2024-04-13 23:00:00+03:00,6.405,6.173
2024-04-14 01:00:00+03:00,6.173,6.389
2024-04-14 03:00:00+03:00,6.389,6.356
2024-04-14 05:00:00+03:00,6.355,6.385
2024-04-14 07:00:00+03:00,6.384,6.611
2024-04-14 09:00:00+03:00,6.611,6.77
2024-04-14 11:00:00+03:00,6.77,6.725
2024-04-14 13:00:00+03:00,6.724,6.601
2024-04-14 15:00:00+03:00,6.601,6.539
2024-04-14 17:00:00+03:00,6.538,6.558
2024-04-14 19:00:00+03:00,6.559,6.524
2024-04-14 21:00:00+03:00,6.524,6.603
2024-04-14 23:00:00+03:00,6.604,6.545
2024-04-15 01:00:00+03:00,6.546,6.849
2024-04-15 03:00:00+03:00,6.849,6.764
2024-04-15 05:00:00+03:00,6.763,6.739
2024-04-15 07:00:00+03:00,6.738,6.857
2024-04-15 09:00:00+03:00,6.857,7.117
2024-04-15 11:00:00+03:00,7.116,7.132
2024-04-15 13:00:00+03:00,7.133,7.068
2024-04-15 15:00:00+03:00,7.068,7.039
2024-04-15 17:00:00+03:00,7.04,6.874
2024-04-15 19:00:00+03:00,6.874,6.683
2024-04-15 21:00:00+03:00,6.682,6.705
2024-04-15 23:00:00+03:00,6.705,6.711
2024-04-16 01:00:00+03:00,6.712,6.704
2024-04-16 03:00:00+03:00,6.704,6.629
2024-04-16 05:00:00+03:00,6.628,6.592
2024-04-16 07:00:00+03:00,6.592,6.589
2024-04-16 09:00:00+03:00,6.589,6.759
2024-04-16 11:00:00+03:00,6.758,6.713
2024-04-16 13:00:00+03:00,6.713,6.693
2024-04-16 15:00:00+03:00,6.692,6.548
2024-04-16 17:00:00+03:00,6.548,6.409
2024-04-16 19:00:00+03:00,6.409,6.567
2024-04-16 21:00:00+03:00,6.567,6.589
2024-04-16 23:00:00+03:00,6.588,6.717
2024-04-17 01:00:00+03:00,6.717,6.696
2024-04-17 03:00:00+03:00,6.695,6.694
2024-04-17 05:00:00+03:00,6.694,6.686
2024-04-17 07:00:00+03:00,6.686,6.656
2024-04-17 09:00:00+03:00,6.656,6.644
2024-04-17 11:00:00+03:00,6.643,6.664
2024-04-17 13:00:00+03:00,6.664,6.535
2024-04-17 15:00:00+03:00,6.534,6.575
2024-04-17 17:00:00+03:00,6.575,6.392
2024-04-17 19:00:00+03:00,6.393,6.542
2024-04-17 21:00:00+03:00,6.541,6.622
2024-04-17 23:00:00+03:00,6.622,6.638
2024-04-18 01:00:00+03:00,6.637,6.576
2024-04-18 03:00:00+03:00,6.577,6.634
2024-04-18 05:00:00+03:00,6.635,6.668
2024-04-18 07:00:00+03:00,6.667,6.629
2024-04-18 09:00:00+03:00,6.629,6.52
2024-04-18 11:00:00+03:00,6.521,6.622
2024-04-18 13:00:00+03:00,6.622,6.687
2024-04-18 15:00:00+03:00,6.688,6.645
2024-04-18 17:00:00+03:00,6.646,6.746
2024-04-18 19:00:00+03:00,6.746,6.65
2024-04-18 21:00:00+03:00,6.651,6.752
2024-04-18 23:00:00+03:00,6.753,6.77
2024-04-19 01:00:00+03:00,6.769,6.779
2024-04-19 03:00:00+03:00,6.778,6.456
2024-04-19 05:00:00+03:00,6.455,6.498
2024-04-19 07:00:00+03:00,6.498,6.517
2024-04-19 09:00:00+03:00,6.517,6.715
2024-04-19 11:00:00+03:00,6.714,6.821
2024-04-19 13:00:00+03:00,6.821,6.824
2024-04-19 15:00:00+03:00,6.824,6.777
2024-04-19 17:00:00+03:00,6.777,6.802
2024-04-19 19:00:00+03:00,6.801,6.792
2024-04-19 21:00:00+03:00,6.791,6.788
2024-04-19 23:00:00+03:00,6.788,6.766
2024-04-20 01:00:00+03:00,6.765,6.678
2024-04-20 03:00:00+03:00,6.677,6.733
2024-04-20 05:00:00+03:00,6.732,6.731
2024-04-20 07:00:00+03:00,6.73,6.764
2024-04-20 09:00:00+03:00,6.763,6.812
2024-04-20 11:00:00+03:00,6.812,6.752
2024-04-20 13:00:00+03:00,6.752,6.747
2024-04-20 15:00:00+03:00,6.746,6.783
2024-04-20 17:00:00+03:00,6.783,6.965
2024-04-20 19:00:00+03:00,6.965,7.192
2024-04-20 21:00:00+03:00,7.192,7.24
2024-04-20 23:00:00+03:00,7.24,7.237
2024-04-21 01:00:00+03:00,7.237,7.236
2024-04-21 03:00:00+03:00,7.237,7.194
2024-04-21 05:00:00+03:00,7.194,7.2
2024-04-21 07:00:00+03:00,7.201,7.193
2024-04-21 09:00:00+03:00,7.193,7.182
2024-04-21 11:00:00+03:00,7.181,7.172
2024-04-21 13:00:00+03:00,7.172,7.177
2024-04-21 15:00:00+03:00,7.177,7.073
2024-04-21 17:00:00+03:00,7.073,7.113
2024-04-21 19:00:00+03:00,7.113,7.07
2024-04-21 21:00:00+03:00,7.07,7.082
2024-04-21 23:00:00+03:00,7.082,7.133
2024-04-22 01:00:00+03:00,7.134,7.134
2024-04-22 03:00:00+03:00,7.133,7.134
2024-04-22 05:00:00+03:00,7.132,7.272
2024-04-22 07:00:00+03:00,7.272,7.446
2024-04-22 09:00:00+03:00,7.447,7.433
2024-04-22 11:00:00+03:00,7.433,7.484
2024-04-22 13:00:00+03:00,7.484,7.435
2024-04-22 15:00:00+03:00,7.435,7.415
2024-04-22 17:00:00+03:00,7.415,7.443
2024-04-22 19:00:00+03:00,7.444,7.436
2024-04-22 21:00:00+03:00,7.436,7.482
2024-04-22 23:00:00+03:00,7.481,7.504
2024-04-23 01:00:00+03:00,7.505,7.46
2024-04-23 03:00:00+03:00,7.461,7.458
2024-04-23 05:00:00+03:00,7.458,7.377
2024-04-23 07:00:00+03:00,7.377,7.455
2024-04-23 09:00:00+03:00,7.454,7.36
2024-04-23 11:00:00+03:00,7.361,7.407
2024-04-23 13:00:00+03:00,7.406,7.365
2024-04-23 15:00:00+03:00,7.365,7.396
2024-04-23 17:00:00+03:00,7.396,7.409
2024-04-23 19:00:00+03:00,7.409,7.389
2024-04-23 21:00:00+03:00,7.389,7.382
2024-04-23 23:00:00+03:00,7.382,7.249
2024-04-24 01:00:00+03:00,7.25,7.238
2024-04-24 03:00:00+03:00,7.239,7.291
2024-04-24 05:00:00+03:00,7.292,7.286
2024-04-24 07:00:00+03:00,7.286,7.39
2024-04-24 09:00:00+03:00,7.391,7.418
2024-04-24 11:00:00+03:00,7.417,7.453
2024-04-24 13:00:00+03:00,7.454,7.426
2024-04-24 15:00:00+03:00,7.426,7.19
2024-04-24 17:00:00+03:00,7.19,7.026
2024-04-24 19:00:00+03:00,7.025,7.1
2024-04-24 21:00:00+03:00,7.098,7.039
2024-04-24 23:00:00+03:00,7.039,7.021
2024-04-25 01:00:00+03:00,7.022,6.928
2024-04-25 03:00:00+03:00,6.928,6.886
2024-04-25 05:00:00+03:00,6.885,6.922
2024-04-25 07:00:00+03:00,6.922,6.944
2024-04-25 09:00:00+03:00,6.944,6.881
2024-04-25 11:00:00+03:00,6.882,6.847
2024-04-25 13:00:00+03:00,6.847,6.822
2024-04-25 15:00:00+03:00,6.822,6.779
2024-04-25 17:00:00+03:00,6.778,6.912
2024-04-25 19:00:00+03:00,6.912,6.95
2024-04-25 21:00:00+03:00,6.95,6.931
2024-04-25 23:00:00+03:00,6.932,6.929
2024-04-26 01:00:00+03:00,6.929,6.855
2024-04-26 03:00:00+03:00,6.855,6.857
2024-04-26 05:00:00+03:00,6.857,6.838
2024-04-26 07:00:00+03:00,6.838,6.915
2024-04-26 09:00:00+03:00,6.915,6.849
2024-04-26 11:00:00+03:00,6.85,6.871
2024-04-26 13:00:00+03:00,6.872,6.882
2024-04-26 15:00:00+03:00,6.881,6.911
2024-04-26 17:00:00+03:00,6.911,6.805
2024-04-26 19:00:00+03:00,6.805,6.831
2024-04-26 21:00:00+03:00,6.831,6.843
2024-04-26 23:00:00+03:00,6.843,6.834
2024-04-27 01:00:00+03:00,6.834,6.762
2024-04-27 03:00:00+03:00,6.761,6.6
2024-04-27 05:00:00+03:00,6.599,6.712
2024-04-27 07:00:00+03:00,6.711,6.713
2024-04-27 09:00:00+03:00,6.713,6.657
2024-04-27 11:00:00+03:00,6.657,6.671
2024-04-27 13:00:00+03:00,6.67,6.609
2024-04-27 15:00:00+03:00,6.608,6.692
2024-04-27 17:00:00+03:00,6.691,6.642
2024-04-27 19:00:00+03:00,6.642,6.825
2024-04-27 21:00:00+03:00,6.824,6.796
2024-04-27 23:00:00+03:00,6.796,6.748
2024-04-28 01:00:00+03:00,6.749,6.805
2024-04-28 03:00:00+03:00,6.805,6.873
2024-04-28 05:00:00+03:00,6.873,6.913
2024-04-28 07:00:00+03:00,6.912,6.897
2024-04-28 09:00:00+03:00,6.897,6.924
2024-04-28 11:00:00+03:00,6.925,6.884
2024-04-28 13:00:00+03:00,6.885,6.809
2024-04-28 15:00:00+03:00,6.81,6.86
2024-04-28 17:00:00+03:00,6.859,6.847
2024-04-28 19:00:00+03:00,6.848,6.88
2024-04-28 21:00:00+03:00,6.88,6.86
2024-04-28 23:00:00+03:00,6.859,6.858
2024-04-29 01:00:00+03:00,6.858,6.723
2024-04-29 03:00:00+03:00,6.723,6.806
2024-04-29 05:00:00+03:00,6.807,6.655
2024-04-29 07:00:00+03:00,6.655,6.691
2024-04-29 09:00:00+03:00,6.691,6.574
2024-04-29 11:00:00+03:00,6.575,6.533
2024-04-29 13:00:00+03:00,6.534,6.503
2024-04-29 15:00:00+03:00,6.503,6.5
2024-04-29 17:00:00+03:00,6.5,6.625
2024-04-29 19:00:00+03:00,6.624,6.589
2024-04-29 21:00:00+03:00,6.588,6.559
2024-04-29 23:00:00+03:00,6.558,6.521
2024-04-30 01:00:00+03:00,6.52,6.583
2024-04-30 03:00:00+03:00,6.584,6.522
2024-04-30 05:00:00+03:00,6.522,6.565
2024-04-30 07:00:00+03:00,6.566,6.567
2024-04-30 09:00:00+03:00,6.568,6.538
2024-04-30 11:00:00+03:00,6.539,6.364
2024-04-30 13:00:00+03:00,6.363,6.268
2024-04-30 15:00:00+03:00,6.268,6.188
2024-04-30 17:00:00+03:00,6.186,6.149
2024-04-30 19:00:00+03:00,6.148,6.126
2024-04-30 21:00:00+03:00,6.126,6.107
2024-04-30 23:00:00+03:00,6.106,6.214
2024-05-01 01:00:00+03:00,6.215,6.418
2024-05-01 03:00:00+03:00,6.417,6.414
2024-05-01 05:00:00+03:00,6.413,6.45
2024-05-01 07:00:00+03:00,6.449,6.541
2024-05-01 09:00:00+03:00,6.54,6.289
2024-05-01 11:00:00+03:00,6.29,6.398
2024-05-01 13:00:00+03:00,6.398,6.495
2024-05-01 15:00:00+03:00,6.494,6.582
2024-05-01 17:00:00+03:00,6.581,6.491
2024-05-01 19:00:00+03:00,6.491,6.567
2024-05-01 21:00:00+03:00,6.567,6.72
2024-05-01 23:00:00+03:00,6.722,6.852
2024-05-02 01:00:00+03:00,6.851,6.894
2024-05-02 03:00:00+03:00,6.894,6.785
2024-05-02 05:00:00+03:00,6.785,6.865
2024-05-02 07:00:00+03:00,6.865,6.902
2024-05-02 09:00:00+03:00,6.902,6.87
2024-05-02 11:00:00+03:00,6.87,7.009
2024-05-02 13:00:00+03:00,7.009,7.045
2024-05-02 15:00:00+03:00,7.045,6.918
2024-05-02 17:00:00+03:00,6.919,7.0
2024-05-02 19:00:00+03:00,7.0,7.127
2024-05-02 21:00:00+03:00,7.128,7.252
2024-05-02 23:00:00+03:00,7.252,7.336
2024-05-03 01:00:00+03:00,7.337,7.27
2024-05-03 03:00:00+03:00,7.269,7.262
2024-05-03 05:00:00+03:00,7.263,7.206
2024-05-03 07:00:00+03:00,7.206,7.22
2024-05-03 09:00:00+03:00,7.22,7.047
2024-05-03 11:00:00+03:00,7.048,7.069
2024-05-03 13:00:00+03:00,7.069,7.059
2024-05-03 15:00:00+03:00,7.06,7.239
2024-05-03 17:00:00+03:00,7.239,7.252
2024-05-03 19:00:00+03:00,7.252,7.287
2024-05-03 21:00:00+03:00,7.287,7.274
2024-05-03 23:00:00+03:00,7.274,7.288
2024-05-04 01:00:00+03:00,7.288,7.242
2024-05-04 03:00:00+03:00,7.241,7.18
2024-05-04 05:00:00+03:00,7.181,7.157
2024-05-04 07:00:00+03:00,7.158,7.192
2024-05-04 09:00:00+03:00,7.191,7.136
2024-05-04 11:00:00+03:00,7.136,7.138
2024-05-04 13:00:00+03:00,7.139,7.131
2024-05-04 15:00:00+03:00,7.13,7.161
2024-05-04 17:00:00+03:00,7.16,7.186
2024-05-04 19:00:00+03:00,7.187,7.154
2024-05-04 21:00:00+03:00,7.153,7.188
2024-05-04 23:00:00+03:00,7.188,7.153
2024-05-05 01:00:00+03:00,7.152,7.117
2024-05-05 03:00:00+03:00,7.118,7.111
2024-05-05 05:00:00+03:00,7.11,7.086
2024-05-05 07:00:00+03:00,7.086,7.029
2024-05-05 09:00:00+03:00,7.029,7.073
2024-05-05 11:00:00+03:00,7.073,7.089
2024-05-05 13:00:00+03:00,7.089,7.068
2024-05-05 15:00:00+03:00,7.068,7.07
2024-05-05 17:00:00+03:00,7.071,7.238
2024-05-05 19:00:00+03:00,7.239,7.258
2024-05-05 21:00:00+03:00,7.258,7.279
2024-05-05 23:00:00+03:00,7.28,7.36
2024-05-06 01:00:00+03:00,7.36,7.298
2024-05-06 03:00:00+03:00,7.299,7.263
2024-05-06 05:00:00+03:00,7.264,7.245
2024-05-06 07:00:00+03:00,7.246,7.324
2024-05-06 09:00:00+03:00,7.325,7.385
2024-05-06 11:00:00+03:00,7.386,7.435
2024-05-06 13:00:00+03:00,7.435,7.288
2024-05-06 15:00:00+03:00,7.288,7.213
2024-05-06 17:00:00+03:00,7.213,7.174
2024-05-06 19:00:00+03:00,7.173,7.195
2024-05-06 21:00:00+03:00,7.194,7.188
2024-05-06 23:00:00+03:00,7.189,7.211
2024-05-07 01:00:00+03:00,7.212,7.116
2024-05-07 03:00:00+03:00,7.116,7.186
2024-05-07 05:00:00+03:00,7.186,7.085
2024-05-07 07:00:00+03:00,7.085,7.118
2024-05-07 09:00:00+03:00,7.118,7.165
2024-05-07 11:00:00+03:00,7.164,7.228
2024-05-07 13:00:00+03:00,7.229,7.131
2024-05-07 15:00:00+03:00,7.132,7.163
2024-05-07 17:00:00+03:00,7.164,7.192
2024-05-07 19:00:00+03:00,7.193,7.181
2024-05-07 21:00:00+03:00,7.181,7.12
2024-05-07 23:00:00+03:00,7.12,7.106
2024-05-08 01:00:00+03:00,7.106,6.987
2024-05-08 03:00:00+03:00,6.988,7.001
2024-05-08 05:00:00+03:00,7.0,7.082
2024-05-08 07:00:00+03:00,7.083,7.05
2024-05-08 09:00:00+03:00,7.051,7.009
2024-05-08 11:00:00+03:00,7.009,7.024
2024-05-08 13:00:00+03:00,7.025,6.946
2024-05-08 15:00:00+03:00,6.947,7.061
2024-05-08 17:00:00+03:00,7.062,7.152
2024-05-08 19:00:00+03:00,7.151,7.083
2024-05-08 21:00:00+03:00,7.084,7.053
2024-05-08 23:00:00+03:00,7.052,6.987
2024-05-09 01:00:00+03:00,6.987,6.979
2024-05-09 03:00:00+03:00,6.98,7.024
2024-05-09 05:00:00+03:00,7.025,7.044
2024-05-09 07:00:00+03:00,7.043,7.019
2024-05-09 09:00:00+03:00,7.019,6.918
2024-05-09 11:00:00+03:00,6.918,6.864
2024-05-09 13:00:00+03:00,6.864,6.838
2024-05-09 15:00:00+03:00,6.838,6.87
2024-05-09 17:00:00+03:00,6.87,6.957
2024-05-09 19:00:00+03:00,6.957,6.958
2024-05-09 21:00:00+03:00,6.959,7.035
2024-05-09 23:00:00+03:00,7.036,7.006
2024-05-10 01:00:00+03:00,7.007,7.044
2024-05-10 03:00:00+03:00,7.045,7.073
2024-05-10 05:00:00+03:00,7.072,7.103
2024-05-10 07:00:00+03:00,7.104,7.059
2024-05-10 09:00:00+03:00,7.059,7.123
2024-05-10 11:00:00+03:00,7.124,7.081
2024-05-10 13:00:00+03:00,7.082,7.128
2024-05-10 15:00:00+03:00,7.128,7.08
2024-05-10 17:00:00+03:00,7.079,6.858
2024-05-10 19:00:00+03:00,6.856,6.79
2024-05-10 21:00:00+03:00,6.79,6.808
2024-05-10 23:00:00+03:00,6.807,6.785
2024-05-11 01:00:00+03:00,6.785,6.742
2024-05-11 03:00:00+03:00,6.742,6.756
2024-05-11 05:00:00+03:00,6.755,6.724
2024-05-11 07:00:00+03:00,6.724,6.765
2024-05-11 09:00:00+03:00,6.765,6.761
2024-05-11 11:00:00+03:00,6.761,6.699
2024-05-11 13:00:00+03:00,6.698,6.676
2024-05-11 15:00:00+03:00,6.675,6.732
2024-05-11 17:00:00+03:00,6.733,6.726
2024-05-11 19:00:00+03:00,6.727,6.715
2024-05-11 21:00:00+03:00,6.715,6.721
2024-05-11 23:00:00+03:00,6.722,6.686
2024-05-12 01:00:00+03:00,6.686,6.657
2024-05-12 03:00:00+03:00,6.657,6.685
2024-05-12 05:00:00+03:00,6.686,6.696
2024-05-12 07:00:00+03:00,6.696,6.704
2024-05-12 09:00:00+03:00,6.705,6.648
2024-05-12 11:00:00+03:00,6.649,6.69
2024-05-12 13:00:00+03:00,6.691,6.732
2024-05-12 15:00:00+03:00,6.733,6.74
2024-05-12 17:00:00+03:00,6.74,6.749
2024-05-12 19:00:00+03:00,6.749,6.715
2024-05-12 21:00:00+03:00,6.716,6.679
2024-05-12 23:00:00+03:00,6.679,6.637
2024-05-13 01:00:00+03:00,6.638,6.613
2024-05-13 03:00:00+03:00,6.612,6.581
2024-05-13 05:00:00+03:00,6.581,6.507
2024-05-13 07:00:00+03:00,6.506,6.466
2024-05-13 09:00:00+03:00,6.466,6.691
2024-05-13 11:00:00+03:00,6.691,6.769
2024-05-13 13:00:00+03:00,6.769,6.727
2024-05-13 15:00:00+03:00,6.727,6.699
2024-05-13 17:00:00+03:00,6.698,6.758
2024-05-13 19:00:00+03:00,6.757,6.682
2024-05-13 21:00:00+03:00,6.683,6.702
2024-05-13 23:00:00+03:00,6.702,6.664
2024-05-14 01:00:00+03:00,6.665,6.666
2024-05-14 03:00:00+03:00,6.666,6.642
2024-05-14 05:00:00+03:00,6.642,6.64
2024-05-14 07:00:00+03:00,6.64,6.639
2024-05-14 09:00:00+03:00,6.64,6.606
2024-05-14 11:00:00+03:00,6.607,6.586
2024-05-14 13:00:00+03:00,6.587,6.65
2024-05-14 15:00:00+03:00,6.649,6.612
2024-05-14 17:00:00+03:00,6.613,6.645
2024-05-14 19:00:00+03:00,6.644,6.565
2024-05-14 21:00:00+03:00,6.565,6.549
2024-05-14 23:00:00+03:00,6.55,6.535
2024-05-15 01:00:00+03:00,6.534,6.482
2024-05-15 03:00:00+03:00,6.483,6.514
2024-05-15 05:00:00+03:00,6.514,6.516
2024-05-15 07:00:00+03:00,6.517,6.49
2024-05-15 09:00:00+03:00,6.49,6.52
2024-05-15 11:00:00+03:00,6.519,6.637
2024-05-15 13:00:00+03:00,6.637,6.55
2024-05-15 15:00:00+03:00,6.55,6.851
2024-05-15 17:00:00+03:00,6.851,6.86
2024-05-15 19:00:00+03:00,6.861,6.928
2024-05-15 21:00:00+03:00,6.928,7.005
2024-05-15 23:00:00+03:00,7.004,6.935
2024-05-16 01:00:00+03:00,6.935,6.957
2024-05-16 03:00:00+03:00,6.957,7.013
2024-05-16 05:00:00+03:00,7.013,6.975
2024-05-16 07:00:00+03:00,6.975,6.966
2024-05-16 09:00:00+03:00,6.965,6.955
2024-05-16 11:00:00+03:00,6.954,6.946
2024-05-16 13:00:00+03:00,6.946,6.905
2024-05-16 15:00:00+03:00,6.904,6.927
2024-05-16 17:00:00+03:00,6.927,6.927
2024-05-16 19:00:00+03:00,6.927,6.928
2024-05-16 21:00:00+03:00,6.928,6.957
2024-05-16 23:00:00+03:00,6.957,6.98
2024-05-17 01:00:00+03:00,6.981,7.022
2024-05-17 03:00:00+03:00,7.023,7.071
2024-05-17 05:00:00+03:00,7.072,7.002
2024-05-17 07:00:00+03:00,7.002,7.067
2024-05-17 09:00:00+03:00,7.067,7.271
2024-05-17 11:00:00+03:00,7.271,7.226
2024-05-17 13:00:00+03:00,7.225,7.201
2024-05-17 15:00:00+03:00,7.201,7.167
2024-05-17 17:00:00+03:00,7.168,7.232
2024-05-17 19:00:00+03:00,7.233,7.22
2024-05-17 21:00:00+03:00,7.22,7.197
2024-05-17 23:00:00+03:00,7.197,7.193
2024-05-18 01:00:00+03:00,7.192,7.195
2024-05-18 03:00:00+03:00,7.195,7.206
2024-05-18 05:00:00+03:00,7.206,7.202
2024-05-18 07:00:00+03:00,7.202,7.168
2024-05-18 09:00:00+03:00,7.169,7.193
2024-05-18 11:00:00+03:00,7.193,7.199
2024-05-18 13:00:00+03:00,7.199,7.179
2024-05-18 15:00:00+03:00,7.18,7.08
2024-05-18 17:00:00+03:00,7.079,7.129
2024-05-18 19:00:00+03:00,7.129,7.155
2024-05-18 21:00:00+03:00,7.155,7.17
2024-05-18 23:00:00+03:00,7.169,7.127
2024-05-19 01:00:00+03:00,7.126,7.155
2024-05-19 03:00:00+03:00,7.155,7.13
2024-05-19 05:00:00+03:00,7.131,7.149
2024-05-19 07:00:00+03:00,7.149,7.11
2024-05-19 09:00:00+03:00,7.111,7.102
2024-05-19 11:00:00+03:00,7.102,7.077
2024-05-19 13:00:00+03:00,7.077,7.101
2024-05-19 15:00:00+03:00,7.101,7.008
2024-05-19 17:00:00+03:00,7.008,7.026
2024-05-19 19:00:00+03:00,7.027,6.983
2024-05-19 21:00:00+03:00,6.983,6.927
2024-05-19 23:00:00+03:00,6.927,6.942
2024-05-20 01:00:00+03:00,6.941,6.928
2024-05-20 03:00:00+03:00,6.928,6.921
2024-05-20 05:00:00+03:00,6.92,6.942
2024-05-20 07:00:00+03:00,6.943,7.052
2024-05-20 09:00:00+03:00,7.052,6.997
2024-05-20 11:00:00+03:00,6.996,7.003
2024-05-20 13:00:00+03:00,7.002,7.011
2024-05-20 15:00:00+03:00,7.012,7.014
2024-05-20 17:00:00+03:00,7.015,7.047
2024-05-20 19:00:00+03:00,7.047,7.141
2024-05-20 21:00:00+03:00,7.14,7.41
2024-05-20 23:00:00+03:00,7.41,7.534
2024-05-21 01:00:00+03:00,7.533,7.574
2024-05-21 03:00:00+03:00,7.573,7.543
2024-05-21 05:00:00+03:00,7.543,7.49
2024-05-21 07:00:00+03:00,7.491,7.5
2024-05-21 09:00:00+03:00,7.5,7.547
2024-05-21 11:00:00+03:00,7.547,7.564
2024-05-21 13:00:00+03:00,7.564,7.582
2024-05-21 15:00:00+03:00,7.583,7.578
2024-05-21 17:00:00+03:00,7.58,7.532
2024-05-21 19:00:00+03:00,7.531,7.625
2024-05-21 21:00:00+03:00,7.624,7.54
2024-05-21 23:00:00+03:00,7.541,7.57
2024-05-22 01:00:00+03:00,7.57,7.613
2024-05-22 03:00:00+03:00,7.613,7.649
2024-05-22 05:00:00+03:00,7.65,7.613
2024-05-22 07:00:00+03:00,7.612,7.578
2024-05-22 09:00:00+03:00,7.578,7.645
2024-05-22 11:00:00+03:00,7.644,7.558
2024-05-22 13:00:00+03:00,7.558,7.571
2024-05-22 15:00:00+03:00,7.57,7.543
2024-05-22 17:00:00+03:00,7.543,7.612
2024-05-22 19:00:00+03:00,7.612,7.548
2024-05-22 21:00:00+03:00,7.548,7.451
2024-05-22 23:00:00+03:00,7.451,7.482
2024-05-23 01:00:00+03:00,7.482,7.47
2024-05-23 03:00:00+03:00,7.47,7.531
2024-05-23 05:00:00+03:00,7.532,7.59
2024-05-23 07:00:00+03:00,7.591,7.541
2024-05-23 09:00:00+03:00,7.541,7.59
2024-05-23 11:00:00+03:00,7.591,7.508
2024-05-23 13:00:00+03:00,7.508,7.513
2024-05-23 15:00:00+03:00,7.513,7.258
2024-05-23 17:00:00+03:00,7.258,7.209
2024-05-23 19:00:00+03:00,7.209,7.123
2024-05-23 21:00:00+03:00,7.123,7.132
2024-05-23 23:00:00+03:00,7.133,7.241
2024-05-24 01:00:00+03:00,7.24,7.203
2024-05-24 03:00:00+03:00,7.203,7.268
2024-05-24 05:00:00+03:00,7.267,7.261
2024-05-24 07:00:00+03:00,7.261,7.125
2024-05-24 09:00:00+03:00,7.125,7.115
2024-05-24 11:00:00+03:00,7.114,7.156
2024-05-24 13:00:00+03:00,7.155,7.221
2024-05-24 15:00:00+03:00,7.222,7.237
2024-05-24 17:00:00+03:00,7.237,7.265
2024-05-24 19:00:00+03:00,7.265,7.263
2024-05-24 21:00:00+03:00,7.264,7.269
2024-05-24 23:00:00+03:00,7.27,7.267
2024-05-25 01:00:00+03:00,7.267,7.248
2024-05-25 03:00:00+03:00,7.248,7.283
2024-05-25 05:00:00+03:00,7.284,7.31
2024-05-25 07:00:00+03:00,7.309,7.305
2024-05-25 09:00:00+03:00,7.305,7.299
2024-05-25 11:00:00+03:00,7.3,7.312
2024-05-25 13:00:00+03:00,7.312,7.306
2024-05-25 15:00:00+03:00,7.306,7.276
2024-05-25 17:00:00+03:00,7.276,7.335
2024-05-25 19:00:00+03:00,7.334,7.352
2024-05-25 21:00:00+03:00,7.351,7.367
2024-05-25 23:00:00+03:00,7.367,7.356
2024-05-26 01:00:00+03:00,7.356,7.426
2024-05-26 03:00:00+03:00,7.425,7.489
2024-05-26 05:00:00+03:00,7.488,7.479
2024-05-26 07:00:00+03:00,7.478,7.416
2024-05-26 09:00:00+03:00,7.415,7.441
2024-05-26 11:00:00+03:00,7.441,7.39
2024-05-26 13:00:00+03:00,7.39,7.448
2024-05-26 15:00:00+03:00,7.449,7.501
2024-05-26 17:00:00+03:00,7.502,7.586
2024-05-26 19:00:00+03:00,7.586,7.52
2024-05-26 21:00:00+03:00,7.52,7.55
2024-05-26 23:00:00+03:00,7.55,7.563
2024-05-27 01:00:00+03:00,7.563,7.561
2024-05-27 03:00:00+03:00,7.561,7.539
2024-05-27 05:00:00+03:00,7.54,7.495
2024-05-27 07:00:00+03:00,7.495,7.43
2024-05-27 09:00:00+03:00,7.43,7.413
2024-05-27 11:00:00+03:00,7.414,7.46
2024-05-27 13:00:00+03:00,7.46,7.488
2024-05-27 15:00:00+03:00,7.488,7.511
2024-05-27 17:00:00+03:00,7.512,7.731
2024-05-27 19:00:00+03:00,7.732,7.687
2024-05-27 21:00:00+03:00,7.686,7.56
2024-05-27 23:00:00+03:00,7.56,7.647
2024-05-28 01:00:00+03:00,7.647,7.646
2024-05-28 03:00:00+03:00,7.646,7.552
2024-05-28 05:00:00+03:00,7.55,7.543
2024-05-28 07:00:00+03:00,7.542,7.428
2024-05-28 09:00:00+03:00,7.427,7.339
2024-05-28 11:00:00+03:00,7.338,7.431
2024-05-28 13:00:00+03:00,7.431,7.402
2024-05-28 15:00:00+03:00,7.402,7.329
2024-05-28 17:00:00+03:00,7.329,7.394
2024-05-28 19:00:00+03:00,7.393,7.381
2024-05-28 21:00:00+03:00,7.381,7.439
2024-05-28 23:00:00+03:00,7.44,7.409
2024-05-29 01:00:00+03:00,7.408,7.375
2024-05-29 03:00:00+03:00,7.375,7.345
2024-05-29 05:00:00+03:00,7.345,7.393
2024-05-29 07:00:00+03:00,7.393,7.433
2024-05-29 09:00:00+03:00,7.433,7.415
2024-05-29 11:00:00+03:00,7.414,7.418
2024-05-29 13:00:00+03:00,7.418,7.38
2024-05-29 15:00:00+03:00,7.38,7.317
2024-05-29 17:00:00+03:00,7.317,7.23
2024-05-29 19:00:00+03:00,7.23,7.254
2024-05-29 21:00:00+03:00,7.253,7.187
2024-05-29 23:00:00+03:00,7.187,7.197
2024-05-30 01:00:00+03:00,7.197,7.181
2024-05-30 03:00:00+03:00,7.18,7.199
2024-05-30 05:00:00+03:00,7.2,7.231
2024-05-30 07:00:00+03:00,7.232,7.145
2024-05-30 09:00:00+03:00,7.145,6.975
2024-05-30 11:00:00+03:00,6.975,7.035
2024-05-30 13:00:00+03:00,7.035,7.05
2024-05-30 15:00:00+03:00,7.049,7.099
2024-05-30 17:00:00+03:00,7.099,7.075
2024-05-30 19:00:00+03:00,7.075,7.121
2024-05-30 21:00:00+03:00,7.121,7.059
2024-05-30 23:00:00+03:00,7.059,7.026
2024-05-31 01:00:00+03:00,7.027,7.001
2024-05-31 03:00:00+03:00,7.001,6.977
2024-05-31 05:00:00+03:00,6.977,7.007
2024-05-31 07:00:00+03:00,7.008,6.982
2024-05-31 09:00:00+03:00,6.982,6.997
2024-05-31 11:00:00+03:00,6.996,6.987
2024-05-31 13:00:00+03:00,6.988,6.999
2024-05-31 15:00:00+03:00,6.999,6.977
2024-05-31 17:00:00+03:00,6.977,6.863
2024-05-31 19:00:00+03:00,6.863,6.958
2024-05-31 21:00:00+03:00,6.959,6.994
2024-05-31 23:00:00+03:00,6.994,7.003
2024-06-01 01:00:00+03:00,7.004,6.988
2024-06-01 03:00:00+03:00,6.989,6.974
2024-06-01 05:00:00+03:00,6.975,7.003
2024-06-01 07:00:00+03:00,7.003,7.032
2024-06-01 09:00:00+03:00,7.033,7.016
2024-06-01 11:00:00+03:00,7.017,7.072
2024-06-01 13:00:00+03:00,7.072,7.07
2024-06-01 15:00:00+03:00,7.071,7.11
2024-06-01 17:00:00+03:00,7.11,7.096
2024-06-01 19:00:00+03:00,7.097,7.103
2024-06-01 21:00:00+03:00,7.103,7.08
2024-06-01 23:00:00+03:00,7.079,7.108
2024-06-02 01:00:00+03:00,7.107,7.067
2024-06-02 03:00:00+03:00,7.067,7.079
2024-06-02 05:00:00+03:00,7.079,7.087
2024-06-02 07:00:00+03:00,7.087,7.076
2024-06-02 09:00:00+03:00,7.075,7.044
2024-06-02 11:00:00+03:00,7.044,7.01
2024-06-02 13:00:00+03:00,7.009,7.095
2024-06-02 15:00:00+03:00,7.094,7.089
2024-06-02 17:00:00+03:00,7.088,7.089
2024-06-02 19:00:00+03:00,7.088,6.98
2024-06-02 21:00:00+03:00,6.981,7.007
2024-06-02 23:00:00+03:00,7.007,7.009
2024-06-03 01:00:00+03:00,7.009,6.993
2024-06-03 03:00:00+03:00,6.994,7.067
2024-06-03 05:00:00+03:00,7.067,7.079
2024-06-03 07:00:00+03:00,7.08,7.109
2024-06-03 09:00:00+03:00,7.109,7.137
2024-06-03 11:00:00+03:00,7.137,7.117
2024-06-03 13:00:00+03:00,7.117,7.125
2024-06-03 15:00:00+03:00,7.125,7.165
2024-06-03 17:00:00+03:00,7.166,7.14
2024-06-03 19:00:00+03:00,7.141,7.112
2024-06-03 21:00:00+03:00,7.111,7.105
2024-06-03 23:00:00+03:00,7.106,7.055
2024-06-04 01:00:00+03:00,7.055,7.012
2024-06-04 03:00:00+03:00,7.012,7.02
2024-06-04 05:00:00+03:00,7.02,7.034
2024-06-04 07:00:00+03:00,7.034,7.015
2024-06-04 09:00:00+03:00,7.015,7.009
2024-06-04 11:00:00+03:00,7.008,6.953
2024-06-04 13:00:00+03:00,6.953,7.012
2024-06-04 15:00:00+03:00,7.013,7.033
2024-06-04 17:00:00+03:00,7.034,7.174
2024-06-04 19:00:00+03:00,7.174,7.176
2024-06-04 21:00:00+03:00,7.175,7.197
2024-06-04 23:00:00+03:00,7.198,7.198
2024-06-05 01:00:00+03:00,7.197,7.186
2024-06-05 03:00:00+03:00,7.186,7.231
2024-06-05 05:00:00+03:00,7.231,7.219
2024-06-05 07:00:00+03:00,7.219,7.227
2024-06-05 09:00:00+03:00,7.228,7.266
2024-06-05 11:00:00+03:00,7.266,7.215
2024-06-05 13:00:00+03:00,7.216,7.213
2024-06-05 15:00:00+03:00,7.213,7.186
2024-06-05 17:00:00+03:00,7.186,7.234
2024-06-05 19:00:00+03:00,7.233,7.286
2024-06-05 21:00:00+03:00,7.287,7.276
2024-06-05 23:00:00+03:00,7.276,7.256
2024-06-06 01:00:00+03:00,7.256,7.257
2024-06-06 03:00:00+03:00,7.257,7.24
2024-06-06 05:00:00+03:00,7.24,7.212
2024-06-06 07:00:00+03:00,7.213,7.179
2024-06-06 09:00:00+03:00,7.179,7.18
2024-06-06 11:00:00+03:00,7.18,7.209
2024-06-06 13:00:00+03:00,7.208,7.226
2024-06-06 15:00:00+03:00,7.226,7.229
2024-06-06 17:00:00+03:00,7.228,7.258
2024-06-06 19:00:00+03:00,7.257,7.235
2024-06-06 21:00:00+03:00,7.234,7.13
2024-06-06 23:00:00+03:00,7.131,7.127
2024-06-07 01:00:00+03:00,7.127,7.15
2024-06-07 03:00:00+03:00,7.151,7.105
2024-06-07 05:00:00+03:00,7.105,7.104
2024-06-07 07:00:00+03:00,7.103,7.175
2024-06-07 09:00:00+03:00,7.175,7.16
2024-06-07 11:00:00+03:00,7.159,7.146
2024-06-07 13:00:00+03:00,7.145,7.271
2024-06-07 15:00:00+03:00,7.271,7.233
2024-06-07 17:00:00+03:00,7.233,7.222
2024-06-07 19:00:00+03:00,7.223,6.981
2024-06-07 21:00:00+03:00,6.979,6.586
2024-06-07 23:00:00+03:00,6.586,6.62
2024-06-08 01:00:00+03:00,6.62,6.654
2024-06-08 03:00:00+03:00,6.654,6.664
2024-06-08 05:00:00+03:00,6.663,6.622
2024-06-08 07:00:00+03:00,6.622,6.628
2024-06-08 09:00:00+03:00,6.628,6.621
2024-06-08 11:00:00+03:00,6.62,6.559
2024-06-08 13:00:00+03:00,6.559,6.438
2024-06-08 15:00:00+03:00,6.438,6.449
2024-06-08 17:00:00+03:00,6.448,6.46
2024-06-08 19:00:00+03:00,6.46,6.454
2024-06-08 21:00:00+03:00,6.454,6.392
2024-06-08 23:00:00+03:00,6.391,6.385
2024-06-09 01:00:00+03:00,6.385,6.379
2024-06-09 03:00:00+03:00,6.379,6.434
2024-06-09 05:00:00+03:00,6.435,6.424
2024-06-09 07:00:00+03:00,6.424,6.418
2024-06-09 09:00:00+03:00,6.418,6.418
2024-06-09 11:00:00+03:00,6.419,6.489
2024-06-09 13:00:00+03:00,6.489,6.459
2024-06-09 15:00:00+03:00,6.46,6.452
2024-06-09 17:00:00+03:00,6.452,6.465
2024-06-09 19:00:00+03:00,6.466,6.475
2024-06-09 21:00:00+03:00,6.475,6.526
2024-06-09 23:00:00+03:00,6.526,6.528
2024-06-10 01:00:00+03:00,6.529,6.523
2024-06-10 03:00:00+03:00,6.523,6.505
2024-06-10 05:00:00+03:00,6.505,6.46
2024-06-10 07:00:00+03:00,6.461,6.445
2024-06-10 09:00:00+03:00,6.446,6.364
2024-06-10 11:00:00+03:00,6.364,6.5
2024-06-10 13:00:00+03:00,6.501,6.485
2024-06-10 15:00:00+03:00,6.486,6.447
2024-06-10 17:00:00+03:00,6.447,6.548
2024-06-10 19:00:00+03:00,6.548,6.531
2024-06-10 21:00:00+03:00,6.532,6.511
2024-06-10 23:00:00+03:00,6.512,6.516
2024-06-11 01:00:00+03:00,6.516,6.506
2024-06-11 03:00:00+03:00,6.506,6.401
2024-06-11 05:00:00+03:00,6.399,6.439
2024-06-11 07:00:00+03:00,6.438,6.44
2024-06-11 09:00:00+03:00,6.44,6.362
2024-06-11 11:00:00+03:00,6.362,6.378
2024-06-11 13:00:00+03:00,6.379,6.353
2024-06-11 15:00:00+03:00,6.354,6.238
2024-06-11 17:00:00+03:00,6.238,6.298
2024-06-11 19:00:00+03:00,6.297,6.4
2024-06-11 21:00:00+03:00,6.4,6.422
2024-06-11 23:00:00+03:00,6.421,6.371
2024-06-12 01:00:00+03:00,6.372,6.375
2024-06-12 03:00:00+03:00,6.374,6.333
2024-06-12 05:00:00+03:00,6.333,6.4
2024-06-12 07:00:00+03:00,6.401,6.396
2024-06-12 09:00:00+03:00,6.396,6.402
2024-06-12 11:00:00+03:00,6.401,6.401
2024-06-12 13:00:00+03:00,6.401,6.377
2024-06-12 15:00:00+03:00,6.377,6.619
2024-06-12 17:00:00+03:00,6.619,6.703
2024-06-12 19:00:00+03:00,6.703,6.786
2024-06-12 21:00:00+03:00,6.786,6.702
2024-06-12 23:00:00+03:00,6.701,6.749
2024-06-13 01:00:00+03:00,6.749,6.734
2024-06-13 03:00:00+03:00,6.735,6.624
2024-06-13 05:00:00+03:00,6.625,6.542
2024-06-13 07:00:00+03:00,6.542,6.562
2024-06-13 09:00:00+03:00,6.562,6.525
2024-06-13 11:00:00+03:00,6.525,6.486
2024-06-13 13:00:00+03:00,6.486,6.467
2024-06-13 15:00:00+03:00,6.467,6.494
2024-06-13 17:00:00+03:00,6.495,6.377
2024-06-13 19:00:00+03:00,6.377,6.468
2024-06-13 21:00:00+03:00,6.468,6.456
2024-06-13 23:00:00+03:00,6.456,6.424
2024-06-14 01:00:00+03:00,6.424,6.357
2024-06-14 03:00:00+03:00,6.358,6.374
2024-06-14 05:00:00+03:00,6.375,6.35
2024-06-14 07:00:00+03:00,6.351,6.413
2024-06-14 09:00:00+03:00,6.413,6.432
2024-06-14 11:00:00+03:00,6.432,6.441
2024-06-14 13:00:00+03:00,6.441,6.401
2024-06-14 15:00:00+03:00,6.401,6.351
2024-06-14 17:00:00+03:00,6.35,6.216
2024-06-14 19:00:00+03:00,6.217,6.107
2024-06-14 21:00:00+03:00,6.106,6.111
2024-06-14 23:00:00+03:00,6.111,6.194
2024-06-15 01:00:00+03:00,6.195,6.16
2024-06-15 03:00:00+03:00,6.16,6.115
2024-06-15 05:00:00+03:00,6.114,6.163
2024-06-15 07:00:00+03:00,6.162,6.204
2024-06-15 09:00:00+03:00,6.205,6.219
2024-06-15 11:00:00+03:00,6.219,6.189
2024-06-15 13:00:00+03:00,6.19,6.2
2024-06-15 15:00:00+03:00,6.2,6.226
2024-06-15 17:00:00+03:00,6.226,6.223
2024-06-15 19:00:00+03:00,6.223,6.218
2024-06-15 21:00:00+03:00,6.218,6.192
2024-06-15 23:00:00+03:00,6.193,6.203
2024-06-16 01:00:00+03:00,6.202,6.219
2024-06-16 03:00:00+03:00,6.22,6.213
2024-06-16 05:00:00+03:00,6.214,6.18
2024-06-16 07:00:00+03:00,6.179,6.222
2024-06-16 09:00:00+03:00,6.221,6.207
2024-06-16 11:00:00+03:00,6.208,6.181
2024-06-16 13:00:00+03:00,6.181,6.213
2024-06-16 15:00:00+03:00,6.213,6.238
2024-06-16 17:00:00+03:00,6.237,6.34
2024-06-16 19:00:00+03:00,6.34,6.343
2024-06-16 21:00:00+03:00,6.342,6.363
2024-06-16 23:00:00+03:00,6.363,6.375
2024-06-17 01:00:00+03:00,6.375,6.393
2024-06-17 03:00:00+03:00,6.393,6.347
2024-06-17 05:00:00+03:00,6.348,6.305
2024-06-17 07:00:00+03:00,6.305,6.299
2024-06-17 09:00:00+03:00,6.3,6.27
2024-06-17 11:00:00+03:00,6.27,6.188
2024-06-17 13:00:00+03:00,6.187,6.2
2024-06-17 15:00:00+03:00,6.2,6.138
2024-06-17 17:00:00+03:00,6.139,6.102
2024-06-17 19:00:00+03:00,6.102,6.184
2024-06-17 21:00:00+03:00,6.185,6.244
2024-06-17 23:00:00+03:00,6.243,6.129
2024-06-18 01:00:00+03:00,6.129,6.065
2024-06-18 03:00:00+03:00,6.065,5.639
2024-06-18 05:00:00+03:00,5.638,5.759
2024-06-18 07:00:00+03:00,5.759,5.767
2024-06-18 09:00:00+03:00,5.767,5.856
2024-06-18 11:00:00+03:00,5.855,5.86
2024-06-18 13:00:00+03:00,5.86,5.861
2024-06-18 15:00:00+03:00,5.862,5.726
2024-06-18 17:00:00+03:00,5.725,5.796
2024-06-18 19:00:00+03:00,5.797,5.674
2024-06-18 21:00:00+03:00,5.674,5.679
2024-06-18 23:00:00+03:00,5.679,5.771
2024-06-19 01:00:00+03:00,5.771,5.767
2024-06-19 03:00:00+03:00,5.768,5.808
2024-06-19 05:00:00+03:00,5.809,5.853
2024-06-19 07:00:00+03:00,5.854,5.89
2024-06-19 09:00:00+03:00,5.89,5.96
2024-06-19 11:00:00+03:00,5.959,5.96
2024-06-19 13:00:00+03:00,5.959,5.898
2024-06-19 15:00:00+03:00,5.897,5.862
2024-06-19 17:00:00+03:00,5.862,5.806
2024-06-19 19:00:00+03:00,5.806,5.846
2024-06-19 21:00:00+03:00,5.846,5.826
2024-06-19 23:00:00+03:00,5.827,5.857
2024-06-20 01:00:00+03:00,5.857,5.793
2024-06-20 03:00:00+03:00,5.793,5.838
2024-06-20 05:00:00+03:00,5.837,5.813
2024-06-20 07:00:00+03:00,5.813,5.891
2024-06-20 09:00:00+03:00,5.891,5.934
2024-06-20 11:00:00+03:00,5.934,5.883
2024-06-20 13:00:00+03:00,5.883,5.888
2024-06-20 15:00:00+03:00,5.888,5.733
2024-06-20 17:00:00+03:00,5.733,5.647
2024-06-20 19:00:00+03:00,5.647,5.689
2024-06-20 21:00:00+03:00,5.689,5.721
2024-06-20 23:00:00+03:00,5.721,5.666
2024-06-21 01:00:00+03:00,5.667,5.639
2024-06-21 03:00:00+03:00,5.638,5.686
2024-06-21 05:00:00+03:00,5.686,5.691
2024-06-21 07:00:00+03:00,5.69,5.712
2024-06-21 09:00:00+03:00,5.712,5.656
2024-06-21 11:00:00+03:00,5.656,5.675
2024-06-21 13:00:00+03:00,5.676,5.694
2024-06-21 15:00:00+03:00,5.694,5.608
2024-06-21 17:00:00+03:00,5.608,5.649
2024-06-21 19:00:00+03:00,5.649,5.579
2024-06-21 21:00:00+03:00,5.578,5.616
2024-06-21 23:00:00+03:00,5.615,5.608
2024-06-22 01:00:00+03:00,5.608,5.608
2024-06-22 03:00:00+03:00,5.608,5.575
2024-06-22 05:00:00+03:00,5.575,5.57
2024-06-22 07:00:00+03:00,5.571,5.59
2024-06-22 09:00:00+03:00,5.589,5.65
2024-06-22 11:00:00+03:00,5.651,5.701
2024-06-22 13:00:00+03:00,5.7,5.721
2024-06-22 15:00:00+03:00,5.721,5.77
2024-06-22 17:00:00+03:00,5.77,5.747
2024-06-22 19:00:00+03:00,5.747,5.744
2024-06-22 21:00:00+03:00,5.743,5.757
2024-06-22 23:00:00+03:00,5.756,5.75
2024-06-23 01:00:00+03:00,5.75,5.748
2024-06-23 03:00:00+03:00,5.749,5.767
2024-06-23 05:00:00+03:00,5.767,5.768
2024-06-23 07:00:00+03:00,5.768,5.755
2024-06-23 09:00:00+03:00,5.755,5.754
2024-06-23 11:00:00+03:00,5.754,5.796
2024-06-23 13:00:00+03:00,5.796,5.779
2024-06-23 15:00:00+03:00,5.78,5.756
2024-06-23 17:00:00+03:00,5.755,5.703
2024-06-23 19:00:00+03:00,5.702,5.669
2024-06-23 21:00:00+03:00,5.668,5.689
2024-06-23 23:00:00+03:00,5.689,5.681
2024-06-24 01:00:00+03:00,5.681,5.649
2024-06-24 03:00:00+03:00,5.648,5.667
2024-06-24 05:00:00+03:00,5.667,5.685
2024-06-24 07:00:00+03:00,5.684,5.564
2024-06-24 09:00:00+03:00,5.564,5.603
2024-06-24 11:00:00+03:00,5.603,5.564
2024-06-24 13:00:00+03:00,5.564,5.582
2024-06-24 15:00:00+03:00,5.581,5.684
2024-06-24 17:00:00+03:00,5.684,5.54
2024-06-24 19:00:00+03:00,5.54,5.621
2024-06-24 21:00:00+03:00,5.623,5.583
2024-06-24 23:00:00+03:00,5.583,5.669
2024-06-25 01:00:00+03:00,5.669,5.725
2024-06-25 03:00:00+03:00,5.725,5.743
2024-06-25 05:00:00+03:00,5.743,5.799
2024-06-25 07:00:00+03:00,5.798,5.779
2024-06-25 09:00:00+03:00,5.779,5.805
2024-06-25 11:00:00+03:00,5.805,5.823
2024-06-25 13:00:00+03:00,5.823,5.86
2024-06-25 15:00:00+03:00,5.861,5.887
2024-06-25 17:00:00+03:00,5.888,5.938
2024-06-25 19:00:00+03:00,5.938,5.881
2024-06-25 21:00:00+03:00,5.88,5.902
2024-06-25 23:00:00+03:00,5.902,5.881
2024-06-26 01:00:00+03:00,5.881,5.839
2024-06-26 03:00:00+03:00,5.839,5.846
2024-06-26 05:00:00+03:00,5.847,5.82
2024-06-26 07:00:00+03:00,5.82,5.793
2024-06-26 09:00:00+03:00,5.794,5.877
2024-06-26 11:00:00+03:00,5.877,5.864
2024-06-26 13:00:00+03:00,5.864,5.875
2024-06-26 15:00:00+03:00,5.876,5.931
2024-06-26 17:00:00+03:00,5.931,5.854
2024-06-26 19:00:00+03:00,5.854,5.825
2024-06-26 21:00:00+03:00,5.825,5.872
2024-06-26 23:00:00+03:00,5.872,5.821
2024-06-27 01:00:00+03:00,5.821,5.797
2024-06-27 03:00:00+03:00,5.796,5.758
2024-06-27 05:00:00+03:00,5.758,5.754
2024-06-27 07:00:00+03:00,5.754,5.705
2024-06-27 09:00:00+03:00,5.705,5.799
2024-06-27 11:00:00+03:00,5.799,5.884
2024-06-27 13:00:00+03:00,5.883,5.934
2024-06-27 15:00:00+03:00,5.935,6.175
2024-06-27 17:00:00+03:00,6.176,6.288
2024-06-27 19:00:00+03:00,6.287,6.335
2024-06-27 21:00:00+03:00,6.335,6.34
2024-06-27 23:00:00+03:00,6.341,6.322
2024-06-28 01:00:00+03:00,6.321,6.285
2024-06-28 03:00:00+03:00,6.286,6.293
2024-06-28 05:00:00+03:00,6.293,6.251
2024-06-28 07:00:00+03:00,6.251,6.251
2024-06-28 09:00:00+03:00,6.251,6.283
2024-06-28 11:00:00+03:00,6.283,6.326
2024-06-28 13:00:00+03:00,6.326,6.368
2024-06-28 15:00:00+03:00,6.367,6.374
2024-06-28 17:00:00+03:00,6.373,6.304
2024-06-28 19:00:00+03:00,6.304,6.27
2024-06-28 21:00:00+03:00,6.271,6.263
2024-06-28 23:00:00+03:00,6.262,6.191
2024-06-29 01:00:00+03:00,6.191,6.189
2024-06-29 03:00:00+03:00,6.189,6.247
2024-06-29 05:00:00+03:00,6.248,6.255
2024-06-29 07:00:00+03:00,6.255,6.212
2024-06-29 09:00:00+03:00,6.211,6.214
2024-06-29 11:00:00+03:00,6.214,6.174
2024-06-29 13:00:00+03:00,6.173,6.132
2024-06-29 15:00:00+03:00,6.133,6.121
2024-06-29 17:00:00+03:00,6.121,6.109
2024-06-29 19:00:00+03:00,6.109,6.083
2024-06-29 21:00:00+03:00,6.084,6.12
2024-06-29 23:00:00+03:00,6.12,6.092
2024-06-30 01:00:00+03:00,6.093,6.08
2024-06-30 03:00:00+03:00,6.079,6.073
2024-06-30 05:00:00+03:00,6.073,6.085
2024-06-30 07:00:00+03:00,6.085,6.086
2024-06-30 09:00:00+03:00,6.087,6.151
2024-06-30 11:00:00+03:00,6.15,6.126
2024-06-30 13:00:00+03:00,6.125,6.107
2024-06-30 15:00:00+03:00,6.108,6.124
2024-06-30 17:00:00+03:00,6.124,6.134
2024-06-30 19:00:00+03:00,6.133,6.138
2024-06-30 21:00:00+03:00,6.138,6.195
2024-06-30 23:00:00+03:00,6.194,6.163
2024-07-01 01:00:00+03:00,6.162,6.212
2024-07-01 03:00:00+03:00,6.213,6.291
2024-07-01 05:00:00+03:00,6.291,6.27
2024-07-01 07:00:00+03:00,6.27,6.304
2024-07-01 09:00:00+03:00,6.304,6.3
2024-07-01 11:00:00+03:00,6.3,6.374
2024-07-01 13:00:00+03:00,6.374,6.361
2024-07-01 15:00:00+03:00,6.36,6.315
2024-07-01 17:00:00+03:00,6.316,6.359
2024-07-01 19:00:00+03:00,6.359,6.383
2024-07-01 21:00:00+03:00,6.382,6.377
2024-07-01 23:00:00+03:00,6.378,6.408
2024-07-02 01:00:00+03:00,6.407,6.327
2024-07-02 03:00:00+03:00,6.327,6.379
2024-07-02 05:00:00+03:00,6.379,6.449
2024-07-02 07:00:00+03:00,6.448,6.488
2024-07-02 09:00:00+03:00,6.488,6.374
2024-07-02 11:00:00+03:00,6.374,6.347
2024-07-02 13:00:00+03:00,6.346,6.399
2024-07-02 15:00:00+03:00,6.4,6.406
2024-07-02 17:00:00+03:00,6.406,6.376
2024-07-02 19:00:00+03:00,6.375,6.367
2024-07-02 21:00:00+03:00,6.367,6.505
2024-07-02 23:00:00+03:00,6.506,6.558
2024-07-03 01:00:00+03:00,6.558,6.528
2024-07-03 03:00:00+03:00,6.528,6.406
2024-07-03 05:00:00+03:00,6.405,6.328
2024-07-03 07:00:00+03:00,6.329,6.34
2024-07-03 09:00:00+03:00,6.339,6.3
2024-07-03 11:00:00+03:00,6.299,6.244
2024-07-03 13:00:00+03:00,6.244,6.128
2024-07-03 15:00:00+03:00,6.129,6.193
2024-07-03 17:00:00+03:00,6.193,6.212
2024-07-03 19:00:00+03:00,6.212,6.105
2024-07-03 21:00:00+03:00,6.104,6.063
2024-07-03 23:00:00+03:00,6.062,6.089
2024-07-04 01:00:00+03:00,6.09,6.075
2024-07-04 03:00:00+03:00,6.076,5.844
2024-07-04 05:00:00+03:00,5.843,5.905
2024-07-04 07:00:00+03:00,5.906,5.929
2024-07-04 09:00:00+03:00,5.928,5.838
2024-07-04 11:00:00+03:00,5.837,5.86
2024-07-04 13:00:00+03:00,5.861,5.81
2024-07-04 15:00:00+03:00,5.81,5.73
2024-07-04 17:00:00+03:00,5.729,5.835
2024-07-04 19:00:00+03:00,5.836,5.808
2024-07-04 21:00:00+03:00,5.808,5.736
2024-07-04 23:00:00+03:00,5.736,5.755
2024-07-05 01:00:00+03:00,5.755,5.555
2024-07-05 03:00:00+03:00,5.556,5.422
2024-07-05 05:00:00+03:00,5.421,5.045
2024-07-05 07:00:00+03:00,5.045,5.297
2024-07-05 09:00:00+03:00,5.297,5.382
2024-07-05 11:00:00+03:00,5.381,5.341
2024-07-05 13:00:00+03:00,5.34,5.601
2024-07-05 15:00:00+03:00,5.601,5.661
2024-07-05 17:00:00+03:00,5.661,5.86
2024-07-05 19:00:00+03:00,5.861,5.822
2024-07-05 21:00:00+03:00,5.822,5.791
2024-07-05 23:00:00+03:00,5.791,5.716
2024-07-06 01:00:00+03:00,5.715,5.683
2024-07-06 03:00:00+03:00,5.683,5.667
2024-07-06 05:00:00+03:00,5.667,5.678
2024-07-06 07:00:00+03:00,5.678,5.734
2024-07-06 09:00:00+03:00,5.733,5.827
2024-07-06 11:00:00+03:00,5.827,5.87
2024-07-06 13:00:00+03:00,5.87,5.988
2024-07-06 15:00:00+03:00,5.989,5.948
2024-07-06 17:00:00+03:00,5.949,6.006
2024-07-06 19:00:00+03:00,6.006,6.233
2024-07-06 21:00:00+03:00,6.233,6.262
2024-07-06 23:00:00+03:00,6.261,6.2
2024-07-07 01:00:00+03:00,6.2,6.237
2024-07-07 03:00:00+03:00,6.238,6.235
2024-07-07 05:00:00+03:00,6.235,6.244
2024-07-07 07:00:00+03:00,6.245,6.278
2024-07-07 09:00:00+03:00,6.278,6.207
2024-07-07 11:00:00+03:00,6.208,6.237
2024-07-07 13:00:00+03:00,6.237,6.212
2024-07-07 15:00:00+03:00,6.212,6.065
2024-07-07 17:00:00+03:00,6.066,6.025
2024-07-07 19:00:00+03:00,6.025,6.117
2024-07-07 21:00:00+03:00,6.117,6.1
2024-07-07 23:00:00+03:00,6.1,5.993
2024-07-08 01:00:00+03:00,5.994,5.907
2024-07-08 03:00:00+03:00,5.907,5.806
2024-07-08 05:00:00+03:00,5.806,5.915
2024-07-08 07:00:00+03:00,5.915,5.958
2024-07-08 09:00:00+03:00,5.959,5.933
2024-07-08 11:00:00+03:00,5.933,6.162
2024-07-08 13:00:00+03:00,6.162,6.158
2024-07-08 15:00:00+03:00,6.158,6.084
2024-07-08 17:00:00+03:00,6.084,5.977
2024-07-08 19:00:00+03:00,5.976,5.976
2024-07-08 21:00:00+03:00,5.976,5.957
2024-07-08 23:00:00+03:00,5.958,5.924
2024-07-09 01:00:00+03:00,5.925,5.94
2024-07-09 03:00:00+03:00,5.94,5.875
2024-07-09 05:00:00+03:00,5.875,5.931
2024-07-09 07:00:00+03:00,5.931,6.033
2024-07-09 09:00:00+03:00,6.032,6.082
2024-07-09 11:00:00+03:00,6.083,6.114
2024-07-09 13:00:00+03:00,6.113,6.108
2024-07-09 15:00:00+03:00,6.107,6.068
2024-07-09 17:00:00+03:00,6.069,6.147
2024-07-09 19:00:00+03:00,6.147,6.047
2024-07-09 21:00:00+03:00,6.046,6.073
2024-07-09 23:00:00+03:00,6.074,6.098
2024-07-10 01:00:00+03:00,6.098,6.116
2024-07-10 03:00:00+03:00,6.116,6.13
2024-07-10 05:00:00+03:00,6.129,6.167
2024-07-10 07:00:00+03:00,6.168,6.213
2024-07-10 09:00:00+03:00,6.214,6.154
2024-07-10 11:00:00+03:00,6.154,6.165
2024-07-10 13:00:00+03:00,6.165,6.108
2024-07-10 15:00:00+03:00,6.109,6.084
2024-07-10 17:00:00+03:00,6.085,6.124
2024-07-10 19:00:00+03:00,6.125,6.124
2024-07-10 21:00:00+03:00,6.123,6.101
2024-07-10 23:00:00+03:00,6.101,6.06
2024-07-11 01:00:00+03:00,6.061,6.092
2024-07-11 03:00:00+03:00,6.092,6.132
2024-07-11 05:00:00+03:00,6.133,6.062
2024-07-11 07:00:00+03:00,6.061,6.098
2024-07-11 09:00:00+03:00,6.099,6.13
2024-07-11 11:00:00+03:00,6.131,6.121
2024-07-11 13:00:00+03:00,6.121,6.152
2024-07-11 15:00:00+03:00,6.152,6.19
2024-07-11 17:00:00+03:00,6.19,6.003
2024-07-11 19:00:00+03:00,6.003,6.001
2024-07-11 21:00:00+03:00,6.002,5.94
2024-07-11 23:00:00+03:00,5.94,5.923
2024-07-12 01:00:00+03:00,5.922,5.9
2024-07-12 03:00:00+03:00,5.9,5.907
2024-07-12 05:00:00+03:00,5.906,5.89
2024-07-12 07:00:00+03:00,5.89,5.869
2024-07-12 09:00:00+03:00,5.869,5.862
2024-07-12 11:00:00+03:00,5.862,5.834
2024-07-12 13:00:00+03:00,5.834,5.826
2024-07-12 15:00:00+03:00,5.825,5.958
2024-07-12 17:00:00+03:00,5.959,5.998
2024-07-12 19:00:00+03:00,5.998,6.043
2024-07-12 21:00:00+03:00,6.043,5.998
2024-07-12 23:00:00+03:00,5.998,6.033
2024-07-13 01:00:00+03:00,6.033,6.1
2024-07-13 03:00:00+03:00,6.1,6.094
2024-07-13 05:00:00+03:00,6.093,6.126
2024-07-13 07:00:00+03:00,6.127,6.228
2024-07-13 09:00:00+03:00,6.228,6.261
2024-07-13 11:00:00+03:00,6.261,6.24
2024-07-13 13:00:00+03:00,6.241,6.221
2024-07-13 15:00:00+03:00,6.222,6.188
2024-07-13 17:00:00+03:00,6.188,6.267
2024-07-13 19:00:00+03:00,6.268,6.259
2024-07-13 21:00:00+03:00,6.259,6.297
2024-07-13 23:00:00+03:00,6.297,6.226
2024-07-14 01:00:00+03:00,6.226,6.231
2024-07-14 03:00:00+03:00,6.232,6.24
2024-07-14 05:00:00+03:00,6.241,6.184
2024-07-14 07:00:00+03:00,6.185,6.215
2024-07-14 09:00:00+03:00,6.214,6.223
2024-07-14 11:00:00+03:00,6.224,6.288
2024-07-14 13:00:00+03:00,6.289,6.238
2024-07-14 15:00:00+03:00,6.238,6.205
2024-07-14 17:00:00+03:00,6.206,6.287
2024-07-14 19:00:00+03:00,6.287,6.253
2024-07-14 21:00:00+03:00,6.252,6.229
2024-07-14 23:00:00+03:00,6.229,6.342
2024-07-15 01:00:00+03:00,6.341,6.316
2024-07-15 03:00:00+03:00,6.316,6.355
2024-07-15 05:00:00+03:00,6.355,6.512
2024-07-15 07:00:00+03:00,6.512,6.467
2024-07-15 09:00:00+03:00,6.468,6.498
2024-07-15 11:00:00+03:00,6.498,6.36
2024-07-15 13:00:00+03:00,6.36,6.316
2024-07-15 15:00:00+03:00,6.317,6.33
2024-07-15 17:00:00+03:00,6.331,6.316
2024-07-15 19:00:00+03:00,6.316,6.344
2024-07-15 21:00:00+03:00,6.344,6.387
2024-07-15 23:00:00+03:00,6.387,6.417
2024-07-16 01:00:00+03:00,6.418,6.483
2024-07-16 03:00:00+03:00,6.483,6.488
2024-07-16 05:00:00+03:00,6.488,6.476
2024-07-16 07:00:00+03:00,6.476,6.317
2024-07-16 09:00:00+03:00,6.317,6.208
2024-07-16 11:00:00+03:00,6.208,6.236
2024-07-16 13:00:00+03:00,6.237,6.271
2024-07-16 15:00:00+03:00,6.272,6.264
2024-07-16 17:00:00+03:00,6.263,6.457
2024-07-16 19:00:00+03:00,6.456,6.42
2024-07-16 21:00:00+03:00,6.42,6.378
2024-07-16 23:00:00+03:00,6.379,6.337
2024-07-17 01:00:00+03:00,6.338,6.334
2024-07-17 03:00:00+03:00,6.333,6.434
2024-07-17 05:00:00+03:00,6.434,6.414
2024-07-17 07:00:00+03:00,6.415,6.447
2024-07-17 09:00:00+03:00,6.447,6.467
2024-07-17 11:00:00+03:00,6.467,6.475
2024-07-17 13:00:00+03:00,6.476,6.433
2024-07-17 15:00:00+03:00,6.434,6.514
2024-07-17 17:00:00+03:00,6.515,6.378
2024-07-17 19:00:00+03:00,6.378,6.322
2024-07-17 21:00:00+03:00,6.323,6.367
2024-07-17 23:00:00+03:00,6.366,6.296
2024-07-18 01:00:00+03:00,6.296,6.25
2024-07-18 03:00:00+03:00,6.25,6.383
2024-07-18 05:00:00+03:00,6.384,6.363
2024-07-18 07:00:00+03:00,6.364,6.336
2024-07-18 09:00:00+03:00,6.336,6.271
2024-07-18 11:00:00+03:00,6.272,6.19
2024-07-18 13:00:00+03:00,6.19,6.189
2024-07-18 15:00:00+03:00,6.188,6.217
2024-07-18 17:00:00+03:00,6.217,6.08
2024-07-18 19:00:00+03:00,6.08,6.08
2024-07-18 21:00:00+03:00,6.079,6.085
2024-07-18 23:00:00+03:00,6.085,6.088
2024-07-19 01:00:00+03:00,6.089,6.088
2024-07-19 03:00:00+03:00,6.089,6.06
2024-07-19 05:00:00+03:00,6.061,6.13
2024-07-19 07:00:00+03:00,6.13,6.088
2024-07-19 09:00:00+03:00,6.088,6.087
2024-07-19 11:00:00+03:00,6.086,6.066
2024-07-19 13:00:00+03:00,6.065,6.117
2024-07-19 15:00:00+03:00,6.118,6.195
2024-07-19 17:00:00+03:00,6.196,6.238
2024-07-19 19:00:00+03:00,6.239,6.283
2024-07-19 21:00:00+03:00,6.283,6.319
2024-07-19 23:00:00+03:00,6.319,6.309
2024-07-20 01:00:00+03:00,6.31,6.336
2024-07-20 03:00:00+03:00,6.335,6.322
2024-07-20 05:00:00+03:00,6.323,6.326
2024-07-20 07:00:00+03:00,6.326,6.318
2024-07-20 09:00:00+03:00,6.319,6.316
2024-07-20 11:00:00+03:00,6.317,6.302
2024-07-20 13:00:00+03:00,6.302,6.258
2024-07-20 15:00:00+03:00,6.258,6.263
2024-07-20 17:00:00+03:00,6.264,6.325
2024-07-20 19:00:00+03:00,6.324,6.377
2024-07-20 21:00:00+03:00,6.378,6.325
2024-07-20 23:00:00+03:00,6.324,6.326
2024-07-21 01:00:00+03:00,6.325,6.329
2024-07-21 03:00:00+03:00,6.329,6.362
2024-07-21 05:00:00+03:00,6.362,6.337
2024-07-21 07:00:00+03:00,6.338,6.308
2024-07-21 09:00:00+03:00,6.308,6.252
2024-07-21 11:00:00+03:00,6.253,6.285
2024-07-21 13:00:00+03:00,6.285,6.265
2024-07-21 15:00:00+03:00,6.265,6.238
2024-07-21 17:00:00+03:00,6.239,6.284
2024-07-21 19:00:00+03:00,6.283,6.24
2024-07-21 21:00:00+03:00,6.24,6.264
2024-07-21 23:00:00+03:00,6.262,6.419
2024-07-22 01:00:00+03:00,6.419,6.427
2024-07-22 03:00:00+03:00,6.428,6.401
2024-07-22 05:00:00+03:00,6.401,6.369
2024-07-22 07:00:00+03:00,6.369,6.292
2024-07-22 09:00:00+03:00,6.291,6.247
2024-07-22 11:00:00+03:00,6.247,6.256
2024-07-22 13:00:00+03:00,6.257,6.311
2024-07-22 15:00:00+03:00,6.31,6.243
2024-07-22 17:00:00+03:00,6.244,6.219
2024-07-22 19:00:00+03:00,6.219,6.191
2024-07-22 21:00:00+03:00,6.191,6.227
2024-07-22 23:00:00+03:00,6.228,6.171
2024-07-23 01:00:00+03:00,6.171,6.092
2024-07-23 03:00:00+03:00,6.092,6.135
2024-07-23 05:00:00+03:00,6.136,6.116
2024-07-23 07:00:00+03:00,6.116,6.007
2024-07-23 09:00:00+03:00,6.007,5.998
2024-07-23 11:00:00+03:00,5.998,6.097
2024-07-23 13:00:00+03:00,6.097,6.049
2024-07-23 15:00:00+03:00,6.049,5.959
2024-07-23 17:00:00+03:00,5.961,5.942
2024-07-23 19:00:00+03:00,5.942,5.888
2024-07-23 21:00:00+03:00,5.887,5.931
2024-07-23 23:00:00+03:00,5.931,5.907
2024-07-24 01:00:00+03:00,5.906,5.913
2024-07-24 03:00:00+03:00,5.912,5.891
2024-07-24 05:00:00+03:00,5.892,5.94
2024-07-24 07:00:00+03:00,5.94,5.917
2024-07-24 09:00:00+03:00,5.917,5.958
2024-07-24 11:00:00+03:00,5.957,5.971
2024-07-24 13:00:00+03:00,5.972,5.984
2024-07-24 15:00:00+03:00,5.983,5.949
2024-07-24 17:00:00+03:00,5.949,5.893
2024-07-24 19:00:00+03:00,5.893,5.908
2024-07-24 21:00:00+03:00,5.908,5.828
2024-07-24 23:00:00+03:00,5.828,5.742
2024-07-25 01:00:00+03:00,5.743,5.742
2024-07-25 03:00:00+03:00,5.742,5.656
2024-07-25 05:00:00+03:00,5.656,5.632
2024-07-25 07:00:00+03:00,5.633,5.663
2024-07-25 09:00:00+03:00,5.662,5.696
2024-07-25 11:00:00+03:00,5.695,5.75
2024-07-25 13:00:00+03:00,5.75,5.711
2024-07-25 15:00:00+03:00,5.711,5.698
2024-07-25 17:00:00+03:00,5.698,5.672
2024-07-25 19:00:00+03:00,5.673,5.75
2024-07-25 21:00:00+03:00,5.751,5.64
2024-07-25 23:00:00+03:00,5.64,5.716
2024-07-26 01:00:00+03:00,5.716,5.751
2024-07-26 03:00:00+03:00,5.752,5.737
2024-07-26 05:00:00+03:00,5.736,5.793
2024-07-26 07:00:00+03:00,5.793,5.821
2024-07-26 09:00:00+03:00,5.82,5.858
2024-07-26 11:00:00+03:00,5.859,5.878
2024-07-26 13:00:00+03:00,5.878,5.821
2024-07-26 15:00:00+03:00,5.821,5.846
2024-07-26 17:00:00+03:00,5.847,5.813
2024-07-26 19:00:00+03:00,5.814,5.841
2024-07-26 21:00:00+03:00,5.841,5.85
2024-07-26 23:00:00+03:00,5.851,5.841
2024-07-27 01:00:00+03:00,5.841,5.862
2024-07-27 03:00:00+03:00,5.863,5.813
2024-07-27 05:00:00+03:00,5.813,5.824
2024-07-27 07:00:00+03:00,5.824,5.846
2024-07-27 09:00:00+03:00,5.845,5.875
2024-07-27 11:00:00+03:00,5.874,5.86
2024-07-27 13:00:00+03:00,5.859,5.872
2024-07-27 15:00:00+03:00,5.872,5.924
2024-07-27 17:00:00+03:00,5.924,5.831
2024-07-27 19:00:00+03:00,5.83,5.81
2024-07-27 21:00:00+03:00,5.811,5.834
2024-07-27 23:00:00+03:00,5.834,5.876
2024-07-28 01:00:00+03:00,5.876,5.821
2024-07-28 03:00:00+03:00,5.821,5.816
2024-07-28 05:00:00+03:00,5.816,5.786
2024-07-28 07:00:00+03:00,5.786,5.729
2024-07-28 09:00:00+03:00,5.728,5.747
2024-07-28 11:00:00+03:00,5.748,5.745
2024-07-28 13:00:00+03:00,5.745,5.736
2024-07-28 15:00:00+03:00,5.736,5.741
2024-07-28 17:00:00+03:00,5.742,5.705
2024-07-28 19:00:00+03:00,5.705,5.703
2024-07-28 21:00:00+03:00,5.703,5.745
2024-07-28 23:00:00+03:00,5.745,5.703
2024-07-29 01:00:00+03:00,5.703,5.716
2024-07-29 03:00:00+03:00,5.716,5.74
2024-07-29 05:00:00+03:00,5.741,5.821
2024-07-29 07:00:00+03:00,5.822,5.84
2024-07-29 09:00:00+03:00,5.84,5.856
2024-07-29 11:00:00+03:00,5.856,5.861
2024-07-29 13:00:00+03:00,5.861,5.813
2024-07-29 15:00:00+03:00,5.814,5.813
2024-07-29 17:00:00+03:00,5.813,5.716
2024-07-29 19:00:00+03:00,5.716,5.705
2024-07-29 21:00:00+03:00,5.706,5.699
2024-07-29 23:00:00+03:00,5.699,5.677
2024-07-30 01:00:00+03:00,5.677,5.647
2024-07-30 03:00:00+03:00,5.647,5.655
2024-07-30 05:00:00+03:00,5.655,5.687
2024-07-30 07:00:00+03:00,5.687,5.674
2024-07-30 09:00:00+03:00,5.674,5.698
2024-07-30 11:00:00+03:00,5.698,5.679
2024-07-30 13:00:00+03:00,5.678,5.685
2024-07-30 15:00:00+03:00,5.685,5.653
2024-07-30 17:00:00+03:00,5.653,5.643
2024-07-30 19:00:00+03:00,5.643,5.58
2024-07-30 21:00:00+03:00,5.58,5.559
2024-07-30 23:00:00+03:00,5.559,5.521
2024-07-31 01:00:00+03:00,5.521,5.516
2024-07-31 03:00:00+03:00,5.517,5.517
2024-07-31 05:00:00+03:00,5.517,5.511
2024-07-31 07:00:00+03:00,5.512,5.505
2024-07-31 09:00:00+03:00,5.506,5.521
2024-07-31 11:00:00+03:00,5.522,5.531
2024-07-31 13:00:00+03:00,5.531,5.54
2024-07-31 15:00:00+03:00,5.54,5.538
2024-07-31 17:00:00+03:00,5.537,5.457
2024-07-31 19:00:00+03:00,5.457,5.49
2024-07-31 21:00:00+03:00,5.49,5.438
2024-07-31 23:00:00+03:00,5.437,5.403
2024-08-01 01:00:00+03:00,5.403,5.386
2024-08-01 03:00:00+03:00,5.385,5.398
2024-08-01 05:00:00+03:00,5.398,5.361
2024-08-01 07:00:00+03:00,5.36,5.352
2024-08-01 09:00:00+03:00,5.352,5.356
2024-08-01 11:00:00+03:00,5.357,5.341
2024-08-01 13:00:00+03:00,5.342,5.366
2024-08-01 15:00:00+03:00,5.367,5.338
2024-08-01 17:00:00+03:00,5.338,5.158
2024-08-01 19:00:00+03:00,5.159,5.141
2024-08-01 21:00:00+03:00,5.14,5.197
2024-08-01 23:00:00+03:00,5.196,5.275
2024-08-02 01:00:00+03:00,5.276,5.338
2024-08-02 03:00:00+03:00,5.338,5.289
2024-08-02 05:00:00+03:00,5.29,5.278
2024-08-02 07:00:00+03:00,5.277,5.207
2024-08-02 09:00:00+03:00,5.208,5.237
2024-08-02 11:00:00+03:00,5.238,5.259
2024-08-02 13:00:00+03:00,5.26,5.233
2024-08-02 15:00:00+03:00,5.233,5.253
2024-08-02 17:00:00+03:00,5.253,5.123
2024-08-02 19:00:00+03:00,5.122,5.1
2024-08-02 21:00:00+03:00,5.099,5.107
2024-08-02 23:00:00+03:00,5.107,5.116
2024-08-03 01:00:00+03:00,5.115,5.12
2024-08-03 03:00:00+03:00,5.12,5.097
2024-08-03 05:00:00+03:00,5.098,5.134
2024-08-03 07:00:00+03:00,5.134,5.173
2024-08-03 09:00:00+03:00,5.174,5.178
2024-08-03 11:00:00+03:00,5.177,5.161
2024-08-03 13:00:00+03:00,5.16,5.158
2024-08-03 15:00:00+03:00,5.159,5.177
2024-08-03 17:00:00+03:00,5.177,5.053
2024-08-03 19:00:00+03:00,5.053,4.89
2024-08-03 21:00:00+03:00,4.89,4.883
2024-08-03 23:00:00+03:00,4.884,5.034
2024-08-04 01:00:00+03:00,5.034,5.041
2024-08-04 03:00:00+03:00,5.041,5.05
2024-08-04 05:00:00+03:00,5.051,5.066
2024-08-04 07:00:00+03:00,5.066,5.043
2024-08-04 09:00:00+03:00,5.043,4.952
2024-08-04 11:00:00+03:00,4.953,4.969
2024-08-04 13:00:00+03:00,4.969,4.901
2024-08-04 15:00:00+03:00,4.9,4.886
2024-08-04 17:00:00+03:00,4.885,4.719
2024-08-04 19:00:00+03:00,4.719,4.612
2024-08-04 21:00:00+03:00,4.612,4.765
2024-08-04 23:00:00+03:00,4.764,4.75
2024-08-05 01:00:00+03:00,4.751,4.687
2024-08-05 03:00:00+03:00,4.688,4.121
2024-08-05 05:00:00+03:00,4.121,4.008
2024-08-05 07:00:00+03:00,4.009,3.917
2024-08-05 09:00:00+03:00,3.918,4.015
2024-08-05 11:00:00+03:00,4.014,3.964
2024-08-05 13:00:00+03:00,3.964,3.886
2024-08-05 15:00:00+03:00,3.886,4.057
2024-08-05 17:00:00+03:00,4.057,4.233
2024-08-05 19:00:00+03:00,4.232,4.227
2024-08-05 21:00:00+03:00,4.227,4.12
2024-08-05 23:00:00+03:00,4.12,4.184
2024-08-06 01:00:00+03:00,4.184,4.195
2024-08-06 03:00:00+03:00,4.196,4.358
2024-08-06 05:00:00+03:00,4.357,4.338
2024-08-06 07:00:00+03:00,4.338,4.421
2024-08-06 09:00:00+03:00,4.421,4.43
2024-08-06 11:00:00+03:00,4.43,4.357
2024-08-06 13:00:00+03:00,4.357,4.34
2024-08-06 15:00:00+03:00,4.341,4.319
2024-08-06 17:00:00+03:00,4.319,4.484
2024-08-06 19:00:00+03:00,4.485,4.53
2024-08-06 21:00:00+03:00,4.529,4.546
2024-08-06 23:00:00+03:00,4.545,4.541
2024-08-07 01:00:00+03:00,4.54,4.505
2024-08-07 03:00:00+03:00,4.504,4.578
2024-08-07 05:00:00+03:00,4.578,4.541
2024-08-07 07:00:00+03:00,4.541,4.562
2024-08-07 09:00:00+03:00,4.562,4.567
2024-08-07 11:00:00+03:00,4.567,4.594
2024-08-07 13:00:00+03:00,4.593,4.538
2024-08-07 15:00:00+03:00,4.538,4.561
2024-08-07 17:00:00+03:00,4.56,4.507
2024-08-07 19:00:00+03:00,4.507,4.556
2024-08-07 21:00:00+03:00,4.555,4.575
2024-08-07 23:00:00+03:00,4.576,4.561
2024-08-08 01:00:00+03:00,4.561,4.575
2024-08-08 03:00:00+03:00,4.574,4.688
2024-08-08 05:00:00+03:00,4.688,4.73
2024-08-08 07:00:00+03:00,4.731,4.737
2024-08-08 09:00:00+03:00,4.738,4.715
2024-08-08 11:00:00+03:00,4.716,4.681
2024-08-08 13:00:00+03:00,4.681,4.612
2024-08-08 15:00:00+03:00,4.612,4.669
2024-08-08 17:00:00+03:00,4.669,4.747
2024-08-08 19:00:00+03:00,4.747,4.721
2024-08-08 21:00:00+03:00,4.722,4.756
2024-08-08 23:00:00+03:00,4.756,4.842
2024-08-09 01:00:00+03:00,4.843,4.876
2024-08-09 03:00:00+03:00,4.877,4.855
2024-08-09 05:00:00+03:00,4.855,4.825
2024-08-09 07:00:00+03:00,4.825,4.81
2024-08-09 09:00:00+03:00,4.81,4.81
2024-08-09 11:00:00+03:00,4.81,4.788
2024-08-09 13:00:00+03:00,4.788,4.783
2024-08-09 15:00:00+03:00,4.782,4.784
2024-08-09 17:00:00+03:00,4.785,4.755
2024-08-09 19:00:00+03:00,4.756,4.816
2024-08-09 21:00:00+03:00,4.816,4.795
2024-08-09 23:00:00+03:00,4.796,4.785
2024-08-10 01:00:00+03:00,4.785,4.781
2024-08-10 03:00:00+03:00,4.781,4.758
2024-08-10 05:00:00+03:00,4.758,4.741
2024-08-10 07:00:00+03:00,4.742,4.734
2024-08-10 09:00:00+03:00,4.734,4.768
2024-08-10 11:00:00+03:00,4.769,4.732
2024-08-10 13:00:00+03:00,4.732,4.761
2024-08-10 15:00:00+03:00,4.762,4.734
2024-08-10 17:00:00+03:00,4.734,4.744
2024-08-10 19:00:00+03:00,4.744,4.743
2024-08-10 21:00:00+03:00,4.743,4.745
2024-08-10 23:00:00+03:00,4.746,4.768
2024-08-11 01:00:00+03:00,4.769,4.751
2024-08-11 03:00:00+03:00,4.751,4.782
2024-08-11 05:00:00+03:00,4.782,4.779
2024-08-11 07:00:00+03:00,4.779,4.762
2024-08-11 09:00:00+03:00,4.762,4.782
2024-08-11 11:00:00+03:00,4.782,4.783
2024-08-11 13:00:00+03:00,4.783,4.712
2024-08-11 15:00:00+03:00,4.712,4.663
2024-08-11 17:00:00+03:00,4.663,4.617
2024-08-11 19:00:00+03:00,4.618,4.623
2024-08-11 21:00:00+03:00,4.623,4.561
2024-08-11 23:00:00+03:00,4.561,4.522
2024-08-12 01:00:00+03:00,4.522,4.493
2024-08-12 03:00:00+03:00,4.492,4.533
2024-08-12 05:00:00+03:00,4.533,4.522
2024-08-12 07:00:00+03:00,4.523,4.525
2024-08-12 09:00:00+03:00,4.525,4.536
2024-08-12 11:00:00+03:00,4.535,4.542
2024-08-12 13:00:00+03:00,4.543,4.642
2024-08-12 15:00:00+03:00,4.643,4.502
2024-08-12 17:00:00+03:00,4.502,4.638
2024-08-12 19:00:00+03:00,4.638,4.584
2024-08-12 21:00:00+03:00,4.585,4.533
2024-08-12 23:00:00+03:00,4.534,4.535
2024-08-13 01:00:00+03:00,4.534,4.584
2024-08-13 03:00:00+03:00,4.585,4.582
2024-08-13 05:00:00+03:00,4.581,4.515
2024-08-13 07:00:00+03:00,4.515,4.512
2024-08-13 09:00:00+03:00,4.513,4.498
2024-08-13 11:00:00+03:00,4.498,4.421
2024-08-13 13:00:00+03:00,4.421,4.445
2024-08-13 15:00:00+03:00,4.445,4.503
2024-08-13 17:00:00+03:00,4.502,4.504
2024-08-13 19:00:00+03:00,4.504,4.596
2024-08-13 21:00:00+03:00,4.595,4.554
2024-08-13 23:00:00+03:00,4.553,4.562
2024-08-14 01:00:00+03:00,4.562,4.543
2024-08-14 03:00:00+03:00,4.542,4.498
2024-08-14 05:00:00+03:00,4.498,4.52
2024-08-14 07:00:00+03:00,4.521,4.494
2024-08-14 09:00:00+03:00,4.494,4.507
2024-08-14 11:00:00+03:00,4.508,4.516
2024-08-14 13:00:00+03:00,4.516,4.504
2024-08-14 15:00:00+03:00,4.503,4.431
2024-08-14 17:00:00+03:00,4.431,4.439
2024-08-14 19:00:00+03:00,4.439,4.387
2024-08-14 21:00:00+03:00,4.387,4.378
2024-08-14 23:00:00+03:00,4.377,4.384
2024-08-15 01:00:00+03:00,4.384,4.38
2024-08-15 03:00:00+03:00,4.38,4.37
2024-08-15 05:00:00+03:00,4.371,4.393
2024-08-15 07:00:00+03:00,4.394,4.38
2024-08-15 09:00:00+03:00,4.38,4.397
2024-08-15 11:00:00+03:00,4.398,4.386
2024-08-15 13:00:00+03:00,4.387,4.419
2024-08-15 15:00:00+03:00,4.419,4.461
2024-08-15 17:00:00+03:00,4.46,4.451
2024-08-15 19:00:00+03:00,4.45,4.358
2024-08-15 21:00:00+03:00,4.357,4.273
2024-08-15 23:00:00+03:00,4.272,4.26
2024-08-16 01:00:00+03:00,4.261,4.274
2024-08-16 03:00:00+03:00,4.275,4.259
2024-08-16 05:00:00+03:00,4.259,4.277
2024-08-16 07:00:00+03:00,4.277,4.308
2024-08-16 09:00:00+03:00,4.309,4.367
2024-08-16 11:00:00+03:00,4.368,4.369
2024-08-16 13:00:00+03:00,4.37,4.307
2024-08-16 15:00:00+03:00,4.307,4.294
2024-08-16 17:00:00+03:00,4.293,4.249
2024-08-16 19:00:00+03:00,4.249,4.314
2024-08-16 21:00:00+03:00,4.313,4.33
2024-08-16 23:00:00+03:00,4.331,4.319
2024-08-17 01:00:00+03:00,4.32,4.289
2024-08-17 03:00:00+03:00,4.289,4.308
2024-08-17 05:00:00+03:00,4.308,4.287
2024-08-17 07:00:00+03:00,4.288,4.306
2024-08-17 09:00:00+03:00,4.306,4.308
2024-08-17 11:00:00+03:00,4.308,4.318
2024-08-17 13:00:00+03:00,4.318,4.305
2024-08-17 15:00:00+03:00,4.304,4.331
2024-08-17 17:00:00+03:00,4.332,4.321
2024-08-17 19:00:00+03:00,4.322,4.346
2024-08-17 21:00:00+03:00,4.347,4.357
2024-08-17 23:00:00+03:00,4.357,4.369
2024-08-18 01:00:00+03:00,4.368,4.366
2024-08-18 03:00:00+03:00,4.365,4.36
2024-08-18 05:00:00+03:00,4.36,4.355
2024-08-18 07:00:00+03:00,4.354,4.358
2024-08-18 09:00:00+03:00,4.358,4.372
2024-08-18 11:00:00+03:00,4.371,4.369
2024-08-18 13:00:00+03:00,4.37,4.427
2024-08-18 15:00:00+03:00,4.427,4.416
2024-08-18 17:00:00+03:00,4.416,4.428
2024-08-18 19:00:00+03:00,4.427,4.377
2024-08-18 21:00:00+03:00,4.378,4.499
2024-08-18 23:00:00+03:00,4.499,4.48
2024-08-19 01:00:00+03:00,4.48,4.388
2024-08-19 03:00:00+03:00,4.389,4.371
2024-08-19 05:00:00+03:00,4.371,4.405
2024-08-19 07:00:00+03:00,4.404,4.391
2024-08-19 09:00:00+03:00,4.392,4.406
2024-08-19 11:00:00+03:00,4.407,4.383
2024-08-19 13:00:00+03:00,4.382,4.424
2024-08-19 15:00:00+03:00,4.424,4.456
2024-08-19 17:00:00+03:00,4.457,4.446
2024-08-19 19:00:00+03:00,4.446,4.441
2024-08-19 21:00:00+03:00,4.441,4.478
2024-08-19 23:00:00+03:00,4.478,4.457
2024-08-20 01:00:00+03:00,4.457,4.479
2024-08-20 03:00:00+03:00,4.478,4.571
2024-08-20 05:00:00+03:00,4.571,4.572
2024-08-20 07:00:00+03:00,4.573,4.568
2024-08-20 09:00:00+03:00,4.568,4.576
2024-08-20 11:00:00+03:00,4.576,4.552
2024-08-20 13:00:00+03:00,4.551,4.525
2024-08-20 15:00:00+03:00,4.525,4.562
2024-08-20 17:00:00+03:00,4.562,4.497
2024-08-20 19:00:00+03:00,4.497,4.492
2024-08-20 21:00:00+03:00,4.492,4.552
2024-08-20 23:00:00+03:00,4.552,4.523
2024-08-21 01:00:00+03:00,4.523,4.52
2024-08-21 03:00:00+03:00,4.521,4.527
2024-08-21 05:00:00+03:00,4.528,4.558
2024-08-21 07:00:00+03:00,4.558,4.586
2024-08-21 09:00:00+03:00,4.586,4.586
2024-08-21 11:00:00+03:00,4.586,4.553
2024-08-21 13:00:00+03:00,4.553,4.533
2024-08-21 15:00:00+03:00,4.533,4.559
2024-08-21 17:00:00+03:00,4.56,4.548
2024-08-21 19:00:00+03:00,4.547,4.641
2024-08-21 21:00:00+03:00,4.641,4.724
2024-08-21 23:00:00+03:00,4.725,4.683
2024-08-22 01:00:00+03:00,4.684,4.661
2024-08-22 03:00:00+03:00,4.66,4.66
2024-08-22 05:00:00+03:00,4.66,4.652
2024-08-22 07:00:00+03:00,4.652,4.658
2024-08-22 09:00:00+03:00,4.659,4.665
2024-08-22 11:00:00+03:00,4.664,4.657
2024-08-22 13:00:00+03:00,4.657,4.686
2024-08-22 15:00:00+03:00,4.686,4.69
2024-08-22 17:00:00+03:00,4.69,4.63
2024-08-22 19:00:00+03:00,4.631,4.612
2024-08-22 21:00:00+03:00,4.611,4.608
2024-08-22 23:00:00+03:00,4.609,4.628
2024-08-23 01:00:00+03:00,4.628,4.688
2024-08-23 03:00:00+03:00,4.688,4.716
2024-08-23 05:00:00+03:00,4.717,4.716
2024-08-23 07:00:00+03:00,4.716,4.744
2024-08-23 09:00:00+03:00,4.743,4.751
2024-08-23 11:00:00+03:00,4.751,4.724
2024-08-23 13:00:00+03:00,4.724,4.716
2024-08-23 15:00:00+03:00,4.716,4.734
2024-08-23 17:00:00+03:00,4.735,4.787
2024-08-23 19:00:00+03:00,4.786,4.855
2024-08-23 21:00:00+03:00,4.855,4.861
2024-08-23 23:00:00+03:00,4.86,4.905
2024-08-24 01:00:00+03:00,4.905,4.89
2024-08-24 03:00:00+03:00,4.89,4.875
2024-08-24 05:00:00+03:00,4.875,4.861
2024-08-24 07:00:00+03:00,4.861,4.866
2024-08-24 09:00:00+03:00,4.866,4.871
2024-08-24 11:00:00+03:00,4.871,4.937
2024-08-24 13:00:00+03:00,4.936,4.924
2024-08-24 15:00:00+03:00,4.924,4.966
2024-08-24 17:00:00+03:00,4.965,4.957
2024-08-24 19:00:00+03:00,4.956,5.0
2024-08-24 21:00:00+03:00,4.999,5.062
2024-08-24 23:00:00+03:00,5.062,4.923
2024-08-25 01:00:00+03:00,4.923,4.981
2024-08-25 03:00:00+03:00,4.981,4.873
2024-08-25 05:00:00+03:00,4.873,4.896
2024-08-25 07:00:00+03:00,4.896,4.876
2024-08-25 09:00:00+03:00,4.876,4.769
2024-08-25 11:00:00+03:00,4.768,4.798
2024-08-25 13:00:00+03:00,4.799,4.797
2024-08-25 15:00:00+03:00,4.797,4.843
2024-08-25 17:00:00+03:00,4.842,4.862
2024-08-25 19:00:00+03:00,4.862,4.845
2024-08-25 21:00:00+03:00,4.844,4.823
2024-08-25 23:00:00+03:00,4.823,4.871
2024-08-26 01:00:00+03:00,4.872,4.816
2024-08-26 03:00:00+03:00,4.817,4.801
2024-08-26 05:00:00+03:00,4.8,4.814
2024-08-26 07:00:00+03:00,4.813,4.791
2024-08-26 09:00:00+03:00,4.791,4.716
2024-08-26 11:00:00+03:00,4.716,4.76
2024-08-26 13:00:00+03:00,4.761,4.717
2024-08-26 15:00:00+03:00,4.717,4.689
2024-08-26 17:00:00+03:00,4.688,4.652
2024-08-26 19:00:00+03:00,4.651,4.576
2024-08-26 21:00:00+03:00,4.576,4.553
2024-08-26 23:00:00+03:00,4.554,4.562
2024-08-27 01:00:00+03:00,4.562,4.553
2024-08-27 03:00:00+03:00,4.554,4.6
2024-08-27 05:00:00+03:00,4.6,4.607
2024-08-27 07:00:00+03:00,4.608,4.65
2024-08-27 09:00:00+03:00,4.65,4.615
2024-08-27 11:00:00+03:00,4.615,4.554
2024-08-27 13:00:00+03:00,4.554,4.521
2024-08-27 15:00:00+03:00,4.522,4.524
2024-08-27 17:00:00+03:00,4.525,4.521
2024-08-27 19:00:00+03:00,4.521,4.55
2024-08-27 21:00:00+03:00,4.55,4.545
2024-08-27 23:00:00+03:00,4.545,4.386
2024-08-28 01:00:00+03:00,4.386,4.374
2024-08-28 03:00:00+03:00,4.375,4.357
2024-08-28 05:00:00+03:00,4.356,4.348
2024-08-28 07:00:00+03:00,4.347,4.363
2024-08-28 09:00:00+03:00,4.363,4.297
2024-08-28 11:00:00+03:00,4.298,4.443
2024-08-28 13:00:00+03:00,4.444,4.377
2024-08-28 15:00:00+03:00,4.377,4.334
2024-08-28 17:00:00+03:00,4.334,4.3
2024-08-28 19:00:00+03:00,4.3,4.228
2024-08-28 21:00:00+03:00,4.228,4.267
2024-08-28 23:00:00+03:00,4.267,4.264
2024-08-29 01:00:00+03:00,4.264,4.251
2024-08-29 03:00:00+03:00,4.252,4.254
2024-08-29 05:00:00+03:00,4.255,4.278
2024-08-29 07:00:00+03:00,4.277,4.301
2024-08-29 09:00:00+03:00,4.301,4.3
2024-08-29 11:00:00+03:00,4.3,4.279
2024-08-29 13:00:00+03:00,4.279,4.305
2024-08-29 15:00:00+03:00,4.305,4.357
2024-08-29 17:00:00+03:00,4.358,4.385
2024-08-29 19:00:00+03:00,4.385,4.337
2024-08-29 21:00:00+03:00,4.337,4.219
2024-08-29 23:00:00+03:00,4.218,4.215
2024-08-30 01:00:00+03:00,4.215,4.249
2024-08-30 03:00:00+03:00,4.248,4.264
2024-08-30 05:00:00+03:00,4.263,4.243
2024-08-30 07:00:00+03:00,4.243,4.271
2024-08-30 09:00:00+03:00,4.272,4.296
2024-08-30 11:00:00+03:00,4.297,4.313
2024-08-30 13:00:00+03:00,4.314,4.27
2024-08-30 15:00:00+03:00,4.27,4.283
2024-08-30 17:00:00+03:00,4.284,4.115
2024-08-30 19:00:00+03:00,4.116,4.207
2024-08-30 21:00:00+03:00,4.207,4.221
2024-08-30 23:00:00+03:00,4.22,4.245
2024-08-31 01:00:00+03:00,4.246,4.276
2024-08-31 03:00:00+03:00,4.275,4.291
2024-08-31 05:00:00+03:00,4.291,4.29
2024-08-31 07:00:00+03:00,4.29,4.29
2024-08-31 09:00:00+03:00,4.29,4.287
2024-08-31 11:00:00+03:00,4.286,4.263
2024-08-31 13:00:00+03:00,4.264,4.284
2024-08-31 15:00:00+03:00,4.284,4.254
2024-08-31 17:00:00+03:00,4.253,4.268
2024-08-31 19:00:00+03:00,4.269,4.238
2024-08-31 21:00:00+03:00,4.238,4.238
2024-08-31 23:00:00+03:00,4.238,4.259
2024-09-01 01:00:00+03:00,4.258,4.255
2024-09-01 03:00:00+03:00,4.256,4.206
2024-09-01 05:00:00+03:00,4.206,4.217
2024-09-01 07:00:00+03:00,4.218,4.155
2024-09-01 09:00:00+03:00,4.155,4.201
2024-09-01 11:00:00+03:00,4.201,4.181
2024-09-01 13:00:00+03:00,4.181,4.191
2024-09-01 15:00:00+03:00,4.19,4.163
2024-09-01 17:00:00+03:00,4.164,4.184
2024-09-01 19:00:00+03:00,4.185,4.122
2024-09-01 21:00:00+03:00,4.121,4.192
2024-09-01 23:00:00+03:00,4.192,4.17
2024-09-02 01:00:00+03:00,4.169,4.065
2024-09-02 03:00:00+03:00,4.065,4.093
2024-09-02 05:00:00+03:00,4.093,4.112
2024-09-02 07:00:00+03:00,4.111,4.115
2024-09-02 09:00:00+03:00,4.116,4.07
2024-09-02 11:00:00+03:00,4.069,4.157
2024-09-02 13:00:00+03:00,4.157,4.187
2024-09-02 15:00:00+03:00,4.187,4.144
2024-09-02 17:00:00+03:00,4.145,4.153
2024-09-02 19:00:00+03:00,4.153,4.167
2024-09-02 21:00:00+03:00,4.166,4.163
2024-09-02 23:00:00+03:00,4.163,4.211
2024-09-03 01:00:00+03:00,4.211,4.206
2024-09-03 03:00:00+03:00,4.205,4.231
2024-09-03 05:00:00+03:00,4.231,4.258
2024-09-03 07:00:00+03:00,4.258,4.261
2024-09-03 09:00:00+03:00,4.261,4.263
2024-09-03 11:00:00+03:00,4.263,4.242
2024-09-03 13:00:00+03:00,4.242,4.261
2024-09-03 15:00:00+03:00,4.261,4.191
2024-09-03 17:00:00+03:00,4.191,4.103
2024-09-03 19:00:00+03:00,4.104,4.121
2024-09-03 21:00:00+03:00,4.122,4.105
2024-09-03 23:00:00+03:00,4.106,4.128
2024-09-04 01:00:00+03:00,4.128,4.059
2024-09-04 03:00:00+03:00,4.059,3.973
2024-09-04 05:00:00+03:00,3.972,4.033
2024-09-04 07:00:00+03:00,4.033,4.033
2024-09-04 09:00:00+03:00,4.033,4.083
2024-09-04 11:00:00+03:00,4.083,4.045
2024-09-04 13:00:00+03:00,4.046,4.011
2024-09-04 15:00:00+03:00,4.011,4.022
2024-09-04 17:00:00+03:00,4.022,4.156
2024-09-04 19:00:00+03:00,4.155,4.131
2024-09-04 21:00:00+03:00,4.131,4.119
2024-09-04 23:00:00+03:00,4.12,4.165
2024-09-05 01:00:00+03:00,4.165,4.109
2024-09-05 03:00:00+03:00,4.11,4.095
2024-09-05 05:00:00+03:00,4.096,4.015
2024-09-05 07:00:00+03:00,4.014,4.033
2024-09-05 09:00:00+03:00,4.033,4.069
2024-09-05 11:00:00+03:00,4.069,4.051
2024-09-05 13:00:00+03:00,4.051,4.042
2024-09-05 15:00:00+03:00,4.041,4.066
2024-09-05 17:00:00+03:00,4.067,3.998
2024-09-05 19:00:00+03:00,3.998,4.029
2024-09-05 21:00:00+03:00,4.029,4.014
2024-09-05 23:00:00+03:00,4.013,4.023
2024-09-06 01:00:00+03:00,4.023,4.019
2024-09-06 03:00:00+03:00,4.019,4.044
2024-09-06 05:00:00+03:00,4.044,4.062
2024-09-06 07:00:00+03:00,4.063,4.041
2024-09-06 09:00:00+03:00,4.041,3.996
2024-09-06 11:00:00+03:00,3.995,4.003
2024-09-06 13:00:00+03:00,4.004,4.014
2024-09-06 15:00:00+03:00,4.013,4.013
2024-09-06 17:00:00+03:00,4.013,4.006
2024-09-06 19:00:00+03:00,4.006,3.973
2024-09-06 21:00:00+03:00,3.973,3.923
2024-09-06 23:00:00+03:00,3.923,3.931
2024-09-07 01:00:00+03:00,3.93,3.956
2024-09-07 03:00:00+03:00,3.957,3.942
2024-09-07 05:00:00+03:00,3.941,3.972
2024-09-07 07:00:00+03:00,3.973,4.036
2024-09-07 09:00:00+03:00,4.036,4.036
2024-09-07 11:00:00+03:00,4.036,4.04
2024-09-07 13:00:00+03:00,4.04,4.059
2024-09-07 15:00:00+03:00,4.06,4.058
2024-09-07 17:00:00+03:00,4.058,4.12
2024-09-07 19:00:00+03:00,4.121,4.094
2024-09-07 21:00:00+03:00,4.093,4.113
2024-09-07 23:00:00+03:00,4.113,4.07
2024-09-08 01:00:00+03:00,4.069,4.079
2024-09-08 03:00:00+03:00,4.079,4.105
2024-09-08 05:00:00+03:00,4.105,4.111
2024-09-08 07:00:00+03:00,4.111,4.118
2024-09-08 09:00:00+03:00,4.118,4.132
2024-09-08 11:00:00+03:00,4.131,4.163
2024-09-08 13:00:00+03:00,4.163,4.19
2024-09-08 15:00:00+03:00,4.19,4.138
2024-09-08 17:00:00+03:00,4.138,4.116
2024-09-08 19:00:00+03:00,4.117,4.157
2024-09-08 21:00:00+03:00,4.157,4.123
2024-09-08 23:00:00+03:00,4.124,4.145
2024-09-09 01:00:00+03:00,4.145,4.162
2024-09-09 03:00:00+03:00,4.161,4.161
2024-09-09 05:00:00+03:00,4.161,4.136
2024-09-09 07:00:00+03:00,4.137,4.122
2024-09-09 09:00:00+03:00,4.122,4.188
2024-09-09 11:00:00+03:00,4.188,4.185
2024-09-09 13:00:00+03:00,4.184,4.17
2024-09-09 15:00:00+03:00,4.17,4.184
2024-09-09 17:00:00+03:00,4.185,4.195
2024-09-09 19:00:00+03:00,4.195,4.273
2024-09-09 21:00:00+03:00,4.273,4.318
2024-09-09 23:00:00+03:00,4.317,4.311
2024-09-10 01:00:00+03:00,4.31,4.285
2024-09-10 03:00:00+03:00,4.285,4.255
2024-09-10 05:00:00+03:00,4.255,4.235
2024-09-10 07:00:00+03:00,4.234,4.265
2024-09-10 09:00:00+03:00,4.264,4.26
2024-09-10 11:00:00+03:00,4.259,4.228
2024-09-10 13:00:00+03:00,4.228,4.239
2024-09-10 15:00:00+03:00,4.238,4.216
2024-09-10 17:00:00+03:00,4.216,4.197
2024-09-10 19:00:00+03:00,4.197,4.24
2024-09-10 21:00:00+03:00,4.24,4.253
2024-09-10 23:00:00+03:00,4.253,4.236
2024-09-11 01:00:00+03:00,4.236,4.248
2024-09-11 03:00:00+03:00,4.248,4.19
2024-09-11 05:00:00+03:00,4.19,4.179
2024-09-11 07:00:00+03:00,4.179,4.117
2024-09-11 09:00:00+03:00,4.117,4.147
2024-09-11 11:00:00+03:00,4.148,4.135
2024-09-11 13:00:00+03:00,4.134,4.145
2024-09-11 15:00:00+03:00,4.145,4.085
2024-09-11 17:00:00+03:00,4.084,4.121
2024-09-11 19:00:00+03:00,4.121,4.173
2024-09-11 21:00:00+03:00,4.173,4.156
2024-09-11 23:00:00+03:00,4.155,4.161
2024-09-12 01:00:00+03:00,4.161,4.19
2024-09-12 03:00:00+03:00,4.19,4.238
2024-09-12 05:00:00+03:00,4.238,4.236
2024-09-12 07:00:00+03:00,4.236,4.209
2024-09-12 09:00:00+03:00,4.209,4.207
2024-09-12 11:00:00+03:00,4.207,4.208
2024-09-12 13:00:00+03:00,4.208,4.216
2024-09-12 15:00:00+03:00,4.217,4.225
2024-09-12 17:00:00+03:00,4.224,4.215
2024-09-12 19:00:00+03:00,4.214,4.262
2024-09-12 21:00:00+03:00,4.262,4.287
2024-09-12 23:00:00+03:00,4.288,4.283
2024-09-13 01:00:00+03:00,4.283,4.293
2024-09-13 03:00:00+03:00,4.293,4.296
2024-09-13 05:00:00+03:00,4.297,4.288
2024-09-13 07:00:00+03:00,4.288,4.303
2024-09-13 09:00:00+03:00,4.303,4.298
2024-09-13 11:00:00+03:00,4.297,4.314
2024-09-13 13:00:00+03:00,4.313,4.3
2024-09-13 15:00:00+03:00,4.301,4.309
2024-09-13 17:00:00+03:00,4.31,4.419
2024-09-13 19:00:00+03:00,4.42,4.432
2024-09-13 21:00:00+03:00,4.433,4.42
2024-09-13 23:00:00+03:00,4.421,4.445
2024-09-14 01:00:00+03:00,4.446,4.418
2024-09-14 03:00:00+03:00,4.419,4.415
2024-09-14 05:00:00+03:00,4.415,4.424
2024-09-14 07:00:00+03:00,4.423,4.378
2024-09-14 09:00:00+03:00,4.378,4.392
2024-09-14 11:00:00+03:00,4.392,4.376
2024-09-14 13:00:00+03:00,4.376,4.36
2024-09-14 15:00:00+03:00,4.361,4.384
2024-09-14 17:00:00+03:00,4.383,4.399
2024-09-14 19:00:00+03:00,4.399,4.409
2024-09-14 21:00:00+03:00,4.409,4.408
2024-09-14 23:00:00+03:00,4.408,4.415
2024-09-15 01:00:00+03:00,4.414,4.435
2024-09-15 03:00:00+03:00,4.435,4.462
2024-09-15 05:00:00+03:00,4.463,4.497
2024-09-15 07:00:00+03:00,4.496,4.496
2024-09-15 09:00:00+03:00,4.497,4.513
2024-09-15 11:00:00+03:00,4.513,4.53
2024-09-15 13:00:00+03:00,4.53,4.492
2024-09-15 15:00:00+03:00,4.493,4.512
2024-09-15 17:00:00+03:00,4.513,4.538
2024-09-15 19:00:00+03:00,4.539,4.485
2024-09-15 21:00:00+03:00,4.485,4.471
2024-09-15 23:00:00+03:00,4.47,4.431
2024-09-16 01:00:00+03:00,4.432,4.392
2024-09-16 03:00:00+03:00,4.391,4.317
2024-09-16 05:00:00+03:00,4.317,4.278
2024-09-16 07:00:00+03:00,4.279,4.312
2024-09-16 09:00:00+03:00,4.313,4.34
2024-09-16 11:00:00+03:00,4.34,4.304
2024-09-16 13:00:00+03:00,4.304,4.311
2024-09-16 15:00:00+03:00,4.31,4.284
2024-09-16 17:00:00+03:00,4.284,4.233
2024-09-16 19:00:00+03:00,4.232,4.232
2024-09-16 21:00:00+03:00,4.232,4.216
2024-09-16 23:00:00+03:00,4.216,4.179
2024-09-17 01:00:00+03:00,4.179,4.192
2024-09-17 03:00:00+03:00,4.192,4.156
2024-09-17 05:00:00+03:00,4.156,4.172
2024-09-17 07:00:00+03:00,4.172,4.219
2024-09-17 09:00:00+03:00,4.219,4.2
2024-09-17 11:00:00+03:00,4.2,4.168
2024-09-17 13:00:00+03:00,4.168,4.169
2024-09-17 15:00:00+03:00,4.169,4.164
2024-09-17 17:00:00+03:00,4.164,4.249
2024-09-17 19:00:00+03:00,4.249,4.192
2024-09-17 21:00:00+03:00,4.191,4.157
2024-09-17 23:00:00+03:00,4.157,4.17
2024-09-18 01:00:00+03:00,4.17,4.154
2024-09-18 03:00:00+03:00,4.155,4.123
2024-09-18 05:00:00+03:00,4.123,4.159
2024-09-18 07:00:00+03:00,4.16,4.131
2024-09-18 09:00:00+03:00,4.13,4.127
2024-09-18 11:00:00+03:00,4.128,4.052
2024-09-18 13:00:00+03:00,4.053,4.06
2024-09-18 15:00:00+03:00,4.06,4.017
2024-09-18 17:00:00+03:00,4.017,3.99
2024-09-18 19:00:00+03:00,3.989,4.006
2024-09-18 21:00:00+03:00,4.005,4.054
2024-09-18 23:00:00+03:00,4.054,4.089
2024-09-19 01:00:00+03:00,4.09,4.174
2024-09-19 03:00:00+03:00,4.175,4.22
2024-09-19 05:00:00+03:00,4.22,4.223
2024-09-19 07:00:00+03:00,4.223,4.219
2024-09-19 09:00:00+03:00,4.22,4.237
2024-09-19 11:00:00+03:00,4.237,4.196
2024-09-19 13:00:00+03:00,4.197,4.211
2024-09-19 15:00:00+03:00,4.21,4.223
2024-09-19 17:00:00+03:00,4.223,4.275
2024-09-19 19:00:00+03:00,4.276,4.335
2024-09-19 21:00:00+03:00,4.336,4.296
2024-09-19 23:00:00+03:00,4.297,4.237
2024-09-20 01:00:00+03:00,4.238,4.252
2024-09-20 03:00:00+03:00,4.252,4.239
2024-09-20 05:00:00+03:00,4.238,4.329
2024-09-20 07:00:00+03:00,4.328,4.359
2024-09-20 09:00:00+03:00,4.36,4.393
2024-09-20 11:00:00+03:00,4.393,4.368
2024-09-20 13:00:00+03:00,4.368,4.326
2024-09-20 15:00:00+03:00,4.325,4.291
2024-09-20 17:00:00+03:00,4.291,4.306
2024-09-20 19:00:00+03:00,4.307,4.262
2024-09-20 21:00:00+03:00,4.262,4.277
2024-09-20 23:00:00+03:00,4.278,4.299
2024-09-21 01:00:00+03:00,4.298,4.337
2024-09-21 03:00:00+03:00,4.337,4.321
2024-09-21 05:00:00+03:00,4.321,4.325
2024-09-21 07:00:00+03:00,4.324,4.307
2024-09-21 09:00:00+03:00,4.307,4.341
2024-09-21 11:00:00+03:00,4.341,4.334
2024-09-21 13:00:00+03:00,4.334,4.33
2024-09-21 15:00:00+03:00,4.33,4.372
2024-09-21 17:00:00+03:00,4.372,4.425
2024-09-21 19:00:00+03:00,4.425,4.411
2024-09-21 21:00:00+03:00,4.412,4.419
2024-09-21 23:00:00+03:00,4.419,4.422
2024-09-22 01:00:00+03:00,4.422,4.46
2024-09-22 03:00:00+03:00,4.459,4.426
2024-09-22 05:00:00+03:00,4.426,4.405
2024-09-22 07:00:00+03:00,4.404,4.387
2024-09-22 09:00:00+03:00,4.388,4.375
2024-09-22 11:00:00+03:00,4.375,4.365
2024-09-22 13:00:00+03:00,4.366,4.347
2024-09-22 15:00:00+03:00,4.347,4.324
2024-09-22 17:00:00+03:00,4.325,4.322
2024-09-22 19:00:00+03:00,4.321,4.348
2024-09-22 21:00:00+03:00,4.348,4.338
2024-09-22 23:00:00+03:00,4.339,4.274
2024-09-23 01:00:00+03:00,4.274,4.307
2024-09-23 03:00:00+03:00,4.308,4.369
2024-09-23 05:00:00+03:00,4.369,4.397
2024-09-23 07:00:00+03:00,4.397,4.375
2024-09-23 09:00:00+03:00,4.375,4.362
2024-09-23 11:00:00+03:00,4.361,4.376
2024-09-23 13:00:00+03:00,4.376,4.368
2024-09-23 15:00:00+03:00,4.368,4.364
2024-09-23 17:00:00+03:00,4.364,4.418
2024-09-23 19:00:00+03:00,4.417,4.396
2024-09-23 21:00:00+03:00,4.395,4.41
2024-09-23 23:00:00+03:00,4.41,4.424
2024-09-24 01:00:00+03:00,4.423,4.455
2024-09-24 03:00:00+03:00,4.455,4.431
2024-09-24 05:00:00+03:00,4.431,4.489
2024-09-24 07:00:00+03:00,4.49,4.485
2024-09-24 09:00:00+03:00,4.484,4.526
2024-09-24 11:00:00+03:00,4.526,4.542
2024-09-24 13:00:00+03:00,4.542,4.588
2024-09-24 15:00:00+03:00,4.588,4.567
2024-09-24 17:00:00+03:00,4.566,4.495
2024-09-24 19:00:00+03:00,4.495,4.565
2024-09-24 21:00:00+03:00,4.564,4.588
2024-09-24 23:00:00+03:00,4.589,4.614
2024-09-25 01:00:00+03:00,4.613,4.634
2024-09-25 03:00:00+03:00,4.633,4.651
2024-09-25 05:00:00+03:00,4.651,4.674
2024-09-25 07:00:00+03:00,4.674,4.653
2024-09-25 09:00:00+03:00,4.653,4.605
2024-09-25 11:00:00+03:00,4.605,4.625
2024-09-25 13:00:00+03:00,4.624,4.675
2024-09-25 15:00:00+03:00,4.675,4.705
2024-09-25 17:00:00+03:00,4.706,4.7
2024-09-25 19:00:00+03:00,4.699,4.719
2024-09-25 21:00:00+03:00,4.72,4.709
2024-09-25 23:00:00+03:00,4.709,4.687
2024-09-26 01:00:00+03:00,4.686,4.635
2024-09-26 03:00:00+03:00,4.635,4.618
2024-09-26 05:00:00+03:00,4.617,4.663
2024-09-26 07:00:00+03:00,4.663,4.77
2024-09-26 09:00:00+03:00,4.77,4.808
2024-09-26 11:00:00+03:00,4.807,4.767
2024-09-26 13:00:00+03:00,4.767,4.765
2024-09-26 15:00:00+03:00,4.764,4.79
2024-09-26 17:00:00+03:00,4.791,4.836
2024-09-26 19:00:00+03:00,4.836,4.804
2024-09-26 21:00:00+03:00,4.803,4.779
2024-09-26 23:00:00+03:00,4.779,4.792
2024-09-27 01:00:00+03:00,4.792,4.812
2024-09-27 03:00:00+03:00,4.812,4.888
2024-09-27 05:00:00+03:00,4.889,4.928
2024-09-27 07:00:00+03:00,4.928,4.948
2024-09-27 09:00:00+03:00,4.948,4.885
2024-09-27 11:00:00+03:00,4.886,4.893
2024-09-27 13:00:00+03:00,4.892,4.882
2024-09-27 15:00:00+03:00,4.881,4.902
2024-09-27 17:00:00+03:00,4.903,4.897
2024-09-27 19:00:00+03:00,4.897,4.898
2024-09-27 21:00:00+03:00,4.898,4.862
2024-09-27 23:00:00+03:00,4.862,4.887
2024-09-28 01:00:00+03:00,4.887,4.884
2024-09-28 03:00:00+03:00,4.883,4.894
2024-09-28 05:00:00+03:00,4.894,4.894
2024-09-28 07:00:00+03:00,4.894,4.853
2024-09-28 09:00:00+03:00,4.852,4.821
2024-09-28 11:00:00+03:00,4.821,4.817
2024-09-28 13:00:00+03:00,4.818,4.821
2024-09-28 15:00:00+03:00,4.822,4.79
2024-09-28 17:00:00+03:00,4.79,4.8
2024-09-28 19:00:00+03:00,4.801,4.795
2024-09-28 21:00:00+03:00,4.796,4.806
2024-09-28 23:00:00+03:00,4.806,4.788
2024-09-29 01:00:00+03:00,4.787,4.794
2024-09-29 03:00:00+03:00,4.795,4.797
2024-09-29 05:00:00+03:00,4.797,4.814
2024-09-29 07:00:00+03:00,4.815,4.777
2024-09-29 09:00:00+03:00,4.776,4.709
2024-09-29 11:00:00+03:00,4.709,4.724
2024-09-29 13:00:00+03:00,4.725,4.736
2024-09-29 15:00:00+03:00,4.737,4.738
2024-09-29 17:00:00+03:00,4.738,4.78
2024-09-29 19:00:00+03:00,4.78,4.793
2024-09-29 21:00:00+03:00,4.794,4.834
2024-09-29 23:00:00+03:00,4.834,4.815
2024-09-30 01:00:00+03:00,4.814,4.765
2024-09-30 03:00:00+03:00,4.765,4.682
2024-09-30 05:00:00+03:00,4.681,4.69
2024-09-30 07:00:00+03:00,4.69,4.682
2024-09-30 09:00:00+03:00,4.681,4.71
2024-09-30 11:00:00+03:00,4.71,4.609
2024-09-30 13:00:00+03:00,4.608,4.628
2024-09-30 15:00:00+03:00,4.628,4.588
2024-09-30 17:00:00+03:00,4.588,4.513
2024-09-30 19:00:00+03:00,4.514,4.557
2024-09-30 21:00:00+03:00,4.557,4.516
2024-09-30 23:00:00+03:00,4.517,4.515
2024-10-01 01:00:00+03:00,4.515,4.429
2024-10-01 03:00:00+03:00,4.43,4.493
2024-10-01 05:00:00+03:00,4.493,4.524
2024-10-01 07:00:00+03:00,4.524,4.537
2024-10-01 09:00:00+03:00,4.536,4.534
2024-10-01 11:00:00+03:00,4.534,4.52
2024-10-01 13:00:00+03:00,4.52,4.504
2024-10-01 15:00:00+03:00,4.503,4.428
2024-10-01 17:00:00+03:00,4.428,4.291
2024-10-01 19:00:00+03:00,4.291,4.209
2024-10-01 21:00:00+03:00,4.21,4.164
2024-10-01 23:00:00+03:00,4.164,4.196
2024-10-02 01:00:00+03:00,4.196,4.15
2024-10-02 03:00:00+03:00,4.15,4.224
2024-10-02 05:00:00+03:00,4.225,4.228
2024-10-02 07:00:00+03:00,4.228,4.197
2024-10-02 09:00:00+03:00,4.196,4.246
2024-10-02 11:00:00+03:00,4.246,4.17
2024-10-02 13:00:00+03:00,4.169,4.148
2024-10-02 15:00:00+03:00,4.148,4.152
2024-10-02 17:00:00+03:00,4.152,4.154
2024-10-02 19:00:00+03:00,4.154,4.113
2024-10-02 21:00:00+03:00,4.113,4.06
2024-10-02 23:00:00+03:00,4.06,4.091
2024-10-03 01:00:00+03:00,4.09,4.099
2024-10-03 03:00:00+03:00,4.098,4.136
2024-10-03 05:00:00+03:00,4.137,4.165
2024-10-03 07:00:00+03:00,4.166,4.121
2024-10-03 09:00:00+03:00,4.12,4.078
2024-10-03 11:00:00+03:00,4.078,4.058
2024-10-03 13:00:00+03:00,4.059,4.038
2024-10-03 15:00:00+03:00,4.039,4.052
2024-10-03 17:00:00+03:00,4.052,4.056
2024-10-03 19:00:00+03:00,4.055,4.066
2024-10-03 21:00:00+03:00,4.066,4.117
2024-10-03 23:00:00+03:00,4.117,4.12
2024-10-04 01:00:00+03:00,4.12,4.128
2024-10-04 03:00:00+03:00,4.128,4.14
2024-10-04 05:00:00+03:00,4.141,4.118
2024-10-04 07:00:00+03:00,4.118,4.161
2024-10-04 09:00:00+03:00,4.162,4.145
2024-10-04 11:00:00+03:00,4.145,4.148
2024-10-04 13:00:00+03:00,4.148,4.164
2024-10-04 15:00:00+03:00,4.164,4.166
2024-10-04 17:00:00+03:00,4.166,4.172
2024-10-04 19:00:00+03:00,4.171,4.178
2024-10-04 21:00:00+03:00,4.179,4.18
2024-10-04 23:00:00+03:00,4.18,4.196
2024-10-05 01:00:00+03:00,4.197,4.193
2024-10-05 03:00:00+03:00,4.192,4.198
2024-10-05 05:00:00+03:00,4.197,4.159
2024-10-05 07:00:00+03:00,4.158,4.201
2024-10-05 09:00:00+03:00,4.201,4.178
2024-10-05 11:00:00+03:00,4.177,4.198
2024-10-05 13:00:00+03:00,4.198,4.197
2024-10-05 15:00:00+03:00,4.197,4.174
2024-10-05 17:00:00+03:00,4.173,4.173
2024-10-05 19:00:00+03:00,4.173,4.143
2024-10-05 21:00:00+03:00,4.143,4.125
2024-10-05 23:00:00+03:00,4.126,4.107
2024-10-06 01:00:00+03:00,4.107,4.135
2024-10-06 03:00:00+03:00,4.136,4.16
2024-10-06 05:00:00+03:00,4.161,4.119
2024-10-06 07:00:00+03:00,4.119,4.129
2024-10-06 09:00:00+03:00,4.128,4.133
2024-10-06 11:00:00+03:00,4.132,4.133
2024-10-06 13:00:00+03:00,4.133,4.14
2024-10-06 15:00:00+03:00,4.14,4.139
2024-10-06 17:00:00+03:00,4.138,4.176
2024-10-06 19:00:00+03:00,4.177,4.153
2024-10-06 21:00:00+03:00,4.152,4.154
2024-10-06 23:00:00+03:00,4.154,4.147
2024-10-07 01:00:00+03:00,4.147,4.189
2024-10-07 03:00:00+03:00,4.19,4.256
2024-10-07 05:00:00+03:00,4.256,4.252
2024-10-07 07:00:00+03:00,4.252,4.22
2024-10-07 09:00:00+03:00,4.22,4.24
2024-10-07 11:00:00+03:00,4.241,4.199
2024-10-07 13:00:00+03:00,4.198,4.183
2024-10-07 15:00:00+03:00,4.183,4.187
2024-10-07 17:00:00+03:00,4.187,4.199
2024-10-07 19:00:00+03:00,4.199,4.238
2024-10-07 21:00:00+03:00,4.238,4.203
2024-10-07 23:00:00+03:00,4.204,4.223
2024-10-08 01:00:00+03:00,4.222,4.128
2024-10-08 03:00:00+03:00,4.129,4.16
2024-10-08 05:00:00+03:00,4.161,4.17
2024-10-08 07:00:00+03:00,4.17,4.133
2024-10-08 09:00:00+03:00,4.132,4.117
2024-10-08 11:00:00+03:00,4.116,4.133
2024-10-08 13:00:00+03:00,4.134,4.153
2024-10-08 15:00:00+03:00,4.153,4.155
2024-10-08 17:00:00+03:00,4.155,4.109
2024-10-08 19:00:00+03:00,4.11,4.112
2024-10-08 21:00:00+03:00,4.113,4.098
2024-10-08 23:00:00+03:00,4.099,4.121
2024-10-09 01:00:00+03:00,4.122,4.102
2024-10-09 03:00:00+03:00,4.101,4.134
2024-10-09 05:00:00+03:00,4.134,4.113
2024-10-09 07:00:00+03:00,4.112,4.142
2024-10-09 09:00:00+03:00,4.142,4.112
2024-10-09 11:00:00+03:00,4.111,4.11
2024-10-09 13:00:00+03:00,4.109,4.097
2024-10-09 15:00:00+03:00,4.098,4.043
2024-10-09 17:00:00+03:00,4.043,4.098
2024-10-09 19:00:00+03:00,4.098,4.065
2024-10-09 21:00:00+03:00,4.065,4.046
2024-10-09 23:00:00+03:00,4.046,4.012
2024-10-10 01:00:00+03:00,4.011,4.021
2024-10-10 03:00:00+03:00,4.022,4.041
2024-10-10 05:00:00+03:00,4.041,4.056
2024-10-10 07:00:00+03:00,4.056,4.065
2024-10-10 09:00:00+03:00,4.065,4.037
2024-10-10 11:00:00+03:00,4.037,4.018
2024-10-10 13:00:00+03:00,4.018,4.07
2024-10-10 15:00:00+03:00,4.069,4.027
2024-10-10 17:00:00+03:00,4.027,4.053
2024-10-10 19:00:00+03:00,4.054,3.993
2024-10-10 21:00:00+03:00,3.993,4.027
2024-10-10 23:00:00+03:00,4.027,4.069
2024-10-11 01:00:00+03:00,4.069,4.071
2024-10-11 03:00:00+03:00,4.071,4.089
2024-10-11 05:00:00+03:00,4.09,4.101
2024-10-11 07:00:00+03:00,4.101,4.081
2024-10-11 09:00:00+03:00,4.081,4.101
2024-10-11 11:00:00+03:00,4.101,4.117
2024-10-11 13:00:00+03:00,4.117,4.125
2024-10-11 15:00:00+03:00,4.125,4.151
2024-10-11 17:00:00+03:00,4.151,4.167
2024-10-11 19:00:00+03:00,4.167,4.176
2024-10-11 21:00:00+03:00,4.176,4.178
2024-10-11 23:00:00+03:00,4.178,4.179
2024-10-12 01:00:00+03:00,4.18,4.172
2024-10-12 03:00:00+03:00,4.171,4.199
2024-10-12 05:00:00+03:00,4.199,4.165
2024-10-12 07:00:00+03:00,4.165,4.193
2024-10-12 09:00:00+03:00,4.192,4.204
2024-10-12 11:00:00+03:00,4.204,4.227
2024-10-12 13:00:00+03:00,4.228,4.239
2024-10-12 15:00:00+03:00,4.24,4.25
2024-10-12 17:00:00+03:00,4.249,4.232
2024-10-12 19:00:00+03:00,4.231,4.211
2024-10-12 21:00:00+03:00,4.21,4.202
2024-10-12 23:00:00+03:00,4.203,4.214
2024-10-13 01:00:00+03:00,4.213,4.204
2024-10-13 03:00:00+03:00,4.203,4.174
2024-10-13 05:00:00+03:00,4.174,4.161
2024-10-13 07:00:00+03:00,4.161,4.191
2024-10-13 09:00:00+03:00,4.191,4.19
2024-10-13 11:00:00+03:00,4.19,4.192
2024-10-13 13:00:00+03:00,4.191,4.157
2024-10-13 15:00:00+03:00,4.156,4.175
2024-10-13 17:00:00+03:00,4.175,4.105
2024-10-13 19:00:00+03:00,4.105,4.115
2024-10-13 21:00:00+03:00,4.116,4.122
2024-10-13 23:00:00+03:00,4.122,4.139
2024-10-14 01:00:00+03:00,4.138,4.161
2024-10-14 03:00:00+03:00,4.162,4.156
2024-10-14 05:00:00+03:00,4.156,4.255
2024-10-14 07:00:00+03:00,4.255,4.229
2024-10-14 09:00:00+03:00,4.23,4.27
2024-10-14 11:00:00+03:00,4.27,4.281
2024-10-14 13:00:00+03:00,4.281,4.279
2024-10-14 15:00:00+03:00,4.28,4.316
2024-10-14 17:00:00+03:00,4.316,4.342
2024-10-14 19:00:00+03:00,4.342,4.339
2024-10-14 21:00:00+03:00,4.338,4.353
2024-10-14 23:00:00+03:00,4.352,4.353
2024-10-15 01:00:00+03:00,4.353,4.377
2024-10-15 03:00:00+03:00,4.377,4.392
2024-10-15 05:00:00+03:00,4.392,4.376
2024-10-15 07:00:00+03:00,4.377,4.385
2024-10-15 09:00:00+03:00,4.385,4.423
2024-10-15 11:00:00+03:00,4.424,4.463
2024-10-15 13:00:00+03:00,4.463,4.381
2024-10-15 15:00:00+03:00,4.381,4.507
2024-10-15 17:00:00+03:00,4.508,4.365
2024-10-15 19:00:00+03:00,4.366,4.408
2024-10-15 21:00:00+03:00,4.409,4.386
2024-10-15 23:00:00+03:00,4.386,4.359
2024-10-16 01:00:00+03:00,4.359,4.407
2024-10-16 03:00:00+03:00,4.406,4.382
2024-10-16 05:00:00+03:00,4.382,4.375
2024-10-16 07:00:00+03:00,4.374,4.376
2024-10-16 09:00:00+03:00,4.375,4.311
2024-10-16 11:00:00+03:00,4.311,4.34
2024-10-16 13:00:00+03:00,4.341,4.363
2024-10-16 15:00:00+03:00,4.364,4.298
2024-10-16 17:00:00+03:00,4.299,4.318
2024-10-16 19:00:00+03:00,4.318,4.311
2024-10-16 21:00:00+03:00,4.311,4.307
2024-10-16 23:00:00+03:00,4.308,4.322
2024-10-17 01:00:00+03:00,4.322,4.312
2024-10-17 03:00:00+03:00,4.312,4.346
2024-10-17 05:00:00+03:00,4.346,4.33
2024-10-17 07:00:00+03:00,4.33,4.274
2024-10-17 09:00:00+03:00,4.274,4.244
2024-10-17 11:00:00+03:00,4.243,4.228
2024-10-17 13:00:00+03:00,4.228,4.185
2024-10-17 15:00:00+03:00,4.185,4.216
2024-10-17 17:00:00+03:00,4.216,4.236
2024-10-17 19:00:00+03:00,4.237,4.195
2024-10-17 21:00:00+03:00,4.196,4.177
2024-10-17 23:00:00+03:00,4.177,4.18
2024-10-18 01:00:00+03:00,4.18,4.19
2024-10-18 03:00:00+03:00,4.19,4.234
2024-10-18 05:00:00+03:00,4.235,4.209
2024-10-18 07:00:00+03:00,4.21,4.236
2024-10-18 09:00:00+03:00,4.235,4.265
2024-10-18 11:00:00+03:00,4.266,4.236
2024-10-18 13:00:00+03:00,4.235,4.213
2024-10-18 15:00:00+03:00,4.212,4.231
2024-10-18 17:00:00+03:00,4.231,4.26
2024-10-18 19:00:00+03:00,4.26,4.279
2024-10-18 21:00:00+03:00,4.279,4.274
2024-10-18 23:00:00+03:00,4.275,4.257
2024-10-19 01:00:00+03:00,4.258,4.31
2024-10-19 03:00:00+03:00,4.31,4.372
2024-10-19 05:00:00+03:00,4.372,4.399
2024-10-19 07:00:00+03:00,4.399,4.407
2024-10-19 09:00:00+03:00,4.406,4.375
2024-10-19 11:00:00+03:00,4.376,4.377
2024-10-19 13:00:00+03:00,4.376,4.329
2024-10-19 15:00:00+03:00,4.329,4.355
2024-10-19 17:00:00+03:00,4.356,4.404
2024-10-19 19:00:00+03:00,4.405,4.401
2024-10-19 21:00:00+03:00,4.402,4.404
2024-10-19 23:00:00+03:00,4.405,4.409
2024-10-20 01:00:00+03:00,4.409,4.429
2024-10-20 03:00:00+03:00,4.43,4.381
2024-10-20 05:00:00+03:00,4.382,4.382
2024-10-20 07:00:00+03:00,4.383,4.393
2024-10-20 09:00:00+03:00,4.392,4.407
2024-10-20 11:00:00+03:00,4.407,4.417
2024-10-20 13:00:00+03:00,4.418,4.419
2024-10-20 15:00:00+03:00,4.419,4.503
2024-10-20 17:00:00+03:00,4.503,4.547
2024-10-20 19:00:00+03:00,4.547,4.53
2024-10-20 21:00:00+03:00,4.531,4.529
2024-10-20 23:00:00+03:00,4.528,4.541
2024-10-21 01:00:00+03:00,4.542,4.578
2024-10-21 03:00:00+03:00,4.577,4.571
2024-10-21 05:00:00+03:00,4.571,4.535
2024-10-21 07:00:00+03:00,4.536,4.557
2024-10-21 09:00:00+03:00,4.556,4.508
2024-10-21 11:00:00+03:00,4.507,4.498
2024-10-21 13:00:00+03:00,4.499,4.473
2024-10-21 15:00:00+03:00,4.473,4.379
2024-10-21 17:00:00+03:00,4.38,4.379
2024-10-21 19:00:00+03:00,4.379,4.38
2024-10-21 21:00:00+03:00,4.379,4.395
2024-10-21 23:00:00+03:00,4.395,4.4
2024-10-22 01:00:00+03:00,4.399,4.376
2024-10-22 03:00:00+03:00,4.377,4.416
2024-10-22 05:00:00+03:00,4.416,4.404
2024-10-22 07:00:00+03:00,4.405,4.414
2024-10-22 09:00:00+03:00,4.414,4.392
2024-10-22 11:00:00+03:00,4.392,4.329
2024-10-22 13:00:00+03:00,4.329,4.35
2024-10-22 15:00:00+03:00,4.349,4.307
2024-10-22 17:00:00+03:00,4.307,4.327
2024-10-22 19:00:00+03:00,4.327,4.324
2024-10-22 21:00:00+03:00,4.325,4.316
2024-10-22 23:00:00+03:00,4.315,4.325
2024-10-23 01:00:00+03:00,4.324,4.323
2024-10-23 03:00:00+03:00,4.323,4.311
2024-10-23 05:00:00+03:00,4.312,4.279
2024-10-23 07:00:00+03:00,4.28,4.275
2024-10-23 09:00:00+03:00,4.275,4.245
2024-10-23 11:00:00+03:00,4.244,4.229
2024-10-23 13:00:00+03:00,4.229,4.214
2024-10-23 15:00:00+03:00,4.214,4.242
2024-10-23 17:00:00+03:00,4.243,4.19
2024-10-23 19:00:00+03:00,4.19,4.163
2024-10-23 21:00:00+03:00,4.164,4.197
2024-10-23 23:00:00+03:00,4.197,4.178
2024-10-24 01:00:00+03:00,4.179,4.208
2024-10-24 03:00:00+03:00,4.208,4.231
2024-10-24 05:00:00+03:00,4.23,4.214
2024-10-24 07:00:00+03:00,4.215,4.218
2024-10-24 09:00:00+03:00,4.218,4.186
2024-10-24 11:00:00+03:00,4.186,4.159
2024-10-24 13:00:00+03:00,4.158,4.178
2024-10-24 15:00:00+03:00,4.179,4.203
2024-10-24 17:00:00+03:00,4.203,4.195
2024-10-24 19:00:00+03:00,4.194,4.184
2024-10-24 21:00:00+03:00,4.184,4.223
2024-10-24 23:00:00+03:00,4.223,4.221
2024-10-25 01:00:00+03:00,4.221,4.207
2024-10-25 03:00:00+03:00,4.206,4.179
2024-10-25 05:00:00+03:00,4.179,4.16
2024-10-25 07:00:00+03:00,4.16,4.131
2024-10-25 09:00:00+03:00,4.131,4.121
2024-10-25 11:00:00+03:00,4.121,4.168
2024-10-25 13:00:00+03:00,4.168,4.157
2024-10-25 15:00:00+03:00,4.157,4.172
2024-10-25 17:00:00+03:00,4.173,4.139
2024-10-25 19:00:00+03:00,4.139,4.105
2024-10-25 21:00:00+03:00,4.104,4.096
2024-10-25 23:00:00+03:00,4.095,4.122
2024-10-26 01:00:00+03:00,4.122,3.993
2024-10-26 03:00:00+03:00,3.993,4.007
2024-10-26 05:00:00+03:00,4.008,4.027
2024-10-26 07:00:00+03:00,4.028,4.04
2024-10-26 09:00:00+03:00,4.04,4.032
2024-10-26 11:00:00+03:00,4.032,4.037
2024-10-26 13:00:00+03:00,4.036,4.041
2024-10-26 15:00:00+03:00,4.04,4.02
2024-10-26 17:00:00+03:00,4.019,4.001
2024-10-26 19:00:00+03:00,4.002,4.014
2024-10-26 21:00:00+03:00,4.014,4.009
2024-10-26 23:00:00+03:00,4.009,4.032
2024-10-27 01:00:00+03:00,4.032,4.034
2024-10-27 02:00:00+02:00,4.034,4.024
2024-10-27 04:00:00+02:00,4.024,4.035
2024-10-27 06:00:00+02:00,4.034,4.029
2024-10-27 08:00:00+02:00,4.03,4.024
2024-10-27 10:00:00+02:00,4.023,4.02
2024-10-27 12:00:00+02:00,4.021,4.011
2024-10-27 14:00:00+02:00,4.01,4.071
2024-10-27 16:00:00+02:00,4.071,4.088
2024-10-27 18:00:00+02:00,4.088,4.092
2024-10-27 20:00:00+02:00,4.092,4.105
2024-10-27 22:00:00+02:00,4.105,4.115
2024-10-28 00:00:00+02:00,4.115,4.126
2024-10-28 02:00:00+02:00,4.126,4.129
2024-10-28 04:00:00+02:00,4.129,4.094
2024-10-28 06:00:00+02:00,4.094,4.115
2024-10-28 08:00:00+02:00,4.115,4.154
2024-10-28 10:00:00+02:00,4.154,4.218
2024-10-28 12:00:00+02:00,4.217,4.197
2024-10-28 14:00:00+02:00,4.196,4.145
2024-10-28 16:00:00+02:00,4.145,4.015
2024-10-28 18:00:00+02:00,4.015,4.036
2024-10-28 20:00:00+02:00,4.036,4.069
2024-10-28 22:00:00+02:00,4.084,4.104
2024-10-29 00:00:00+02:00,4.104,4.13
2024-10-29 02:00:00+02:00,4.131,4.177
2024-10-29 04:00:00+02:00,4.177,4.188
2024-10-29 06:00:00+02:00,4.188,4.16
2024-10-29 08:00:00+02:00,4.16,4.135
2024-10-29 10:00:00+02:00,4.136,4.147
2024-10-29 12:00:00+02:00,4.146,4.162
2024-10-29 14:00:00+02:00,4.161,4.168
2024-10-29 16:00:00+02:00,4.167,4.176
2024-10-29 18:00:00+02:00,4.176,4.227
2024-10-29 20:00:00+02:00,4.227,4.175
2024-10-29 22:00:00+02:00,4.175,4.189
2024-10-30 00:00:00+02:00,4.188,4.195
2024-10-30 02:00:00+02:00,4.194,4.18
2024-10-30 04:00:00+02:00,4.18,4.203
2024-10-30 06:00:00+02:00,4.203,4.182
2024-10-30 08:00:00+02:00,4.181,4.195
2024-10-30 10:00:00+02:00,4.195,4.182
2024-10-30 12:00:00+02:00,4.183,4.144
2024-10-30 14:00:00+02:00,4.144,4.164
2024-10-30 16:00:00+02:00,4.163,4.199
2024-10-30 18:00:00+02:00,4.2,4.165
2024-10-30 20:00:00+02:00,4.164,4.152
2024-10-30 22:00:00+02:00,4.152,4.195
2024-10-31 00:00:00+02:00,4.194,4.191
2024-10-31 02:00:00+02:00,4.192,4.187
2024-10-31 04:00:00+02:00,4.188,4.186
2024-10-31 06:00:00+02:00,4.186,4.164
2024-10-31 08:00:00+02:00,4.164,4.154
2024-10-31 10:00:00+02:00,4.154,4.107
2024-10-31 12:00:00+02:00,4.106,4.102
2024-10-31 14:00:00+02:00,4.102,4.033
2024-10-31 16:00:00+02:00,4.033,3.998
2024-10-31 18:00:00+02:00,3.998,3.995
2024-10-31 20:00:00+02:00,3.94,3.911
2024-10-31 22:00:00+02:00,3.911,3.958
2024-11-01 00:00:00+02:00,3.958,3.957
2024-11-01 02:00:00+02:00,3.958,3.928
2024-11-01 04:00:00+02:00,3.927,3.949
2024-11-01 06:00:00+02:00,3.949,3.945
2024-11-01 08:00:00+02:00,3.946,3.919
2024-11-01 10:00:00+02:00,3.918,3.946
2024-11-01 12:00:00+02:00,3.946,3.928
2024-11-01 14:00:00+02:00,3.928,3.964
2024-11-01 16:00:00+02:00,3.964,3.892
2024-11-01 18:00:00+02:00,3.893,3.927
2024-11-01 20:00:00+02:00,3.927,3.921
2024-11-01 22:00:00+02:00,3.922,3.9
2024-11-02 00:00:00+02:00,3.9,3.908
2024-11-02 02:00:00+02:00,3.908,3.92
2024-11-02 04:00:00+02:00,3.92,3.912
2024-11-02 06:00:00+02:00,3.912,3.922
2024-11-02 08:00:00+02:00,3.923,3.917
2024-11-02 10:00:00+02:00,3.918,3.91
2024-11-02 12:00:00+02:00,3.91,3.895
2024-11-02 14:00:00+02:00,3.896,3.83
2024-11-02 16:00:00+02:00,3.83,3.857
2024-11-02 18:00:00+02:00,3.857,3.876
2024-11-02 20:00:00+02:00,3.876,3.878
2024-11-02 22:00:00+02:00,3.878,3.904
2024-11-03 00:00:00+02:00,3.905,3.906
2024-11-03 02:00:00+02:00,3.907,3.864
2024-11-03 04:00:00+02:00,3.865,3.788
2024-11-03 06:00:00+02:00,3.789,3.795
2024-11-03 08:00:00+02:00,3.795,3.823
2024-11-03 10:00:00+02:00,3.824,3.774
2024-11-03 12:00:00+02:00,3.774,3.747
2024-11-03 14:00:00+02:00,3.747,3.694
2024-11-03 16:00:00+02:00,3.695,3.732
2024-11-03 18:00:00+02:00,3.732,3.764
2024-11-03 20:00:00+02:00,3.764,3.782
2024-11-03 22:00:00+02:00,3.782,3.804
2024-11-04 00:00:00+02:00,3.805,3.783
2024-11-04 02:00:00+02:00,3.783,3.8
2024-11-04 04:00:00+02:00,3.8,3.802
2024-11-04 06:00:00+02:00,3.802,3.772
2024-11-04 08:00:00+02:00,3.772,3.774
2024-11-04 10:00:00+02:00,3.773,3.762
2024-11-04 12:00:00+02:00,3.761,3.797
2024-11-04 14:00:00+02:00,3.797,3.784
2024-11-04 16:00:00+02:00,3.783,3.797
2024-11-04 18:00:00+02:00,3.797,3.77
2024-11-04 20:00:00+02:00,3.771,3.78
2024-11-04 22:00:00+02:00,3.781,3.691
2024-11-05 00:00:00+02:00,3.69,3.749
2024-11-05 02:00:00+02:00,3.75,3.783
2024-11-05 04:00:00+02:00,3.783,3.797
2024-11-05 06:00:00+02:00,3.796,3.825
2024-11-05 08:00:00+02:00,3.825,3.83
2024-11-05 10:00:00+02:00,3.83,3.842
2024-11-05 12:00:00+02:00,3.842,3.838
2024-11-05 14:00:00+02:00,3.838,3.852
2024-11-05 16:00:00+02:00,3.851,3.868
2024-11-05 18:00:00+02:00,3.867,3.89
2024-11-05 20:00:00+02:00,3.891,3.836
2024-11-05 22:00:00+02:00,3.836,3.858
2024-11-06 00:00:00+02:00,3.858,3.855
2024-11-06 02:00:00+02:00,3.855,3.921
2024-11-06 04:00:00+02:00,3.921,4.079
2024-11-06 06:00:00+02:00,4.079,4.075
2024-11-06 08:00:00+02:00,4.075,4.068
2024-11-06 10:00:00+02:00,4.068,4.082
2024-11-06 12:00:00+02:00,4.082,4.089
2024-11-06 14:00:00+02:00,4.09,4.084
2024-11-06 16:00:00+02:00,4.085,4.047
2024-11-06 18:00:00+02:00,4.047,4.052
2024-11-06 20:00:00+02:00,4.052,4.086
2024-11-06 22:00:00+02:00,4.086,4.065
2024-11-07 00:00:00+02:00,4.065,4.114
2024-11-07 02:00:00+02:00,4.113,4.172
2024-11-07 04:00:00+02:00,4.171,4.171
2024-11-07 06:00:00+02:00,4.17,4.141
2024-11-07 08:00:00+02:00,4.14,4.086
2024-11-07 10:00:00+02:00,4.086,4.074
2024-11-07 12:00:00+02:00,4.074,4.063
2024-11-07 14:00:00+02:00,4.062,4.057
2024-11-07 16:00:00+02:00,4.058,4.149
2024-11-07 18:00:00+02:00,4.149,4.148
2024-11-07 20:00:00+02:00,4.148,4.14
2024-11-07 22:00:00+02:00,4.139,4.164
2024-11-08 00:00:00+02:00,4.165,4.166
2024-11-08 02:00:00+02:00,4.167,4.165
2024-11-08 04:00:00+02:00,4.164,4.149
2024-11-08 06:00:00+02:00,4.15,4.201
2024-11-08 08:00:00+02:00,4.201,4.322
2024-11-08 10:00:00+02:00,4.322,4.305
2024-11-08 12:00:00+02:00,4.305,4.292
2024-11-08 14:00:00+02:00,4.292,4.311
2024-11-08 16:00:00+02:00,4.311,4.341
2024-11-08 18:00:00+02:00,4.341,4.305
2024-11-08 20:00:00+02:00,4.306,4.334
2024-11-08 22:00:00+02:00,4.335,4.335
2024-11-09 00:00:00+02:00,4.335,4.326
2024-11-09 02:00:00+02:00,4.326,4.295
2024-11-09 04:00:00+02:00,4.295,4.268
2024-11-09 06:00:00+02:00,4.268,4.34
2024-11-09 08:00:00+02:00,4.341,4.366
2024-11-09 10:00:00+02:00,4.367,4.376
2024-11-09 12:00:00+02:00,4.376,4.388
2024-11-09 14:00:00+02:00,4.389,4.373
2024-11-09 16:00:00+02:00,4.373,4.375
2024-11-09 18:00:00+02:00,4.376,4.38
2024-11-09 20:00:00+02:00,4.38,4.398
2024-11-09 22:00:00+02:00,4.398,4.51
2024-11-10 00:00:00+02:00,4.509,4.635
2024-11-10 02:00:00+02:00,4.635,4.683
2024-11-10 04:00:00+02:00,4.683,4.838
2024-11-10 06:00:00+02:00,4.838,4.984
2024-11-10 08:00:00+02:00,4.985,4.926
2024-11-10 10:00:00+02:00,4.925,5.018
2024-11-10 12:00:00+02:00,5.018,5.162
2024-11-10 14:00:00+02:00,5.163,5.331
2024-11-10 16:00:00+02:00,5.332,5.247
2024-11-10 18:00:00+02:00,5.247,5.357
2024-11-10 20:00:00+02:00,5.357,5.319
2024-11-10 22:00:00+02:00,5.32,5.142
2024-11-11 00:00:00+02:00,5.142,5.244
2024-11-11 02:00:00+02:00,5.243,5.267
2024-11-11 04:00:00+02:00,5.267,5.256
2024-11-11 06:00:00+02:00,5.256,5.012
2024-11-11 08:00:00+02:00,5.011,5.082
2024-11-11 10:00:00+02:00,5.082,5.101
2024-11-11 12:00:00+02:00,5.101,5.17
2024-11-11 14:00:00+02:00,5.169,5.117
2024-11-11 16:00:00+02:00,5.116,5.203
2024-11-11 18:00:00+02:00,5.203,5.239
2024-11-11 20:00:00+02:00,5.239,5.248
2024-11-11 22:00:00+02:00,5.247,5.357
2024-11-12 00:00:00+02:00,5.358,5.714
2024-11-12 02:00:00+02:00,5.713,5.533
2024-11-12 04:00:00+02:00,5.533,5.578
2024-11-12 06:00:00+02:00,5.577,5.454
2024-11-12 08:00:00+02:00,5.454,5.584
2024-11-12 10:00:00+02:00,5.584,5.448
2024-11-12 12:00:00+02:00,5.449,5.375
2024-11-12 14:00:00+02:00,5.375,5.273
2024-11-12 16:00:00+02:00,5.273,5.291
2024-11-12 18:00:00+02:00,5.29,5.313
2024-11-12 20:00:00+02:00,5.313,5.36
2024-11-12 22:00:00+02:00,5.359,5.364
2024-11-13 00:00:00+02:00,5.365,5.312
2024-11-13 02:00:00+02:00,5.312,5.269
2024-11-13 04:00:00+02:00,5.268,5.084
2024-11-13 06:00:00+02:00,5.086,4.995
2024-11-13 08:00:00+02:00,4.995,5.089
2024-11-13 10:00:00+02:00,5.089,5.027
2024-11-13 12:00:00+02:00,5.027,5.071
2024-11-13 14:00:00+02:00,5.071,5.197
2024-11-13 16:00:00+02:00,5.197,5.378
2024-11-13 18:00:00+02:00,5.377,5.295
2024-11-13 20:00:00+02:00,5.295,5.059
2024-11-13 22:00:00+02:00,5.059,5.006
2024-11-14 00:00:00+02:00,5.006,5.078
2024-11-14 02:00:00+02:00,5.078,5.059
2024-11-14 04:00:00+02:00,5.06,5.082
2024-11-14 06:00:00+02:00,5.082,5.184
2024-11-14 08:00:00+02:00,5.183,5.125
2024-11-14 10:00:00+02:00,5.125,5.083
2024-11-14 12:00:00+02:00,5.082,5.006
2024-11-14 14:00:00+02:00,5.006,4.955
2024-11-14 16:00:00+02:00,4.955,4.83
2024-11-14 18:00:00+02:00,4.83,4.918
2024-11-14 20:00:00+02:00,4.918,4.924
2024-11-14 22:00:00+02:00,4.923,4.926
2024-11-15 00:00:00+02:00,4.927,4.78
2024-11-15 02:00:00+02:00,4.779,4.825
2024-11-15 04:00:00+02:00,4.826,4.847
2024-11-15 06:00:00+02:00,4.848,4.831
2024-11-15 08:00:00+02:00,4.831,4.862
2024-11-15 10:00:00+02:00,4.862,4.944
2024-11-15 12:00:00+02:00,4.944,4.969
2024-11-15 14:00:00+02:00,4.968,5.036
2024-11-15 16:00:00+02:00,5.035,4.923
2024-11-15 18:00:00+02:00,4.923,5.009
2024-11-15 20:00:00+02:00,5.009,5.052
2024-11-15 22:00:00+02:00,5.052,5.153
2024-11-16 00:00:00+02:00,5.153,5.164
2024-11-16 02:00:00+02:00,5.163,5.2
2024-11-16 04:00:00+02:00,5.2,5.269
2024-11-16 06:00:00+02:00,5.269,5.309
2024-11-16 08:00:00+02:00,5.309,5.248
2024-11-16 10:00:00+02:00,5.248,5.342
2024-11-16 12:00:00+02:00,5.343,5.494
2024-11-16 14:00:00+02:00,5.496,5.408
2024-11-16 16:00:00+02:00,5.408,5.467
2024-11-16 18:00:00+02:00,5.466,5.602
2024-11-16 20:00:00+02:00,5.602,5.713
2024-11-16 22:00:00+02:00,5.713,5.788
2024-11-17 00:00:00+02:00,5.788,5.785
2024-11-17 02:00:00+02:00,5.785,5.679
2024-11-17 04:00:00+02:00,5.678,5.732
2024-11-17 06:00:00+02:00,5.732,5.592
2024-11-17 08:00:00+02:00,5.592,5.672
2024-11-17 10:00:00+02:00,5.672,5.693
2024-11-17 12:00:00+02:00,5.693,5.483
2024-11-17 14:00:00+02:00,5.483,5.596
2024-11-17 16:00:00+02:00,5.596,5.546
2024-11-17 18:00:00+02:00,5.548,5.581
2024-11-17 20:00:00+02:00,5.581,5.439
2024-11-17 22:00:00+02:00,5.44,5.349
2024-11-18 00:00:00+02:00,5.348,5.425
2024-11-18 02:00:00+02:00,5.426,5.795
2024-11-18 04:00:00+02:00,5.795,5.765
2024-11-18 06:00:00+02:00,5.765,5.848
2024-11-18 08:00:00+02:00,5.847,5.914
2024-11-18 10:00:00+02:00,5.915,5.803
2024-11-18 12:00:00+02:00,5.803,5.735
2024-11-18 14:00:00+02:00,5.736,5.702
2024-11-18 16:00:00+02:00,5.702,5.849
2024-11-18 18:00:00+02:00,5.851,5.926
2024-11-18 20:00:00+02:00,5.926,5.832
2024-11-18 22:00:00+02:00,5.831,5.947
2024-11-19 00:00:00+02:00,5.946,6.009
2024-11-19 02:00:00+02:00,6.01,5.929
2024-11-19 04:00:00+02:00,5.928,6.032
2024-11-19 06:00:00+02:00,6.033,5.941
2024-11-19 08:00:00+02:00,5.941,5.83
2024-11-19 10:00:00+02:00,5.83,5.764
2024-11-19 12:00:00+02:00,5.764,5.886
2024-11-19 14:00:00+02:00,5.886,5.783
2024-11-19 16:00:00+02:00,5.784,5.84
2024-11-19 18:00:00+02:00,5.84,5.795
2024-11-19 20:00:00+02:00,5.795,5.832
2024-11-19 22:00:00+02:00,5.831,5.739
2024-11-20 00:00:00+02:00,5.739,5.807
2024-11-20 02:00:00+02:00,5.808,5.82
2024-11-20 04:00:00+02:00,5.821,5.746
2024-11-20 06:00:00+02:00,5.746,5.821
2024-11-20 08:00:00+02:00,5.821,5.814
2024-11-20 10:00:00+02:00,5.814,6.022
2024-11-20 12:00:00+02:00,6.022,6.065
2024-11-20 14:00:00+02:00,6.065,6.054
2024-11-20 16:00:00+02:00,6.054,5.928
2024-11-20 18:00:00+02:00,5.929,5.667
2024-11-20 20:00:00+02:00,5.667,5.6
2024-11-20 22:00:00+02:00,5.6,5.708
2024-11-21 00:00:00+02:00,5.708,5.725
2024-11-21 02:00:00+02:00,5.724,5.706
2024-11-21 04:00:00+02:00,5.706,5.55
2024-11-21 06:00:00+02:00,5.55,5.671
2024-11-21 08:00:00+02:00,5.672,5.703
2024-11-21 10:00:00+02:00,5.704,5.604
2024-11-21 12:00:00+02:00,5.603,5.725
2024-11-21 14:00:00+02:00,5.724,5.898
2024-11-21 16:00:00+02:00,5.899,5.776
2024-11-21 18:00:00+02:00,5.775,5.837
2024-11-21 20:00:00+02:00,5.837,5.835
2024-11-21 22:00:00+02:00,5.835,5.877
2024-11-22 00:00:00+02:00,5.877,5.939
2024-11-22 02:00:00+02:00,5.939,6.173
2024-11-22 04:00:00+02:00,6.172,6.164
2024-11-22 06:00:00+02:00,6.164,6.231
2024-11-22 08:00:00+02:00,6.231,6.091
2024-11-22 10:00:00+02:00,6.091,6.072
2024-11-22 12:00:00+02:00,6.072,6.179
2024-11-22 14:00:00+02:00,6.179,6.062
2024-11-22 16:00:00+02:00,6.062,6.361
2024-11-22 18:00:00+02:00,6.361,6.317
2024-11-22 20:00:00+02:00,6.317,6.359
2024-11-22 22:00:00+02:00,6.358,6.427
2024-11-23 00:00:00+02:00,6.426,6.634
2024-11-23 02:00:00+02:00,6.635,7.159
2024-11-23 04:00:00+02:00,7.159,7.202
2024-11-23 06:00:00+02:00,7.202,7.411
2024-11-23 08:00:00+02:00,7.41,7.634
2024-11-23 10:00:00+02:00,7.634,7.681
2024-11-23 12:00:00+02:00,7.68,7.928
2024-11-23 14:00:00+02:00,7.928,8.103
2024-11-23 16:00:00+02:00,8.104,8.853
2024-11-23 18:00:00+02:00,8.853,8.647
2024-11-23 20:00:00+02:00,8.648,8.648
2024-11-23 22:00:00+02:00,8.65,8.662
2024-11-24 00:00:00+02:00,8.661,8.523
2024-11-24 02:00:00+02:00,8.524,9.495
2024-11-24 04:00:00+02:00,9.496,9.406
2024-11-24 06:00:00+02:00,9.406,8.993
2024-11-24 08:00:00+02:00,8.992,9.128
2024-11-24 10:00:00+02:00,9.127,8.848
2024-11-24 12:00:00+02:00,8.849,8.491
2024-11-24 14:00:00+02:00,8.492,8.772
2024-11-24 16:00:00+02:00,8.772,8.245
2024-11-24 18:00:00+02:00,8.245,8.414
2024-11-24 20:00:00+02:00,8.413,8.488
2024-11-24 22:00:00+02:00,8.488,8.908
2024-11-25 00:00:00+02:00,8.908,8.829
2024-11-25 02:00:00+02:00,8.831,8.544
2024-11-25 04:00:00+02:00,8.543,8.726
2024-11-25 06:00:00+02:00,8.726,9.084
2024-11-25 08:00:00+02:00,9.083,9.205
2024-11-25 10:00:00+02:00,9.204,9.153
2024-11-25 12:00:00+02:00,9.153,8.99
2024-11-25 14:00:00+02:00,8.99,8.664
2024-11-25 16:00:00+02:00,8.663,8.585
2024-11-25 18:00:00+02:00,8.586,8.436
2024-11-25 20:00:00+02:00,8.436,8.51
2024-11-25 22:00:00+02:00,8.51,8.398
2024-11-26 00:00:00+02:00,8.398,8.242
2024-11-26 02:00:00+02:00,8.24,8.401
2024-11-26 04:00:00+02:00,8.4,8.342
2024-11-26 06:00:00+02:00,8.343,8.439
2024-11-26 08:00:00+02:00,8.438,8.237
2024-11-26 10:00:00+02:00,8.237,8.032
2024-11-26 12:00:00+02:00,8.033,7.85
2024-11-26 14:00:00+02:00,7.849,7.851
2024-11-26 16:00:00+02:00,7.851,7.881
2024-11-26 18:00:00+02:00,7.882,8.052
2024-11-26 20:00:00+02:00,8.051,8.016
2024-11-26 22:00:00+02:00,8.015,8.039
2024-11-27 00:00:00+02:00,8.038,8.072
2024-11-27 02:00:00+02:00,8.072,8.098
2024-11-27 04:00:00+02:00,8.098,8.063
2024-11-27 06:00:00+02:00,8.064,8.115
2024-11-27 08:00:00+02:00,8.115,8.289
2024-11-27 10:00:00+02:00,8.289,8.382
2024-11-27 12:00:00+02:00,8.382,8.302
2024-11-27 14:00:00+02:00,8.301,8.39
2024-11-27 16:00:00+02:00,8.39,8.41
2024-11-27 18:00:00+02:00,8.41,8.34
2024-11-27 20:00:00+02:00,8.34,8.387
2024-11-27 22:00:00+02:00,8.387,8.387
2024-11-28 00:00:00+02:00,8.386,8.462
2024-11-28 02:00:00+02:00,8.461,8.491
2024-11-28 04:00:00+02:00,8.492,8.218
2024-11-28 06:00:00+02:00,8.218,8.192
2024-11-28 08:00:00+02:00,8.193,8.178
2024-11-28 10:00:00+02:00,8.178,8.141
2024-11-28 12:00:00+02:00,8.142,8.205
2024-11-28 14:00:00+02:00,8.205,8.189
2024-11-28 16:00:00+02:00,8.188,8.034
2024-11-28 18:00:00+02:00,8.034,8.245
2024-11-28 20:00:00+02:00,8.245,8.577
2024-11-28 22:00:00+02:00,8.577,8.512
2024-11-29 00:00:00+02:00,8.512,8.622
2024-11-29 02:00:00+02:00,8.622,8.608
2024-11-29 04:00:00+02:00,8.607,8.579
2024-11-29 06:00:00+02:00,8.579,8.463
2024-11-29 08:00:00+02:00,8.463,8.457
2024-11-29 10:00:00+02:00,8.457,8.644
2024-11-29 12:00:00+02:00,8.644,8.711
2024-11-29 14:00:00+02:00,8.712,8.676
2024-11-29 16:00:00+02:00,8.676,8.705
2024-11-29 18:00:00+02:00,8.706,8.601
2024-11-29 20:00:00+02:00,8.601,8.724
2024-11-29 22:00:00+02:00,8.724,8.729
2024-11-30 00:00:00+02:00,8.728,9.031
2024-11-30 02:00:00+02:00,9.032,8.707
2024-11-30 04:00:00+02:00,8.708,8.679
2024-11-30 06:00:00+02:00,8.679,8.759
2024-11-30 08:00:00+02:00,8.759,8.877
2024-11-30 10:00:00+02:00,8.876,9.049
2024-11-30 12:00:00+02:00,9.049,8.892
2024-11-30 14:00:00+02:00,8.891,8.846
2024-11-30 16:00:00+02:00,8.847,8.855
2024-11-30 18:00:00+02:00,8.856,8.934
2024-11-30 20:00:00+02:00,8.934,9.124
2024-11-30 22:00:00+02:00,9.125,9.11
2024-12-01 00:00:00+02:00,9.111,8.953
2024-12-01 02:00:00+02:00,8.952,8.839
2024-12-01 04:00:00+02:00,8.838,8.848
2024-12-01 06:00:00+02:00,8.849,8.752
2024-12-01 08:00:00+02:00,8.752,8.81
2024-12-01 10:00:00+02:00,8.811,8.939
2024-12-01 12:00:00+02:00,8.939,9.184
2024-12-01 14:00:00+02:00,9.184,9.076
2024-12-01 16:00:00+02:00,9.076,9.116
2024-12-01 18:00:00+02:00,9.116,9.027
2024-12-01 20:00:00+02:00,9.026,9.145
2024-12-01 22:00:00+02:00,9.146,9.272
2024-12-02 00:00:00+02:00,9.271,9.299
2024-12-02 02:00:00+02:00,9.299,9.489
2024-12-02 04:00:00+02:00,9.49,9.118
2024-12-02 06:00:00+02:00,9.118,9.171
2024-12-02 08:00:00+02:00,9.172,9.045
2024-12-02 10:00:00+02:00,9.044,8.733
2024-12-02 12:00:00+02:00,8.734,8.545
2024-12-02 14:00:00+02:00,8.544,8.858
2024-12-02 16:00:00+02:00,8.859,9.147
2024-12-02 18:00:00+02:00,9.147,8.827
2024-12-02 20:00:00+02:00,8.826,9.229
2024-12-02 22:00:00+02:00,9.229,9.904
2024-12-03 00:00:00+02:00,9.904,10.022
2024-12-03 02:00:00+02:00,10.022,10.047
2024-12-03 04:00:00+02:00,10.047,10.149
2024-12-03 06:00:00+02:00,10.149,10.205
2024-12-03 08:00:00+02:00,10.205,9.864
2024-12-03 10:00:00+02:00,9.864,10.017
2024-12-03 12:00:00+02:00,10.016,10.067
2024-12-03 14:00:00+02:00,10.068,9.539
2024-12-03 16:00:00+02:00,9.539,9.573
2024-12-03 18:00:00+02:00,9.571,9.58
2024-12-03 20:00:00+02:00,9.58,9.567
2024-12-03 22:00:00+02:00,9.566,9.76
2024-12-04 00:00:00+02:00,9.762,9.783
2024-12-04 02:00:00+02:00,9.786,9.884
2024-12-04 04:00:00+02:00,9.885,9.966
2024-12-04 06:00:00+02:00,9.966,10.079
2024-12-04 08:00:00+02:00,10.079,10.057
2024-12-04 10:00:00+02:00,10.057,10.46
2024-12-04 12:00:00+02:00,10.461,11.003
2024-12-04 14:00:00+02:00,11.004,11.405
2024-12-04 16:00:00+02:00,11.406,10.995
2024-12-04 18:00:00+02:00,10.995,10.581
2024-12-04 20:00:00+02:00,10.58,11.08
2024-12-04 22:00:00+02:00,11.081,10.858
2024-12-05 00:00:00+02:00,10.858,10.526
2024-12-05 02:00:00+02:00,10.526,10.006
2024-12-05 04:00:00+02:00,10.005,10.284
2024-12-05 06:00:00+02:00,10.283,10.373
2024-12-05 08:00:00+02:00,10.374,10.722
2024-12-05 10:00:00+02:00,10.723,10.728
2024-12-05 12:00:00+02:00,10.729,11.118
2024-12-05 14:00:00+02:00,11.117,10.879
2024-12-05 16:00:00+02:00,10.88,10.908
2024-12-05 18:00:00+02:00,10.909,10.977
2024-12-05 20:00:00+02:00,10.977,10.824
2024-12-05 22:00:00+02:00,10.825,10.744
2024-12-06 00:00:00+02:00,10.743,10.381
2024-12-06 02:00:00+02:00,10.381,10.69
2024-12-06 04:00:00+02:00,10.689,10.607
2024-12-06 06:00:00+02:00,10.608,10.656
2024-12-06 08:00:00+02:00,10.657,10.513
2024-12-06 10:00:00+02:00,10.512,10.285
2024-12-06 12:00:00+02:00,10.284,10.243
2024-12-06 14:00:00+02:00,10.243,10.259
2024-12-06 16:00:00+02:00,10.259,10.558
2024-12-06 18:00:00+02:00,10.559,10.49
2024-12-06 20:00:00+02:00,10.489,10.734
2024-12-06 22:00:00+02:00,10.734,10.598
2024-12-07 00:00:00+02:00,10.598,10.682
2024-12-07 02:00:00+02:00,10.683,10.565
2024-12-07 04:00:00+02:00,10.565,10.515
2024-12-07 06:00:00+02:00,10.514,10.513
2024-12-07 08:00:00+02:00,10.512,10.512
2024-12-07 10:00:00+02:00,10.511,10.43
2024-12-07 12:00:00+02:00,10.43,10.454
2024-12-07 14:00:00+02:00,10.453,10.622
2024-12-07 16:00:00+02:00,10.622,10.771
2024-12-07 18:00:00+02:00,10.771,10.565
2024-12-07 20:00:00+02:00,10.563,10.689
2024-12-07 22:00:00+02:00,10.69,10.657
2024-12-08 00:00:00+02:00,10.657,10.604
2024-12-08 02:00:00+02:00,10.604,10.684
2024-12-08 04:00:00+02:00,10.683,10.582
2024-12-08 06:00:00+02:00,10.581,10.422
2024-12-08 08:00:00+02:00,10.422,10.477
2024-12-08 10:00:00+02:00,10.477,10.253
2024-12-08 12:00:00+02:00,10.254,10.468
2024-12-08 14:00:00+02:00,10.467,10.55
2024-12-08 16:00:00+02:00,10.55,10.353
2024-12-08 18:00:00+02:00,10.353,10.365
2024-12-08 20:00:00+02:00,10.366,10.322
2024-12-08 22:00:00+02:00,10.323,10.348
2024-12-09 00:00:00+02:00,10.347,10.402
2024-12-09 02:00:00+02:00,10.402,10.187
2024-12-09 04:00:00+02:00,10.188,10.062
2024-12-09 06:00:00+02:00,10.062,10.13
2024-12-09 08:00:00+02:00,10.13,9.883
2024-12-09 10:00:00+02:00,9.882,9.51
2024-12-09 12:00:00+02:00,9.51,9.461
2024-12-09 14:00:00+02:00,9.461,9.676
2024-12-09 16:00:00+02:00,9.677,9.506
2024-12-09 18:00:00+02:00,9.506,9.502
2024-12-09 20:00:00+02:00,9.502,9.499
2024-12-09 22:00:00+02:00,9.499,8.396
2024-12-10 00:00:00+02:00,8.395,8.467
2024-12-10 02:00:00+02:00,8.468,8.583
2024-12-10 04:00:00+02:00,8.583,8.319
2024-12-10 06:00:00+02:00,8.32,8.559
2024-12-10 08:00:00+02:00,8.558,8.573
2024-12-10 10:00:00+02:00,8.572,8.55
2024-12-10 12:00:00+02:00,8.551,8.64
2024-12-10 14:00:00+02:00,8.641,8.372
2024-12-10 16:00:00+02:00,8.372,7.883
2024-12-10 18:00:00+02:00,7.883,7.615
2024-12-10 20:00:00+02:00,7.615,8.102
2024-12-10 22:00:00+02:00,8.102,8.38
2024-12-11 00:00:00+02:00,8.381,8.389
2024-12-11 02:00:00+02:00,8.389,8.059
2024-12-11 04:00:00+02:00,8.06,8.367
2024-12-11 06:00:00+02:00,8.368,8.374
2024-12-11 08:00:00+02:00,8.374,8.268
2024-12-11 10:00:00+02:00,8.267,8.533
2024-12-11 12:00:00+02:00,8.532,8.606
2024-12-11 14:00:00+02:00,8.605,9.081
2024-12-11 16:00:00+02:00,9.081,9.189
2024-12-11 18:00:00+02:00,9.189,8.969
2024-12-11 20:00:00+02:00,8.969,9.03
2024-12-11 22:00:00+02:00,9.03,9.077
2024-12-12 00:00:00+02:00,9.077,8.992
2024-12-12 02:00:00+02:00,8.991,8.969
2024-12-12 04:00:00+02:00,8.969,9.267
2024-12-12 06:00:00+02:00,9.266,9.501
2024-12-12 08:00:00+02:00,9.502,9.315
2024-12-12 10:00:00+02:00,9.314,9.267
2024-12-12 12:00:00+02:00,9.268,9.098
2024-12-12 14:00:00+02:00,9.098,9.173
2024-12-12 16:00:00+02:00,9.173,9.231
2024-12-12 18:00:00+02:00,9.231,9.322
2024-12-12 20:00:00+02:00,9.323,8.973
2024-12-12 22:00:00+02:00,8.973,9.047
2024-12-13 00:00:00+02:00,9.048,9.06
2024-12-13 02:00:00+02:00,9.061,8.969
2024-12-13 04:00:00+02:00,8.969,9.133
2024-12-13 06:00:00+02:00,9.132,9.018
2024-12-13 08:00:00+02:00,9.017,8.886
2024-12-13 10:00:00+02:00,8.884,8.974
2024-12-13 12:00:00+02:00,8.975,9.025
2024-12-13 14:00:00+02:00,9.026,9.014
2024-12-13 16:00:00+02:00,9.014,8.834
2024-12-13 18:00:00+02:00,8.834,8.983
2024-12-13 20:00:00+02:00,8.982,9.041
2024-12-13 22:00:00+02:00,9.041,8.984
2024-12-14 00:00:00+02:00,8.984,9.088
2024-12-14 02:00:00+02:00,9.088,9.115
2024-12-14 04:00:00+02:00,9.116,9.025
2024-12-14 06:00:00+02:00,9.025,9.026
2024-12-14 08:00:00+02:00,9.026,8.973
2024-12-14 10:00:00+02:00,8.973,8.934
2024-12-14 12:00:00+02:00,8.933,8.753
2024-12-14 14:00:00+02:00,8.753,8.547
2024-12-14 16:00:00+02:00,8.546,8.639
2024-12-14 18:00:00+02:00,8.638,8.501
2024-12-14 20:00:00+02:00,8.501,8.494
2024-12-14 22:00:00+02:00,8.493,8.474
2024-12-15 00:00:00+02:00,8.473,8.55
2024-12-15 02:00:00+02:00,8.55,8.628
2024-12-15 04:00:00+02:00,8.629,8.503
2024-12-15 06:00:00+02:00,8.503,8.566
2024-12-15 08:00:00+02:00,8.566,8.428
2024-12-15 10:00:00+02:00,8.428,8.657
2024-12-15 12:00:00+02:00,8.658,8.725
2024-12-15 14:00:00+02:00,8.724,8.903
2024-12-15 16:00:00+02:00,8.905,9.046
2024-12-15 18:00:00+02:00,9.045,8.946
2024-12-15 20:00:00+02:00,8.946,8.957
2024-12-15 22:00:00+02:00,8.957,8.711
2024-12-16 00:00:00+02:00,8.71,9.027
2024-12-16 02:00:00+02:00,9.026,9.078
2024-12-16 04:00:00+02:00,9.079,8.917
2024-12-16 06:00:00+02:00,8.916,8.935
2024-12-16 08:00:00+02:00,8.936,8.881
2024-12-16 10:00:00+02:00,8.882,8.735
2024-12-16 12:00:00+02:00,8.736,8.634
2024-12-16 14:00:00+02:00,8.635,8.69
2024-12-16 16:00:00+02:00,8.689,8.906
2024-12-16 18:00:00+02:00,8.907,9.026
2024-12-16 20:00:00+02:00,9.026,8.947
2024-12-16 22:00:00+02:00,8.948,8.948
2024-12-17 00:00:00+02:00,8.949,8.754
2024-12-17 02:00:00+02:00,8.754,8.737
2024-12-17 04:00:00+02:00,8.738,8.761
2024-12-17 06:00:00+02:00,8.761,8.703
2024-12-17 08:00:00+02:00,8.703,8.64
2024-12-17 10:00:00+02:00,8.639,8.877
2024-12-17 12:00:00+02:00,8.877,8.891
2024-12-17 14:00:00+02:00,8.89,8.878
2024-12-17 16:00:00+02:00,8.879,8.604
2024-12-17 18:00:00+02:00,8.603,8.809
2024-12-17 20:00:00+02:00,8.809,8.666
2024-12-17 22:00:00+02:00,8.665,8.661
2024-12-18 00:00:00+02:00,8.66,8.485
2024-12-18 02:00:00+02:00,8.485,8.398
2024-12-18 04:00:00+02:00,8.398,8.363
2024-12-18 06:00:00+02:00,8.362,8.227
2024-12-18 08:00:00+02:00,8.228,8.227
2024-12-18 10:00:00+02:00,8.227,8.289
2024-12-18 12:00:00+02:00,8.289,8.361
2024-12-18 14:00:00+02:00,8.36,8.23
2024-12-18 16:00:00+02:00,8.231,8.184
2024-12-18 18:00:00+02:00,8.184,8.287
2024-12-18 20:00:00+02:00,8.287,8.095
2024-12-18 22:00:00+02:00,8.095,7.869
2024-12-19 00:00:00+02:00,7.868,7.676
2024-12-19 02:00:00+02:00,7.677,7.498
2024-12-19 04:00:00+02:00,7.498,7.648
2024-12-19 06:00:00+02:00,7.648,7.631
2024-12-19 08:00:00+02:00,7.632,7.636
2024-12-19 10:00:00+02:00,7.635,7.602
2024-12-19 12:00:00+02:00,7.603,7.728
2024-12-19 14:00:00+02:00,7.729,7.594
2024-12-19 16:00:00+02:00,7.595,7.43
2024-12-19 18:00:00+02:00,7.429,7.151
2024-12-19 20:00:00+02:00,7.151,6.958
2024-12-19 22:00:00+02:00,6.959,7.063
2024-12-20 00:00:00+02:00,7.063,6.937
2024-12-20 02:00:00+02:00,6.938,7.014
2024-12-20 04:00:00+02:00,7.013,7.12
2024-12-20 06:00:00+02:00,7.119,6.966
2024-12-20 08:00:00+02:00,6.965,6.953
2024-12-20 10:00:00+02:00,6.952,6.404
2024-12-20 12:00:00+02:00,6.404,6.072
2024-12-20 14:00:00+02:00,6.073,6.668
2024-12-20 16:00:00+02:00,6.668,6.858
2024-12-20 18:00:00+02:00,6.857,7.112
2024-12-20 20:00:00+02:00,7.111,7.182
2024-12-20 22:00:00+02:00,7.181,7.2
2024-12-21 00:00:00+02:00,7.199,7.288
2024-12-21 02:00:00+02:00,7.288,7.301
2024-12-21 04:00:00+02:00,7.301,7.309
2024-12-21 06:00:00+02:00,7.309,7.651
2024-12-21 08:00:00+02:00,7.651,7.7
2024-12-21 10:00:00+02:00,7.7,7.531
2024-12-21 12:00:00+02:00,7.531,7.451
2024-12-21 14:00:00+02:00,7.451,7.106
2024-12-21 16:00:00+02:00,7.105,7.118
2024-12-21 18:00:00+02:00,7.118,7.054
2024-12-21 20:00:00+02:00,7.055,6.952
2024-12-21 22:00:00+02:00,6.951,6.932
2024-12-22 00:00:00+02:00,6.931,6.97
2024-12-22 02:00:00+02:00,6.97,6.962
2024-12-22 04:00:00+02:00,6.961,6.97
2024-12-22 06:00:00+02:00,6.969,6.908
2024-12-22 08:00:00+02:00,6.908,6.958
2024-12-22 10:00:00+02:00,6.957,7.172
2024-12-22 12:00:00+02:00,7.172,7.097
2024-12-22 14:00:00+02:00,7.097,7.063
2024-12-22 16:00:00+02:00,7.063,6.889
2024-12-22 18:00:00+02:00,6.889,6.945
2024-12-22 20:00:00+02:00,6.947,6.762
2024-12-22 22:00:00+02:00,6.763,6.858
2024-12-23 00:00:00+02:00,6.857,6.839
2024-12-23 02:00:00+02:00,6.838,6.752
2024-12-23 04:00:00+02:00,6.753,7.062
2024-12-23 06:00:00+02:00,7.062,6.969
2024-12-23 08:00:00+02:00,6.969,6.904
2024-12-23 10:00:00+02:00,6.903,6.99
2024-12-23 12:00:00+02:00,6.989,6.978
2024-12-23 14:00:00+02:00,6.978,6.916
2024-12-23 16:00:00+02:00,6.917,6.863
2024-12-23 18:00:00+02:00,6.862,6.994
2024-12-23 20:00:00+02:00,6.993,7.049
2024-12-23 22:00:00+02:00,7.048,7.361
2024-12-24 00:00:00+02:00,7.361,7.38
2024-12-24 02:00:00+02:00,7.379,7.225
2024-12-24 04:00:00+02:00,7.224,7.327
2024-12-24 06:00:00+02:00,7.326,7.305
2024-12-24 08:00:00+02:00,7.305,7.226
2024-12-24 10:00:00+02:00,7.226,7.224
2024-12-24 12:00:00+02:00,7.224,7.299
2024-12-24 14:00:00+02:00,7.298,7.5
2024-12-24 16:00:00+02:00,7.501,7.563
2024-12-24 18:00:00+02:00,7.562,7.536
2024-12-24 20:00:00+02:00,7.537,7.446
2024-12-24 22:00:00+02:00,7.447,7.569
2024-12-25 00:00:00+02:00,7.57,7.547
2024-12-25 02:00:00+02:00,7.548,7.509
2024-12-25 04:00:00+02:00,7.509,7.459
2024-12-25 06:00:00+02:00,7.46,7.463
2024-12-25 08:00:00+02:00,7.464,7.399
2024-12-25 10:00:00+02:00,7.398,7.517
2024-12-25 12:00:00+02:00,7.518,7.402
2024-12-25 14:00:00+02:00,7.403,7.46
2024-12-25 16:00:00+02:00,7.461,7.452
2024-12-25 18:00:00+02:00,7.453,7.478
2024-12-25 20:00:00+02:00,7.478,7.516
2024-12-25 22:00:00+02:00,7.516,7.485
2024-12-26 00:00:00+02:00,7.485,7.498
2024-12-26 02:00:00+02:00,7.499,7.432
2024-12-26 04:00:00+02:00,7.431,7.338
2024-12-26 06:00:00+02:00,7.338,7.257
2024-12-26 08:00:00+02:00,7.258,7.163
2024-12-26 10:00:00+02:00,7.162,7.003
2024-12-26 12:00:00+02:00,7.003,7.03
2024-12-26 14:00:00+02:00,7.03,6.993
2024-12-26 16:00:00+02:00,6.992,6.954
2024-12-26 18:00:00+02:00,6.954,6.938
2024-12-26 20:00:00+02:00,6.937,6.98
2024-12-26 22:00:00+02:00,6.98,6.971
2024-12-27 00:00:00+02:00,6.971,6.93
2024-12-27 02:00:00+02:00,6.93,7.006
2024-12-27 04:00:00+02:00,7.005,7.021
2024-12-27 06:00:00+02:00,7.02,6.999
2024-12-27 08:00:00+02:00,6.999,6.949
2024-12-27 10:00:00+02:00,6.949,7.239
2024-12-27 12:00:00+02:00,7.239,7.218
2024-12-27 14:00:00+02:00,7.217,7.082
2024-12-27 16:00:00+02:00,7.081,6.869
2024-12-27 18:00:00+02:00,6.868,7.03
2024-12-27 20:00:00+02:00,7.031,6.988
2024-12-27 22:00:00+02:00,6.988,6.906
2024-12-28 00:00:00+02:00,6.905,6.907
2024-12-28 02:00:00+02:00,6.908,6.879
2024-12-28 04:00:00+02:00,6.879,6.919
2024-12-28 06:00:00+02:00,6.92,6.902
2024-12-28 08:00:00+02:00,6.903,6.811
2024-12-28 10:00:00+02:00,6.811,6.882
2024-12-28 12:00:00+02:00,6.882,6.892
2024-12-28 14:00:00+02:00,6.891,6.953
2024-12-28 16:00:00+02:00,6.952,6.943
2024-12-28 18:00:00+02:00,6.944,7.069
2024-12-28 20:00:00+02:00,7.069,7.042
2024-12-28 22:00:00+02:00,7.042,7.107
2024-12-29 00:00:00+02:00,7.107,7.11
2024-12-29 02:00:00+02:00,7.111,7.033
2024-12-29 04:00:00+02:00,7.034,7.118
2024-12-29 06:00:00+02:00,7.118,7.061
2024-12-29 08:00:00+02:00,7.061,7.14
2024-12-29 10:00:00+02:00,7.14,7.08
2024-12-29 12:00:00+02:00,7.08,7.032
2024-12-29 14:00:00+02:00,7.032,7.046
2024-12-29 16:00:00+02:00,7.047,6.984
2024-12-29 18:00:00+02:00,6.984,6.923
2024-12-29 20:00:00+02:00,6.922,6.924
2024-12-29 22:00:00+02:00,6.924,6.88
2024-12-30 00:00:00+02:00,6.88,6.862
2024-12-30 02:00:00+02:00,6.862,7.038
2024-12-30 04:00:00+02:00,7.037,6.955
2024-12-30 06:00:00+02:00,6.956,6.943
2024-12-30 08:00:00+02:00,6.942,6.96
2024-12-30 10:00:00+02:00,6.959,6.899
2024-12-30 12:00:00+02:00,6.9,6.835
2024-12-30 14:00:00+02:00,6.834,6.609
2024-12-30 16:00:00+02:00,6.61,6.608
2024-12-30 18:00:00+02:00,6.608,6.8
2024-12-30 20:00:00+02:00,6.8,6.851
2024-12-30 22:00:00+02:00,6.852,6.631
2024-12-31 00:00:00+02:00,6.63,6.701
2024-12-31 02:00:00+02:00,6.701,6.636
2024-12-31 04:00:00+02:00,6.635,6.602
2024-12-31 06:00:00+02:00,6.602,6.591
2024-12-31 08:00:00+02:00,6.591,6.605
2024-12-31 10:00:00+02:00,6.605,6.705
2024-12-31 12:00:00+02:00,6.705,6.7
2024-12-31 14:00:00+02:00,6.7,6.845
2024-12-31 16:00:00+02:00,6.846,6.842
2024-12-31 18:00:00+02:00,6.842,6.708
2024-12-31 20:00:00+02:00,6.709,6.695
2024-12-31 22:00:00+02:00,6.694,6.691
2025-01-01 00:00:00+02:00,6.691,6.637
2025-01-01 02:00:00+02:00,6.637,6.67
2025-01-01 04:00:00+02:00,6.67,6.657
2025-01-01 06:00:00+02:00,6.657,6.668
2025-01-01 08:00:00+02:00,6.669,6.645
2025-01-01 10:00:00+02:00,6.644,6.547
2025-01-01 12:00:00+02:00,6.547,6.618
2025-01-01 14:00:00+02:00,6.617,6.698
2025-01-01 16:00:00+02:00,6.697,6.796
2025-01-01 18:00:00+02:00,6.796,6.832
2025-01-01 20:00:00+02:00,6.831,6.994
2025-01-01 22:00:00+02:00,6.995,7.121
2025-01-02 00:00:00+02:00,7.121,7.052
2025-01-02 02:00:00+02:00,7.052,7.177
2025-01-02 04:00:00+02:00,7.178,7.163
2025-01-02 06:00:00+02:00,7.163,7.189
2025-01-02 08:00:00+02:00,7.191,7.224
2025-01-02 10:00:00+02:00,7.225,7.331
2025-01-02 12:00:00+02:00,7.33,7.292
2025-01-02 14:00:00+02:00,7.293,7.24
2025-01-02 16:00:00+02:00,7.24,7.188
2025-01-02 18:00:00+02:00,7.188,7.155
2025-01-02 20:00:00+02:00,7.155,7.156
2025-01-02 22:00:00+02:00,7.157,7.17
2025-01-03 00:00:00+02:00,7.171,7.175
2025-01-03 02:00:00+02:00,7.175,7.218
2025-01-03 04:00:00+02:00,7.219,7.325
2025-01-03 06:00:00+02:00,7.324,7.235
2025-01-03 08:00:00+02:00,7.234,7.219
2025-01-03 10:00:00+02:00,7.219,7.494
2025-01-03 12:00:00+02:00,7.494,7.687
2025-01-03 14:00:00+02:00,7.687,7.73
2025-01-03 16:00:00+02:00,7.73,7.866
2025-01-03 18:00:00+02:00,7.867,7.781
2025-01-03 20:00:00+02:00,7.782,7.755
2025-01-03 22:00:00+02:00,7.754,7.707
2025-01-04 00:00:00+02:00,7.707,7.749
2025-01-04 02:00:00+02:00,7.75,7.792
2025-01-04 04:00:00+02:00,7.793,7.768
2025-01-04 06:00:00+02:00,7.769,7.762
2025-01-04 08:00:00+02:00,7.762,7.753
2025-01-04 10:00:00+02:00,7.754,7.672
2025-01-04 12:00:00+02:00,7.672,7.688
2025-01-04 14:00:00+02:00,7.688,7.799
2025-01-04 16:00:00+02:00,7.798,7.685
2025-01-04 18:00:00+02:00,7.685,7.716
2025-01-04 20:00:00+02:00,7.716,7.682
2025-01-04 22:00:00+02:00,7.682,7.67
2025-01-05 00:00:00+02:00,7.671,7.676
2025-01-05 02:00:00+02:00,7.675,7.617
2025-01-05 04:00:00+02:00,7.617,7.61
2025-01-05 06:00:00+02:00,7.61,7.617
2025-01-05 08:00:00+02:00,7.618,7.652
2025-01-05 10:00:00+02:00,7.652,7.54
2025-01-05 12:00:00+02:00,7.54,7.545
2025-01-05 14:00:00+02:00,7.544,7.55
2025-01-05 16:00:00+02:00,7.55,7.569
2025-01-05 18:00:00+02:00,7.57,7.579
2025-01-05 20:00:00+02:00,7.579,7.61
2025-01-05 22:00:00+02:00,7.609,7.645
2025-01-06 00:00:00+02:00,7.644,7.67
2025-01-06 02:00:00+02:00,7.671,7.713
2025-01-06 04:00:00+02:00,7.713,7.811
2025-01-06 06:00:00+02:00,7.812,7.79
2025-01-06 08:00:00+02:00,7.79,7.704
2025-01-06 10:00:00+02:00,7.705,7.65
2025-01-06 12:00:00+02:00,7.651,7.705
2025-01-06 14:00:00+02:00,7.704,7.709
2025-01-06 16:00:00+02:00,7.709,7.879
2025-01-06 18:00:00+02:00,7.879,7.758
2025-01-06 20:00:00+02:00,7.757,7.808
2025-01-06 22:00:00+02:00,7.808,7.715
2025-01-07 00:00:00+02:00,7.715,7.768
2025-01-07 02:00:00+02:00,7.768,7.781
2025-01-07 04:00:00+02:00,7.781,7.712
2025-01-07 06:00:00+02:00,7.711,7.703
2025-01-07 08:00:00+02:00,7.703,7.768
2025-01-07 10:00:00+02:00,7.768,7.794
2025-01-07 12:00:00+02:00,7.793,7.722
2025-01-07 14:00:00+02:00,7.723,7.803
2025-01-07 16:00:00+02:00,7.803,7.3
2025-01-07 18:00:00+02:00,7.3,7.211
2025-01-07 20:00:00+02:00,7.21,7.094
2025-01-07 22:00:00+02:00,7.095,7.019
2025-01-08 00:00:00+02:00,7.019,7.008
2025-01-08 02:00:00+02:00,7.009,7.053
2025-01-08 04:00:00+02:00,7.054,6.941
2025-01-08 06:00:00+02:00,6.941,6.855
2025-01-08 08:00:00+02:00,6.855,6.865
2025-01-08 10:00:00+02:00,6.865,6.898
2025-01-08 12:00:00+02:00,6.899,6.868
2025-01-08 14:00:00+02:00,6.868,6.804
2025-01-08 16:00:00+02:00,6.804,6.846
2025-01-08 18:00:00+02:00,6.846,6.656
2025-01-08 20:00:00+02:00,6.656,6.645
2025-01-08 22:00:00+02:00,6.644,6.672
2025-01-09 00:00:00+02:00,6.671,6.755
2025-01-09 02:00:00+02:00,6.754,6.782
2025-01-09 04:00:00+02:00,6.782,6.725
2025-01-09 06:00:00+02:00,6.724,6.724
2025-01-09 08:00:00+02:00,6.723,6.572
2025-01-09 10:00:00+02:00,6.572,6.654
2025-01-09 12:00:00+02:00,6.655,6.683
2025-01-09 14:00:00+02:00,6.683,6.495
2025-01-09 16:00:00+02:00,6.495,6.789
2025-01-09 18:00:00+02:00,6.789,6.646
2025-01-09 20:00:00+02:00,6.646,6.534
2025-01-09 22:00:00+02:00,6.534,6.507
2025-01-10 00:00:00+02:00,6.506,6.553
2025-01-10 02:00:00+02:00,6.553,6.608
2025-01-10 04:00:00+02:00,6.607,6.623
2025-01-10 06:00:00+02:00,6.623,6.644
2025-01-10 08:00:00+02:00,6.644,6.757
2025-01-10 10:00:00+02:00,6.756,6.728
2025-01-10 12:00:00+02:00,6.729,6.723
2025-01-10 14:00:00+02:00,6.723,6.571
2025-01-10 16:00:00+02:00,6.57,6.629
2025-01-10 18:00:00+02:00,6.629,6.798
2025-01-10 20:00:00+02:00,6.798,6.768
2025-01-10 22:00:00+02:00,6.768,6.723
2025-01-11 00:00:00+02:00,6.723,6.727
2025-01-11 02:00:00+02:00,6.728,6.695
2025-01-11 04:00:00+02:00,6.694,6.658
2025-01-11 06:00:00+02:00,6.658,6.673
2025-01-11 08:00:00+02:00,6.673,6.637
2025-01-11 10:00:00+02:00,6.637,6.634
2025-01-11 12:00:00+02:00,6.634,6.702
2025-01-11 14:00:00+02:00,6.702,6.63
2025-01-11 16:00:00+02:00,6.631,6.635
2025-01-11 18:00:00+02:00,6.635,6.62
2025-01-11 20:00:00+02:00,6.619,6.636
2025-01-11 22:00:00+02:00,6.637,6.854
2025-01-12 00:00:00+02:00,6.854,6.738
2025-01-12 02:00:00+02:00,6.738,6.791
2025-01-12 04:00:00+02:00,6.791,6.779
2025-01-12 06:00:00+02:00,6.779,6.742
2025-01-12 08:00:00+02:00,6.742,6.721
2025-01-12 10:00:00+02:00,6.721,6.657
2025-01-12 12:00:00+02:00,6.657,6.675
2025-01-12 14:00:00+02:00,6.675,6.697
2025-01-12 16:00:00+02:00,6.698,6.734
2025-01-12 18:00:00+02:00,6.733,6.728
2025-01-12 20:00:00+02:00,6.727,6.694
2025-01-12 22:00:00+02:00,6.694,6.618
2025-01-13 00:00:00+02:00,6.617,6.629
2025-01-13 02:00:00+02:00,6.629,6.62
2025-01-13 04:00:00+02:00,6.619,6.449
2025-01-13 06:00:00+02:00,6.448,6.458
2025-01-13 08:00:00+02:00,6.458,6.403
2025-01-13 10:00:00+02:00,6.403,6.281
2025-01-13 12:00:00+02:00,6.282,6.057
2025-01-13 14:00:00+02:00,6.056,6.175
2025-01-13 16:00:00+02:00,6.174,6.282
2025-01-13 18:00:00+02:00,6.282,6.191
2025-01-13 20:00:00+02:00,6.192,6.193
2025-01-13 22:00:00+02:00,6.192,6.397
2025-01-14 00:00:00+02:00,6.397,6.392
2025-01-14 02:00:00+02:00,6.391,6.388
2025-01-14 04:00:00+02:00,6.387,6.408
2025-01-14 06:00:00+02:00,6.409,6.414
2025-01-14 08:00:00+02:00,6.415,6.399
2025-01-14 10:00:00+02:00,6.398,6.544
2025-01-14 12:00:00+02:00,6.545,6.466
2025-01-14 14:00:00+02:00,6.465,6.478
2025-01-14 16:00:00+02:00,6.478,6.518
2025-01-14 18:00:00+02:00,6.519,6.579
2025-01-14 20:00:00+02:00,6.579,6.624
2025-01-14 22:00:00+02:00,6.623,6.638
2025-01-15 00:00:00+02:00,6.639,6.665
2025-01-15 02:00:00+02:00,6.665,6.685
2025-01-15 04:00:00+02:00,6.686,6.7
2025-01-15 06:00:00+02:00,6.701,6.693
2025-01-15 08:00:00+02:00,6.692,6.773
2025-01-15 10:00:00+02:00,6.773,6.639
2025-01-15 12:00:00+02:00,6.638,6.589
2025-01-15 14:00:00+02:00,6.59,6.906
2025-01-15 16:00:00+02:00,6.905,7.015
2025-01-15 18:00:00+02:00,7.016,6.89
2025-01-15 20:00:00+02:00,6.89,7.023
2025-01-15 22:00:00+02:00,7.024,6.997
2025-01-16 00:00:00+02:00,6.996,7.161
2025-01-16 02:00:00+02:00,7.16,7.101
2025-01-16 04:00:00+02:00,7.101,7.06
2025-01-16 06:00:00+02:00,7.06,7.037
2025-01-16 08:00:00+02:00,7.037,7.014
2025-01-16 10:00:00+02:00,7.013,6.926
2025-01-16 12:00:00+02:00,6.926,7.078
2025-01-16 14:00:00+02:00,7.077,7.171
2025-01-16 16:00:00+02:00,7.171,7.235
2025-01-16 18:00:00+02:00,7.236,7.288
2025-01-16 20:00:00+02:00,7.289,7.325
2025-01-16 22:00:00+02:00,7.326,7.229
2025-01-17 00:00:00+02:00,7.229,7.149
2025-01-17 02:00:00+02:00,7.15,7.338
2025-01-17 04:00:00+02:00,7.339,7.288
2025-01-17 06:00:00+02:00,7.287,7.376
2025-01-17 08:00:00+02:00,7.375,7.325
2025-01-17 10:00:00+02:00,7.325,7.39
2025-01-17 12:00:00+02:00,7.389,7.394
2025-01-17 14:00:00+02:00,7.394,7.326
2025-01-17 16:00:00+02:00,7.327,7.405
2025-01-17 18:00:00+02:00,7.406,7.381
2025-01-17 20:00:00+02:00,7.381,7.477
2025-01-17 22:00:00+02:00,7.478,7.561
2025-01-18 00:00:00+02:00,7.561,7.502
2025-01-18 02:00:00+02:00,7.502,7.448
2025-01-18 04:00:00+02:00,7.447,7.284
2025-01-18 06:00:00+02:00,7.284,6.984
2025-01-18 08:00:00+02:00,6.984,7.037
2025-01-18 10:00:00+02:00,7.036,7.016
2025-01-18 12:00:00+02:00,7.015,7.09
2025-01-18 14:00:00+02:00,7.09,7.119
2025-01-18 16:00:00+02:00,7.12,7.008
2025-01-18 18:00:00+02:00,7.009,6.882
2025-01-18 20:00:00+02:00,6.88,6.977
2025-01-18 22:00:00+02:00,6.977,6.906
2025-01-19 00:00:00+02:00,6.905,7.039
2025-01-19 02:00:00+02:00,7.039,7.213
2025-01-19 04:00:00+02:00,7.213,7.04
2025-01-19 06:00:00+02:00,7.039,6.938
2025-01-19 08:00:00+02:00,6.937,6.794
2025-01-19 10:00:00+02:00,6.794,6.646
2025-01-19 12:00:00+02:00,6.647,6.46
2025-01-19 14:00:00+02:00,6.461,6.69
2025-01-19 16:00:00+02:00,6.691,6.814
2025-01-19 18:00:00+02:00,6.814,6.891
2025-01-19 20:00:00+02:00,6.89,6.828
2025-01-19 22:00:00+02:00,6.828,6.408
2025-01-20 00:00:00+02:00,6.407,6.242
2025-01-20 02:00:00+02:00,6.242,6.126
2025-01-20 04:00:00+02:00,6.127,6.3
2025-01-20 06:00:00+02:00,6.3,6.345
2025-01-20 08:00:00+02:00,6.345,6.772
2025-01-20 10:00:00+02:00,6.772,6.709
2025-01-20 12:00:00+02:00,6.709,6.693
2025-01-20 14:00:00+02:00,6.693,6.606
2025-01-20 16:00:00+02:00,6.605,6.502
2025-01-20 18:00:00+02:00,6.503,6.302
2025-01-20 20:00:00+02:00,6.303,6.433
2025-01-20 22:00:00+02:00,6.432,6.348
2025-01-21 00:00:00+02:00,6.348,6.377
2025-01-21 02:00:00+02:00,6.378,6.285
2025-01-21 04:00:00+02:00,6.284,6.278
2025-01-21 06:00:00+02:00,6.277,6.205
2025-01-21 08:00:00+02:00,6.206,6.313
2025-01-21 10:00:00+02:00,6.314,6.398
2025-01-21 12:00:00+02:00,6.398,6.519
2025-01-21 14:00:00+02:00,6.52,6.562
2025-01-21 16:00:00+02:00,6.562,6.565
2025-01-21 18:00:00+02:00,6.565,6.781
2025-01-21 20:00:00+02:00,6.78,6.718
2025-01-21 22:00:00+02:00,6.717,6.732
2025-01-22 00:00:00+02:00,6.731,6.624
2025-01-22 02:00:00+02:00,6.624,6.604
2025-01-22 04:00:00+02:00,6.604,6.61
2025-01-22 06:00:00+02:00,6.61,6.585
2025-01-22 08:00:00+02:00,6.586,6.585
2025-01-22 10:00:00+02:00,6.585,6.577
2025-01-22 12:00:00+02:00,6.578,6.625
2025-01-22 14:00:00+02:00,6.626,6.525
2025-01-22 16:00:00+02:00,6.525,6.518
2025-01-22 18:00:00+02:00,6.518,6.579
2025-01-22 20:00:00+02:00,6.579,6.523
2025-01-22 22:00:00+02:00,6.523,6.494
2025-01-23 00:00:00+02:00,6.495,6.447
2025-01-23 02:00:00+02:00,6.446,6.354
2025-01-23 04:00:00+02:00,6.355,6.355
2025-01-23 06:00:00+02:00,6.355,6.337
2025-01-23 08:00:00+02:00,6.338,6.36
2025-01-23 10:00:00+02:00,6.36,6.284
2025-01-23 12:00:00+02:00,6.285,6.309
2025-01-23 14:00:00+02:00,6.31,6.336
2025-01-23 16:00:00+02:00,6.336,6.402
2025-01-23 18:00:00+02:00,6.403,6.396
2025-01-23 20:00:00+02:00,6.396,6.229
2025-01-23 22:00:00+02:00,6.228,6.242
2025-01-24 00:00:00+02:00,6.243,6.35
2025-01-24 02:00:00+02:00,6.349,6.268
2025-01-24 04:00:00+02:00,6.269,6.279
2025-01-24 06:00:00+02:00,6.279,6.49
2025-01-24 08:00:00+02:00,6.491,6.419
2025-01-24 10:00:00+02:00,6.418,6.445
2025-01-24 12:00:00+02:00,6.445,6.461
2025-01-24 14:00:00+02:00,6.46,6.493
2025-01-24 16:00:00+02:00,6.492,6.466
2025-01-24 18:00:00+02:00,6.465,6.473
2025-01-24 20:00:00+02:00,6.472,6.43
2025-01-24 22:00:00+02:00,6.43,6.363
2025-01-25 00:00:00+02:00,6.363,6.317
2025-01-25 02:00:00+02:00,6.318,6.307
2025-01-25 04:00:00+02:00,6.307,6.379
2025-01-25 06:00:00+02:00,6.379,6.313
2025-01-25 08:00:00+02:00,6.313,6.294
2025-01-25 10:00:00+02:00,6.294,6.278
2025-01-25 12:00:00+02:00,6.278,6.324
2025-01-25 14:00:00+02:00,6.324,6.324
2025-01-25 16:00:00+02:00,6.324,6.365
2025-01-25 18:00:00+02:00,6.364,6.369
2025-01-25 20:00:00+02:00,6.368,6.358
2025-01-25 22:00:00+02:00,6.357,6.36
2025-01-26 00:00:00+02:00,6.36,6.321
2025-01-26 02:00:00+02:00,6.321,6.297
2025-01-26 04:00:00+02:00,6.297,6.325
2025-01-26 06:00:00+02:00,6.324,6.347
2025-01-26 08:00:00+02:00,6.347,6.357
2025-01-26 10:00:00+02:00,6.356,6.293
2025-01-26 12:00:00+02:00,6.292,6.369
2025-01-26 14:00:00+02:00,6.369,6.375
2025-01-26 16:00:00+02:00,6.374,6.352
2025-01-26 18:00:00+02:00,6.353,6.382
2025-01-26 20:00:00+02:00,6.382,6.449
2025-01-26 22:00:00+02:00,6.449,6.351
2025-01-27 00:00:00+02:00,6.35,6.172
2025-01-27 02:00:00+02:00,6.172,6.005
2025-01-27 04:00:00+02:00,6.005,5.982
2025-01-27 06:00:00+02:00,5.982,5.859
2025-01-27 08:00:00+02:00,5.859,5.702
2025-01-27 10:00:00+02:00,5.702,5.701
2025-01-27 12:00:00+02:00,5.7,5.632
2025-01-27 14:00:00+02:00,5.632,5.759
2025-01-27 16:00:00+02:00,5.759,5.839
2025-01-27 18:00:00+02:00,5.84,5.732
2025-01-27 20:00:00+02:00,5.732,5.754
2025-01-27 22:00:00+02:00,5.754,5.912
2025-01-28 00:00:00+02:00,5.912,5.949
2025-01-28 02:00:00+02:00,5.949,5.891
2025-01-28 04:00:00+02:00,5.891,5.968
2025-01-28 06:00:00+02:00,5.968,5.994
2025-01-28 08:00:00+02:00,5.995,5.93
2025-01-28 10:00:00+02:00,5.93,5.929
2025-01-28 12:00:00+02:00,5.929,5.921
2025-01-28 14:00:00+02:00,5.922,5.886
2025-01-28 16:00:00+02:00,5.886,5.896
2025-01-28 18:00:00+02:00,5.896,5.821
2025-01-28 20:00:00+02:00,5.82,5.803
2025-01-28 22:00:00+02:00,5.803,5.626
2025-01-29 00:00:00+02:00,5.626,5.646
2025-01-29 02:00:00+02:00,5.645,5.734
2025-01-29 04:00:00+02:00,5.735,5.773
2025-01-29 06:00:00+02:00,5.774,5.79
2025-01-29 08:00:00+02:00,5.79,5.833
2025-01-29 10:00:00+02:00,5.832,5.752
2025-01-29 12:00:00+02:00,5.752,5.735
2025-01-29 14:00:00+02:00,5.735,5.637
2025-01-29 16:00:00+02:00,5.637,5.644
2025-01-29 18:00:00+02:00,5.644,5.662
2025-01-29 20:00:00+02:00,5.663,5.751
2025-01-29 22:00:00+02:00,5.75,5.833
2025-01-30 00:00:00+02:00,5.833,5.762
2025-01-30 02:00:00+02:00,5.762,5.837
2025-01-30 04:00:00+02:00,5.837,5.951
2025-01-30 06:00:00+02:00,5.951,5.947
2025-01-30 08:00:00+02:00,5.947,5.92
2025-01-30 10:00:00+02:00,5.919,5.968
2025-01-30 12:00:00+02:00,5.969,6.004
2025-01-30 14:00:00+02:00,6.004,6.064
2025-01-30 16:00:00+02:00,6.064,6.215
2025-01-30 18:00:00+02:00,6.215,6.165
2025-01-30 20:00:00+02:00,6.165,6.177
2025-01-30 22:00:00+02:00,6.177,6.132
2025-01-31 00:00:00+02:00,6.131,6.123
2025-01-31 02:00:00+02:00,6.123,6.152
2025-01-31 04:00:00+02:00,6.152,6.061
2025-01-31 06:00:00+02:00,6.061,6.113
2025-01-31 08:00:00+02:00,6.112,6.211
2025-01-31 10:00:00+02:00,6.211,6.21
2025-01-31 12:00:00+02:00,6.209,6.297
2025-01-31 14:00:00+02:00,6.297,6.329
2025-01-31 16:00:00+02:00,6.329,6.469
2025-01-31 18:00:00+02:00,6.468,6.353
2025-01-31 20:00:00+02:00,6.354,6.262
2025-01-31 22:00:00+02:00,6.262,6.365
2025-02-01 00:00:00+02:00,6.365,6.318
2025-02-01 02:00:00+02:00,6.318,6.36
2025-02-01 04:00:00+02:00,6.359,6.397
2025-02-01 06:00:00+02:00,6.398,6.476
2025-02-01 08:00:00+02:00,6.476,6.408
2025-02-01 10:00:00+02:00,6.408,6.302
2025-02-01 12:00:00+02:00,6.302,6.395
2025-02-01 14:00:00+02:00,6.395,6.257
2025-02-01 16:00:00+02:00,6.257,6.229
2025-02-01 18:00:00+02:00,6.23,6.23
2025-02-01 20:00:00+02:00,6.231,6.089
2025-02-01 22:00:00+02:00,6.089,6.0
2025-02-02 00:00:00+02:00,6.0,5.904
2025-02-02 02:00:00+02:00,5.904,5.975
2025-02-02 04:00:00+02:00,5.976,5.715
2025-02-02 06:00:00+02:00,5.715,5.836
2025-02-02 08:00:00+02:00,5.836,5.802
2025-02-02 10:00:00+02:00,5.801,5.838
2025-02-02 12:00:00+02:00,5.838,5.624
2025-02-02 14:00:00+02:00,5.624,5.711
2025-02-02 16:00:00+02:00,5.711,5.645
2025-02-02 18:00:00+02:00,5.644,5.249
2025-02-02 20:00:00+02:00,5.25,5.291
2025-02-02 22:00:00+02:00,5.29,5.129
2025-02-03 00:00:00+02:00,5.129,5.15
2025-02-03 02:00:00+02:00,5.15,4.251
2025-02-03 04:00:00+02:00,4.251,4.336
2025-02-03 06:00:00+02:00,4.337,4.393
2025-02-03 08:00:00+02:00,4.392,4.703
2025-02-03 10:00:00+02:00,4.703,4.579
2025-02-03 12:00:00+02:00,4.579,4.684
2025-02-03 14:00:00+02:00,4.685,4.624
2025-02-03 16:00:00+02:00,4.625,4.907
2025-02-03 18:00:00+02:00,4.907,4.943
2025-02-03 20:00:00+02:00,4.942,5.166
2025-02-03 22:00:00+02:00,5.166,5.182
2025-02-04 00:00:00+02:00,5.183,5.174
2025-02-04 02:00:00+02:00,5.175,5.158
2025-02-04 04:00:00+02:00,5.159,5.029
2025-02-04 06:00:00+02:00,5.029,4.697
2025-02-04 08:00:00+02:00,4.698,4.642
2025-02-04 10:00:00+02:00,4.643,4.673
2025-02-04 12:00:00+02:00,4.673,4.773
2025-02-04 14:00:00+02:00,4.774,4.795
2025-02-04 16:00:00+02:00,4.795,4.796
2025-02-04 18:00:00+02:00,4.797,4.789
2025-02-04 20:00:00+02:00,4.789,4.746
2025-02-04 22:00:00+02:00,4.746,4.586
2025-02-05 00:00:00+02:00,4.587,4.738
2025-02-05 02:00:00+02:00,4.739,4.71
2025-02-05 04:00:00+02:00,4.71,4.741
2025-02-05 06:00:00+02:00,4.741,4.789
2025-02-05 08:00:00+02:00,4.788,4.747
2025-02-05 10:00:00+02:00,4.746,4.722
2025-02-05 12:00:00+02:00,4.721,4.823
2025-02-05 14:00:00+02:00,4.822,4.838
2025-02-05 16:00:00+02:00,4.838,4.812
2025-02-05 18:00:00+02:00,4.811,4.664
2025-02-05 20:00:00+02:00,4.665,4.763
2025-02-05 22:00:00+02:00,4.763,4.703
2025-02-06 00:00:00+02:00,4.703,4.686
2025-02-06 02:00:00+02:00,4.685,4.718
2025-02-06 04:00:00+02:00,4.718,4.75
2025-02-06 06:00:00+02:00,4.751,4.782
2025-02-06 08:00:00+02:00,4.783,4.781
2025-02-06 10:00:00+02:00,4.78,4.801
2025-02-06 12:00:00+02:00,4.8,4.751
2025-02-06 14:00:00+02:00,4.751,4.719
2025-02-06 16:00:00+02:00,4.719,4.529
2025-02-06 18:00:00+02:00,4.529,4.524
2025-02-06 20:00:00+02:00,4.525,4.499
2025-02-06 22:00:00+02:00,4.5,4.536
2025-02-07 00:00:00+02:00,4.537,4.487
2025-02-07 02:00:00+02:00,4.487,4.589
2025-02-07 04:00:00+02:00,4.588,4.581
2025-02-07 06:00:00+02:00,4.581,4.61
2025-02-07 08:00:00+02:00,4.61,4.582
2025-02-07 10:00:00+02:00,4.581,4.696
2025-02-07 12:00:00+02:00,4.696,4.712
2025-02-07 14:00:00+02:00,4.711,4.846
2025-02-07 16:00:00+02:00,4.845,4.831
2025-02-07 18:00:00+02:00,4.832,4.682
2025-02-07 20:00:00+02:00,4.682,4.678
2025-02-07 22:00:00+02:00,4.678,4.514
2025-02-08 00:00:00+02:00,4.515,4.588
2025-02-08 02:00:00+02:00,4.588,4.566
2025-02-08 04:00:00+02:00,4.566,4.569
2025-02-08 06:00:00+02:00,4.569,4.534
2025-02-08 08:00:00+02:00,4.535,4.598
2025-02-08 10:00:00+02:00,4.599,4.548
2025-02-08 12:00:00+02:00,4.548,4.533
2025-02-08 14:00:00+02:00,4.533,4.562
2025-02-08 16:00:00+02:00,4.562,4.571
2025-02-08 18:00:00+02:00,4.571,4.646
2025-02-08 20:00:00+02:00,4.646,4.664
2025-02-08 22:00:00+02:00,4.664,4.701
2025-02-09 00:00:00+02:00,4.701,4.741
2025-02-09 02:00:00+02:00,4.741,4.764
2025-02-09 04:00:00+02:00,4.763,4.828
2025-02-09 06:00:00+02:00,4.827,4.748
2025-02-09 08:00:00+02:00,4.749,4.79
2025-02-09 10:00:00+02:00,4.791,4.783
2025-02-09 12:00:00+02:00,4.783,4.793
2025-02-09 14:00:00+02:00,4.793,4.715
2025-02-09 16:00:00+02:00,4.715,4.802
2025-02-09 18:00:00+02:00,4.802,4.778
2025-02-09 20:00:00+02:00,4.779,4.724
2025-02-09 22:00:00+02:00,4.725,4.568
2025-02-10 00:00:00+02:00,4.567,4.759
2025-02-10 02:00:00+02:00,4.758,4.654
2025-02-10 04:00:00+02:00,4.653,4.78
2025-02-10 06:00:00+02:00,4.78,4.794
2025-02-10 08:00:00+02:00,4.795,4.819
2025-02-10 10:00:00+02:00,4.819,4.831
2025-02-10 12:00:00+02:00,4.831,4.842
2025-02-10 14:00:00+02:00,4.841,4.893
2025-02-10 16:00:00+02:00,4.894,4.834
2025-02-10 18:00:00+02:00,4.834,4.891
2025-02-10 20:00:00+02:00,4.889,4.86
2025-02-10 22:00:00+02:00,4.86,4.85
2025-02-11 00:00:00+02:00,4.849,4.842
2025-02-11 02:00:00+02:00,4.842,4.925
2025-02-11 04:00:00+02:00,4.924,4.981
2025-02-11 06:00:00+02:00,4.981,5.19
2025-02-11 08:00:00+02:00,5.191,5.138
2025-02-11 10:00:00+02:00,5.137,5.036
2025-02-11 12:00:00+02:00,5.035,5.089
2025-02-11 14:00:00+02:00,5.089,4.904
2025-02-11 16:00:00+02:00,4.904,4.973
2025-02-11 18:00:00+02:00,4.974,4.883
2025-02-11 20:00:00+02:00,4.882,4.764
2025-02-11 22:00:00+02:00,4.763,4.833
2025-02-12 00:00:00+02:00,4.834,4.806
2025-02-12 02:00:00+02:00,4.805,4.858
2025-02-12 04:00:00+02:00,4.859,4.815
2025-02-12 06:00:00+02:00,4.814,4.832
2025-02-12 08:00:00+02:00,4.833,4.821
2025-02-12 10:00:00+02:00,4.821,4.86
2025-02-12 12:00:00+02:00,4.859,4.953
2025-02-12 14:00:00+02:00,4.952,4.877
2025-02-12 16:00:00+02:00,4.878,5.092
2025-02-12 18:00:00+02:00,5.093,5.193
2025-02-12 20:00:00+02:00,5.194,5.281
2025-02-12 22:00:00+02:00,5.282,5.213
2025-02-13 00:00:00+02:00,5.213,5.225
2025-02-13 02:00:00+02:00,5.226,5.258
2025-02-13 04:00:00+02:00,5.257,5.213
2025-02-13 06:00:00+02:00,5.214,5.168
2025-02-13 08:00:00+02:00,5.169,5.143
2025-02-13 10:00:00+02:00,5.144,5.146
2025-02-13 12:00:00+02:00,5.145,5.154
2025-02-13 14:00:00+02:00,5.154,5.16
2025-02-13 16:00:00+02:00,5.16,5.16
2025-02-13 18:00:00+02:00,5.16,5.114
2025-02-13 20:00:00+02:00,5.115,5.134
2025-02-13 22:00:00+02:00,5.135,5.162
2025-02-14 00:00:00+02:00,5.162,5.128
2025-02-14 02:00:00+02:00,5.129,5.132
2025-02-14 04:00:00+02:00,5.132,5.228
2025-02-14 06:00:00+02:00,5.229,5.19
2025-02-14 08:00:00+02:00,5.19,5.172
2025-02-14 10:00:00+02:00,5.172,5.27
2025-02-14 12:00:00+02:00,5.27,5.222
2025-02-14 14:00:00+02:00,5.222,5.234
2025-02-14 16:00:00+02:00,5.235,5.223
2025-02-14 18:00:00+02:00,5.224,5.322
2025-02-14 20:00:00+02:00,5.322,5.286
2025-02-14 22:00:00+02:00,5.285,5.226
2025-02-15 00:00:00+02:00,5.226,5.169
2025-02-15 02:00:00+02:00,5.168,5.199
2025-02-15 04:00:00+02:00,5.198,5.184
2025-02-15 06:00:00+02:00,5.184,5.155
2025-02-15 08:00:00+02:00,5.155,5.101
2025-02-15 10:00:00+02:00,5.1,5.051
2025-02-15 12:00:00+02:00,5.051,5.056
2025-02-15 14:00:00+02:00,5.057,5.094
2025-02-15 16:00:00+02:00,5.094,5.045
2025-02-15 18:00:00+02:00,5.046,5.033
2025-02-15 20:00:00+02:00,5.032,5.057
2025-02-15 22:00:00+02:00,5.057,5.032
2025-02-16 00:00:00+02:00,5.031,5.018
2025-02-16 02:00:00+02:00,5.018,5.0
2025-02-16 04:00:00+02:00,5.0,4.973
2025-02-16 06:00:00+02:00,4.974,4.993
2025-02-16 08:00:00+02:00,4.993,4.907
2025-02-16 10:00:00+02:00,4.907,4.962
2025-02-16 12:00:00+02:00,4.963,5.011
2025-02-16 14:00:00+02:00,5.01,4.909
2025-02-16 16:00:00+02:00,4.909,4.94
2025-02-16 18:00:00+02:00,4.94,4.903
2025-02-16 20:00:00+02:00,4.902,4.892
2025-02-16 22:00:00+02:00,4.891,4.913
2025-02-17 00:00:00+02:00,4.913,4.875
2025-02-17 02:00:00+02:00,4.876,4.94
2025-02-17 04:00:00+02:00,4.94,4.893
2025-02-17 06:00:00+02:00,4.893,4.845
2025-02-17 08:00:00+02:00,4.846,4.871
2025-02-17 10:00:00+02:00,4.871,4.936
2025-02-17 12:00:00+02:00,4.937,4.949
2025-02-17 14:00:00+02:00,4.949,5.004
2025-02-17 16:00:00+02:00,5.005,4.902
2025-02-17 18:00:00+02:00,4.901,4.865
2025-02-17 20:00:00+02:00,4.865,4.86
2025-02-17 22:00:00+02:00,4.86,4.928
2025-02-18 00:00:00+02:00,4.928,4.887
2025-02-18 02:00:00+02:00,4.887,4.899
2025-02-18 04:00:00+02:00,4.899,4.902
2025-02-18 06:00:00+02:00,4.901,4.783
2025-02-18 08:00:00+02:00,4.783,4.71
2025-02-18 10:00:00+02:00,4.71,4.782
2025-02-18 12:00:00+02:00,4.781,4.765
2025-02-18 14:00:00+02:00,4.765,4.786
2025-02-18 16:00:00+02:00,4.787,4.655
2025-02-18 18:00:00+02:00,4.655,4.626
2025-02-18 20:00:00+02:00,4.626,4.669
2025-02-18 22:00:00+02:00,4.67,4.716
2025-02-19 00:00:00+02:00,4.716,4.766
2025-02-19 02:00:00+02:00,4.766,4.74
2025-02-19 04:00:00+02:00,4.741,4.777
2025-02-19 06:00:00+02:00,4.777,4.741
2025-02-19 08:00:00+02:00,4.74,4.793
2025-02-19 10:00:00+02:00,4.793,4.789
2025-02-19 12:00:00+02:00,4.789,4.834
2025-02-19 14:00:00+02:00,4.835,4.861
2025-02-19 16:00:00+02:00,4.861,4.824
2025-02-19 18:00:00+02:00,4.824,4.866
2025-02-19 20:00:00+02:00,4.867,4.865
2025-02-19 22:00:00+02:00,4.865,4.837
2025-02-20 00:00:00+02:00,4.837,4.881
2025-02-20 02:00:00+02:00,4.882,4.916
2025-02-20 04:00:00+02:00,4.916,4.974
2025-02-20 06:00:00+02:00,4.975,4.989
2025-02-20 08:00:00+02:00,4.988,4.937
2025-02-20 10:00:00+02:00,4.937,4.964
2025-02-20 12:00:00+02:00,4.964,4.963
2025-02-20 14:00:00+02:00,4.963,4.975
2025-02-20 16:00:00+02:00,4.975,4.924
2025-02-20 18:00:00+02:00,4.925,5.01
2025-02-20 20:00:00+02:00,5.01,5.04
2025-02-20 22:00:00+02:00,5.041,5.027
2025-02-21 00:00:00+02:00,5.027,5.044
2025-02-21 02:00:00+02:00,5.045,5.042
2025-02-21 04:00:00+02:00,5.041,5.027
2025-02-21 06:00:00+02:00,5.028,5.05
2025-02-21 08:00:00+02:00,5.05,5.038
2025-02-21 10:00:00+02:00,5.039,5.107
2025-02-21 12:00:00+02:00,5.106,5.156
2025-02-21 14:00:00+02:00,5.155,5.319
2025-02-21 16:00:00+02:00,5.318,5.204
2025-02-21 18:00:00+02:00,5.204,5.142
2025-02-21 20:00:00+02:00,5.141,4.981
2025-02-21 22:00:00+02:00,4.981,5.029
2025-02-22 00:00:00+02:00,5.028,5.058
2025-02-22 02:00:00+02:00,5.058,5.16
2025-02-22 04:00:00+02:00,5.161,5.136
2025-02-22 06:00:00+02:00,5.136,5.161
2025-02-22 08:00:00+02:00,5.162,5.092
2025-02-22 10:00:00+02:00,5.093,5.101
2025-02-22 12:00:00+02:00,5.101,5.091
2025-02-22 14:00:00+02:00,5.09,5.079
2025-02-22 16:00:00+02:00,5.08,5.065
2025-02-22 18:00:00+02:00,5.065,5.135
2025-02-22 20:00:00+02:00,5.134,5.091
2025-02-22 22:00:00+02:00,5.091,5.064
2025-02-23 00:00:00+02:00,5.065,5.041
2025-02-23 02:00:00+02:00,5.04,5.07
2025-02-23 04:00:00+02:00,5.069,5.06
2025-02-23 06:00:00+02:00,5.059,5.042
2025-02-23 08:00:00+02:00,5.043,5.101
2025-02-23 10:00:00+02:00,5.1,5.069
2025-02-23 12:00:00+02:00,5.069,5.009
2025-02-23 14:00:00+02:00,5.008,5.021
2025-02-23 16:00:00+02:00,5.021,4.95
2025-02-23 18:00:00+02:00,4.951,4.968
2025-02-23 20:00:00+02:00,4.968,4.936
2025-02-23 22:00:00+02:00,4.936,4.931
2025-02-24 00:00:00+02:00,4.931,4.951
2025-02-24 02:00:00+02:00,4.951,4.878
2025-02-24 04:00:00+02:00,4.879,4.79
2025-02-24 06:00:00+02:00,4.79,4.813
2025-02-24 08:00:00+02:00,4.813,4.797
2025-02-24 10:00:00+02:00,4.796,4.75
2025-02-24 12:00:00+02:00,4.75,4.728
2025-02-24 14:00:00+02:00,4.728,4.71
2025-02-24 16:00:00+02:00,4.711,4.664
2025-02-24 18:00:00+02:00,4.664,4.677
2025-02-24 20:00:00+02:00,4.678,4.617
2025-02-24 22:00:00+02:00,4.618,4.593
2025-02-25 00:00:00+02:00,4.592,4.412
2025-02-25 02:00:00+02:00,4.412,4.366
2025-02-25 04:00:00+02:00,4.367,4.39
2025-02-25 06:00:00+02:00,4.391,4.41
2025-02-25 08:00:00+02:00,4.41,4.259
2025-02-25 10:00:00+02:00,4.261,4.249
2025-02-25 12:00:00+02:00,4.25,4.405
2025-02-25 14:00:00+02:00,4.405,4.428
2025-02-25 16:00:00+02:00,4.428,4.426
2025-02-25 18:00:00+02:00,4.427,4.521
2025-02-25 20:00:00+02:00,4.522,4.631
2025-02-25 22:00:00+02:00,4.632,4.715
2025-02-26 00:00:00+02:00,4.715,4.638
2025-02-26 02:00:00+02:00,4.638,4.66
2025-02-26 04:00:00+02:00,4.659,4.704
2025-02-26 06:00:00+02:00,4.705,4.702
2025-02-26 08:00:00+02:00,4.702,4.763
2025-02-26 10:00:00+02:00,4.763,4.838
2025-02-26 12:00:00+02:00,4.838,4.802
2025-02-26 14:00:00+02:00,4.802,4.757
2025-02-26 16:00:00+02:00,4.757,4.844
2025-02-26 18:00:00+02:00,4.845,4.819
2025-02-26 20:00:00+02:00,4.818,4.687
2025-02-26 22:00:00+02:00,4.687,4.799
2025-02-27 00:00:00+02:00,4.8,4.753
2025-02-27 02:00:00+02:00,4.753,4.86
2025-02-27 04:00:00+02:00,4.861,4.849
2025-02-27 06:00:00+02:00,4.849,4.877
2025-02-27 08:00:00+02:00,4.877,4.997
2025-02-27 10:00:00+02:00,4.997,5.053
2025-02-27 12:00:00+02:00,5.053,5.066
2025-02-27 14:00:00+02:00,5.066,5.06
2025-02-27 16:00:00+02:00,5.06,5.083
2025-02-27 18:00:00+02:00,5.083,4.995
2025-02-27 20:00:00+02:00,4.995,4.921
2025-02-27 22:00:00+02:00,4.922,4.895
2025-02-28 00:00:00+02:00,4.895,4.932
2025-02-28 02:00:00+02:00,4.932,4.701
2025-02-28 04:00:00+02:00,4.701,4.6
2025-02-28 06:00:00+02:00,4.6,4.555
2025-02-28 08:00:00+02:00,4.556,4.535
2025-02-28 10:00:00+02:00,4.534,4.639
2025-02-28 12:00:00+02:00,4.639,4.571
2025-02-28 14:00:00+02:00,4.57,4.609
2025-02-28 16:00:00+02:00,4.609,4.74
2025-02-28 18:00:00+02:00,4.739,4.669
2025-02-28 20:00:00+02:00,4.669,4.718
2025-02-28 22:00:00+02:00,4.717,4.713
2025-03-01 00:00:00+02:00,4.712,4.711
2025-03-01 02:00:00+02:00,4.711,4.791
2025-03-01 04:00:00+02:00,4.791,4.724
2025-03-01 06:00:00+02:00,4.724,4.702
2025-03-01 08:00:00+02:00,4.702,4.617
2025-03-01 10:00:00+02:00,4.618,4.634
2025-03-01 12:00:00+02:00,4.634,4.582
2025-03-01 14:00:00+02:00,4.581,4.559
2025-03-01 16:00:00+02:00,4.558,4.574
2025-03-01 18:00:00+02:00,4.574,4.585
2025-03-01 20:00:00+02:00,4.584,4.641
2025-03-01 22:00:00+02:00,4.64,4.699
2025-03-02 00:00:00+02:00,4.7,4.661
2025-03-02 02:00:00+02:00,4.662,4.686
2025-03-02 04:00:00+02:00,4.686,4.679
2025-03-02 06:00:00+02:00,4.679,4.667
2025-03-02 08:00:00+02:00,4.666,4.627
2025-03-02 10:00:00+02:00,4.627,4.638
2025-03-02 12:00:00+02:00,4.639,4.631
2025-03-02 14:00:00+02:00,4.632,4.608
2025-03-02 16:00:00+02:00,4.609,4.747
2025-03-02 18:00:00+02:00,4.748,5.098
2025-03-02 20:00:00+02:00,5.099,5.103
2025-03-02 22:00:00+02:00,5.104,5.122
2025-03-03 00:00:00+02:00,5.121,5.202
2025-03-03 02:00:00+02:00,5.202,5.124
2025-03-03 04:00:00+02:00,5.124,5.093
2025-03-03 06:00:00+02:00,5.094,5.14
2025-03-03 08:00:00+02:00,5.14,4.964
2025-03-03 10:00:00+02:00,4.965,4.879
2025-03-03 12:00:00+02:00,4.879,4.909
2025-03-03 14:00:00+02:00,4.909,4.996
2025-03-03 16:00:00+02:00,4.997,4.863
2025-03-03 18:00:00+02:00,4.862,4.861
2025-03-03 20:00:00+02:00,4.861,4.492
2025-03-03 22:00:00+02:00,4.493,4.443
2025-03-04 00:00:00+02:00,4.443,4.469
2025-03-04 02:00:00+02:00,4.469,4.266
2025-03-04 04:00:00+02:00,4.267,4.223
2025-03-04 06:00:00+02:00,4.224,4.292
2025-03-04 08:00:00+02:00,4.292,4.245
2025-03-04 10:00:00+02:00,4.245,4.236
2025-03-04 12:00:00+02:00,4.237,4.226
2025-03-04 14:00:00+02:00,4.226,4.139
2025-03-04 16:00:00+02:00,4.139,4.218
2025-03-04 18:00:00+02:00,4.219,4.281
2025-03-04 20:00:00+02:00,4.281,4.372
2025-03-04 22:00:00+02:00,4.371,4.346
2025-03-05 00:00:00+02:00,4.347,4.326
2025-03-05 02:00:00+02:00,4.325,4.363
2025-03-05 04:00:00+02:00,4.364,4.287
2025-03-05 06:00:00+02:00,4.288,4.302
2025-03-05 08:00:00+02:00,4.302,4.337
2025-03-05 10:00:00+02:00,4.336,4.417
2025-03-05 12:00:00+02:00,4.417,4.396
2025-03-05 14:00:00+02:00,4.397,4.391
2025-03-05 16:00:00+02:00,4.391,4.363
2025-03-05 18:00:00+02:00,4.362,4.413
2025-03-05 20:00:00+02:00,4.413,4.482
2025-03-05 22:00:00+02:00,4.483,4.538
2025-03-06 00:00:00+02:00,4.538,4.521
2025-03-06 02:00:00+02:00,4.521,4.508
2025-03-06 04:00:00+02:00,4.508,4.556
2025-03-06 06:00:00+02:00,4.556,4.631
2025-03-06 08:00:00+02:00,4.631,4.528
2025-03-06 10:00:00+02:00,4.528,4.538
2025-03-06 12:00:00+02:00,4.537,4.572
2025-03-06 14:00:00+02:00,4.573,4.475
2025-03-06 16:00:00+02:00,4.474,4.495
2025-03-06 18:00:00+02:00,4.496,4.388
2025-03-06 20:00:00+02:00,4.388,4.374
2025-03-06 22:00:00+02:00,4.375,4.427
2025-03-07 00:00:00+02:00,4.427,4.428
2025-03-07 02:00:00+02:00,4.428,4.391
2025-03-07 04:00:00+02:00,4.39,4.374
2025-03-07 06:00:00+02:00,4.374,4.435
2025-03-07 08:00:00+02:00,4.435,4.546
2025-03-07 10:00:00+02:00,4.546,4.583
2025-03-07 12:00:00+02:00,4.583,4.626
2025-03-07 14:00:00+02:00,4.626,4.596
2025-03-07 16:00:00+02:00,4.595,4.575
2025-03-07 18:00:00+02:00,4.575,4.531
2025-03-07 20:00:00+02:00,4.532,4.551
2025-03-07 22:00:00+02:00,4.551,4.456
2025-03-08 00:00:00+02:00,4.456,4.41
2025-03-08 02:00:00+02:00,4.409,4.348
2025-03-08 04:00:00+02:00,4.348,4.389
2025-03-08 06:00:00+02:00,4.39,4.368
2025-03-08 08:00:00+02:00,4.368,4.374
2025-03-08 10:00:00+02:00,4.374,4.329
2025-03-08 12:00:00+02:00,4.329,4.329
2025-03-08 14:00:00+02:00,4.33,4.366
2025-03-08 16:00:00+02:00,4.367,4.339
2025-03-08 18:00:00+02:00,4.34,4.318
2025-03-08 20:00:00+02:00,4.318,4.352
2025-03-08 22:00:00+02:00,4.353,4.313
2025-03-09 00:00:00+02:00,4.313,4.287
2025-03-09 02:00:00+02:00,4.287,4.283
2025-03-09 04:00:00+02:00,4.282,4.305
2025-03-09 06:00:00+02:00,4.305,4.318
2025-03-09 08:00:00+02:00,4.318,4.316
2025-03-09 10:00:00+02:00,4.316,4.256
2025-03-09 12:00:00+02:00,4.256,4.22
2025-03-09 14:00:00+02:00,4.22,4.187
2025-03-09 16:00:00+02:00,4.185,4.159
2025-03-09 18:00:00+02:00,4.159,4.004
2025-03-09 20:00:00+02:00,4.004,4.057
2025-03-09 22:00:00+02:00,4.057,4.004
2025-03-10 00:00:00+02:00,4.004,4.015
2025-03-10 02:00:00+02:00,4.015,4.092
2025-03-10 04:00:00+02:00,4.091,4.198
2025-03-10 06:00:00+02:00,4.198,4.167
2025-03-10 08:00:00+02:00,4.168,4.166
2025-03-10 10:00:00+02:00,4.166,4.186
2025-03-10 12:00:00+02:00,4.186,4.216
2025-03-10 14:00:00+02:00,4.216,4.12
2025-03-10 16:00:00+02:00,4.119,4.061
2025-03-10 18:00:00+02:00,4.063,3.907
2025-03-10 20:00:00+02:00,3.907,3.932
2025-03-10 22:00:00+02:00,3.933,3.948
2025-03-11 00:00:00+02:00,3.947,3.866
2025-03-11 02:00:00+02:00,3.867,3.883
2025-03-11 04:00:00+02:00,3.883,3.883
2025-03-11 06:00:00+02:00,3.883,3.953
2025-03-11 08:00:00+02:00,3.952,3.943
2025-03-11 10:00:00+02:00,3.943,3.969
2025-03-11 12:00:00+02:00,3.969,3.995
2025-03-11 14:00:00+02:00,3.995,3.945
2025-03-11 16:00:00+02:00,3.946,3.973
2025-03-11 18:00:00+02:00,3.973,3.964
2025-03-11 20:00:00+02:00,3.964,4.102
2025-03-11 22:00:00+02:00,4.102,4.081
2025-03-12 00:00:00+02:00,4.08,4.041
2025-03-12 02:00:00+02:00,4.041,4.064
2025-03-12 04:00:00+02:00,4.064,3.952
2025-03-12 06:00:00+02:00,3.953,3.971
2025-03-12 08:00:00+02:00,3.971,3.985
2025-03-12 10:00:00+02:00,3.985,3.979
2025-03-12 12:00:00+02:00,3.98,4.016
2025-03-12 14:00:00+02:00,4.016,3.957
2025-03-12 16:00:00+02:00,3.957,3.927
2025-03-12 18:00:00+02:00,3.927,3.927
2025-03-12 20:00:00+02:00,3.928,3.968
2025-03-12 22:00:00+02:00,3.967,3.966
2025-03-13 00:00:00+02:00,3.966,3.966
2025-03-13 02:00:00+02:00,3.965,3.986
2025-03-13 04:00:00+02:00,3.986,3.969
2025-03-13 06:00:00+02:00,3.969,3.936
2025-03-13 08:00:00+02:00,3.936,3.946
2025-03-13 10:00:00+02:00,3.946,4.029
2025-03-13 12:00:00+02:00,4.029,4.068
2025-03-13 14:00:00+02:00,4.068,3.971
2025-03-13 16:00:00+02:00,3.971,3.96
2025-03-13 18:00:00+02:00,3.96,3.838
2025-03-13 20:00:00+02:00,3.837,3.885
2025-03-13 22:00:00+02:00,3.884,3.915
2025-03-14 00:00:00+02:00,3.915,3.977
2025-03-14 02:00:00+02:00,3.978,4.029
2025-03-14 04:00:00+02:00,4.029,4.027
2025-03-14 06:00:00+02:00,4.027,4.039
2025-03-14 08:00:00+02:00,4.038,4.026
2025-03-14 10:00:00+02:00,4.026,4.119
2025-03-14 12:00:00+02:00,4.119,4.161
2025-03-14 14:00:00+02:00,4.161,4.138
2025-03-14 16:00:00+02:00,4.139,4.166
2025-03-14 18:00:00+02:00,4.167,4.186
2025-03-14 20:00:00+02:00,4.185,4.182
2025-03-14 22:00:00+02:00,4.182,4.201
2025-03-15 00:00:00+02:00,4.2,4.184
2025-03-15 02:00:00+02:00,4.185,4.209
2025-03-15 04:00:00+02:00,4.208,4.237
2025-03-15 06:00:00+02:00,4.237,4.283
2025-03-15 08:00:00+02:00,4.283,4.255
2025-03-15 10:00:00+02:00,4.256,4.309
2025-03-15 12:00:00+02:00,4.309,4.346
2025-03-15 14:00:00+02:00,4.345,4.393
2025-03-15 16:00:00+02:00,4.393,4.378
2025-03-15 18:00:00+02:00,4.378,4.382
2025-03-15 20:00:00+02:00,4.382,4.352
2025-03-15 22:00:00+02:00,4.351,4.382
2025-03-16 00:00:00+02:00,4.381,4.347
2025-03-16 02:00:00+02:00,4.347,4.307
2025-03-16 04:00:00+02:00,4.308,4.33
2025-03-16 06:00:00+02:00,4.331,4.346
2025-03-16 08:00:00+02:00,4.346,4.313
2025-03-16 10:00:00+02:00,4.313,4.266
2025-03-16 12:00:00+02:00,4.266,4.196
2025-03-16 14:00:00+02:00,4.196,4.198
2025-03-16 16:00:00+02:00,4.198,4.233
2025-03-16 18:00:00+02:00,4.233,4.274
2025-03-16 20:00:00+02:00,4.274,4.227
2025-03-16 22:00:00+02:00,4.228,4.315
2025-03-17 00:00:00+02:00,4.316,4.296
2025-03-17 02:00:00+02:00,4.296,4.44
2025-03-17 04:00:00+02:00,4.44,4.433
2025-03-17 06:00:00+02:00,4.433,4.38
2025-03-17 08:00:00+02:00,4.38,4.387
2025-03-17 10:00:00+02:00,4.387,4.411
2025-03-17 12:00:00+02:00,4.411,4.368
2025-03-17 14:00:00+02:00,4.368,4.35
2025-03-17 16:00:00+02:00,4.35,4.373
2025-03-17 18:00:00+02:00,4.374,4.386
2025-03-17 20:00:00+02:00,4.386,4.401
2025-03-17 22:00:00+02:00,4.401,4.407
2025-03-18 00:00:00+02:00,4.407,4.369
2025-03-18 02:00:00+02:00,4.37,4.292
2025-03-18 04:00:00+02:00,4.292,4.259
2025-03-18 06:00:00+02:00,4.259,4.277
2025-03-18 08:00:00+02:00,4.277,4.296
2025-03-18 10:00:00+02:00,4.296,4.281
2025-03-18 12:00:00+02:00,4.281,4.26
2025-03-18 14:00:00+02:00,4.261,4.275
2025-03-18 16:00:00+02:00,4.275,4.287
2025-03-18 18:00:00+02:00,4.288,4.267
2025-03-18 20:00:00+02:00,4.268,4.382
2025-03-18 22:00:00+02:00,4.382,4.413
2025-03-19 00:00:00+02:00,4.413,4.448
2025-03-19 02:00:00+02:00,4.448,4.447
2025-03-19 04:00:00+02:00,4.447,4.523
2025-03-19 06:00:00+02:00,4.523,4.494
2025-03-19 08:00:00+02:00,4.494,4.506
2025-03-19 10:00:00+02:00,4.507,4.5
2025-03-19 12:00:00+02:00,4.5,4.534
2025-03-19 14:00:00+02:00,4.533,4.551
2025-03-19 16:00:00+02:00,4.551,4.532
2025-03-19 18:00:00+02:00,4.532,4.497
2025-03-19 20:00:00+02:00,4.497,4.562
2025-03-19 22:00:00+02:00,4.563,4.539
2025-03-20 00:00:00+02:00,4.54,4.535
2025-03-20 02:00:00+02:00,4.536,4.49
2025-03-20 04:00:00+02:00,4.49,4.472
2025-03-20 06:00:00+02:00,4.471,4.443
2025-03-20 08:00:00+02:00,4.443,4.467
2025-03-20 10:00:00+02:00,4.467,4.449
2025-03-20 12:00:00+02:00,4.449,4.394
2025-03-20 14:00:00+02:00,4.394,4.41
2025-03-20 16:00:00+02:00,4.41,4.387
2025-03-20 18:00:00+02:00,4.386,4.364
2025-03-20 20:00:00+02:00,4.364,4.341
2025-03-20 22:00:00+02:00,4.341,4.346
2025-03-21 00:00:00+02:00,4.345,4.396
2025-03-21 02:00:00+02:00,4.396,4.469
2025-03-21 04:00:00+02:00,4.47,4.461
2025-03-21 06:00:00+02:00,4.462,4.527
2025-03-21 08:00:00+02:00,4.527,4.507
2025-03-21 10:00:00+02:00,4.508,4.48
2025-03-21 12:00:00+02:00,4.479,4.422
2025-03-21 14:00:00+02:00,4.423,4.426
2025-03-21 16:00:00+02:00,4.427,4.443
2025-03-21 18:00:00+02:00,4.444,4.507
2025-03-21 20:00:00+02:00,4.508,4.516
2025-03-21 22:00:00+02:00,4.515,4.543
2025-03-22 00:00:00+02:00,4.544,4.497
2025-03-22 02:00:00+02:00,4.497,4.45
2025-03-22 04:00:00+02:00,4.449,4.458
2025-03-22 06:00:00+02:00,4.458,4.482
2025-03-22 08:00:00+02:00,4.483,4.472
2025-03-22 10:00:00+02:00,4.472,4.486
2025-03-22 12:00:00+02:00,4.487,4.463
2025-03-22 14:00:00+02:00,4.463,4.461
2025-03-22 16:00:00+02:00,4.461,4.461
2025-03-22 18:00:00+02:00,4.461,4.518
2025-03-22 20:00:00+02:00,4.517,4.523
2025-03-22 22:00:00+02:00,4.523,4.468
2025-03-23 00:00:00+02:00,4.467,4.443
2025-03-23 02:00:00+02:00,4.443,4.453
2025-03-23 04:00:00+02:00,4.452,4.451
2025-03-23 06:00:00+02:00,4.451,4.43
2025-03-23 08:00:00+02:00,4.431,4.455
2025-03-23 10:00:00+02:00,4.455,4.435
2025-03-23 12:00:00+02:00,4.435,4.471
2025-03-23 14:00:00+02:00,4.471,4.489
2025-03-23 16:00:00+02:00,4.489,4.449
2025-03-23 18:00:00+02:00,4.45,4.41
2025-03-23 20:00:00+02:00,4.409,4.467
2025-03-23 22:00:00+02:00,4.467,4.471
2025-03-24 00:00:00+02:00,4.471,4.5
2025-03-24 02:00:00+02:00,4.501,4.47
2025-03-24 04:00:00+02:00,4.471,4.548
2025-03-24 06:00:00+02:00,4.548,4.625
2025-03-24 08:00:00+02:00,4.625,4.709
2025-03-24 10:00:00+02:00,4.71,4.755
2025-03-24 12:00:00+02:00,4.755,4.693
2025-03-24 14:00:00+02:00,4.694,4.681
2025-03-24 16:00:00+02:00,4.681,4.723
2025-03-24 18:00:00+02:00,4.722,4.699
2025-03-24 20:00:00+02:00,4.698,4.687
2025-03-24 22:00:00+02:00,4.687,4.693
2025-03-25 00:00:00+02:00,4.693,4.619
2025-03-25 02:00:00+02:00,4.619,4.615
2025-03-25 04:00:00+02:00,4.615,4.597
2025-03-25 06:00:00+02:00,4.596,4.61
2025-03-25 08:00:00+02:00,4.61,4.611
2025-03-25 10:00:00+02:00,4.611,4.649
2025-03-25 12:00:00+02:00,4.649,4.67
2025-03-25 14:00:00+02:00,4.67,4.668
2025-03-25 16:00:00+02:00,4.668,4.665
2025-03-25 18:00:00+02:00,4.666,4.673
2025-03-25 20:00:00+02:00,4.673,4.659
2025-03-25 22:00:00+02:00,4.659,4.644
2025-03-26 00:00:00+02:00,4.643,4.635
2025-03-26 02:00:00+02:00,4.635,4.678
2025-03-26 04:00:00+02:00,4.678,4.604
2025-03-26 06:00:00+02:00,4.604,4.639
2025-03-26 08:00:00+02:00,4.639,4.716
2025-03-26 10:00:00+02:00,4.717,4.703
2025-03-26 12:00:00+02:00,4.702,4.752
2025-03-26 14:00:00+02:00,4.752,4.654
2025-03-26 16:00:00+02:00,4.653,4.708
2025-03-26 18:00:00+02:00,4.708,4.678
2025-03-26 20:00:00+02:00,4.679,4.666
2025-03-26 22:00:00+02:00,4.665,4.718
2025-03-27 00:00:00+02:00,4.717,4.691
2025-03-27 02:00:00+02:00,4.692,4.715
2025-03-27 04:00:00+02:00,4.716,4.736
2025-03-27 06:00:00+02:00,4.737,4.676
2025-03-27 08:00:00+02:00,4.676,4.672
2025-03-27 10:00:00+02:00,4.672,4.63
2025-03-27 12:00:00+02:00,4.63,4.578
2025-03-27 14:00:00+02:00,4.578,4.537
2025-03-27 16:00:00+02:00,4.536,4.571
2025-03-27 18:00:00+02:00,4.571,4.573
2025-03-27 20:00:00+02:00,4.573,4.584
2025-03-27 22:00:00+02:00,4.584,4.662
2025-03-28 00:00:00+02:00,4.662,4.621
2025-03-28 03:00:00+03:00,4.622,4.623
2025-03-28 05:00:00+03:00,4.623,4.569
2025-03-28 07:00:00+03:00,4.57,4.394
2025-03-28 09:00:00+03:00,4.394,4.306
2025-03-28 11:00:00+03:00,4.305,4.29
2025-03-28 13:00:00+03:00,4.29,4.289
2025-03-28 15:00:00+03:00,4.29,4.305
2025-03-28 17:00:00+03:00,4.305,4.284
2025-03-28 19:00:00+03:00,4.284,4.301
2025-03-28 21:00:00+03:00,4.302,4.267
2025-03-28 23:00:00+03:00,4.267,4.271
2025-03-29 01:00:00+03:00,4.271,4.278
2025-03-29 03:00:00+03:00,4.279,4.24
2025-03-29 05:00:00+03:00,4.24,4.227
2025-03-29 07:00:00+03:00,4.228,4.192
2025-03-29 09:00:00+03:00,4.192,4.138
2025-03-29 11:00:00+03:00,4.137,4.132
2025-03-29 13:00:00+03:00,4.133,4.078
2025-03-29 15:00:00+03:00,4.079,4.114
2025-03-29 17:00:00+03:00,4.114,4.069
2025-03-29 19:00:00+03:00,4.069,4.066
2025-03-29 21:00:00+03:00,4.067,4.068
2025-03-29 23:00:00+03:00,4.067,4.023
2025-03-30 01:00:00+03:00,4.022,4.047
2025-03-30 03:00:00+03:00,4.047,4.103
2025-03-30 05:00:00+03:00,4.103,4.103
2025-03-30 07:00:00+03:00,4.103,4.105
2025-03-30 09:00:00+03:00,4.105,4.124
2025-03-30 11:00:00+03:00,4.125,4.137
2025-03-30 13:00:00+03:00,4.136,4.094
2025-03-30 15:00:00+03:00,4.094,4.04
2025-03-30 17:00:00+03:00,4.039,4.06
2025-03-30 19:00:00+03:00,4.06,4.042
2025-03-30 21:00:00+03:00,4.043,4.077
2025-03-30 23:00:00+03:00,4.078,4.04
2025-03-31 01:00:00+03:00,4.04,4.041
2025-03-31 03:00:00+03:00,4.041,4.055
2025-03-31 05:00:00+03:00,4.055,4.015
2025-03-31 07:00:00+03:00,4.015,4.04
2025-03-31 09:00:00+03:00,4.041,3.999
2025-03-31 11:00:00+03:00,3.998,3.963
2025-03-31 13:00:00+03:00,3.963,4.027
2025-03-31 15:00:00+03:00,4.027,4.009
2025-03-31 17:00:00+03:00,4.01,4.055
2025-03-31 19:00:00+03:00,4.055,4.03
2025-03-31 21:00:00+03:00,4.03,4.033
2025-03-31 23:00:00+03:00,4.034,4.03
2025-04-01 01:00:00+03:00,4.03,4.019
2025-04-01 03:00:00+03:00,4.019,4.025
2025-04-01 05:00:00+03:00,4.025,4.077
2025-04-01 07:00:00+03:00,4.078,4.1
2025-04-01 09:00:00+03:00,4.099,4.14
2025-04-01 11:00:00+03:00,4.139,4.249
2025-04-01 13:00:00+03:00,4.249,4.191
2025-04-01 15:00:00+03:00,4.192,4.201
2025-04-01 17:00:00+03:00,4.2,4.251
2025-04-01 19:00:00+03:00,4.251,4.183
2025-04-01 21:00:00+03:00,4.183,4.152
2025-04-01 23:00:00+03:00,4.153,4.163
2025-04-02 01:00:00+03:00,4.162,4.169
2025-04-02 03:00:00+03:00,4.168,4.114
2025-04-02 05:00:00+03:00,4.114,4.104
2025-04-02 07:00:00+03:00,4.104,4.034
2025-04-02 09:00:00+03:00,4.034,4.063
2025-04-02 11:00:00+03:00,4.064,4.103
2025-04-02 13:00:00+03:00,4.102,4.064
2025-04-02 15:00:00+03:00,4.064,4.099
2025-04-02 17:00:00+03:00,4.098,4.211
2025-04-02 19:00:00+03:00,4.21,4.139
2025-04-02 21:00:00+03:00,4.139,4.147
2025-04-02 23:00:00+03:00,4.148,4.1
2025-04-03 01:00:00+03:00,4.1,3.963
2025-04-03 03:00:00+03:00,3.962,4.064
2025-04-03 05:00:00+03:00,4.065,4.037
2025-04-03 07:00:00+03:00,4.037,4.024
2025-04-03 09:00:00+03:00,4.024,3.998
2025-04-03 11:00:00+03:00,3.998,3.992
2025-04-03 13:00:00+03:00,3.992,3.94
2025-04-03 15:00:00+03:00,3.94,3.939
2025-04-03 17:00:00+03:00,3.938,3.955
2025-04-03 19:00:00+03:00,3.955,3.978
2025-04-03 21:00:00+03:00,3.978,4.022
2025-04-03 23:00:00+03:00,4.022,4.065
2025-04-04 01:00:00+03:00,4.065,4.057
2025-04-04 03:00:00+03:00,4.058,3.992
2025-04-04 05:00:00+03:00,3.993,4.016
2025-04-04 07:00:00+03:00,4.017,4.034
2025-04-04 09:00:00+03:00,4.034,4.08
2025-04-04 11:00:00+03:00,4.079,4.098
2025-04-04 13:00:00+03:00,4.099,4.019
2025-04-04 15:00:00+03:00,4.019,4.078
2025-04-04 17:00:00+03:00,4.079,4.055
2025-04-04 19:00:00+03:00,4.056,4.085
2025-04-04 21:00:00+03:00,4.086,4.041
2025-04-04 23:00:00+03:00,4.041,4.05
2025-04-05 01:00:00+03:00,4.051,4.031
2025-04-05 03:00:00+03:00,4.031,4.043
2025-04-05 05:00:00+03:00,4.043,4.022
2025-04-05 07:00:00+03:00,4.022,4.001
2025-04-05 09:00:00+03:00,4.001,4.003
2025-04-05 11:00:00+03:00,4.003,4.004
2025-04-05 13:00:00+03:00,4.004,3.981
2025-04-05 15:00:00+03:00,3.981,3.916
2025-04-05 17:00:00+03:00,3.917,3.909
2025-04-05 19:00:00+03:00,3.909,3.921
2025-04-05 21:00:00+03:00,3.921,3.924
2025-04-05 23:00:00+03:00,3.924,3.928
2025-04-06 01:00:00+03:00,3.928,3.954
2025-04-06 03:00:00+03:00,3.953,3.942
2025-04-06 05:00:00+03:00,3.943,3.929
2025-04-06 07:00:00+03:00,3.93,3.951
2025-04-06 09:00:00+03:00,3.95,3.918
2025-04-06 11:00:00+03:00,3.919,3.929
2025-04-06 13:00:00+03:00,3.929,3.937
2025-04-06 15:00:00+03:00,3.937,3.849
2025-04-06 17:00:00+03:00,3.849,3.89
2025-04-06 19:00:00+03:00,3.89,3.789
2025-04-06 21:00:00+03:00,3.79,3.735
2025-04-06 23:00:00+03:00,3.735,3.703
2025-04-07 01:00:00+03:00,3.702,3.681
2025-04-07 03:00:00+03:00,3.681,3.681
2025-04-07 05:00:00+03:00,3.68,3.497
2025-04-07 07:00:00+03:00,3.497,3.483
2025-04-07 09:00:00+03:00,3.482,3.329
2025-04-07 11:00:00+03:00,3.328,3.41
2025-04-07 13:00:00+03:00,3.41,3.401
2025-04-07 15:00:00+03:00,3.401,3.554
2025-04-07 17:00:00+03:00,3.552,3.596
2025-04-07 19:00:00+03:00,3.596,3.616
2025-04-07 21:00:00+03:00,3.616,3.563
2025-04-07 23:00:00+03:00,3.564,3.617
2025-04-08 01:00:00+03:00,3.618,3.59
2025-04-08 03:00:00+03:00,3.589,3.664
2025-04-08 05:00:00+03:00,3.663,3.647
2025-04-08 07:00:00+03:00,3.647,3.621
2025-04-08 09:00:00+03:00,3.621,3.598
2025-04-08 11:00:00+03:00,3.598,3.586
2025-04-08 13:00:00+03:00,3.586,3.669
2025-04-08 15:00:00+03:00,3.669,3.663
2025-04-08 17:00:00+03:00,3.663,3.591
2025-04-08 19:00:00+03:00,3.591,3.481
2025-04-08 21:00:00+03:00,3.48,3.404
2025-04-08 23:00:00+03:00,3.404,3.429
2025-04-09 01:00:00+03:00,3.429,3.375
2025-04-09 03:00:00+03:00,3.374,3.375
2025-04-09 05:00:00+03:00,3.375,3.353
2025-04-09 07:00:00+03:00,3.352,3.424
2025-04-09 09:00:00+03:00,3.424,3.477
2025-04-09 11:00:00+03:00,3.477,3.453
2025-04-09 13:00:00+03:00,3.453,3.383
2025-04-09 15:00:00+03:00,3.383,3.419
2025-04-09 17:00:00+03:00,3.419,3.369
2025-04-09 19:00:00+03:00,3.37,3.696
2025-04-09 21:00:00+03:00,3.696,3.69
2025-04-09 23:00:00+03:00,3.691,3.713
2025-04-10 01:00:00+03:00,3.712,3.641
2025-04-10 03:00:00+03:00,3.641,3.58
2025-04-10 05:00:00+03:00,3.58,3.549
2025-04-10 07:00:00+03:00,3.549,3.584
2025-04-10 09:00:00+03:00,3.584,3.556
2025-04-10 11:00:00+03:00,3.556,3.523
2025-04-10 13:00:00+03:00,3.522,3.499
2025-04-10 15:00:00+03:00,3.498,3.498
2025-04-10 17:00:00+03:00,3.497,3.41
2025-04-10 19:00:00+03:00,3.41,3.421
2025-04-10 21:00:00+03:00,3.42,3.448
2025-04-10 23:00:00+03:00,3.447,3.457
2025-04-11 01:00:00+03:00,3.457,3.461
2025-04-11 03:00:00+03:00,3.461,3.518
2025-04-11 05:00:00+03:00,3.518,3.529
2025-04-11 07:00:00+03:00,3.529,3.501
2025-04-11 09:00:00+03:00,3.502,3.503
2025-04-11 11:00:00+03:00,3.503,3.518
2025-04-11 13:00:00+03:00,3.518,3.509
2025-04-11 15:00:00+03:00,3.51,3.538
2025-04-11 17:00:00+03:00,3.538,3.528
2025-04-11 19:00:00+03:00,3.529,3.58
2025-04-11 21:00:00+03:00,3.58,3.567
2025-04-11 23:00:00+03:00,3.567,3.571
2025-04-12 01:00:00+03:00,3.571,3.555
2025-04-12 03:00:00+03:00,3.555,3.56
2025-04-12 05:00:00+03:00,3.56,3.546
2025-04-12 07:00:00+03:00,3.547,3.574
2025-04-12 09:00:00+03:00,3.574,3.572
2025-04-12 11:00:00+03:00,3.572,3.584
2025-04-12 13:00:00+03:00,3.584,3.596
2025-04-12 15:00:00+03:00,3.596,3.669
2025-04-12 17:00:00+03:00,3.668,3.725
2025-04-12 19:00:00+03:00,3.725,3.689
2025-04-12 21:00:00+03:00,3.689,3.7
2025-04-12 23:00:00+03:00,3.699,3.72
2025-04-13 01:00:00+03:00,3.72,3.711
2025-04-13 03:00:00+03:00,3.711,3.683
2025-04-13 05:00:00+03:00,3.683,3.684
2025-04-13 07:00:00+03:00,3.685,3.64
2025-04-13 09:00:00+03:00,3.639,3.635
2025-04-13 11:00:00+03:00,3.636,3.718
2025-04-13 13:00:00+03:00,3.719,3.731
2025-04-13 15:00:00+03:00,3.732,3.658
2025-04-13 17:00:00+03:00,3.659,3.701
2025-04-13 19:00:00+03:00,3.702,3.781
2025-04-13 21:00:00+03:00,3.782,3.705
2025-04-13 23:00:00+03:00,3.704,3.664
2025-04-14 01:00:00+03:00,3.664,3.665
2025-04-14 03:00:00+03:00,3.664,3.674
2025-04-14 05:00:00+03:00,3.675,3.687
2025-04-14 07:00:00+03:00,3.687,3.699
2025-04-14 09:00:00+03:00,3.7,3.665
2025-04-14 11:00:00+03:00,3.665,3.655
2025-04-14 13:00:00+03:00,3.655,3.774
2025-04-14 15:00:00+03:00,3.774,3.711
2025-04-14 17:00:00+03:00,3.712,3.704
2025-04-14 19:00:00+03:00,3.704,3.741
2025-04-14 21:00:00+03:00,3.742,3.731
2025-04-14 23:00:00+03:00,3.732,3.71
2025-04-15 01:00:00+03:00,3.71,3.673
2025-04-15 03:00:00+03:00,3.673,3.685
2025-04-15 05:00:00+03:00,3.685,3.696
2025-04-15 07:00:00+03:00,3.697,3.669
2025-04-15 09:00:00+03:00,3.669,3.696
2025-04-15 11:00:00+03:00,3.696,3.699
2025-04-15 13:00:00+03:00,3.699,3.656
2025-04-15 15:00:00+03:00,3.656,3.673
2025-04-15 17:00:00+03:00,3.672,3.602
2025-04-15 19:00:00+03:00,3.602,3.573
2025-04-15 21:00:00+03:00,3.573,3.577
2025-04-15 23:00:00+03:00,3.576,3.574
2025-04-16 01:00:00+03:00,3.574,3.517
2025-04-16 03:00:00+03:00,3.517,3.544
2025-04-16 05:00:00+03:00,3.544,3.55
2025-04-16 07:00:00+03:00,3.549,3.53
2025-04-16 09:00:00+03:00,3.531,3.516
2025-04-16 11:00:00+03:00,3.516,3.499
2025-04-16 13:00:00+03:00,3.499,3.524
2025-04-16 15:00:00+03:00,3.524,3.504
2025-04-16 17:00:00+03:00,3.503,3.553
2025-04-16 19:00:00+03:00,3.554,3.48
2025-04-16 21:00:00+03:00,3.48,3.573
2025-04-16 23:00:00+03:00,3.572,3.601
2025-04-17 01:00:00+03:00,3.602,3.555
2025-04-17 03:00:00+03:00,3.555,3.578
2025-04-17 05:00:00+03:00,3.577,3.559
2025-04-17 07:00:00+03:00,3.558,3.612
2025-04-17 09:00:00+03:00,3.613,3.658
2025-04-17 11:00:00+03:00,3.657,3.636
2025-04-17 13:00:00+03:00,3.636,3.639
2025-04-17 15:00:00+03:00,3.64,3.627
2025-04-17 17:00:00+03:00,3.626,3.638
2025-04-17 19:00:00+03:00,3.638,3.658
2025-04-17 21:00:00+03:00,3.659,3.631
2025-04-17 23:00:00+03:00,3.631,3.636
2025-04-18 01:00:00+03:00,3.635,3.633
2025-04-18 03:00:00+03:00,3.633,3.635
2025-04-18 05:00:00+03:00,3.634,3.659
2025-04-18 07:00:00+03:00,3.659,3.683
2025-04-18 09:00:00+03:00,3.682,3.675
2025-04-18 11:00:00+03:00,3.676,3.706
2025-04-18 13:00:00+03:00,3.707,3.714
2025-04-18 15:00:00+03:00,3.715,3.719
2025-04-18 17:00:00+03:00,3.718,3.685
2025-04-18 19:00:00+03:00,3.686,3.709
2025-04-18 21:00:00+03:00,3.709,3.694
2025-04-18 23:00:00+03:00,3.694,3.707
2025-04-19 01:00:00+03:00,3.708,3.673
2025-04-19 03:00:00+03:00,3.672,3.693
2025-04-19 05:00:00+03:00,3.693,3.727
2025-04-19 07:00:00+03:00,3.728,3.728
2025-04-19 09:00:00+03:00,3.728,3.728
2025-04-19 11:00:00+03:00,3.727,3.729
2025-04-19 13:00:00+03:00,3.729,3.736
2025-04-19 15:00:00+03:00,3.735,3.735
2025-04-19 17:00:00+03:00,3.735,3.73
2025-04-19 19:00:00+03:00,3.73,3.762
2025-04-19 21:00:00+03:00,3.763,3.778
2025-04-19 23:00:00+03:00,3.777,3.844
2025-04-20 01:00:00+03:00,3.844,3.878
2025-04-20 03:00:00+03:00,3.878,3.888
2025-04-20 05:00:00+03:00,3.888,3.912
2025-04-20 07:00:00+03:00,3.911,3.923
2025-04-20 09:00:00+03:00,3.922,3.881
2025-04-20 11:00:00+03:00,3.881,3.868
2025-04-20 13:00:00+03:00,3.867,3.824
2025-04-20 15:00:00+03:00,3.824,3.838
2025-04-20 17:00:00+03:00,3.837,3.86
2025-04-20 19:00:00+03:00,3.859,3.897
2025-04-20 21:00:00+03:00,3.896,3.889
2025-04-20 23:00:00+03:00,3.888,3.9
2025-04-21 01:00:00+03:00,3.9,3.878
2025-04-21 03:00:00+03:00,3.878,3.94
2025-04-21 05:00:00+03:00,3.94,3.905
2025-04-21 07:00:00+03:00,3.906,3.921
2025-04-21 09:00:00+03:00,3.922,3.95
2025-04-21 11:00:00+03:00,3.951,3.923
2025-04-21 13:00:00+03:00,3.923,3.899
2025-04-21 15:00:00+03:00,3.898,3.888
2025-04-21 17:00:00+03:00,3.887,3.883
2025-04-21 19:00:00+03:00,3.884,3.825
2025-04-21 21:00:00+03:00,3.825,3.84
2025-04-21 23:00:00+03:00,3.84,3.807
2025-04-22 01:00:00+03:00,3.807,3.776
2025-04-22 03:00:00+03:00,3.777,3.79
2025-04-22 05:00:00+03:00,3.789,3.747
2025-04-22 07:00:00+03:00,3.747,3.736
2025-04-22 09:00:00+03:00,3.736,3.762
2025-04-22 11:00:00+03:00,3.761,3.732
2025-04-22 13:00:00+03:00,3.733,3.779
2025-04-22 15:00:00+03:00,3.779,3.817
2025-04-22 17:00:00+03:00,3.817,3.864
2025-04-22 19:00:00+03:00,3.864,3.901
2025-04-22 21:00:00+03:00,3.9,3.902
2025-04-22 23:00:00+03:00,3.902,4.008
2025-04-23 01:00:00+03:00,4.008,4.008
2025-04-23 03:00:00+03:00,4.008,4.007
2025-04-23 05:00:00+03:00,4.007,4.09
2025-04-23 07:00:00+03:00,4.09,4.062
2025-04-23 09:00:00+03:00,4.062,4.095
2025-04-23 11:00:00+03:00,4.096,4.125
2025-04-23 13:00:00+03:00,4.125,4.11
2025-04-23 15:00:00+03:00,4.109,4.076
2025-04-23 17:00:00+03:00,4.076,4.078
2025-04-23 19:00:00+03:00,4.078,4.108
2025-04-23 21:00:00+03:00,4.109,4.068
2025-04-23 23:00:00+03:00,4.068,4.084
2025-04-24 01:00:00+03:00,4.085,4.093
2025-04-24 03:00:00+03:00,4.092,4.066
2025-04-24 05:00:00+03:00,4.066,3.98
2025-04-24 07:00:00+03:00,3.98,4.002
2025-04-24 09:00:00+03:00,4.003,3.977
2025-04-24 11:00:00+03:00,3.978,3.982
2025-04-24 13:00:00+03:00,3.983,4.0
2025-04-24 15:00:00+03:00,3.999,4.027
2025-04-24 17:00:00+03:00,4.027,4.127
2025-04-24 19:00:00+03:00,4.126,4.201
2025-04-24 21:00:00+03:00,4.2,4.207
2025-04-24 23:00:00+03:00,4.207,4.254
2025-04-25 01:00:00+03:00,4.253,4.269
2025-04-25 03:00:00+03:00,4.269,4.31
2025-04-25 05:00:00+03:00,4.311,4.258
2025-04-25 07:00:00+03:00,4.258,4.294
2025-04-25 09:00:00+03:00,4.295,4.327
2025-04-25 11:00:00+03:00,4.328,4.317
2025-04-25 13:00:00+03:00,4.317,4.302
2025-04-25 15:00:00+03:00,4.302,4.251
2025-04-25 17:00:00+03:00,4.25,4.303
2025-04-25 19:00:00+03:00,4.303,4.265
2025-04-25 21:00:00+03:00,4.266,4.27
2025-04-25 23:00:00+03:00,4.271,4.238
2025-04-26 01:00:00+03:00,4.237,4.251
2025-04-26 03:00:00+03:00,4.252,4.347
2025-04-26 05:00:00+03:00,4.348,4.265
2025-04-26 07:00:00+03:00,4.264,4.266
2025-04-26 09:00:00+03:00,4.267,4.303
2025-04-26 11:00:00+03:00,4.302,4.271
2025-04-26 13:00:00+03:00,4.272,4.235
2025-04-26 15:00:00+03:00,4.236,4.231
2025-04-26 17:00:00+03:00,4.231,4.282
2025-04-26 19:00:00+03:00,4.283,4.281
2025-04-26 21:00:00+03:00,4.281,4.276
2025-04-26 23:00:00+03:00,4.276,4.281
2025-04-27 01:00:00+03:00,4.282,4.262
2025-04-27 03:00:00+03:00,4.262,4.154
2025-04-27 05:00:00+03:00,4.154,4.174
2025-04-27 07:00:00+03:00,4.174,4.133
2025-04-27 09:00:00+03:00,4.133,4.14
2025-04-27 11:00:00+03:00,4.14,4.138
2025-04-27 13:00:00+03:00,4.138,4.11
2025-04-27 15:00:00+03:00,4.11,4.115
2025-04-27 17:00:00+03:00,4.115,4.092
2025-04-27 19:00:00+03:00,4.093,4.076
2025-04-27 21:00:00+03:00,4.077,4.135
2025-04-27 23:00:00+03:00,4.136,4.134
2025-04-28 01:00:00+03:00,4.135,4.086
2025-04-28 03:00:00+03:00,4.086,4.031
2025-04-28 05:00:00+03:00,4.031,4.111
2025-04-28 07:00:00+03:00,4.111,4.121
2025-04-28 09:00:00+03:00,4.122,4.219
2025-04-28 11:00:00+03:00,4.219,4.221
2025-04-28 13:00:00+03:00,4.22,4.226
2025-04-28 15:00:00+03:00,4.226,4.139
2025-04-28 17:00:00+03:00,4.139,4.111
2025-04-28 19:00:00+03:00,4.11,4.189
2025-04-28 21:00:00+03:00,4.188,4.239
2025-04-28 23:00:00+03:00,4.238,4.23
2025-04-29 01:00:00+03:00,4.23,4.239
2025-04-29 03:00:00+03:00,4.24,4.278
2025-04-29 05:00:00+03:00,4.278,4.274
2025-04-29 07:00:00+03:00,4.275,4.265
2025-04-29 09:00:00+03:00,4.264,4.296
2025-04-29 11:00:00+03:00,4.296,4.282
2025-04-29 13:00:00+03:00,4.283,4.252
2025-04-29 15:00:00+03:00,4.252,4.241
2025-04-29 17:00:00+03:00,4.24,4.27
2025-04-29 19:00:00+03:00,4.27,4.246
2025-04-29 21:00:00+03:00,4.247,4.225
2025-04-29 23:00:00+03:00,4.225,4.167
2025-04-30 01:00:00+03:00,4.167,4.143
2025-04-30 03:00:00+03:00,4.143,4.117
2025-04-30 05:00:00+03:00,4.117,4.168
2025-04-30 07:00:00+03:00,4.168,4.139
2025-04-30 09:00:00+03:00,4.14,4.113
2025-04-30 11:00:00+03:00,4.113,4.125
2025-04-30 13:00:00+03:00,4.125,4.156
2025-04-30 15:00:00+03:00,4.156,4.037
2025-04-30 17:00:00+03:00,4.037,4.072
2025-04-30 19:00:00+03:00,4.072,4.086
2025-04-30 21:00:00+03:00,4.085,4.073
2025-04-30 23:00:00+03:00,4.074,4.097
2025-05-01 01:00:00+03:00,4.096,4.063
2025-05-01 03:00:00+03:00,4.063,4.115
2025-05-01 05:00:00+03:00,4.115,4.095
2025-05-01 07:00:00+03:00,4.096,4.11
2025-05-01 09:00:00+03:00,4.11,4.115
2025-05-01 11:00:00+03:00,4.115,4.148
2025-05-01 13:00:00+03:00,4.149,4.176
2025-05-01 15:00:00+03:00,4.175,4.119
2025-05-01 17:00:00+03:00,4.12,4.155
2025-05-01 19:00:00+03:00,4.155,4.169
2025-05-01 21:00:00+03:00,4.168,4.166
2025-05-01 23:00:00+03:00,4.166,4.198
2025-05-02 01:00:00+03:00,4.198,4.174
2025-05-02 03:00:00+03:00,4.174,4.213
2025-05-02 05:00:00+03:00,4.212,4.241
2025-05-02 07:00:00+03:00,4.241,4.185
2025-05-02 09:00:00+03:00,4.184,4.184
2025-05-02 11:00:00+03:00,4.185,4.196
2025-05-02 13:00:00+03:00,4.196,4.172
2025-05-02 15:00:00+03:00,4.172,4.188
2025-05-02 17:00:00+03:00,4.189,4.2
2025-05-02 19:00:00+03:00,4.201,4.181
2025-05-02 21:00:00+03:00,4.182,4.136
2025-05-02 23:00:00+03:00,4.136,4.149
2025-05-03 01:00:00+03:00,4.149,4.159
2025-05-03 03:00:00+03:00,4.159,4.108
2025-05-03 05:00:00+03:00,4.109,4.135
2025-05-03 07:00:00+03:00,4.135,4.158
2025-05-03 09:00:00+03:00,4.157,4.14
2025-05-03 11:00:00+03:00,4.141,4.115
2025-05-03 13:00:00+03:00,4.114,4.081
2025-05-03 15:00:00+03:00,4.081,4.109
2025-05-03 17:00:00+03:00,4.109,4.11
2025-05-03 19:00:00+03:00,4.111,4.052
2025-05-03 21:00:00+03:00,4.052,4.066
2025-05-03 23:00:00+03:00,4.066,4.044
2025-05-04 01:00:00+03:00,4.044,4.024
2025-05-04 03:00:00+03:00,4.024,4.021
2025-05-04 05:00:00+03:00,4.021,4.002
2025-05-04 07:00:00+03:00,4.001,4.023
2025-05-04 09:00:00+03:00,4.023,4.018
2025-05-04 11:00:00+03:00,4.019,3.957
2025-05-04 13:00:00+03:00,3.957,3.961
2025-05-04 15:00:00+03:00,3.961,3.945
2025-05-04 17:00:00+03:00,3.946,3.961
2025-05-04 19:00:00+03:00,3.961,3.929
2025-05-04 21:00:00+03:00,3.93,3.939
2025-05-04 23:00:00+03:00,3.939,3.968
2025-05-05 01:00:00+03:00,3.968,3.917
2025-05-05 03:00:00+03:00,3.918,3.936
2025-05-05 05:00:00+03:00,3.935,3.97
2025-05-05 07:00:00+03:00,3.971,4.014
2025-05-05 09:00:00+03:00,4.014,3.979
2025-05-05 11:00:00+03:00,3.978,3.953
2025-05-05 13:00:00+03:00,3.953,3.912
2025-05-05 15:00:00+03:00,3.912,3.918
2025-05-05 17:00:00+03:00,3.919,3.895
2025-05-05 19:00:00+03:00,3.895,3.95
2025-05-05 21:00:00+03:00,3.951,3.935
2025-05-05 23:00:00+03:00,3.936,3.93
2025-05-06 01:00:00+03:00,3.929,3.915
2025-05-06 03:00:00+03:00,3.915,3.897
2025-05-06 05:00:00+03:00,3.896,3.915
2025-05-06 07:00:00+03:00,3.915,3.883
2025-05-06 09:00:00+03:00,3.882,3.889
2025-05-06 11:00:00+03:00,3.889,3.886
2025-05-06 13:00:00+03:00,3.885,3.838
2025-05-06 15:00:00+03:00,3.839,3.857
2025-05-06 17:00:00+03:00,3.857,3.906
2025-05-06 19:00:00+03:00,3.906,3.908
2025-05-06 21:00:00+03:00,3.908,3.934
2025-05-06 23:00:00+03:00,3.935,3.881
2025-05-07 01:00:00+03:00,3.881,3.968
2025-05-07 03:00:00+03:00,3.969,3.991
2025-05-07 05:00:00+03:00,3.99,3.962
2025-05-07 07:00:00+03:00,3.962,3.937
2025-05-07 09:00:00+03:00,3.937,3.978
2025-05-07 11:00:00+03:00,3.978,3.986
2025-05-07 13:00:00+03:00,3.986,3.974
2025-05-07 15:00:00+03:00,3.974,3.959
2025-05-07 17:00:00+03:00,3.958,3.919
2025-05-07 19:00:00+03:00,3.919,3.897
2025-05-07 21:00:00+03:00,3.898,3.899
2025-05-07 23:00:00+03:00,3.899,3.927
2025-05-08 01:00:00+03:00,3.928,3.967
2025-05-08 03:00:00+03:00,3.966,4.044
2025-05-08 05:00:00+03:00,4.044,4.169
2025-05-08 07:00:00+03:00,4.169,4.24
2025-05-08 09:00:00+03:00,4.239,4.211
2025-05-08 11:00:00+03:00,4.211,4.277
2025-05-08 13:00:00+03:00,4.277,4.247
2025-05-08 15:00:00+03:00,4.247,4.219
2025-05-08 17:00:00+03:00,4.22,4.296
2025-05-08 19:00:00+03:00,4.296,4.292
2025-05-08 21:00:00+03:00,4.293,4.329
2025-05-08 23:00:00+03:00,4.33,4.442
2025-05-09 01:00:00+03:00,4.443,4.455
2025-05-09 03:00:00+03:00,4.455,4.516
2025-05-09 05:00:00+03:00,4.517,4.475
2025-05-09 07:00:00+03:00,4.474,4.502
2025-05-09 09:00:00+03:00,4.501,4.602
2025-05-09 11:00:00+03:00,4.602,4.591
2025-05-09 13:00:00+03:00,4.591,4.686
2025-05-09 15:00:00+03:00,4.685,4.723
2025-05-09 17:00:00+03:00,4.722,4.73
2025-05-09 19:00:00+03:00,4.731,4.844
2025-05-09 21:00:00+03:00,4.843,4.761
2025-05-09 23:00:00+03:00,4.762,4.781
2025-05-10 01:00:00+03:00,4.782,4.8
2025-05-10 03:00:00+03:00,4.8,4.876
2025-05-10 05:00:00+03:00,4.877,4.977
2025-05-10 07:00:00+03:00,4.977,5.094
2025-05-10 09:00:00+03:00,5.095,5.061
2025-05-10 11:00:00+03:00,5.062,5.131
2025-05-10 13:00:00+03:00,5.132,5.048
2025-05-10 15:00:00+03:00,5.048,5.048
2025-05-10 17:00:00+03:00,5.048,5.002
2025-05-10 19:00:00+03:00,5.002,5.056
2025-05-10 21:00:00+03:00,5.055,5.072
2025-05-10 23:00:00+03:00,5.072,5.126
2025-05-11 01:00:00+03:00,5.126,5.306
2025-05-11 03:00:00+03:00,5.306,5.093
2025-05-11 05:00:00+03:00,5.092,5.125
2025-05-11 07:00:00+03:00,5.124,5.115
2025-05-11 09:00:00+03:00,5.114,5.003
2025-05-11 11:00:00+03:00,5.003,5.053
2025-05-11 13:00:00+03:00,5.053,5.106
2025-05-11 15:00:00+03:00,5.107,4.998
2025-05-11 17:00:00+03:00,4.998,5.049
2025-05-11 19:00:00+03:00,5.048,5.108
2025-05-11 21:00:00+03:00,5.108,5.103
2025-05-11 23:00:00+03:00,5.102,5.122
2025-05-12 01:00:00+03:00,5.122,5.095
2025-05-12 03:00:00+03:00,5.095,5.064
2025-05-12 05:00:00+03:00,5.064,5.146
2025-05-12 07:00:00+03:00,5.146,5.14
2025-05-12 09:00:00+03:00,5.14,5.267
2025-05-12 11:00:00+03:00,5.267,5.227
2025-05-12 13:00:00+03:00,5.227,5.197
2025-05-12 15:00:00+03:00,5.196,5.292
2025-05-12 17:00:00+03:00,5.293,5.106
2025-05-12 19:00:00+03:00,5.106,5.1
2025-05-12 21:00:00+03:00,5.1,5.048
2025-05-12 23:00:00+03:00,5.049,5.084
2025-05-13 01:00:00+03:00,5.084,5.068
2025-05-13 03:00:00+03:00,5.068,4.94
2025-05-13 05:00:00+03:00,4.94,4.84
2025-05-13 07:00:00+03:00,4.839,4.94
2025-05-13 09:00:00+03:00,4.941,4.969
2025-05-13 11:00:00+03:00,4.97,5.031
2025-05-13 13:00:00+03:00,5.031,5.001
2025-05-13 15:00:00+03:00,5.0,5.032
2025-05-13 17:00:00+03:00,5.033,5.042
2025-05-13 19:00:00+03:00,5.043,5.138
2025-05-13 21:00:00+03:00,5.137,5.211
2025-05-13 23:00:00+03:00,5.21,5.194
2025-05-14 01:00:00+03:00,5.194,5.19
2025-05-14 03:00:00+03:00,5.191,5.194
2025-05-14 05:00:00+03:00,5.195,5.195
2025-05-14 07:00:00+03:00,5.195,5.232
2025-05-14 09:00:00+03:00,5.231,5.148
2025-05-14 11:00:00+03:00,5.149,5.077
2025-05-14 13:00:00+03:00,5.076,5.124
2025-05-14 15:00:00+03:00,5.124,5.053
2025-05-14 17:00:00+03:00,5.053,5.018
2025-05-14 19:00:00+03:00,5.019,5.007
2025-05-14 21:00:00+03:00,5.006,5.014
2025-05-14 23:00:00+03:00,5.014,5.02
2025-05-15 01:00:00+03:00,5.019,4.978
2025-05-15 03:00:00+03:00,4.979,4.903
2025-05-15 05:00:00+03:00,4.903,4.899
2025-05-15 07:00:00+03:00,4.899,4.854
2025-05-15 09:00:00+03:00,4.854,4.76
2025-05-15 11:00:00+03:00,4.76,4.787
2025-05-15 13:00:00+03:00,4.786,4.787
2025-05-15 15:00:00+03:00,4.786,4.763
2025-05-15 17:00:00+03:00,4.763,4.835
2025-05-15 19:00:00+03:00,4.835,4.885
2025-05-15 21:00:00+03:00,4.885,4.804
2025-05-15 23:00:00+03:00,4.805,4.774
2025-05-16 01:00:00+03:00,4.773,4.776
2025-05-16 03:00:00+03:00,4.775,4.829
2025-05-16 05:00:00+03:00,4.829,4.868
2025-05-16 07:00:00+03:00,4.869,4.864
2025-05-16 09:00:00+03:00,4.863,4.877
2025-05-16 11:00:00+03:00,4.877,4.908
2025-05-16 13:00:00+03:00,4.908,4.929
2025-05-16 15:00:00+03:00,4.929,4.931
2025-05-16 17:00:00+03:00,4.931,4.906
2025-05-16 19:00:00+03:00,4.905,4.819
2025-05-16 21:00:00+03:00,4.818,4.84
2025-05-16 23:00:00+03:00,4.839,4.796
2025-05-17 01:00:00+03:00,4.796,4.752
2025-05-17 03:00:00+03:00,4.751,4.632
2025-05-17 05:00:00+03:00,4.632,4.683
2025-05-17 07:00:00+03:00,4.682,4.685
2025-05-17 09:00:00+03:00,4.686,4.727
2025-05-17 11:00:00+03:00,4.727,4.674
2025-05-17 13:00:00+03:00,4.674,4.683
2025-05-17 15:00:00+03:00,4.684,4.619
2025-05-17 17:00:00+03:00,4.619,4.658
2025-05-17 19:00:00+03:00,4.659,4.623
2025-05-17 21:00:00+03:00,4.622,4.591
2025-05-17 23:00:00+03:00,4.591,4.652
2025-05-18 01:00:00+03:00,4.651,4.61
2025-05-18 03:00:00+03:00,4.611,4.63
2025-05-18 05:00:00+03:00,4.63,4.604
2025-05-18 07:00:00+03:00,4.605,4.724
2025-05-18 09:00:00+03:00,4.725,4.746
2025-05-18 11:00:00+03:00,4.746,4.757
2025-05-18 13:00:00+03:00,4.758,4.742
2025-05-18 15:00:00+03:00,4.742,4.811
2025-05-18 17:00:00+03:00,4.811,4.909
2025-05-18 19:00:00+03:00,4.909,4.739
2025-05-18 21:00:00+03:00,4.739,4.583
2025-05-18 23:00:00+03:00,4.583,4.634
2025-05-19 01:00:00+03:00,4.634,4.791
2025-05-19 03:00:00+03:00,4.791,4.632
2025-05-19 05:00:00+03:00,4.632,4.549
2025-05-19 07:00:00+03:00,4.55,4.501
2025-05-19 09:00:00+03:00,4.501,4.497
2025-05-19 11:00:00+03:00,4.497,4.486
2025-05-19 13:00:00+03:00,4.485,4.52
2025-05-19 15:00:00+03:00,4.521,4.519
2025-05-19 17:00:00+03:00,4.519,4.554
2025-05-19 19:00:00+03:00,4.555,4.599
2025-05-19 21:00:00+03:00,4.599,4.597
2025-05-19 23:00:00+03:00,4.597,4.595
2025-05-20 01:00:00+03:00,4.594,4.593
2025-05-20 03:00:00+03:00,4.594,4.646
2025-05-20 05:00:00+03:00,4.645,4.646
2025-05-20 07:00:00+03:00,4.647,4.651
2025-05-20 09:00:00+03:00,4.651,4.59
2025-05-20 11:00:00+03:00,4.589,4.564
2025-05-20 13:00:00+03:00,4.565,4.567
2025-05-20 15:00:00+03:00,4.567,4.529
2025-05-20 17:00:00+03:00,4.529,4.597
2025-05-20 19:00:00+03:00,4.598,4.625
2025-05-20 21:00:00+03:00,4.625,4.632
2025-05-20 23:00:00+03:00,4.632,4.687
2025-05-21 01:00:00+03:00,4.686,4.674
2025-05-21 03:00:00+03:00,4.674,4.655
2025-05-21 05:00:00+03:00,4.656,4.724
2025-05-21 07:00:00+03:00,4.724,4.756
2025-05-21 09:00:00+03:00,4.755,4.682
2025-05-21 11:00:00+03:00,4.681,4.636
2025-05-21 13:00:00+03:00,4.636,4.678
2025-05-21 15:00:00+03:00,4.679,4.703
2025-05-21 17:00:00+03:00,4.704,4.757
2025-05-21 19:00:00+03:00,4.758,4.647
2025-05-21 21:00:00+03:00,4.648,4.751
2025-05-21 23:00:00+03:00,4.751,4.707
2025-05-22 01:00:00+03:00,4.706,4.736
2025-05-22 03:00:00+03:00,4.737,4.773
2025-05-22 05:00:00+03:00,4.774,4.842
2025-05-22 07:00:00+03:00,4.842,4.808
2025-05-22 09:00:00+03:00,4.809,4.855
2025-05-22 11:00:00+03:00,4.856,4.906
2025-05-22 13:00:00+03:00,4.906,4.878
2025-05-22 15:00:00+03:00,4.878,4.854
2025-05-22 17:00:00+03:00,4.855,4.931
2025-05-22 19:00:00+03:00,4.932,4.941
2025-05-22 21:00:00+03:00,4.94,4.901
2025-05-22 23:00:00+03:00,4.902,4.902
2025-05-23 01:00:00+03:00,4.903,4.946
2025-05-23 03:00:00+03:00,4.947,4.988
2025-05-23 05:00:00+03:00,4.989,5.104
2025-05-23 07:00:00+03:00,5.103,5.002
2025-05-23 09:00:00+03:00,5.001,4.92
2025-05-23 11:00:00+03:00,4.921,5.002
2025-05-23 13:00:00+03:00,5.003,4.744
2025-05-23 15:00:00+03:00,4.744,4.766
2025-05-23 17:00:00+03:00,4.766,4.713
2025-05-23 19:00:00+03:00,4.713,4.742
2025-05-23 21:00:00+03:00,4.742,4.69
2025-05-23 23:00:00+03:00,4.69,4.64
2025-05-24 01:00:00+03:00,4.64,4.558
2025-05-24 03:00:00+03:00,4.557,4.574
2025-05-24 05:00:00+03:00,4.574,4.613
2025-05-24 07:00:00+03:00,4.612,4.593
2025-05-24 09:00:00+03:00,4.594,4.589
2025-05-24 11:00:00+03:00,4.589,4.587
2025-05-24 13:00:00+03:00,4.587,4.605
2025-05-24 15:00:00+03:00,4.606,4.565
2025-05-24 17:00:00+03:00,4.565,4.566
2025-05-24 19:00:00+03:00,4.567,4.579
2025-05-24 21:00:00+03:00,4.579,4.588
2025-05-24 23:00:00+03:00,4.588,4.571
2025-05-25 01:00:00+03:00,4.571,4.542
2025-05-25 03:00:00+03:00,4.542,4.475
2025-05-25 05:00:00+03:00,4.476,4.515
2025-05-25 07:00:00+03:00,4.515,4.544
2025-05-25 09:00:00+03:00,4.544,4.509
2025-05-25 11:00:00+03:00,4.509,4.458
2025-05-25 13:00:00+03:00,4.459,4.454
2025-05-25 15:00:00+03:00,4.453,4.466
2025-05-25 17:00:00+03:00,4.467,4.409
2025-05-25 19:00:00+03:00,4.409,4.411
2025-05-25 21:00:00+03:00,4.412,4.441
2025-05-25 23:00:00+03:00,4.442,4.41
2025-05-26 01:00:00+03:00,4.41,4.521
2025-05-26 03:00:00+03:00,4.52,4.554
2025-05-26 05:00:00+03:00,4.554,4.559
2025-05-26 07:00:00+03:00,4.56,4.564
2025-05-26 09:00:00+03:00,4.564,4.604
2025-05-26 11:00:00+03:00,4.604,4.557
2025-05-26 13:00:00+03:00,4.557,4.519
2025-05-26 15:00:00+03:00,4.52,4.491
2025-05-26 17:00:00+03:00,4.491,4.524
2025-05-26 19:00:00+03:00,4.524,4.439
2025-05-26 21:00:00+03:00,4.439,4.445
2025-05-26 23:00:00+03:00,4.444,4.466
2025-05-27 01:00:00+03:00,4.467,4.464
2025-05-27 03:00:00+03:00,4.465,4.407
2025-05-27 05:00:00+03:00,4.407,4.425
2025-05-27 07:00:00+03:00,4.424,4.463
2025-05-27 09:00:00+03:00,4.464,4.518
2025-05-27 11:00:00+03:00,4.519,4.56
2025-05-27 13:00:00+03:00,4.56,4.558
2025-05-27 15:00:00+03:00,4.558,4.551
2025-05-27 17:00:00+03:00,4.551,4.58
2025-05-27 19:00:00+03:00,4.581,4.587
2025-05-27 21:00:00+03:00,4.587,4.552
2025-05-27 23:00:00+03:00,4.553,4.544
2025-05-28 01:00:00+03:00,4.545,4.532
2025-05-28 03:00:00+03:00,4.532,4.514
2025-05-28 05:00:00+03:00,4.513,4.547
2025-05-28 07:00:00+03:00,4.546,4.531
2025-05-28 09:00:00+03:00,4.53,4.533
2025-05-28 11:00:00+03:00,4.534,4.531
2025-05-28 13:00:00+03:00,4.531,4.613
2025-05-28 15:00:00+03:00,4.613,4.56
2025-05-28 17:00:00+03:00,4.559,4.486
2025-05-28 19:00:00+03:00,4.486,4.516
2025-05-28 21:00:00+03:00,4.515,4.421
2025-05-28 23:00:00+03:00,4.421,4.503
2025-05-29 01:00:00+03:00,4.502,4.585
2025-05-29 03:00:00+03:00,4.586,4.623
2025-05-29 05:00:00+03:00,4.622,4.626
2025-05-29 07:00:00+03:00,4.626,4.548
2025-05-29 09:00:00+03:00,4.548,4.551
2025-05-29 11:00:00+03:00,4.552,4.555
2025-05-29 13:00:00+03:00,4.555,4.582
2025-05-29 15:00:00+03:00,4.582,4.506
2025-05-29 17:00:00+03:00,4.506,4.495
2025-05-29 19:00:00+03:00,4.496,4.482
2025-05-29 21:00:00+03:00,4.483,4.432
2025-05-29 23:00:00+03:00,4.432,4.46
2025-05-30 01:00:00+03:00,4.46,4.331
2025-05-30 03:00:00+03:00,4.33,4.2
2025-05-30 05:00:00+03:00,4.2,4.208
2025-05-30 07:00:00+03:00,4.208,4.212
2025-05-30 09:00:00+03:00,4.212,4.184
2025-05-30 11:00:00+03:00,4.185,4.205
2025-05-30 13:00:00+03:00,4.205,4.215
2025-05-30 15:00:00+03:00,4.214,4.16
2025-05-30 17:00:00+03:00,4.16,4.172
2025-05-30 19:00:00+03:00,4.173,4.136
2025-05-30 21:00:00+03:00,4.136,4.181
2025-05-30 23:00:00+03:00,4.181,4.127
2025-05-31 01:00:00+03:00,4.126,4.047
2025-05-31 03:00:00+03:00,4.046,3.96
2025-05-31 05:00:00+03:00,3.96,3.958
2025-05-31 07:00:00+03:00,3.958,3.96
2025-05-31 09:00:00+03:00,3.96,3.983
2025-05-31 11:00:00+03:00,3.984,3.978
2025-05-31 13:00:00+03:00,3.979,3.977
2025-05-31 15:00:00+03:00,3.978,4.054
2025-05-31 17:00:00+03:00,4.054,4.075
2025-05-31 19:00:00+03:00,4.076,4.07
2025-05-31 21:00:00+03:00,4.069,4.093
2025-05-31 23:00:00+03:00,4.094,4.098
2025-06-01 01:00:00+03:00,4.099,4.074
2025-06-01 03:00:00+03:00,4.074,4.051
2025-06-01 05:00:00+03:00,4.05,4.064
2025-06-01 07:00:00+03:00,4.064,4.074
2025-06-01 09:00:00+03:00,4.074,4.045
2025-06-01 11:00:00+03:00,4.044,3.995
2025-06-01 13:00:00+03:00,3.994,4.022
2025-06-01 15:00:00+03:00,4.022,4.016
2025-06-01 17:00:00+03:00,4.016,4.047
2025-06-01 19:00:00+03:00,4.046,4.053
2025-06-01 21:00:00+03:00,4.054,4.037
2025-06-01 23:00:00+03:00,4.038,4.061
2025-06-02 01:00:00+03:00,4.06,4.063
2025-06-02 03:00:00+03:00,4.064,4.056
2025-06-02 05:00:00+03:00,4.057,4.018
2025-06-02 07:00:00+03:00,4.017,4.026
2025-06-02 09:00:00+03:00,4.026,4.012
2025-06-02 11:00:00+03:00,4.012,3.961
2025-06-02 13:00:00+03:00,3.961,3.968
2025-06-02 15:00:00+03:00,3.968,4.007
2025-06-02 17:00:00+03:00,4.007,4.032
2025-06-02 19:00:00+03:00,4.033,4.041
2025-06-02 21:00:00+03:00,4.041,4.034
2025-06-02 23:00:00+03:00,4.034,4.126
2025-06-03 01:00:00+03:00,4.126,4.146
2025-06-03 03:00:00+03:00,4.146,4.213
2025-06-03 05:00:00+03:00,4.214,4.146
2025-06-03 07:00:00+03:00,4.147,4.167
2025-06-03 09:00:00+03:00,4.168,4.163
2025-06-03 11:00:00+03:00,4.163,4.162
2025-06-03 13:00:00+03:00,4.162,4.15
2025-06-03 15:00:00+03:00,4.149,4.155
2025-06-03 17:00:00+03:00,4.155,4.182
2025-06-03 19:00:00+03:00,4.181,4.19
2025-06-03 21:00:00+03:00,4.19,4.192
2025-06-03 23:00:00+03:00,4.192,4.114
2025-06-04 01:00:00+03:00,4.115,4.136
2025-06-04 03:00:00+03:00,4.135,4.178
2025-06-04 05:00:00+03:00,4.178,4.188
2025-06-04 07:00:00+03:00,4.189,4.182
2025-06-04 09:00:00+03:00,4.182,4.182
2025-06-04 11:00:00+03:00,4.181,4.173
2025-06-04 13:00:00+03:00,4.173,4.128
2025-06-04 15:00:00+03:00,4.128,4.067
2025-06-04 17:00:00+03:00,4.066,4.104
2025-06-04 19:00:00+03:00,4.105,4.053
2025-06-04 21:00:00+03:00,4.053,4.038
2025-06-04 23:00:00+03:00,4.038,4.037
2025-06-05 01:00:00+03:00,4.037,4.005
2025-06-05 03:00:00+03:00,4.005,4.013
2025-06-05 05:00:00+03:00,4.014,4.033
2025-06-05 07:00:00+03:00,4.033,4.02
2025-06-05 09:00:00+03:00,4.02,4.027
2025-06-05 11:00:00+03:00,4.028,4.028
2025-06-05 13:00:00+03:00,4.028,4.004
2025-06-05 15:00:00+03:00,4.003,3.998
2025-06-05 17:00:00+03:00,3.998,4.016
2025-06-05 19:00:00+03:00,4.017,3.987
2025-06-05 21:00:00+03:00,3.986,3.893
2025-06-05 23:00:00+03:00,3.894,3.82
2025-06-06 01:00:00+03:00,3.82,3.81
2025-06-06 03:00:00+03:00,3.811,3.864
2025-06-06 05:00:00+03:00,3.863,3.912
2025-06-06 07:00:00+03:00,3.913,3.901
2025-06-06 09:00:00+03:00,3.9,3.878
2025-06-06 11:00:00+03:00,3.878,3.88
2025-06-06 13:00:00+03:00,3.88,3.907
2025-06-06 15:00:00+03:00,3.908,3.953
2025-06-06 17:00:00+03:00,3.953,3.967
2025-06-06 19:00:00+03:00,3.966,3.937
2025-06-06 21:00:00+03:00,3.936,3.888
2025-06-06 23:00:00+03:00,3.889,3.903
2025-06-07 01:00:00+03:00,3.903,3.883
2025-06-07 03:00:00+03:00,3.884,3.919
2025-06-07 05:00:00+03:00,3.918,3.977
2025-06-07 07:00:00+03:00,3.976,4.005
2025-06-07 09:00:00+03:00,4.005,4.026
2025-06-07 11:00:00+03:00,4.026,3.993
2025-06-07 13:00:00+03:00,3.992,4.023
2025-06-07 15:00:00+03:00,4.023,4.038
2025-06-07 17:00:00+03:00,4.037,4.038
2025-06-07 19:00:00+03:00,4.038,4.006
2025-06-07 21:00:00+03:00,4.005,4.015
2025-06-07 23:00:00+03:00,4.014,4.033
2025-06-08 01:00:00+03:00,4.033,4.029
2025-06-08 03:00:00+03:00,4.028,4.037
2025-06-08 05:00:00+03:00,4.037,4.018
2025-06-08 07:00:00+03:00,4.018,4.025
2025-06-08 09:00:00+03:00,4.026,4.02
2025-06-08 11:00:00+03:00,4.02,3.993
2025-06-08 13:00:00+03:00,3.994,4.04
2025-06-08 15:00:00+03:00,4.039,4.054
2025-06-08 17:00:00+03:00,4.055,4.074
2025-06-08 19:00:00+03:00,4.073,4.066
2025-06-08 21:00:00+03:00,4.066,4.076
2025-06-08 23:00:00+03:00,4.077,4.061
2025-06-09 01:00:00+03:00,4.062,4.022
2025-06-09 03:00:00+03:00,4.023,4.001
2025-06-09 05:00:00+03:00,4.001,4.005
2025-06-09 07:00:00+03:00,4.004,3.969
2025-06-09 09:00:00+03:00,3.968,3.985
2025-06-09 11:00:00+03:00,3.984,4.038
2025-06-09 13:00:00+03:00,4.037,4.053
2025-06-09 15:00:00+03:00,4.054,3.989
2025-06-09 17:00:00+03:00,3.988,4.019
2025-06-09 19:00:00+03:00,4.019,4.07
2025-06-09 21:00:00+03:00,4.071,4.062
2025-06-09 23:00:00+03:00,4.063,4.136
2025-06-10 01:00:00+03:00,4.137,4.151
2025-06-10 03:00:00+03:00,4.151,4.201
2025-06-10 05:00:00+03:00,4.201,4.147
2025-06-10 07:00:00+03:00,4.148,4.118
2025-06-10 09:00:00+03:00,4.117,4.125
2025-06-10 11:00:00+03:00,4.124,4.142
2025-06-10 13:00:00+03:00,4.142,4.232
2025-06-10 15:00:00+03:00,4.231,4.246
2025-06-10 17:00:00+03:00,4.247,4.239
2025-06-10 19:00:00+03:00,4.239,4.24
2025-06-10 21:00:00+03:00,4.24,4.273
2025-06-10 23:00:00+03:00,4.273,4.258
2025-06-11 01:00:00+03:00,4.257,4.293
2025-06-11 03:00:00+03:00,4.292,4.25
2025-06-11 05:00:00+03:00,4.25,4.274
2025-06-11 07:00:00+03:00,4.274,4.277
2025-06-11 09:00:00+03:00,4.276,4.312
2025-06-11 11:00:00+03:00,4.312,4.248
2025-06-11 13:00:00+03:00,4.247,4.229
2025-06-11 15:00:00+03:00,4.229,4.271
2025-06-11 17:00:00+03:00,4.272,4.332
2025-06-11 19:00:00+03:00,4.332,4.252
2025-06-11 21:00:00+03:00,4.252,4.242
2025-06-11 23:00:00+03:00,4.242,4.172
2025-06-12 01:00:00+03:00,4.171,4.186
2025-06-12 03:00:00+03:00,4.187,4.184
2025-06-12 05:00:00+03:00,4.184,4.138
2025-06-12 07:00:00+03:00,4.137,4.131
2025-06-12 09:00:00+03:00,4.13,4.055
2025-06-12 11:00:00+03:00,4.055,4.077
2025-06-12 13:00:00+03:00,4.078,4.013
2025-06-12 15:00:00+03:00,4.013,4.08
2025-06-12 17:00:00+03:00,4.08,4.023
2025-06-12 19:00:00+03:00,4.024,4.078
2025-06-12 21:00:00+03:00,4.077,3.977
2025-06-12 23:00:00+03:00,3.977,3.924
2025-06-13 01:00:00+03:00,3.924,3.917
2025-06-13 03:00:00+03:00,3.916,3.721
2025-06-13 05:00:00+03:00,3.72,3.777
2025-06-13 07:00:00+03:00,3.776,3.788
2025-06-13 09:00:00+03:00,3.789,3.821
2025-06-13 11:00:00+03:00,3.822,3.806
2025-06-13 13:00:00+03:00,3.806,3.843
2025-06-13 15:00:00+03:00,3.842,3.817
2025-06-13 17:00:00+03:00,3.818,3.823
2025-06-13 19:00:00+03:00,3.823,3.838
2025-06-13 21:00:00+03:00,3.837,3.764
2025-06-13 23:00:00+03:00,3.765,3.812
2025-06-14 01:00:00+03:00,3.813,3.834
2025-06-14 03:00:00+03:00,3.834,3.803
2025-06-14 05:00:00+03:00,3.803,3.817
2025-06-14 07:00:00+03:00,3.816,3.822
2025-06-14 09:00:00+03:00,3.822,3.808
2025-06-14 11:00:00+03:00,3.808,3.784
2025-06-14 13:00:00+03:00,3.784,3.803
2025-06-14 15:00:00+03:00,3.803,3.794
2025-06-14 17:00:00+03:00,3.793,3.761
2025-06-14 19:00:00+03:00,3.761,3.752
2025-06-14 21:00:00+03:00,3.751,3.74
2025-06-14 23:00:00+03:00,3.74,3.775
2025-06-15 01:00:00+03:00,3.776,3.779
2025-06-15 03:00:00+03:00,3.779,3.769
2025-06-15 05:00:00+03:00,3.769,3.784
2025-06-15 07:00:00+03:00,3.784,3.81
2025-06-15 09:00:00+03:00,3.81,3.773
2025-06-15 11:00:00+03:00,3.773,3.758
2025-06-15 13:00:00+03:00,3.759,3.779
2025-06-15 15:00:00+03:00,3.78,3.812
2025-06-15 17:00:00+03:00,3.811,3.801
2025-06-15 19:00:00+03:00,3.802,3.782
2025-06-15 21:00:00+03:00,3.781,3.782
2025-06-15 23:00:00+03:00,3.783,3.771
2025-06-16 01:00:00+03:00,3.771,3.819
2025-06-16 03:00:00+03:00,3.819,3.832
2025-06-16 05:00:00+03:00,3.832,3.84
2025-06-16 07:00:00+03:00,3.84,3.884
2025-06-16 09:00:00+03:00,3.884,3.902
2025-06-16 11:00:00+03:00,3.901,3.903
2025-06-16 13:00:00+03:00,3.904,3.904
2025-06-16 15:00:00+03:00,3.903,3.938
2025-06-16 17:00:00+03:00,3.937,3.936
2025-06-16 19:00:00+03:00,3.936,3.965
2025-06-16 21:00:00+03:00,3.965,3.972
2025-06-16 23:00:00+03:00,3.972,3.974
2025-06-17 01:00:00+03:00,3.973,3.846
2025-06-17 03:00:00+03:00,3.846,3.862
2025-06-17 05:00:00+03:00,3.862,3.872
2025-06-17 07:00:00+03:00,3.872,3.853
2025-06-17 09:00:00+03:00,3.853,3.831
2025-06-17 11:00:00+03:00,3.831,3.794
2025-06-17 13:00:00+03:00,3.794,3.773
2025-06-17 15:00:00+03:00,3.774,3.756
2025-06-17 17:00:00+03:00,3.757,3.725
2025-06-17 19:00:00+03:00,3.725,3.685
2025-06-17 21:00:00+03:00,3.684,3.744
2025-06-17 23:00:00+03:00,3.744,3.715
2025-06-18 01:00:00+03:00,3.716,3.715
2025-06-18 03:00:00+03:00,3.716,3.731
2025-06-18 05:00:00+03:00,3.731,3.749
2025-06-18 07:00:00+03:00,3.749,3.771
2025-06-18 09:00:00+03:00,3.771,3.749
2025-06-18 11:00:00+03:00,3.748,3.708
2025-06-18 13:00:00+03:00,3.709,3.688
2025-06-18 15:00:00+03:00,3.687,3.637
2025-06-18 17:00:00+03:00,3.637,3.635
2025-06-18 19:00:00+03:00,3.634,3.616
2025-06-18 21:00:00+03:00,3.616,3.597
2025-06-18 23:00:00+03:00,3.596,3.659
2025-06-19 01:00:00+03:00,3.659,3.621
2025-06-19 03:00:00+03:00,3.621,3.589
2025-06-19 05:00:00+03:00,3.589,3.604
2025-06-19 07:00:00+03:00,3.604,3.584
2025-06-19 09:00:00+03:00,3.584,3.568
2025-06-19 11:00:00+03:00,3.568,3.575
2025-06-19 13:00:00+03:00,3.574,3.578
2025-06-19 15:00:00+03:00,3.578,3.562
2025-06-19 17:00:00+03:00,3.562,3.524
2025-06-19 19:00:00+03:00,3.525,3.554
2025-06-19 21:00:00+03:00,3.553,3.553
2025-06-19 23:00:00+03:00,3.554,3.549
2025-06-20 01:00:00+03:00,3.549,3.546
2025-06-20 03:00:00+03:00,3.546,3.55
2025-06-20 05:00:00+03:00,3.55,3.508
2025-06-20 07:00:00+03:00,3.508,3.486
2025-06-20 09:00:00+03:00,3.486,3.539
2025-06-20 11:00:00+03:00,3.538,3.515
2025-06-20 13:00:00+03:00,3.514,3.543
2025-06-20 15:00:00+03:00,3.543,3.559
2025-06-20 17:00:00+03:00,3.558,3.472
2025-06-20 19:00:00+03:00,3.472,3.42
2025-06-20 21:00:00+03:00,3.42,3.422
2025-06-20 23:00:00+03:00,3.421,3.431
2025-06-21 01:00:00+03:00,3.432,3.437
2025-06-21 03:00:00+03:00,3.436,3.46
2025-06-21 05:00:00+03:00,3.46,3.457
2025-06-21 07:00:00+03:00,3.457,3.483
2025-06-21 09:00:00+03:00,3.483,3.48
2025-06-21 11:00:00+03:00,3.48,3.489
2025-06-21 13:00:00+03:00,3.489,3.461
2025-06-21 15:00:00+03:00,3.46,3.405
2025-06-21 17:00:00+03:00,3.404,3.409
2025-06-21 19:00:00+03:00,3.408,3.384
2025-06-21 21:00:00+03:00,3.384,3.345
2025-06-21 23:00:00+03:00,3.345,3.272
2025-06-22 01:00:00+03:00,3.273,3.322
2025-06-22 03:00:00+03:00,3.322,3.291
2025-06-22 05:00:00+03:00,3.291,3.256
2025-06-22 07:00:00+03:00,3.257,3.29
2025-06-22 09:00:00+03:00,3.29,3.283
2025-06-22 11:00:00+03:00,3.283,3.252
2025-06-22 13:00:00+03:00,3.252,3.281
2025-06-22 15:00:00+03:00,3.282,3.181
2025-06-22 17:00:00+03:00,3.182,3.172
2025-06-22 19:00:00+03:00,3.171,3.182
2025-06-22 21:00:00+03:00,3.182,3.144
2025-06-22 23:00:00+03:00,3.144,3.069
2025-06-23 01:00:00+03:00,3.069,3.151
2025-06-23 03:00:00+03:00,3.152,3.158
2025-06-23 05:00:00+03:00,3.158,3.176
2025-06-23 07:00:00+03:00,3.176,3.225
2025-06-23 09:00:00+03:00,3.225,3.212
2025-06-23 11:00:00+03:00,3.211,3.199
2025-06-23 13:00:00+03:00,3.2,3.191
2025-06-23 15:00:00+03:00,3.192,3.276
2025-06-23 17:00:00+03:00,3.277,3.205
2025-06-23 19:00:00+03:00,3.205,3.228
2025-06-23 21:00:00+03:00,3.227,3.282
2025-06-23 23:00:00+03:00,3.282,3.305
2025-06-24 01:00:00+03:00,3.305,3.414
2025-06-24 03:00:00+03:00,3.413,3.418
2025-06-24 05:00:00+03:00,3.417,3.4
2025-06-24 07:00:00+03:00,3.399,3.465
2025-06-24 09:00:00+03:00,3.466,3.412
2025-06-24 11:00:00+03:00,3.411,3.415
2025-06-24 13:00:00+03:00,3.414,3.425
2025-06-24 15:00:00+03:00,3.426,3.436
2025-06-24 17:00:00+03:00,3.435,3.448
2025-06-24 19:00:00+03:00,3.447,3.464
2025-06-24 21:00:00+03:00,3.464,3.431
2025-06-24 23:00:00+03:00,3.431,3.455
2025-06-25 01:00:00+03:00,3.454,3.438
2025-06-25 03:00:00+03:00,3.437,3.431
2025-06-25 05:00:00+03:00,3.431,3.425
2025-06-25 07:00:00+03:00,3.425,3.402
2025-06-25 09:00:00+03:00,3.402,3.428
2025-06-25 11:00:00+03:00,3.428,3.389
2025-06-25 13:00:00+03:00,3.389,3.421
2025-06-25 15:00:00+03:00,3.422,3.446
2025-06-25 17:00:00+03:00,3.446,3.359
2025-06-25 19:00:00+03:00,3.36,3.387
2025-06-25 21:00:00+03:00,3.387,3.394
2025-06-25 23:00:00+03:00,3.394,3.379
2025-06-26 01:00:00+03:00,3.38,3.351
2025-06-26 03:00:00+03:00,3.351,3.376
2025-06-26 05:00:00+03:00,3.376,3.378
2025-06-26 07:00:00+03:00,3.379,3.344
2025-06-26 09:00:00+03:00,3.343,3.373
2025-06-26 11:00:00+03:00,3.372,3.328
2025-06-26 13:00:00+03:00,3.327,3.326
2025-06-26 15:00:00+03:00,3.326,3.279
2025-06-26 17:00:00+03:00,3.279,3.31
2025-06-26 19:00:00+03:00,3.311,3.286
2025-06-26 21:00:00+03:00,3.287,3.32
2025-06-26 23:00:00+03:00,3.32,3.312
2025-06-27 01:00:00+03:00,3.312,3.297
2025-06-27 03:00:00+03:00,3.296,3.337
2025-06-27 05:00:00+03:00,3.338,3.343
2025-06-27 07:00:00+03:00,3.343,3.31
2025-06-27 09:00:00+03:00,3.31,3.293
2025-06-27 11:00:00+03:00,3.294,3.321
2025-06-27 13:00:00+03:00,3.321,3.308
2025-06-27 15:00:00+03:00,3.309,3.321
2025-06-27 17:00:00+03:00,3.322,3.356
2025-06-27 19:00:00+03:00,3.355,3.328
2025-06-27 21:00:00+03:00,3.328,3.324
2025-06-27 23:00:00+03:00,3.324,3.354
2025-06-28 01:00:00+03:00,3.354,3.358
2025-06-28 03:00:00+03:00,3.358,3.371
2025-06-28 05:00:00+03:00,3.372,3.358
2025-06-28 07:00:00+03:00,3.357,3.344
2025-06-28 09:00:00+03:00,3.344,3.352
2025-06-28 11:00:00+03:00,3.352,3.345
2025-06-28 13:00:00+03:00,3.345,3.354
2025-06-28 15:00:00+03:00,3.354,3.339
2025-06-28 17:00:00+03:00,3.339,3.372
2025-06-28 19:00:00+03:00,3.372,3.391
2025-06-28 21:00:00+03:00,3.391,3.4
2025-06-28 23:00:00+03:00,3.401,3.413
2025-06-29 01:00:00+03:00,3.413,3.405
2025-06-29 03:00:00+03:00,3.405,3.391
2025-06-29 05:00:00+03:00,3.39,3.38
2025-06-29 07:00:00+03:00,3.381,3.395
2025-06-29 09:00:00+03:00,3.395,3.409
2025-06-29 11:00:00+03:00,3.409,3.421
2025-06-29 13:00:00+03:00,3.42,3.432
2025-06-29 15:00:00+03:00,3.431,3.416
2025-06-29 17:00:00+03:00,3.417,3.398
2025-06-29 19:00:00+03:00,3.398,3.422
2025-06-29 21:00:00+03:00,3.421,3.431
2025-06-29 23:00:00+03:00,3.43,3.441
2025-06-30 01:00:00+03:00,3.441,3.541
2025-06-30 03:00:00+03:00,3.541,3.508
2025-06-30 05:00:00+03:00,3.508,3.477
2025-06-30 07:00:00+03:00,3.477,3.458
2025-06-30 09:00:00+03:00,3.457,3.457
2025-06-30 11:00:00+03:00,3.457,3.414
2025-06-30 13:00:00+03:00,3.415,3.417
2025-06-30 15:00:00+03:00,3.417,3.399
2025-06-30 17:00:00+03:00,3.4,3.393
2025-06-30 19:00:00+03:00,3.394,3.397
2025-06-30 21:00:00+03:00,3.397,3.455
2025-06-30 23:00:00+03:00,3.455,3.408
2025-07-01 01:00:00+03:00,3.408,3.395
2025-07-01 03:00:00+03:00,3.396,3.391
2025-07-01 05:00:00+03:00,3.391,3.383
2025-07-01 07:00:00+03:00,3.383,3.334
2025-07-01 09:00:00+03:00,3.335,3.352
2025-07-01 11:00:00+03:00,3.353,3.335
2025-07-01 13:00:00+03:00,3.335,3.332
2025-07-01 15:00:00+03:00,3.332,3.341
2025-07-01 17:00:00+03:00,3.34,3.329
2025-07-01 19:00:00+03:00,3.329,3.325
2025-07-01 21:00:00+03:00,3.326,3.279
2025-07-01 23:00:00+03:00,3.279,3.288
2025-07-02 01:00:00+03:00,3.287,3.279
2025-07-02 03:00:00+03:00,3.278,3.287
2025-07-02 05:00:00+03:00,3.287,3.299
2025-07-02 07:00:00+03:00,3.299,3.332
2025-07-02 09:00:00+03:00,3.333,3.311
2025-07-02 11:00:00+03:00,3.312,3.302
2025-07-02 13:00:00+03:00,3.303,3.323
2025-07-02 15:00:00+03:00,3.323,3.353
2025-07-02 17:00:00+03:00,3.354,3.43
2025-07-02 19:00:00+03:00,3.431,3.561
2025-07-02 21:00:00+03:00,3.561,3.578
2025-07-02 23:00:00+03:00,3.579,3.605
2025-07-03 01:00:00+03:00,3.605,3.545
2025-07-03 03:00:00+03:00,3.544,3.567
2025-07-03 05:00:00+03:00,3.567,3.534
2025-07-03 07:00:00+03:00,3.535,3.614
2025-07-03 09:00:00+03:00,3.613,3.654
2025-07-03 11:00:00+03:00,3.654,3.631
2025-07-03 13:00:00+03:00,3.631,3.589
2025-07-03 15:00:00+03:00,3.588,3.607
2025-07-03 17:00:00+03:00,3.607,3.505
2025-07-03 19:00:00+03:00,3.506,3.542
2025-07-03 21:00:00+03:00,3.542,3.545
2025-07-03 23:00:00+03:00,3.544,3.55
2025-07-04 01:00:00+03:00,3.55,3.538
2025-07-04 03:00:00+03:00,3.538,3.54
2025-07-04 05:00:00+03:00,3.539,3.515
2025-07-04 07:00:00+03:00,3.515,3.494
2025-07-04 09:00:00+03:00,3.494,3.445
2025-07-04 11:00:00+03:00,3.444,3.444
2025-07-04 13:00:00+03:00,3.444,3.435
2025-07-04 15:00:00+03:00,3.436,3.4
2025-07-04 17:00:00+03:00,3.4,3.35
2025-07-04 19:00:00+03:00,3.35,3.334
2025-07-04 21:00:00+03:00,3.334,3.328
2025-07-04 23:00:00+03:00,3.328,3.352
2025-07-05 01:00:00+03:00,3.351,3.355
2025-07-05 03:00:00+03:00,3.356,3.357
2025-07-05 05:00:00+03:00,3.357,3.366
2025-07-05 07:00:00+03:00,3.366,3.368
2025-07-05 09:00:00+03:00,3.368,3.371
2025-07-05 11:00:00+03:00,3.371,3.36
2025-07-05 13:00:00+03:00,3.36,3.362
2025-07-05 15:00:00+03:00,3.362,3.343
2025-07-05 17:00:00+03:00,3.344,3.343
2025-07-05 19:00:00+03:00,3.344,3.335
2025-07-05 21:00:00+03:00,3.336,3.336
2025-07-05 23:00:00+03:00,3.336,3.349
2025-07-06 01:00:00+03:00,3.348,3.352
2025-07-06 03:00:00+03:00,3.352,3.346
2025-07-06 05:00:00+03:00,3.347,3.343
2025-07-06 07:00:00+03:00,3.343,3.329
2025-07-06 09:00:00+03:00,3.33,3.344
2025-07-06 11:00:00+03:00,3.344,3.341
2025-07-06 13:00:00+03:00,3.342,3.368
2025-07-06 15:00:00+03:00,3.367,3.407
2025-07-06 17:00:00+03:00,3.408,3.388
2025-07-06 19:00:00+03:00,3.388,3.398
2025-07-06 21:00:00+03:00,3.398,3.39
2025-07-06 23:00:00+03:00,3.39,3.418
2025-07-07 01:00:00+03:00,3.417,3.393
2025-07-07 03:00:00+03:00,3.393,3.391
2025-07-07 05:00:00+03:00,3.392,3.412
2025-07-07 07:00:00+03:00,3.412,3.402
2025-07-07 09:00:00+03:00,3.403,3.409
2025-07-07 11:00:00+03:00,3.408,3.391
2025-07-07 13:00:00+03:00,3.391,3.38
2025-07-07 15:00:00+03:00,3.381,3.417
2025-07-07 17:00:00+03:00,3.417,3.391
2025-07-07 19:00:00+03:00,3.392,3.377
2025-07-07 21:00:00+03:00,3.378,3.381
2025-07-07 23:00:00+03:00,3.38,3.356
2025-07-08 01:00:00+03:00,3.355,3.367
2025-07-08 03:00:00+03:00,3.368,3.339
2025-07-08 05:00:00+03:00,3.339,3.345
2025-07-08 07:00:00+03:00,3.346,3.353
2025-07-08 09:00:00+03:00,3.353,3.353
2025-07-08 11:00:00+03:00,3.353,3.337
2025-07-08 13:00:00+03:00,3.338,3.382
2025-07-08 15:00:00+03:00,3.382,3.404
2025-07-08 17:00:00+03:00,3.404,3.371
2025-07-08 19:00:00+03:00,3.371,3.452
2025-07-08 21:00:00+03:00,3.452,3.437
2025-07-08 23:00:00+03:00,3.437,3.462
2025-07-09 01:00:00+03:00,3.462,3.447
2025-07-09 03:00:00+03:00,3.446,3.425
2025-07-09 05:00:00+03:00,3.425,3.417
2025-07-09 07:00:00+03:00,3.417,3.472
2025-07-09 09:00:00+03:00,3.472,3.482
2025-07-09 11:00:00+03:00,3.482,3.48
2025-07-09 13:00:00+03:00,3.479,3.521
2025-07-09 15:00:00+03:00,3.521,3.538
2025-07-09 17:00:00+03:00,3.538,3.521
2025-07-09 19:00:00+03:00,3.522,3.509
2025-07-09 21:00:00+03:00,3.51,3.623
2025-07-09 23:00:00+03:00,3.623,3.633
2025-07-10 01:00:00+03:00,3.633,3.619
2025-07-10 03:00:00+03:00,3.619,3.614
2025-07-10 05:00:00+03:00,3.614,3.64
2025-07-10 07:00:00+03:00,3.639,3.64
2025-07-10 09:00:00+03:00,3.64,3.658
2025-07-10 11:00:00+03:00,3.658,3.671
2025-07-10 13:00:00+03:00,3.671,3.668
2025-07-10 15:00:00+03:00,3.669,3.649
2025-07-10 17:00:00+03:00,3.65,3.628
2025-07-10 19:00:00+03:00,3.628,3.744
2025-07-10 21:00:00+03:00,3.744,3.712
2025-07-10 23:00:00+03:00,3.713,3.836
2025-07-11 01:00:00+03:00,3.835,3.88
2025-07-11 03:00:00+03:00,3.88,3.905
2025-07-11 05:00:00+03:00,3.904,3.916
2025-07-11 07:00:00+03:00,3.916,3.978
2025-07-11 09:00:00+03:00,3.979,3.909
2025-07-11 11:00:00+03:00,3.909,3.98
2025-07-11 13:00:00+03:00,3.98,3.937
2025-07-11 15:00:00+03:00,3.938,4.045
2025-07-11 17:00:00+03:00,4.046,3.978
2025-07-11 19:00:00+03:00,3.977,4.047
2025-07-11 21:00:00+03:00,4.046,4.077
2025-07-11 23:00:00+03:00,4.078,3.944
2025-07-12 01:00:00+03:00,3.943,3.906
2025-07-12 03:00:00+03:00,3.906,3.981
2025-07-12 05:00:00+03:00,3.981,4.014
2025-07-12 07:00:00+03:00,4.014,3.956
2025-07-12 09:00:00+03:00,3.956,3.987
2025-07-12 11:00:00+03:00,3.987,4.013
2025-07-12 13:00:00+03:00,4.012,3.989
2025-07-12 15:00:00+03:00,3.988,3.907
2025-07-12 17:00:00+03:00,3.908,3.824
2025-07-12 19:00:00+03:00,3.824,3.902
2025-07-12 21:00:00+03:00,3.901,3.899
2025-07-12 23:00:00+03:00,3.9,3.89
2025-07-13 01:00:00+03:00,3.891,3.89
2025-07-13 03:00:00+03:00,3.891,3.91
2025-07-13 05:00:00+03:00,3.91,3.919
2025-07-13 07:00:00+03:00,3.918,3.931
2025-07-13 09:00:00+03:00,3.931,3.999
2025-07-13 11:00:00+03:00,3.999,3.948
2025-07-13 13:00:00+03:00,3.948,3.967
2025-07-13 15:00:00+03:00,3.967,4.003
2025-07-13 17:00:00+03:00,4.004,4.007
2025-07-13 19:00:00+03:00,4.008,4.014
2025-07-13 21:00:00+03:00,4.014,4.017
2025-07-13 23:00:00+03:00,4.017,3.971
2025-07-14 01:00:00+03:00,3.97,3.983
2025-07-14 03:00:00+03:00,3.983,4.049
2025-07-14 05:00:00+03:00,4.049,4.138
2025-07-14 07:00:00+03:00,4.138,4.115
2025-07-14 09:00:00+03:00,4.115,4.15
2025-07-14 11:00:00+03:00,4.151,4.122
2025-07-14 13:00:00+03:00,4.121,4.086
2025-07-14 15:00:00+03:00,4.086,4.101
2025-07-14 17:00:00+03:00,4.101,4.003
2025-07-14 19:00:00+03:00,4.003,4.001
2025-07-14 21:00:00+03:00,4.002,3.944
2025-07-14 23:00:00+03:00,3.945,3.958
2025-07-15 01:00:00+03:00,3.958,3.949
2025-07-15 03:00:00+03:00,3.949,3.896
2025-07-15 05:00:00+03:00,3.896,3.832
2025-07-15 07:00:00+03:00,3.833,3.876
2025-07-15 09:00:00+03:00,3.875,3.863
2025-07-15 11:00:00+03:00,3.864,3.866
2025-07-15 13:00:00+03:00,3.866,3.883
2025-07-15 15:00:00+03:00,3.883,3.939
2025-07-15 17:00:00+03:00,3.94,3.946
2025-07-15 19:00:00+03:00,3.946,4.092
2025-07-15 21:00:00+03:00,4.091,3.95
2025-07-15 23:00:00+03:00,3.949,4.04
2025-07-16 01:00:00+03:00,4.04,4.082
2025-07-16 03:00:00+03:00,4.083,4.099
2025-07-16 05:00:00+03:00,4.098,4.043
2025-07-16 07:00:00+03:00,4.043,4.069
2025-07-16 09:00:00+03:00,4.069,4.125
2025-07-16 11:00:00+03:00,4.126,4.107
2025-07-16 13:00:00+03:00,4.108,4.117
2025-07-16 15:00:00+03:00,4.117,4.118
2025-07-16 17:00:00+03:00,4.118,4.133
2025-07-16 19:00:00+03:00,4.134,4.19
2025-07-16 21:00:00+03:00,4.19,4.171
2025-07-16 23:00:00+03:00,4.171,4.24
2025-07-17 01:00:00+03:00,4.241,4.156
2025-07-17 03:00:00+03:00,4.156,4.11
2025-07-17 05:00:00+03:00,4.11,4.096
2025-07-17 07:00:00+03:00,4.095,4.176
2025-07-17 09:00:00+03:00,4.176,4.188
2025-07-17 11:00:00+03:00,4.188,4.254
2025-07-17 13:00:00+03:00,4.253,4.224
2025-07-17 15:00:00+03:00,4.224,4.201
2025-07-17 17:00:00+03:00,4.2,4.19
2025-07-17 19:00:00+03:00,4.189,4.19
2025-07-17 21:00:00+03:00,4.19,4.122
2025-07-17 23:00:00+03:00,4.122,4.209
2025-07-18 01:00:00+03:00,4.209,4.26
2025-07-18 03:00:00+03:00,4.259,4.414
2025-07-18 05:00:00+03:00,4.415,4.437
2025-07-18 07:00:00+03:00,4.436,4.619
2025-07-18 09:00:00+03:00,4.619,4.487
2025-07-18 11:00:00+03:00,4.486,4.451
2025-07-18 13:00:00+03:00,4.452,4.429
2025-07-18 15:00:00+03:00,4.429,4.448
2025-07-18 17:00:00+03:00,4.448,4.295
2025-07-18 19:00:00+03:00,4.294,4.336
2025-07-18 21:00:00+03:00,4.336,4.257
2025-07-18 23:00:00+03:00,4.258,4.232
2025-07-19 01:00:00+03:00,4.231,4.229
2025-07-19 03:00:00+03:00,4.228,4.205
2025-07-19 05:00:00+03:00,4.205,4.298
2025-07-19 07:00:00+03:00,4.297,4.293
2025-07-19 09:00:00+03:00,4.292,4.284
2025-07-19 11:00:00+03:00,4.285,4.275
2025-07-19 13:00:00+03:00,4.275,4.229
2025-07-19 15:00:00+03:00,4.23,4.22
2025-07-19 17:00:00+03:00,4.221,4.22
2025-07-19 19:00:00+03:00,4.221,4.249
2025-07-19 21:00:00+03:00,4.248,4.388
2025-07-19 23:00:00+03:00,4.388,4.364
2025-07-20 01:00:00+03:00,4.364,4.408
2025-07-20 03:00:00+03:00,4.408,4.382
2025-07-20 05:00:00+03:00,4.381,4.389
2025-07-20 07:00:00+03:00,4.389,4.407
2025-07-20 09:00:00+03:00,4.407,4.414
2025-07-20 11:00:00+03:00,4.414,4.467
2025-07-20 13:00:00+03:00,4.466,4.49
2025-07-20 15:00:00+03:00,4.491,4.536
2025-07-20 17:00:00+03:00,4.535,4.541
2025-07-20 19:00:00+03:00,4.541,4.5
2025-07-20 21:00:00+03:00,4.499,4.526
2025-07-20 23:00:00+03:00,4.527,4.533
2025-07-21 01:00:00+03:00,4.533,4.481
2025-07-21 03:00:00+03:00,4.482,4.46
2025-07-21 05:00:00+03:00,4.459,4.541
2025-07-21 07:00:00+03:00,4.54,4.545
2025-07-21 09:00:00+03:00,4.545,4.583
2025-07-21 11:00:00+03:00,4.584,4.551
2025-07-21 13:00:00+03:00,4.552,4.586
2025-07-21 15:00:00+03:00,4.586,4.627
2025-07-21 17:00:00+03:00,4.627,4.597
2025-07-21 19:00:00+03:00,4.597,4.538
2025-07-21 21:00:00+03:00,4.539,4.447
2025-07-21 23:00:00+03:00,4.447,4.485
2025-07-22 01:00:00+03:00,4.484,4.5
2025-07-22 03:00:00+03:00,4.501,4.524
2025-07-22 05:00:00+03:00,4.523,4.42
2025-07-22 07:00:00+03:00,4.419,4.393
2025-07-22 09:00:00+03:00,4.393,4.389
2025-07-22 11:00:00+03:00,4.389,4.342
2025-07-22 13:00:00+03:00,4.341,4.409
2025-07-22 15:00:00+03:00,4.409,4.375
2025-07-22 17:00:00+03:00,4.375,4.422
2025-07-22 19:00:00+03:00,4.422,4.394
2025-07-22 21:00:00+03:00,4.394,4.371
2025-07-22 23:00:00+03:00,4.37,4.483
2025-07-23 01:00:00+03:00,4.483,4.552
2025-07-23 03:00:00+03:00,4.553,4.482
2025-07-23 05:00:00+03:00,4.482,4.476
2025-07-23 07:00:00+03:00,4.476,4.505
2025-07-23 09:00:00+03:00,4.505,4.45
2025-07-23 11:00:00+03:00,4.449,4.365
2025-07-23 13:00:00+03:00,4.366,4.367
2025-07-23 15:00:00+03:00,4.367,4.176
2025-07-23 17:00:00+03:00,4.177,4.241
2025-07-23 19:00:00+03:00,4.241,4.141
2025-07-23 21:00:00+03:00,4.142,4.138
2025-07-23 23:00:00+03:00,4.138,4.1
2025-07-24 01:00:00+03:00,4.1,4.113
2025-07-24 03:00:00+03:00,4.114,4.181
2025-07-24 05:00:00+03:00,4.18,4.141
2025-07-24 07:00:00+03:00,4.141,3.948
2025-07-24 09:00:00+03:00,3.948,4.007
2025-07-24 11:00:00+03:00,4.006,3.97
2025-07-24 13:00:00+03:00,3.971,4.019
2025-07-24 15:00:00+03:00,4.018,3.973
2025-07-24 17:00:00+03:00,3.974,4.08
2025-07-24 19:00:00+03:00,4.081,4.077
2025-07-24 21:00:00+03:00,4.076,4.057
2025-07-24 23:00:00+03:00,4.057,4.035
2025-07-25 01:00:00+03:00,4.036,3.999
2025-07-25 03:00:00+03:00,3.999,3.996
2025-07-25 05:00:00+03:00,3.995,3.923
2025-07-25 07:00:00+03:00,3.923,3.916
2025-07-25 09:00:00+03:00,3.916,3.935
2025-07-25 11:00:00+03:00,3.935,4.021
2025-07-25 13:00:00+03:00,4.022,4.046
2025-07-25 15:00:00+03:00,4.046,4.036
2025-07-25 17:00:00+03:00,4.037,3.952
2025-07-25 19:00:00+03:00,3.952,3.978
2025-07-25 21:00:00+03:00,3.979,3.993
2025-07-25 23:00:00+03:00,3.993,4.086
2025-07-26 01:00:00+03:00,4.086,4.086
2025-07-26 03:00:00+03:00,4.087,4.075
2025-07-26 05:00:00+03:00,4.074,4.119
2025-07-26 07:00:00+03:00,4.119,4.105
2025-07-26 09:00:00+03:00,4.105,4.094
2025-07-26 11:00:00+03:00,4.093,4.097
2025-07-26 13:00:00+03:00,4.097,4.103
2025-07-26 15:00:00+03:00,4.104,4.118
2025-07-26 17:00:00+03:00,4.118,4.142
2025-07-26 19:00:00+03:00,4.143,4.121
2025-07-26 21:00:00+03:00,4.121,4.191
2025-07-26 23:00:00+03:00,4.191,4.174
2025-07-27 01:00:00+03:00,4.175,4.123
2025-07-27 03:00:00+03:00,4.123,4.15
2025-07-27 05:00:00+03:00,4.15,4.162
2025-07-27 07:00:00+03:00,4.162,4.179
2025-07-27 09:00:00+03:00,4.18,4.161
2025-07-27 11:00:00+03:00,4.161,4.123
2025-07-27 13:00:00+03:00,4.123,4.15
2025-07-27 15:00:00+03:00,4.149,4.157
2025-07-27 17:00:00+03:00,4.157,4.169
2025-07-27 19:00:00+03:00,4.168,4.191
2025-07-27 21:00:00+03:00,4.19,4.18
2025-07-27 23:00:00+03:00,4.18,4.202
2025-07-28 01:00:00+03:00,4.203,4.239
2025-07-28 03:00:00+03:00,4.239,4.192
2025-07-28 05:00:00+03:00,4.192,4.247
2025-07-28 07:00:00+03:00,4.246,4.3
2025-07-28 09:00:00+03:00,4.3,4.272
2025-07-28 11:00:00+03:00,4.271,4.275
2025-07-28 13:00:00+03:00,4.276,4.223
2025-07-28 15:00:00+03:00,4.224,4.157
2025-07-28 17:00:00+03:00,4.157,4.071
2025-07-28 19:00:00+03:00,4.07,4.042
2025-07-28 21:00:00+03:00,4.042,4.005
2025-07-28 23:00:00+03:00,4.006,3.974
2025-07-29 01:00:00+03:00,3.973,3.963
2025-07-29 03:00:00+03:00,3.963,3.942
2025-07-29 05:00:00+03:00,3.942,3.989
2025-07-29 07:00:00+03:00,3.989,4.031
2025-07-29 09:00:00+03:00,4.031,4.072
2025-07-29 11:00:00+03:00,4.072,4.018
2025-07-29 13:00:00+03:00,4.018,3.992
2025-07-29 15:00:00+03:00,3.992,3.979
2025-07-29 17:00:00+03:00,3.98,3.913
2025-07-29 19:00:00+03:00,3.914,3.897
2025-07-29 21:00:00+03:00,3.896,3.855
2025-07-29 23:00:00+03:00,3.855,3.899
2025-07-30 01:00:00+03:00,3.899,3.902
2025-07-30 03:00:00+03:00,3.902,3.892
2025-07-30 05:00:00+03:00,3.892,3.893
2025-07-30 07:00:00+03:00,3.893,3.891
2025-07-30 09:00:00+03:00,3.89,3.868
2025-07-30 11:00:00+03:00,3.868,3.823
2025-07-30 13:00:00+03:00,3.823,3.756
2025-07-30 15:00:00+03:00,3.757,3.783
2025-07-30 17:00:00+03:00,3.784,3.818
2025-07-30 19:00:00+03:00,3.818,3.836
2025-07-30 21:00:00+03:00,3.836,3.777
2025-07-30 23:00:00+03:00,3.777,3.764
2025-07-31 01:00:00+03:00,3.764,3.804
2025-07-31 03:00:00+03:00,3.803,3.833
2025-07-31 05:00:00+03:00,3.833,3.872
2025-07-31 07:00:00+03:00,3.873,3.878
2025-07-31 09:00:00+03:00,3.877,3.885
2025-07-31 11:00:00+03:00,3.884,3.901
2025-07-31 13:00:00+03:00,3.902,3.886
2025-07-31 15:00:00+03:00,3.886,3.809
2025-07-31 17:00:00+03:00,3.809,3.788
2025-07-31 19:00:00+03:00,3.788,3.782
2025-07-31 21:00:00+03:00,3.782,3.746
2025-07-31 23:00:00+03:00,3.746,3.727
2025-08-01 01:00:00+03:00,3.727,3.679
2025-08-01 03:00:00+03:00,3.679,3.665
2025-08-01 05:00:00+03:00,3.664,3.692
2025-08-01 07:00:00+03:00,3.691,3.649
2025-08-01 09:00:00+03:00,3.65,3.655
2025-08-01 11:00:00+03:00,3.655,3.608
2025-08-01 13:00:00+03:00,3.608,3.65
2025-08-01 15:00:00+03:00,3.649,3.566
2025-08-01 17:00:00+03:00,3.566,3.641
2025-08-01 19:00:00+03:00,3.641,3.576
2025-08-01 21:00:00+03:00,3.575,3.623
2025-08-01 23:00:00+03:00,3.622,3.595
2025-08-02 01:00:00+03:00,3.596,3.545
2025-08-02 03:00:00+03:00,3.545,3.585
2025-08-02 05:00:00+03:00,3.585,3.594
2025-08-02 07:00:00+03:00,3.595,3.608
2025-08-02 09:00:00+03:00,3.607,3.585
2025-08-02 11:00:00+03:00,3.585,3.547
2025-08-02 13:00:00+03:00,3.547,3.55
2025-08-02 15:00:00+03:00,3.55,3.562
2025-08-02 17:00:00+03:00,3.563,3.493
2025-08-02 19:00:00+03:00,3.494,3.463
2025-08-02 21:00:00+03:00,3.463,3.478
2025-08-02 23:00:00+03:00,3.478,3.505
2025-08-03 01:00:00+03:00,3.506,3.506
2025-08-03 03:00:00+03:00,3.506,3.526
2025-08-03 05:00:00+03:00,3.525,3.538
2025-08-03 07:00:00+03:00,3.539,3.552
2025-08-03 09:00:00+03:00,3.552,3.573
2025-08-03 11:00:00+03:00,3.573,3.58
2025-08-03 13:00:00+03:00,3.58,3.601
2025-08-03 15:00:00+03:00,3.601,3.595
2025-08-03 17:00:00+03:00,3.595,3.588
2025-08-03 19:00:00+03:00,3.587,3.595
2025-08-03 21:00:00+03:00,3.595,3.595
2025-08-03 23:00:00+03:00,3.595,3.614
2025-08-04 01:00:00+03:00,3.614,3.6
2025-08-04 03:00:00+03:00,3.6,3.623
2025-08-04 05:00:00+03:00,3.623,3.621
2025-08-04 07:00:00+03:00,3.62,3.621
2025-08-04 09:00:00+03:00,3.621,3.634
2025-08-04 11:00:00+03:00,3.634,3.623
2025-08-04 13:00:00+03:00,3.623,3.618
2025-08-04 15:00:00+03:00,3.618,3.679
2025-08-04 17:00:00+03:00,3.679,3.69
2025-08-04 19:00:00+03:00,3.689,3.721
2025-08-04 21:00:00+03:00,3.721,3.678
2025-08-04 23:00:00+03:00,3.679,3.717
2025-08-05 01:00:00+03:00,3.717,3.718
2025-08-05 03:00:00+03:00,3.718,3.694
2025-08-05 05:00:00+03:00,3.693,3.66
2025-08-05 07:00:00+03:00,3.66,3.671
2025-08-05 09:00:00+03:00,3.671,3.596
2025-08-05 11:00:00+03:00,3.596,3.655
2025-08-05 13:00:00+03:00,3.655,3.697
2025-08-05 15:00:00+03:00,3.698,3.669
2025-08-05 17:00:00+03:00,3.668,3.577
2025-08-05 19:00:00+03:00,3.576,3.611
2025-08-05 21:00:00+03:00,3.61,3.581
2025-08-05 23:00:00+03:00,3.582,3.567
2025-08-06 01:00:00+03:00,3.566,3.619
2025-08-06 03:00:00+03:00,3.619,3.6
2025-08-06 05:00:00+03:00,3.6,3.57
2025-08-06 07:00:00+03:00,3.57,3.616
2025-08-06 09:00:00+03:00,3.617,3.632
2025-08-06 11:00:00+03:00,3.632,3.615
2025-08-06 13:00:00+03:00,3.615,3.606
2025-08-06 15:00:00+03:00,3.606,3.6
2025-08-06 17:00:00+03:00,3.6,3.677
2025-08-06 19:00:00+03:00,3.676,3.675
2025-08-06 21:00:00+03:00,3.676,3.673
2025-08-06 23:00:00+03:00,3.673,3.677
2025-08-07 01:00:00+03:00,3.677,3.673
2025-08-07 03:00:00+03:00,3.672,3.661
2025-08-07 05:00:00+03:00,3.66,3.646
2025-08-07 07:00:00+03:00,3.645,3.67
2025-08-07 09:00:00+03:00,3.67,3.682
2025-08-07 11:00:00+03:00,3.682,3.68
2025-08-07 13:00:00+03:00,3.68,3.787
2025-08-07 15:00:00+03:00,3.786,3.785
2025-08-07 17:00:00+03:00,3.785,3.766
2025-08-07 19:00:00+03:00,3.766,3.736
2025-08-07 21:00:00+03:00,3.736,3.786
2025-08-07 23:00:00+03:00,3.786,3.818
2025-08-08 01:00:00+03:00,3.818,3.864
2025-08-08 03:00:00+03:00,3.864,3.862
2025-08-08 05:00:00+03:00,3.861,3.875
2025-08-08 07:00:00+03:00,3.875,3.843
2025-08-08 09:00:00+03:00,3.842,3.917
2025-08-08 11:00:00+03:00,3.918,3.915
2025-08-08 13:00:00+03:00,3.915,3.915
2025-08-08 15:00:00+03:00,3.914,3.95
2025-08-08 17:00:00+03:00,3.949,3.884
2025-08-08 19:00:00+03:00,3.884,3.975
2025-08-08 21:00:00+03:00,3.976,3.988
2025-08-08 23:00:00+03:00,3.988,3.971
2025-08-09 01:00:00+03:00,3.971,3.977
2025-08-09 03:00:00+03:00,3.978,4.007
2025-08-09 05:00:00+03:00,4.006,3.999
2025-08-09 07:00:00+03:00,3.999,4.072
2025-08-09 09:00:00+03:00,4.073,4.072
2025-08-09 11:00:00+03:00,4.072,4.089
2025-08-09 13:00:00+03:00,4.088,4.098
2025-08-09 15:00:00+03:00,4.099,4.08
2025-08-09 17:00:00+03:00,4.079,4.074
2025-08-09 19:00:00+03:00,4.073,4.116
2025-08-09 21:00:00+03:00,4.115,4.127
2025-08-09 23:00:00+03:00,4.128,4.129
2025-08-10 01:00:00+03:00,4.129,4.134
2025-08-10 03:00:00+03:00,4.135,4.141
2025-08-10 05:00:00+03:00,4.141,4.135
2025-08-10 07:00:00+03:00,4.135,4.099
2025-08-10 09:00:00+03:00,4.098,4.01
2025-08-10 11:00:00+03:00,4.01,4.031
2025-08-10 13:00:00+03:00,4.031,3.992
2025-08-10 15:00:00+03:00,3.992,3.983
2025-08-10 17:00:00+03:00,3.983,4.055
2025-08-10 19:00:00+03:00,4.055,4.054
2025-08-10 21:00:00+03:00,4.054,4.072
2025-08-10 23:00:00+03:00,4.073,4.04
2025-08-11 01:00:00+03:00,4.041,4.047
2025-08-11 03:00:00+03:00,4.046,4.086
2025-08-11 05:00:00+03:00,4.086,4.128
2025-08-11 07:00:00+03:00,4.129,4.129
2025-08-11 09:00:00+03:00,4.128,4.044
2025-08-11 11:00:00+03:00,4.045,4.044
2025-08-11 13:00:00+03:00,4.045,3.929
2025-08-11 15:00:00+03:00,3.93,3.94
2025-08-11 17:00:00+03:00,3.941,3.962
2025-08-11 19:00:00+03:00,3.962,3.939
2025-08-11 21:00:00+03:00,3.939,3.907
2025-08-11 23:00:00+03:00,3.908,3.862
2025-08-12 01:00:00+03:00,3.862,3.852
2025-08-12 03:00:00+03:00,3.852,3.896
2025-08-12 05:00:00+03:00,3.896,3.894
2025-08-12 07:00:00+03:00,3.894,3.879
2025-08-12 09:00:00+03:00,3.878,3.92
2025-08-12 11:00:00+03:00,3.921,3.865
2025-08-12 13:00:00+03:00,3.865,3.882
2025-08-12 15:00:00+03:00,3.883,3.954
2025-08-12 17:00:00+03:00,3.953,4.092
2025-08-12 19:00:00+03:00,4.092,4.164
2025-08-12 21:00:00+03:00,4.165,4.173
2025-08-12 23:00:00+03:00,4.173,4.166
2025-08-13 01:00:00+03:00,4.166,4.155
2025-08-13 03:00:00+03:00,4.156,4.121
2025-08-13 05:00:00+03:00,4.121,4.188
2025-08-13 07:00:00+03:00,4.187,4.148
2025-08-13 09:00:00+03:00,4.148,4.2
2025-08-13 11:00:00+03:00,4.2,4.258
2025-08-13 13:00:00+03:00,4.257,4.259
2025-08-13 15:00:00+03:00,4.258,4.266
2025-08-13 17:00:00+03:00,4.267,4.221
2025-08-13 19:00:00+03:00,4.221,4.23
2025-08-13 21:00:00+03:00,4.231,4.249
2025-08-13 23:00:00+03:00,4.25,4.246
2025-08-14 01:00:00+03:00,4.246,4.278
2025-08-14 03:00:00+03:00,4.277,4.318
2025-08-14 05:00:00+03:00,4.317,4.336
2025-08-14 07:00:00+03:00,4.336,4.273
2025-08-14 09:00:00+03:00,4.272,4.257
2025-08-14 11:00:00+03:00,4.258,4.239
2025-08-14 13:00:00+03:00,4.238,4.198
2025-08-14 15:00:00+03:00,4.198,4.042
2025-08-14 17:00:00+03:00,4.043,4.024
2025-08-14 19:00:00+03:00,4.024,3.991
2025-08-14 21:00:00+03:00,3.99,3.992
2025-08-14 23:00:00+03:00,3.991,3.946
2025-08-15 01:00:00+03:00,3.945,3.983
2025-08-15 03:00:00+03:00,3.983,3.996
2025-08-15 05:00:00+03:00,3.995,4.034
2025-08-15 07:00:00+03:00,4.033,4.035
2025-08-15 09:00:00+03:00,4.034,4.031
2025-08-15 11:00:00+03:00,4.031,3.989
2025-08-15 13:00:00+03:00,3.989,3.987
2025-08-15 15:00:00+03:00,3.988,3.956
2025-08-15 17:00:00+03:00,3.955,3.858
2025-08-15 19:00:00+03:00,3.858,3.878
2025-08-15 21:00:00+03:00,3.877,3.83
2025-08-15 23:00:00+03:00,3.829,3.881
2025-08-16 01:00:00+03:00,3.881,3.892
2025-08-16 03:00:00+03:00,3.892,3.934
2025-08-16 05:00:00+03:00,3.934,3.908
2025-08-16 07:00:00+03:00,3.907,3.902
2025-08-16 09:00:00+03:00,3.903,3.933
2025-08-16 11:00:00+03:00,3.933,3.905
2025-08-16 13:00:00+03:00,3.904,3.896
2025-08-16 15:00:00+03:00,3.897,3.916
2025-08-16 17:00:00+03:00,3.916,3.979
2025-08-16 19:00:00+03:00,3.979,3.943
2025-08-16 21:00:00+03:00,3.943,3.945
2025-08-16 23:00:00+03:00,3.945,3.947
2025-08-17 01:00:00+03:00,3.947,3.963
2025-08-17 03:00:00+03:00,3.963,3.941
2025-08-17 05:00:00+03:00,3.941,3.978
2025-08-17 07:00:00+03:00,3.978,4.013
2025-08-17 09:00:00+03:00,4.013,4.021
2025-08-17 11:00:00+03:00,4.021,4.063
2025-08-17 13:00:00+03:00,4.064,4.088
2025-08-17 15:00:00+03:00,4.087,4.066
2025-08-17 17:00:00+03:00,4.066,4.17
2025-08-17 19:00:00+03:00,4.17,4.109
2025-08-17 21:00:00+03:00,4.109,4.061
2025-08-17 23:00:00+03:00,4.061,4.062
2025-08-18 01:00:00+03:00,4.061,4.05
2025-08-18 03:00:00+03:00,4.05,3.975
2025-08-18 05:00:00+03:00,3.975,3.895
2025-08-18 07:00:00+03:00,3.896,3.909
2025-08-18 09:00:00+03:00,3.908,3.863
2025-08-18 11:00:00+03:00,3.862,3.883
2025-08-18 13:00:00+03:00,3.882,3.917
2025-08-18 15:00:00+03:00,3.917,3.893
2025-08-18 17:00:00+03:00,3.893,3.917
2025-08-18 19:00:00+03:00,3.916,3.91
2025-08-18 21:00:00+03:00,3.91,3.928
2025-08-18 23:00:00+03:00,3.928,3.94
2025-08-19 01:00:00+03:00,3.94,3.912
2025-08-19 03:00:00+03:00,3.912,3.901
2025-08-19 05:00:00+03:00,3.902,3.822
2025-08-19 07:00:00+03:00,3.821,3.829
2025-08-19 09:00:00+03:00,3.829,3.834
2025-08-19 11:00:00+03:00,3.835,3.858
2025-08-19 13:00:00+03:00,3.858,3.886
2025-08-19 15:00:00+03:00,3.886,3.859
2025-08-19 17:00:00+03:00,3.859,3.772
2025-08-19 19:00:00+03:00,3.773,3.8
2025-08-19 21:00:00+03:00,3.799,3.738
2025-08-19 23:00:00+03:00,3.738,3.78
2025-08-20 01:00:00+03:00,3.779,3.717
2025-08-20 03:00:00+03:00,3.717,3.745
2025-08-20 05:00:00+03:00,3.746,3.751
2025-08-20 07:00:00+03:00,3.751,3.782
2025-08-20 09:00:00+03:00,3.782,3.768
2025-08-20 11:00:00+03:00,3.768,3.804
2025-08-20 13:00:00+03:00,3.804,3.776
2025-08-20 15:00:00+03:00,3.777,3.732
2025-08-20 17:00:00+03:00,3.731,3.819
2025-08-20 19:00:00+03:00,3.82,3.877
2025-08-20 21:00:00+03:00,3.877,3.901
2025-08-20 23:00:00+03:00,3.901,3.888
2025-08-21 01:00:00+03:00,3.889,3.883
2025-08-21 03:00:00+03:00,3.883,3.908
2025-08-21 05:00:00+03:00,3.908,3.88
2025-08-21 07:00:00+03:00,3.879,3.896
2025-08-21 09:00:00+03:00,3.896,3.869
2025-08-21 11:00:00+03:00,3.87,3.83
2025-08-21 13:00:00+03:00,3.83,3.829
2025-08-21 15:00:00+03:00,3.828,3.83
2025-08-21 17:00:00+03:00,3.83,3.792
2025-08-21 19:00:00+03:00,3.793,3.806
2025-08-21 21:00:00+03:00,3.805,3.797
2025-08-21 23:00:00+03:00,3.797,3.823
2025-08-22 01:00:00+03:00,3.823,3.796
2025-08-22 03:00:00+03:00,3.795,3.811
2025-08-22 05:00:00+03:00,3.812,3.795
2025-08-22 07:00:00+03:00,3.796,3.817
2025-08-22 09:00:00+03:00,3.816,3.839
2025-08-22 11:00:00+03:00,3.838,3.818
2025-08-22 13:00:00+03:00,3.817,3.75
2025-08-22 15:00:00+03:00,3.749,3.734
2025-08-22 17:00:00+03:00,3.734,3.958
2025-08-22 19:00:00+03:00,3.959,4.067
2025-08-22 21:00:00+03:00,4.066,4.098
2025-08-22 23:00:00+03:00,4.099,4.196
2025-08-23 01:00:00+03:00,4.195,4.181
2025-08-23 03:00:00+03:00,4.181,4.112
2025-08-23 05:00:00+03:00,4.112,4.049
2025-08-23 07:00:00+03:00,4.049,4.178
2025-08-23 09:00:00+03:00,4.178,4.146
2025-08-23 11:00:00+03:00,4.147,4.154
2025-08-23 13:00:00+03:00,4.155,4.142
2025-08-23 15:00:00+03:00,4.142,4.132
2025-08-23 17:00:00+03:00,4.133,4.156
2025-08-23 19:00:00+03:00,4.156,4.149
2025-08-23 21:00:00+03:00,4.149,4.235
2025-08-23 23:00:00+03:00,4.236,4.202
2025-08-24 01:00:00+03:00,4.203,4.228
2025-08-24 03:00:00+03:00,4.227,4.189
2025-08-24 05:00:00+03:00,4.189,4.163
2025-08-24 07:00:00+03:00,4.162,4.135
2025-08-24 09:00:00+03:00,4.134,4.088
2025-08-24 11:00:00+03:00,4.088,4.073
2025-08-24 13:00:00+03:00,4.074,4.035
2025-08-24 15:00:00+03:00,4.035,4.035
2025-08-24 17:00:00+03:00,4.035,4.06
2025-08-24 19:00:00+03:00,4.061,4.143
2025-08-24 21:00:00+03:00,4.143,4.135
2025-08-24 23:00:00+03:00,4.134,4.122
2025-08-25 01:00:00+03:00,4.123,4.11
2025-08-25 03:00:00+03:00,4.11,4.089
2025-08-25 05:00:00+03:00,4.088,4.101
2025-08-25 07:00:00+03:00,4.1,4.03
2025-08-25 09:00:00+03:00,4.029,3.912
2025-08-25 11:00:00+03:00,3.911,3.92
2025-08-25 13:00:00+03:00,3.921,3.899
2025-08-25 15:00:00+03:00,3.898,3.889
2025-08-25 17:00:00+03:00,3.889,3.867
2025-08-25 19:00:00+03:00,3.868,3.845
2025-08-25 21:00:00+03:00,3.846,3.776
2025-08-25 23:00:00+03:00,3.776,3.709
2025-08-26 01:00:00+03:00,3.708,3.73
2025-08-26 03:00:00+03:00,3.731,3.789
2025-08-26 05:00:00+03:00,3.788,3.787
2025-08-26 07:00:00+03:00,3.787,3.79
2025-08-26 09:00:00+03:00,3.79,3.793
2025-08-26 11:00:00+03:00,3.793,3.783
2025-08-26 13:00:00+03:00,3.783,3.78
2025-08-26 15:00:00+03:00,3.779,3.807
2025-08-26 17:00:00+03:00,3.807,3.811
2025-08-26 19:00:00+03:00,3.811,3.829
2025-08-26 21:00:00+03:00,3.829,3.906
2025-08-26 23:00:00+03:00,3.905,3.903
2025-08-27 01:00:00+03:00,3.903,3.886
2025-08-27 03:00:00+03:00,3.886,3.87
2025-08-27 05:00:00+03:00,3.871,3.891
2025-08-27 07:00:00+03:00,3.89,3.896
2025-08-27 09:00:00+03:00,3.896,3.85
2025-08-27 11:00:00+03:00,3.851,3.865
2025-08-27 13:00:00+03:00,3.864,3.882
2025-08-27 15:00:00+03:00,3.882,3.873
2025-08-27 17:00:00+03:00,3.873,3.911
2025-08-27 19:00:00+03:00,3.911,3.907
2025-08-27 21:00:00+03:00,3.906,3.865
2025-08-27 23:00:00+03:00,3.865,3.865
2025-08-28 01:00:00+03:00,3.866,3.837
2025-08-28 03:00:00+03:00,3.836,3.861
2025-08-28 05:00:00+03:00,3.861,3.873
2025-08-28 07:00:00+03:00,3.874,3.932
2025-08-28 09:00:00+03:00,3.933,3.933
2025-08-28 11:00:00+03:00,3.933,3.935
2025-08-28 13:00:00+03:00,3.935,3.963
2025-08-28 15:00:00+03:00,3.963,3.969
2025-08-28 17:00:00+03:00,3.969,3.956
2025-08-28 19:00:00+03:00,3.956,3.929
2025-08-28 21:00:00+03:00,3.928,3.881
2025-08-28 23:00:00+03:00,3.881,3.941
2025-08-29 01:00:00+03:00,3.941,3.979
2025-08-29 03:00:00+03:00,3.979,3.932
2025-08-29 05:00:00+03:00,3.932,3.951
2025-08-29 07:00:00+03:00,3.95,3.921
2025-08-29 09:00:00+03:00,3.921,3.812
2025-08-29 11:00:00+03:00,3.812,3.8
2025-08-29 13:00:00+03:00,3.799,3.826
2025-08-29 15:00:00+03:00,3.825,3.806
2025-08-29 17:00:00+03:00,3.807,3.769
2025-08-29 19:00:00+03:00,3.769,3.75
2025-08-29 21:00:00+03:00,3.751,3.76
2025-08-29 23:00:00+03:00,3.76,3.778
2025-08-30 01:00:00+03:00,3.779,3.771
2025-08-30 03:00:00+03:00,3.772,3.715
2025-08-30 05:00:00+03:00,3.716,3.815
2025-08-30 07:00:00+03:00,3.816,3.802
2025-08-30 09:00:00+03:00,3.802,3.811
2025-08-30 11:00:00+03:00,3.811,3.783
2025-08-30 13:00:00+03:00,3.782,3.795
2025-08-30 15:00:00+03:00,3.794,3.757
2025-08-30 17:00:00+03:00,3.757,3.786
2025-08-30 19:00:00+03:00,3.785,3.772
2025-08-30 21:00:00+03:00,3.772,3.79
2025-08-30 23:00:00+03:00,3.789,3.792
2025-08-31 01:00:00+03:00,3.792,3.808
2025-08-31 03:00:00+03:00,3.807,3.867
2025-08-31 05:00:00+03:00,3.866,3.86
2025-08-31 07:00:00+03:00,3.86,3.819
2025-08-31 09:00:00+03:00,3.819,3.802
2025-08-31 11:00:00+03:00,3.803,3.816
2025-08-31 13:00:00+03:00,3.817,3.816
2025-08-31 15:00:00+03:00,3.815,3.797
2025-08-31 17:00:00+03:00,3.798,3.815
2025-08-31 19:00:00+03:00,3.815,3.796
2025-08-31 21:00:00+03:00,3.796,3.796
2025-08-31 23:00:00+03:00,3.797,3.807
2025-09-01 01:00:00+03:00,3.807,3.737
2025-09-01 01:00:00+03:00,3.807,3.737
