open_time,open,close
2023-10-19 01:00:00+03:00,14.807,14.8
2023-10-19 03:00:00+03:00,14.8,14.691
2023-10-19 05:00:00+03:00,14.692,14.686
2023-10-19 07:00:00+03:00,14.686,14.716
2023-10-19 09:00:00+03:00,14.715,14.721
2023-10-19 11:00:00+03:00,14.719,14.704
2023-10-19 13:00:00+03:00,14.703,14.701
2023-10-19 15:00:00+03:00,14.701,14.736
2023-10-19 17:00:00+03:00,14.735,14.75
2023-10-19 19:00:00+03:00,14.75,14.736
2023-10-19 21:00:00+03:00,14.737,14.791
2023-10-19 23:00:00+03:00,14.791,14.718
2023-10-20 01:00:00+03:00,14.72,14.799
2023-10-20 03:00:00+03:00,14.798,14.824
2023-10-20 05:00:00+03:00,14.823,15.086
2023-10-20 07:00:00+03:00,15.089,15.146
2023-10-20 09:00:00+03:00,15.147,15.123
2023-10-20 11:00:00+03:00,15.122,15.439
2023-10-20 13:00:00+03:00,15.443,15.322
2023-10-20 15:00:00+03:00,15.323,15.316
2023-10-20 17:00:00+03:00,15.313,15.29
2023-10-20 19:00:00+03:00,15.294,15.282
2023-10-20 21:00:00+03:00,15.282,15.25
2023-10-20 23:00:00+03:00,15.249,15.272
2023-10-21 01:00:00+03:00,15.272,15.293
2023-10-21 03:00:00+03:00,15.293,15.309
2023-10-21 05:00:00+03:00,15.308,15.326
2023-10-21 07:00:00+03:00,15.326,15.316
2023-10-21 09:00:00+03:00,15.316,15.459
2023-10-21 11:00:00+03:00,15.46,15.455
2023-10-21 13:00:00+03:00,15.456,15.533
2023-10-21 15:00:00+03:00,15.532,15.593
2023-10-21 17:00:00+03:00,15.594,15.714
2023-10-21 19:00:00+03:00,15.714,15.758
2023-10-21 21:00:00+03:00,15.758,15.67
2023-10-21 23:00:00+03:00,15.67,15.714
2023-10-22 01:00:00+03:00,15.713,15.736
2023-10-22 03:00:00+03:00,15.736,15.744
2023-10-22 05:00:00+03:00,15.743,15.685
2023-10-22 07:00:00+03:00,15.687,15.765
2023-10-22 09:00:00+03:00,15.765,15.546
2023-10-22 11:00:00+03:00,15.545,15.451
2023-10-22 13:00:00+03:00,15.448,15.459
2023-10-22 15:00:00+03:00,15.46,15.497
2023-10-22 17:00:00+03:00,15.497,15.431
2023-10-22 19:00:00+03:00,15.431,15.559
2023-10-22 21:00:00+03:00,15.559,15.534
2023-10-22 23:00:00+03:00,15.533,15.537
2023-10-23 01:00:00+03:00,15.537,15.864
2023-10-23 03:00:00+03:00,15.864,15.908
2023-10-23 05:00:00+03:00,15.908,15.993
2023-10-23 07:00:00+03:00,15.994,15.937
2023-10-23 09:00:00+03:00,15.937,15.847
2023-10-23 11:00:00+03:00,15.847,15.821
2023-10-23 13:00:00+03:00,15.821,15.897
2023-10-23 15:00:00+03:00,15.896,15.745
2023-10-23 17:00:00+03:00,15.746,15.804
2023-10-23 19:00:00+03:00,15.802,15.896
2023-10-23 21:00:00+03:00,15.897,16.033
2023-10-23 23:00:00+03:00,16.033,16.141
2023-10-24 01:00:00+03:00,16.141,16.646
2023-10-24 03:00:00+03:00,16.644,16.712
2023-10-24 05:00:00+03:00,16.711,16.721
2023-10-24 07:00:00+03:00,16.719,16.63
2023-10-24 09:00:00+03:00,16.628,16.519
2023-10-24 11:00:00+03:00,16.52,16.682
2023-10-24 13:00:00+03:00,16.682,16.871
2023-10-24 15:00:00+03:00,16.872,16.876
2023-10-24 17:00:00+03:00,16.876,16.324
2023-10-24 19:00:00+03:00,16.324,16.412
2023-10-24 21:00:00+03:00,16.416,16.487
2023-10-24 23:00:00+03:00,16.486,16.481
2023-10-25 01:00:00+03:00,16.482,16.466
2023-10-25 03:00:00+03:00,16.465,16.704
2023-10-25 05:00:00+03:00,16.704,16.551
2023-10-25 07:00:00+03:00,16.552,16.521
2023-10-25 09:00:00+03:00,16.521,16.293
2023-10-25 11:00:00+03:00,16.29,16.373
2023-10-25 13:00:00+03:00,16.371,16.343
2023-10-25 15:00:00+03:00,16.344,16.462
2023-10-25 17:00:00+03:00,16.462,16.586
2023-10-25 19:00:00+03:00,16.586,16.369
2023-10-25 21:00:00+03:00,16.369,16.353
2023-10-25 23:00:00+03:00,16.352,16.335
2023-10-26 01:00:00+03:00,16.336,16.395
2023-10-26 03:00:00+03:00,16.395,16.375
2023-10-26 05:00:00+03:00,16.377,16.615
2023-10-26 07:00:00+03:00,16.615,16.364
2023-10-26 09:00:00+03:00,16.364,16.894
2023-10-26 11:00:00+03:00,16.893,16.792
2023-10-26 13:00:00+03:00,16.792,16.644
2023-10-26 15:00:00+03:00,16.645,16.615
2023-10-26 17:00:00+03:00,16.616,16.356
2023-10-26 19:00:00+03:00,16.356,16.414
2023-10-26 21:00:00+03:00,16.414,16.406
2023-10-26 23:00:00+03:00,16.406,16.56
2023-10-27 01:00:00+03:00,16.56,16.572
2023-10-27 03:00:00+03:00,16.572,16.217
2023-10-27 05:00:00+03:00,16.218,16.37
2023-10-27 07:00:00+03:00,16.37,16.243
2023-10-27 09:00:00+03:00,16.242,16.198
2023-10-27 11:00:00+03:00,16.197,16.388
2023-10-27 13:00:00+03:00,16.388,16.3
2023-10-27 15:00:00+03:00,16.299,16.396
2023-10-27 17:00:00+03:00,16.397,16.31
2023-10-27 19:00:00+03:00,16.309,16.047
2023-10-27 21:00:00+03:00,16.047,16.083
2023-10-27 23:00:00+03:00,16.082,16.075
2023-10-28 01:00:00+03:00,16.075,16.061
2023-10-28 03:00:00+03:00,16.059,16.138
2023-10-28 05:00:00+03:00,16.138,16.206
2023-10-28 07:00:00+03:00,16.206,16.236
2023-10-28 09:00:00+03:00,16.236,16.257
2023-10-28 11:00:00+03:00,16.256,16.298
2023-10-28 13:00:00+03:00,16.298,16.277
2023-10-28 15:00:00+03:00,16.277,16.284
2023-10-28 17:00:00+03:00,16.284,16.33
2023-10-28 19:00:00+03:00,16.33,16.301
2023-10-28 21:00:00+03:00,16.302,16.229
2023-10-28 23:00:00+03:00,16.229,16.286
2023-10-29 01:00:00+03:00,16.286,16.234
2023-10-29 02:00:00+02:00,16.235,16.107
2023-10-29 04:00:00+02:00,16.106,16.15
2023-10-29 06:00:00+02:00,16.15,16.222
2023-10-29 08:00:00+02:00,16.222,16.258
2023-10-29 10:00:00+02:00,16.258,16.321
2023-10-29 12:00:00+02:00,16.322,16.353
2023-10-29 14:00:00+02:00,16.354,16.399
2023-10-29 16:00:00+02:00,16.398,16.511
2023-10-29 18:00:00+02:00,16.511,16.54
2023-10-29 20:00:00+02:00,16.541,16.555
2023-10-29 22:00:00+02:00,16.556,16.542
2023-10-30 00:00:00+02:00,16.542,16.656
2023-10-30 02:00:00+02:00,16.655,16.598
2023-10-30 04:00:00+02:00,16.599,16.447
2023-10-30 06:00:00+02:00,16.448,16.407
2023-10-30 08:00:00+02:00,16.408,16.373
2023-10-30 10:00:00+02:00,16.372,16.704
2023-10-30 12:00:00+02:00,16.705,16.76
2023-10-30 14:00:00+02:00,16.761,16.793
2023-10-30 16:00:00+02:00,16.793,16.846
2023-10-30 18:00:00+02:00,16.846,16.639
2023-10-30 20:00:00+02:00,16.639,16.768
2023-10-30 22:00:00+02:00,16.768,16.824
2023-10-31 00:00:00+02:00,16.824,16.793
2023-10-31 02:00:00+02:00,16.792,16.94
2023-10-31 04:00:00+02:00,16.94,16.766
2023-10-31 06:00:00+02:00,16.767,16.832
2023-10-31 08:00:00+02:00,16.833,16.644
2023-10-31 10:00:00+02:00,16.643,16.876
2023-10-31 12:00:00+02:00,16.877,17.159
2023-10-31 14:00:00+02:00,17.16,17.247
2023-10-31 16:00:00+02:00,17.248,17.166
2023-10-31 18:00:00+02:00,17.166,17.462
2023-10-31 20:00:00+02:00,17.462,17.276
2023-10-31 22:00:00+02:00,17.276,17.292
2023-11-01 00:00:00+02:00,17.291,17.482
2023-11-01 02:00:00+02:00,17.482,17.867
2023-11-01 04:00:00+02:00,17.867,17.573
2023-11-01 06:00:00+02:00,17.573,17.302
2023-11-01 08:00:00+02:00,17.301,17.478
2023-11-01 10:00:00+02:00,17.477,17.633
2023-11-01 12:00:00+02:00,17.633,17.504
2023-11-01 14:00:00+02:00,17.504,17.366
2023-11-01 16:00:00+02:00,17.367,17.181
2023-11-01 18:00:00+02:00,17.182,17.412
2023-11-01 20:00:00+02:00,17.412,17.709
2023-11-01 22:00:00+02:00,17.708,17.958
2023-11-02 00:00:00+02:00,17.957,17.781
2023-11-02 02:00:00+02:00,17.781,17.783
2023-11-02 04:00:00+02:00,17.784,17.866
2023-11-02 06:00:00+02:00,17.868,17.515
2023-11-02 08:00:00+02:00,17.515,17.593
2023-11-02 10:00:00+02:00,17.593,17.692
2023-11-02 12:00:00+02:00,17.692,17.739
2023-11-02 14:00:00+02:00,17.738,17.449
2023-11-02 16:00:00+02:00,17.45,17.075
2023-11-02 18:00:00+02:00,17.075,17.245
2023-11-02 20:00:00+02:00,17.244,17.385
2023-11-02 22:00:00+02:00,17.386,17.321
2023-11-03 00:00:00+02:00,17.321,17.317
2023-11-03 02:00:00+02:00,17.318,16.938
2023-11-03 04:00:00+02:00,16.937,16.993
2023-11-03 06:00:00+02:00,16.994,16.996
2023-11-03 08:00:00+02:00,16.996,16.974
2023-11-03 10:00:00+02:00,16.975,16.864
2023-11-03 12:00:00+02:00,16.864,16.93
2023-11-03 14:00:00+02:00,16.93,17.106
2023-11-03 16:00:00+02:00,17.102,17.179
2023-11-03 18:00:00+02:00,17.179,17.015
2023-11-03 20:00:00+02:00,17.015,17.097
2023-11-03 22:00:00+02:00,17.097,17.21
2023-11-04 00:00:00+02:00,17.211,17.268
2023-11-04 02:00:00+02:00,17.268,17.332
2023-11-04 04:00:00+02:00,17.331,17.294
2023-11-04 06:00:00+02:00,17.293,17.257
2023-11-04 08:00:00+02:00,17.256,17.337
2023-11-04 10:00:00+02:00,17.338,17.372
2023-11-04 12:00:00+02:00,17.373,17.354
2023-11-04 14:00:00+02:00,17.354,17.316
2023-11-04 16:00:00+02:00,17.316,17.255
2023-11-04 18:00:00+02:00,17.255,17.315
2023-11-04 20:00:00+02:00,17.315,17.318
2023-11-04 22:00:00+02:00,17.319,17.421
2023-11-05 00:00:00+02:00,17.421,17.503
2023-11-05 02:00:00+02:00,17.502,17.511
2023-11-05 04:00:00+02:00,17.511,17.694
2023-11-05 06:00:00+02:00,17.694,17.67
2023-11-05 08:00:00+02:00,17.671,17.648
2023-11-05 10:00:00+02:00,17.646,17.674
2023-11-05 12:00:00+02:00,17.674,17.929
2023-11-05 14:00:00+02:00,17.929,17.641
2023-11-05 16:00:00+02:00,17.641,17.851
2023-11-05 18:00:00+02:00,17.85,18.151
2023-11-05 20:00:00+02:00,18.15,18.04
2023-11-05 22:00:00+02:00,18.041,17.798
2023-11-06 00:00:00+02:00,17.798,17.992
2023-11-06 02:00:00+02:00,17.993,18.02
2023-11-06 04:00:00+02:00,18.021,18.019
2023-11-06 06:00:00+02:00,18.019,17.847
2023-11-06 08:00:00+02:00,17.847,18.769
2023-11-06 10:00:00+02:00,18.769,18.354
2023-11-06 12:00:00+02:00,18.355,18.459
2023-11-06 14:00:00+02:00,18.459,18.411
2023-11-06 16:00:00+02:00,18.411,18.368
2023-11-06 18:00:00+02:00,18.369,18.38
2023-11-06 20:00:00+02:00,18.381,18.482
2023-11-06 22:00:00+02:00,18.481,18.505
2023-11-07 00:00:00+02:00,18.504,18.542
2023-11-07 02:00:00+02:00,18.543,18.313
2023-11-07 04:00:00+02:00,18.313,18.251
2023-11-07 06:00:00+02:00,18.251,18.322
2023-11-07 08:00:00+02:00,18.322,18.263
2023-11-07 10:00:00+02:00,18.263,18.021
2023-11-07 12:00:00+02:00,18.021,18.016
2023-11-07 14:00:00+02:00,18.016,18.0
2023-11-07 16:00:00+02:00,18.0,17.773
2023-11-07 18:00:00+02:00,17.773,17.887
2023-11-07 20:00:00+02:00,17.888,18.173
2023-11-07 22:00:00+02:00,18.174,18.224
2023-11-08 00:00:00+02:00,18.224,18.131
2023-11-08 02:00:00+02:00,18.131,18.187
2023-11-08 04:00:00+02:00,18.188,18.094
2023-11-08 06:00:00+02:00,18.093,18.071
2023-11-08 08:00:00+02:00,18.072,18.127
2023-11-08 10:00:00+02:00,18.127,18.189
2023-11-08 12:00:00+02:00,18.19,18.192
2023-11-08 14:00:00+02:00,18.191,18.238
2023-11-08 16:00:00+02:00,18.238,18.162
2023-11-08 18:00:00+02:00,18.161,18.248
2023-11-08 20:00:00+02:00,18.248,18.341
2023-11-08 22:00:00+02:00,18.341,18.296
2023-11-09 00:00:00+02:00,18.296,18.339
2023-11-09 02:00:00+02:00,18.339,18.616
2023-11-09 04:00:00+02:00,18.616,18.754
2023-11-09 06:00:00+02:00,18.753,18.697
2023-11-09 08:00:00+02:00,18.697,18.607
2023-11-09 10:00:00+02:00,18.607,18.711
2023-11-09 12:00:00+02:00,18.711,18.598
2023-11-09 14:00:00+02:00,18.598,18.598
2023-11-09 16:00:00+02:00,18.599,20.106
2023-11-09 18:00:00+02:00,20.106,19.49
2023-11-09 20:00:00+02:00,19.49,19.416
2023-11-09 22:00:00+02:00,19.415,19.969
2023-11-10 00:00:00+02:00,19.972,20.709
2023-11-10 02:00:00+02:00,20.709,21.276
2023-11-10 04:00:00+02:00,21.276,21.617
2023-11-10 06:00:00+02:00,21.614,21.805
2023-11-10 08:00:00+02:00,21.805,21.27
2023-11-10 10:00:00+02:00,21.27,21.069
2023-11-10 12:00:00+02:00,21.068,21.05
2023-11-10 14:00:00+02:00,21.049,20.558
2023-11-10 16:00:00+02:00,20.56,20.442
2023-11-10 18:00:00+02:00,20.293,20.5
2023-11-10 20:00:00+02:00,20.499,20.438
2023-11-10 22:00:00+02:00,20.438,20.652
2023-11-11 00:00:00+02:00,20.65,20.758
2023-11-11 02:00:00+02:00,20.758,20.187
2023-11-11 04:00:00+02:00,20.188,19.855
2023-11-11 06:00:00+02:00,19.856,19.958
2023-11-11 08:00:00+02:00,19.958,19.881
2023-11-11 10:00:00+02:00,19.881,20.02
2023-11-11 12:00:00+02:00,20.019,19.969
2023-11-11 14:00:00+02:00,19.97,20.112
2023-11-11 16:00:00+02:00,20.112,20.27
2023-11-11 18:00:00+02:00,20.273,20.277
2023-11-11 20:00:00+02:00,20.275,20.374
2023-11-11 22:00:00+02:00,20.374,20.095
2023-11-12 00:00:00+02:00,20.096,20.055
2023-11-12 02:00:00+02:00,20.056,19.602
2023-11-12 04:00:00+02:00,19.603,19.756
2023-11-12 06:00:00+02:00,19.756,19.773
2023-11-12 08:00:00+02:00,19.772,20.084
2023-11-12 10:00:00+02:00,20.083,20.072
2023-11-12 12:00:00+02:00,20.072,20.145
2023-11-12 14:00:00+02:00,20.144,19.951
2023-11-12 16:00:00+02:00,19.952,20.062
2023-11-12 18:00:00+02:00,20.063,19.977
2023-11-12 20:00:00+02:00,19.977,20.034
2023-11-12 22:00:00+02:00,20.033,20.217
2023-11-13 00:00:00+02:00,20.217,20.072
2023-11-13 02:00:00+02:00,20.072,20.261
2023-11-13 04:00:00+02:00,20.262,19.755
2023-11-13 06:00:00+02:00,19.755,19.859
2023-11-13 08:00:00+02:00,19.858,19.91
2023-11-13 10:00:00+02:00,19.91,20.062
2023-11-13 12:00:00+02:00,20.062,19.786
2023-11-13 14:00:00+02:00,19.786,19.999
2023-11-13 16:00:00+02:00,19.999,20.996
2023-11-13 18:00:00+02:00,20.993,20.479
2023-11-13 20:00:00+02:00,20.479,20.877
2023-11-13 22:00:00+02:00,20.875,20.172
2023-11-14 00:00:00+02:00,20.172,19.992
2023-11-14 02:00:00+02:00,19.993,19.801
2023-11-14 04:00:00+02:00,19.802,19.925
2023-11-14 06:00:00+02:00,19.925,20.117
2023-11-14 08:00:00+02:00,20.118,20.127
2023-11-14 10:00:00+02:00,20.126,19.836
2023-11-14 12:00:00+02:00,19.836,19.435
2023-11-14 14:00:00+02:00,19.434,19.689
2023-11-14 16:00:00+02:00,19.688,19.605
2023-11-14 18:00:00+02:00,19.605,19.416
2023-11-14 20:00:00+02:00,19.416,18.924
2023-11-14 22:00:00+02:00,18.924,19.13
2023-11-15 00:00:00+02:00,19.129,19.085
2023-11-15 02:00:00+02:00,19.084,18.983
2023-11-15 04:00:00+02:00,18.983,18.798
2023-11-15 06:00:00+02:00,18.799,19.038
2023-11-15 08:00:00+02:00,19.038,19.047
2023-11-15 10:00:00+02:00,19.047,19.113
2023-11-15 12:00:00+02:00,19.112,19.481
2023-11-15 14:00:00+02:00,19.481,19.367
2023-11-15 16:00:00+02:00,19.366,19.465
2023-11-15 18:00:00+02:00,19.465,19.386
2023-11-15 20:00:00+02:00,19.386,19.745
2023-11-15 22:00:00+02:00,19.745,19.689
2023-11-16 00:00:00+02:00,19.69,19.896
2023-11-16 02:00:00+02:00,19.896,19.849
2023-11-16 04:00:00+02:00,19.848,19.847
2023-11-16 06:00:00+02:00,19.846,19.842
2023-11-16 08:00:00+02:00,19.843,19.98
2023-11-16 10:00:00+02:00,19.979,19.829
2023-11-16 12:00:00+02:00,19.83,20.304
2023-11-16 14:00:00+02:00,20.304,19.943
2023-11-16 16:00:00+02:00,19.946,19.626
2023-11-16 18:00:00+02:00,19.627,19.682
2023-11-16 20:00:00+02:00,19.682,19.321
2023-11-16 22:00:00+02:00,19.321,19.233
2023-11-17 00:00:00+02:00,19.233,19.282
2023-11-17 02:00:00+02:00,19.283,19.624
2023-11-17 04:00:00+02:00,19.624,19.55
2023-11-17 06:00:00+02:00,19.551,19.515
2023-11-17 08:00:00+02:00,19.516,19.34
2023-11-17 10:00:00+02:00,19.342,19.609
2023-11-17 12:00:00+02:00,19.608,19.416
2023-11-17 14:00:00+02:00,19.416,19.293
2023-11-17 16:00:00+02:00,19.294,18.546
2023-11-17 18:00:00+02:00,18.546,19.128
2023-11-17 20:00:00+02:00,19.127,19.04
2023-11-17 22:00:00+02:00,19.04,19.186
2023-11-18 00:00:00+02:00,19.185,19.387
2023-11-18 02:00:00+02:00,19.387,19.08
2023-11-18 04:00:00+02:00,19.081,18.909
2023-11-18 06:00:00+02:00,18.909,18.751
2023-11-18 08:00:00+02:00,18.75,18.829
2023-11-18 10:00:00+02:00,18.828,18.879
2023-11-18 12:00:00+02:00,18.879,18.84
2023-11-18 14:00:00+02:00,18.84,18.755
2023-11-18 16:00:00+02:00,18.755,19.09
2023-11-18 18:00:00+02:00,19.09,19.172
2023-11-18 20:00:00+02:00,19.172,19.208
2023-11-18 22:00:00+02:00,19.208,19.2
2023-11-19 00:00:00+02:00,19.2,19.205
2023-11-19 02:00:00+02:00,19.205,19.033
2023-11-19 04:00:00+02:00,19.032,19.148
2023-11-19 06:00:00+02:00,19.147,19.202
2023-11-19 08:00:00+02:00,19.202,19.266
2023-11-19 10:00:00+02:00,19.267,19.247
2023-11-19 12:00:00+02:00,19.247,19.081
2023-11-19 14:00:00+02:00,19.081,19.052
2023-11-19 16:00:00+02:00,19.052,19.12
2023-11-19 18:00:00+02:00,19.12,19.189
2023-11-19 20:00:00+02:00,19.189,19.44
2023-11-19 22:00:00+02:00,19.441,19.395
2023-11-20 00:00:00+02:00,19.395,19.609
2023-11-20 02:00:00+02:00,19.608,19.579
2023-11-20 04:00:00+02:00,19.578,19.419
2023-11-20 06:00:00+02:00,19.419,19.418
2023-11-20 08:00:00+02:00,19.418,19.594
2023-11-20 10:00:00+02:00,19.594,19.722
2023-11-20 12:00:00+02:00,19.722,19.542
2023-11-20 14:00:00+02:00,19.542,19.491
2023-11-20 16:00:00+02:00,19.49,19.716
2023-11-20 18:00:00+02:00,19.717,19.853
2023-11-20 20:00:00+02:00,19.852,19.785
2023-11-20 22:00:00+02:00,19.787,19.572
2023-11-21 00:00:00+02:00,19.572,19.461
2023-11-21 02:00:00+02:00,19.462,19.561
2023-11-21 04:00:00+02:00,19.56,19.433
2023-11-21 06:00:00+02:00,19.432,19.436
2023-11-21 08:00:00+02:00,19.437,19.263
2023-11-21 10:00:00+02:00,19.263,19.315
2023-11-21 12:00:00+02:00,19.314,19.281
2023-11-21 14:00:00+02:00,19.281,19.18
2023-11-21 16:00:00+02:00,19.18,18.995
2023-11-21 18:00:00+02:00,18.994,18.745
2023-11-21 20:00:00+02:00,18.745,18.798
2023-11-21 22:00:00+02:00,18.798,18.783
2023-11-22 00:00:00+02:00,18.786,18.068
2023-11-22 02:00:00+02:00,18.067,18.277
2023-11-22 04:00:00+02:00,18.277,18.509
2023-11-22 06:00:00+02:00,18.509,18.532
2023-11-22 08:00:00+02:00,18.532,18.542
2023-11-22 10:00:00+02:00,18.542,18.654
2023-11-22 12:00:00+02:00,18.653,18.584
2023-11-22 14:00:00+02:00,18.583,18.746
2023-11-22 16:00:00+02:00,18.747,18.656
2023-11-22 18:00:00+02:00,18.655,18.709
2023-11-22 20:00:00+02:00,18.709,19.07
2023-11-22 22:00:00+02:00,19.069,19.22
2023-11-23 00:00:00+02:00,19.219,19.0
2023-11-23 02:00:00+02:00,19.0,19.04
2023-11-23 04:00:00+02:00,19.041,18.977
2023-11-23 06:00:00+02:00,18.976,19.013
2023-11-23 08:00:00+02:00,19.013,19.028
2023-11-23 10:00:00+02:00,19.028,19.197
2023-11-23 12:00:00+02:00,19.197,19.001
2023-11-23 14:00:00+02:00,19.002,18.867
2023-11-23 16:00:00+02:00,18.867,18.753
2023-11-23 18:00:00+02:00,18.754,18.866
2023-11-23 20:00:00+02:00,18.867,18.88
2023-11-23 22:00:00+02:00,18.881,18.922
2023-11-24 00:00:00+02:00,18.923,18.924
2023-11-24 02:00:00+02:00,18.924,18.965
2023-11-24 04:00:00+02:00,18.965,18.979
2023-11-24 06:00:00+02:00,18.979,19.005
2023-11-24 08:00:00+02:00,19.005,19.05
2023-11-24 10:00:00+02:00,19.051,19.261
2023-11-24 12:00:00+02:00,19.262,19.297
2023-11-24 14:00:00+02:00,19.298,19.263
2023-11-24 16:00:00+02:00,19.262,19.395
2023-11-24 18:00:00+02:00,19.394,19.323
2023-11-24 20:00:00+02:00,19.324,19.268
2023-11-24 22:00:00+02:00,19.269,19.262
2023-11-25 00:00:00+02:00,19.262,19.209
2023-11-25 02:00:00+02:00,19.21,19.339
2023-11-25 04:00:00+02:00,19.34,19.383
2023-11-25 06:00:00+02:00,19.383,19.347
2023-11-25 08:00:00+02:00,19.347,19.422
2023-11-25 10:00:00+02:00,19.422,19.358
2023-11-25 12:00:00+02:00,19.358,19.228
2023-11-25 14:00:00+02:00,19.228,19.322
2023-11-25 16:00:00+02:00,19.322,19.391
2023-11-25 18:00:00+02:00,19.386,19.358
2023-11-25 20:00:00+02:00,19.358,19.352
2023-11-25 22:00:00+02:00,19.352,19.401
2023-11-26 00:00:00+02:00,19.401,19.439
2023-11-26 02:00:00+02:00,19.439,19.243
2023-11-26 04:00:00+02:00,19.243,19.292
2023-11-26 06:00:00+02:00,19.292,19.391
2023-11-26 08:00:00+02:00,19.391,19.398
2023-11-26 10:00:00+02:00,19.398,19.435
2023-11-26 12:00:00+02:00,19.435,19.42
2023-11-26 14:00:00+02:00,19.421,19.471
2023-11-26 16:00:00+02:00,19.471,19.114
2023-11-26 18:00:00+02:00,19.114,18.952
2023-11-26 20:00:00+02:00,18.951,19.073
2023-11-26 22:00:00+02:00,19.072,19.233
2023-11-27 00:00:00+02:00,19.233,19.122
2023-11-27 02:00:00+02:00,19.124,19.015
2023-11-27 04:00:00+02:00,19.015,18.799
2023-11-27 06:00:00+02:00,18.798,18.814
2023-11-27 08:00:00+02:00,18.813,18.726
2023-11-27 10:00:00+02:00,18.727,18.69
2023-11-27 12:00:00+02:00,18.689,18.546
2023-11-27 14:00:00+02:00,18.546,18.549
2023-11-27 16:00:00+02:00,18.549,18.283
2023-11-27 18:00:00+02:00,18.284,18.428
2023-11-27 20:00:00+02:00,18.428,18.3
2023-11-27 22:00:00+02:00,18.302,18.434
2023-11-28 00:00:00+02:00,18.433,18.547
2023-11-28 02:00:00+02:00,18.548,18.504
2023-11-28 04:00:00+02:00,18.502,18.479
2023-11-28 06:00:00+02:00,18.48,18.209
2023-11-28 08:00:00+02:00,18.208,18.358
2023-11-28 10:00:00+02:00,18.357,18.442
2023-11-28 12:00:00+02:00,18.441,18.59
2023-11-28 14:00:00+02:00,18.59,18.609
2023-11-28 16:00:00+02:00,18.609,18.631
2023-11-28 18:00:00+02:00,18.631,18.959
2023-11-28 20:00:00+02:00,18.96,18.891
2023-11-28 22:00:00+02:00,18.891,18.849
2023-11-29 00:00:00+02:00,18.847,18.858
2023-11-29 02:00:00+02:00,18.857,18.857
2023-11-29 04:00:00+02:00,18.858,18.869
2023-11-29 06:00:00+02:00,18.868,18.855
2023-11-29 08:00:00+02:00,18.855,18.902
2023-11-29 10:00:00+02:00,18.901,18.986
2023-11-29 12:00:00+02:00,18.986,18.743
2023-11-29 14:00:00+02:00,18.743,18.781
2023-11-29 16:00:00+02:00,18.781,18.684
2023-11-29 18:00:00+02:00,18.684,18.69
2023-11-29 20:00:00+02:00,18.69,18.775
2023-11-29 22:00:00+02:00,18.774,18.718
2023-11-30 00:00:00+02:00,18.719,18.744
2023-11-30 02:00:00+02:00,18.744,18.65
2023-11-30 04:00:00+02:00,18.649,18.791
2023-11-30 06:00:00+02:00,18.79,18.665
2023-11-30 08:00:00+02:00,18.666,18.638
2023-11-30 10:00:00+02:00,18.637,18.581
2023-11-30 12:00:00+02:00,18.582,18.692
2023-11-30 14:00:00+02:00,18.692,18.609
2023-11-30 16:00:00+02:00,18.609,18.607
2023-11-30 18:00:00+02:00,18.607,18.645
2023-11-30 20:00:00+02:00,18.646,18.613
2023-11-30 22:00:00+02:00,18.613,18.618
2023-12-01 00:00:00+02:00,18.619,18.656
2023-12-01 02:00:00+02:00,18.655,18.866
2023-12-01 04:00:00+02:00,18.866,18.88
2023-12-01 06:00:00+02:00,18.88,18.871
2023-12-01 08:00:00+02:00,18.872,18.901
2023-12-01 10:00:00+02:00,18.902,19.09
2023-12-01 12:00:00+02:00,19.088,19.008
2023-12-01 14:00:00+02:00,19.009,18.9
2023-12-01 16:00:00+02:00,18.901,18.943
2023-12-01 18:00:00+02:00,18.942,19.012
2023-12-01 20:00:00+02:00,19.013,19.013
2023-12-01 22:00:00+02:00,19.014,19.006
2023-12-02 00:00:00+02:00,19.005,18.991
2023-12-02 02:00:00+02:00,18.992,19.086
2023-12-02 04:00:00+02:00,19.087,19.22
2023-12-02 06:00:00+02:00,19.219,19.177
2023-12-02 08:00:00+02:00,19.178,19.189
2023-12-02 10:00:00+02:00,19.189,19.273
2023-12-02 12:00:00+02:00,19.274,19.227
2023-12-02 14:00:00+02:00,19.226,19.259
2023-12-02 16:00:00+02:00,19.26,19.246
2023-12-02 18:00:00+02:00,19.244,19.264
2023-12-02 20:00:00+02:00,19.263,19.594
2023-12-02 22:00:00+02:00,19.595,19.641
2023-12-03 00:00:00+02:00,19.641,19.619
2023-12-03 02:00:00+02:00,19.619,19.964
2023-12-03 04:00:00+02:00,19.964,19.743
2023-12-03 06:00:00+02:00,19.743,19.678
2023-12-03 08:00:00+02:00,19.678,19.74
2023-12-03 10:00:00+02:00,19.741,19.691
2023-12-03 12:00:00+02:00,19.691,19.639
2023-12-03 14:00:00+02:00,19.639,19.679
2023-12-03 16:00:00+02:00,19.679,19.62
2023-12-03 18:00:00+02:00,19.619,19.511
2023-12-03 20:00:00+02:00,19.512,19.617
2023-12-03 22:00:00+02:00,19.617,19.665
2023-12-04 00:00:00+02:00,19.666,19.861
2023-12-04 02:00:00+02:00,19.862,20.218
2023-12-04 04:00:00+02:00,20.217,20.068
2023-12-04 06:00:00+02:00,20.07,20.349
2023-12-04 08:00:00+02:00,20.348,20.233
2023-12-04 10:00:00+02:00,20.234,20.135
2023-12-04 12:00:00+02:00,20.137,19.906
2023-12-04 14:00:00+02:00,19.905,19.735
2023-12-04 16:00:00+02:00,19.735,19.648
2023-12-04 18:00:00+02:00,19.649,19.722
2023-12-04 20:00:00+02:00,19.723,19.78
2023-12-04 22:00:00+02:00,19.781,19.821
2023-12-05 00:00:00+02:00,19.823,20.009
2023-12-05 02:00:00+02:00,20.009,19.829
2023-12-05 04:00:00+02:00,19.829,19.743
2023-12-05 06:00:00+02:00,19.743,19.796
2023-12-05 08:00:00+02:00,19.796,19.508
2023-12-05 10:00:00+02:00,19.509,19.558
2023-12-05 12:00:00+02:00,19.559,19.532
2023-12-05 14:00:00+02:00,19.532,19.755
2023-12-05 16:00:00+02:00,19.755,19.993
2023-12-05 18:00:00+02:00,19.994,20.362
2023-12-05 20:00:00+02:00,20.362,20.295
2023-12-05 22:00:00+02:00,20.296,20.219
2023-12-06 00:00:00+02:00,20.223,20.279
2023-12-06 02:00:00+02:00,20.28,20.346
2023-12-06 04:00:00+02:00,20.347,20.128
2023-12-06 06:00:00+02:00,20.129,20.068
2023-12-06 08:00:00+02:00,20.068,20.404
2023-12-06 10:00:00+02:00,20.403,20.523
2023-12-06 12:00:00+02:00,20.522,20.214
2023-12-06 14:00:00+02:00,20.213,20.334
2023-12-06 16:00:00+02:00,20.333,20.287
2023-12-06 18:00:00+02:00,20.287,20.377
2023-12-06 20:00:00+02:00,20.378,20.561
2023-12-06 22:00:00+02:00,20.561,20.475
2023-12-07 00:00:00+02:00,20.477,20.284
2023-12-07 02:00:00+02:00,20.285,20.493
2023-12-07 04:00:00+02:00,20.493,20.596
2023-12-07 06:00:00+02:00,20.596,21.916
2023-12-07 08:00:00+02:00,21.917,21.498
2023-12-07 10:00:00+02:00,21.498,21.013
2023-12-07 12:00:00+02:00,21.014,21.172
2023-12-07 14:00:00+02:00,21.171,21.096
2023-12-07 16:00:00+02:00,21.095,21.772
2023-12-07 18:00:00+02:00,21.772,21.763
2023-12-07 20:00:00+02:00,21.762,21.726
2023-12-07 22:00:00+02:00,21.725,21.964
2023-12-08 00:00:00+02:00,21.964,21.997
2023-12-08 02:00:00+02:00,21.997,22.153
2023-12-08 04:00:00+02:00,22.154,22.465
2023-12-08 06:00:00+02:00,22.464,22.296
2023-12-08 08:00:00+02:00,22.297,21.858
2023-12-08 10:00:00+02:00,21.859,21.946
2023-12-08 12:00:00+02:00,21.946,22.16
2023-12-08 14:00:00+02:00,22.161,21.882
2023-12-08 16:00:00+02:00,21.884,21.969
2023-12-08 18:00:00+02:00,21.971,21.981
2023-12-08 20:00:00+02:00,21.982,22.012
2023-12-08 22:00:00+02:00,22.013,22.159
2023-12-09 00:00:00+02:00,22.16,22.283
2023-12-09 02:00:00+02:00,22.284,22.332
2023-12-09 04:00:00+02:00,22.332,22.271
2023-12-09 06:00:00+02:00,22.271,22.398
2023-12-09 08:00:00+02:00,22.399,22.864
2023-12-09 10:00:00+02:00,22.863,22.714
2023-12-09 12:00:00+02:00,22.715,22.606
2023-12-09 14:00:00+02:00,22.604,22.84
2023-12-09 16:00:00+02:00,22.839,22.736
2023-12-09 18:00:00+02:00,22.737,22.152
2023-12-09 20:00:00+02:00,22.153,22.363
2023-12-09 22:00:00+02:00,22.363,22.378
2023-12-10 00:00:00+02:00,22.377,22.065
2023-12-10 02:00:00+02:00,22.065,22.344
2023-12-10 04:00:00+02:00,22.343,22.272
2023-12-10 06:00:00+02:00,22.271,22.381
2023-12-10 08:00:00+02:00,22.383,22.152
2023-12-10 10:00:00+02:00,22.152,21.408
2023-12-10 12:00:00+02:00,21.411,21.77
2023-12-10 14:00:00+02:00,21.771,21.897
2023-12-10 16:00:00+02:00,21.897,21.949
2023-12-10 18:00:00+02:00,21.948,21.806
2023-12-10 20:00:00+02:00,21.806,22.016
2023-12-10 22:00:00+02:00,22.016,22.021
2023-12-11 00:00:00+02:00,22.022,21.989
2023-12-11 02:00:00+02:00,21.989,21.641
2023-12-11 04:00:00+02:00,21.641,20.364
2023-12-11 06:00:00+02:00,20.363,20.318
2023-12-11 08:00:00+02:00,20.318,20.04
2023-12-11 10:00:00+02:00,20.04,20.142
2023-12-11 12:00:00+02:00,20.142,20.282
2023-12-11 14:00:00+02:00,20.283,20.098
2023-12-11 16:00:00+02:00,20.1,20.088
2023-12-11 18:00:00+02:00,20.087,19.948
2023-12-11 20:00:00+02:00,19.949,19.8
2023-12-11 22:00:00+02:00,19.8,20.025
2023-12-12 00:00:00+02:00,20.025,20.168
2023-12-12 02:00:00+02:00,20.168,20.311
2023-12-12 04:00:00+02:00,20.31,20.34
2023-12-12 06:00:00+02:00,20.341,20.276
2023-12-12 08:00:00+02:00,20.277,20.512
2023-12-12 10:00:00+02:00,20.512,20.368
2023-12-12 12:00:00+02:00,20.368,20.239
2023-12-12 14:00:00+02:00,20.24,20.439
2023-12-12 16:00:00+02:00,20.439,20.271
2023-12-12 18:00:00+02:00,20.271,19.9
2023-12-12 20:00:00+02:00,19.9,20.155
2023-12-12 22:00:00+02:00,20.155,20.022
2023-12-13 00:00:00+02:00,20.021,20.326
2023-12-13 02:00:00+02:00,20.325,19.844
2023-12-13 04:00:00+02:00,19.844,19.69
2023-12-13 06:00:00+02:00,19.69,19.806
2023-12-13 08:00:00+02:00,19.806,19.743
2023-12-13 10:00:00+02:00,19.742,19.941
2023-12-13 12:00:00+02:00,19.941,19.714
2023-12-13 14:00:00+02:00,19.714,19.936
2023-12-13 16:00:00+02:00,19.936,20.084
2023-12-13 18:00:00+02:00,20.085,20.086
2023-12-13 20:00:00+02:00,20.085,20.551
2023-12-13 22:00:00+02:00,20.551,20.693
2023-12-14 00:00:00+02:00,20.691,20.75
2023-12-14 02:00:00+02:00,20.752,20.606
2023-12-14 04:00:00+02:00,20.606,20.405
2023-12-14 06:00:00+02:00,20.406,20.535
2023-12-14 08:00:00+02:00,20.533,20.62
2023-12-14 10:00:00+02:00,20.619,20.666
2023-12-14 12:00:00+02:00,20.666,20.966
2023-12-14 14:00:00+02:00,20.967,20.626
2023-12-14 16:00:00+02:00,20.629,20.547
2023-12-14 18:00:00+02:00,20.547,20.7
2023-12-14 20:00:00+02:00,20.701,20.646
2023-12-14 22:00:00+02:00,20.646,20.741
2023-12-15 00:00:00+02:00,20.741,20.894
2023-12-15 02:00:00+02:00,20.894,20.719
2023-12-15 04:00:00+02:00,20.719,20.715
2023-12-15 06:00:00+02:00,20.714,20.529
2023-12-15 08:00:00+02:00,20.53,20.518
2023-12-15 10:00:00+02:00,20.518,20.563
2023-12-15 12:00:00+02:00,20.563,20.507
2023-12-15 14:00:00+02:00,20.506,20.295
2023-12-15 16:00:00+02:00,20.295,20.157
2023-12-15 18:00:00+02:00,20.157,20.137
2023-12-15 20:00:00+02:00,20.137,20.224
2023-12-15 22:00:00+02:00,20.224,20.198
2023-12-16 00:00:00+02:00,20.199,19.967
2023-12-16 02:00:00+02:00,19.967,20.27
2023-12-16 04:00:00+02:00,20.27,20.304
2023-12-16 06:00:00+02:00,20.303,20.303
2023-12-16 08:00:00+02:00,20.303,20.286
2023-12-16 10:00:00+02:00,20.285,20.325
2023-12-16 12:00:00+02:00,20.324,20.396
2023-12-16 14:00:00+02:00,20.396,20.386
2023-12-16 16:00:00+02:00,20.386,20.452
2023-12-16 18:00:00+02:00,20.453,20.47
2023-12-16 20:00:00+02:00,20.47,20.585
2023-12-16 22:00:00+02:00,20.585,20.563
2023-12-17 00:00:00+02:00,20.562,20.738
2023-12-17 02:00:00+02:00,20.737,20.433
2023-12-17 04:00:00+02:00,20.434,20.309
2023-12-17 06:00:00+02:00,20.31,20.309
2023-12-17 08:00:00+02:00,20.31,20.215
2023-12-17 10:00:00+02:00,20.215,20.259
2023-12-17 12:00:00+02:00,20.261,20.241
2023-12-17 14:00:00+02:00,20.241,20.107
2023-12-17 16:00:00+02:00,20.108,20.232
2023-12-17 18:00:00+02:00,20.231,20.324
2023-12-17 20:00:00+02:00,20.324,20.328
2023-12-17 22:00:00+02:00,20.329,20.289
2023-12-18 00:00:00+02:00,20.289,19.98
2023-12-18 02:00:00+02:00,19.98,19.644
2023-12-18 04:00:00+02:00,19.647,19.651
2023-12-18 06:00:00+02:00,19.651,19.597
2023-12-18 08:00:00+02:00,19.598,19.559
2023-12-18 10:00:00+02:00,19.558,19.382
2023-12-18 12:00:00+02:00,19.38,19.176
2023-12-18 14:00:00+02:00,19.174,19.352
2023-12-18 16:00:00+02:00,19.351,19.33
2023-12-18 18:00:00+02:00,19.33,19.409
2023-12-18 20:00:00+02:00,19.41,19.539
2023-12-18 22:00:00+02:00,19.538,19.918
2023-12-19 00:00:00+02:00,19.918,19.916
2023-12-19 02:00:00+02:00,19.916,20.142
2023-12-19 04:00:00+02:00,20.142,20.016
2023-12-19 06:00:00+02:00,20.017,20.019
2023-12-19 08:00:00+02:00,20.019,20.098
2023-12-19 10:00:00+02:00,20.097,19.985
2023-12-19 12:00:00+02:00,19.984,19.928
2023-12-19 14:00:00+02:00,19.928,19.859
2023-12-19 16:00:00+02:00,19.859,19.753
2023-12-19 18:00:00+02:00,19.752,19.473
2023-12-19 20:00:00+02:00,19.473,19.702
2023-12-19 22:00:00+02:00,19.702,19.738
2023-12-20 00:00:00+02:00,19.737,19.661
2023-12-20 02:00:00+02:00,19.662,19.709
2023-12-20 04:00:00+02:00,19.709,19.805
2023-12-20 06:00:00+02:00,19.805,19.93
2023-12-20 08:00:00+02:00,19.931,20.014
2023-12-20 10:00:00+02:00,20.014,20.142
2023-12-20 12:00:00+02:00,20.143,20.095
2023-12-20 14:00:00+02:00,20.096,20.396
2023-12-20 16:00:00+02:00,20.396,20.424
2023-12-20 18:00:00+02:00,20.425,20.477
2023-12-20 20:00:00+02:00,20.478,20.213
2023-12-20 22:00:00+02:00,20.214,20.042
2023-12-21 00:00:00+02:00,20.043,20.211
2023-12-21 02:00:00+02:00,20.211,20.107
2023-12-21 04:00:00+02:00,20.106,20.143
2023-12-21 06:00:00+02:00,20.142,20.075
2023-12-21 08:00:00+02:00,20.076,20.246
2023-12-21 10:00:00+02:00,20.246,20.332
2023-12-21 12:00:00+02:00,20.331,20.566
2023-12-21 14:00:00+02:00,20.564,20.63
2023-12-21 16:00:00+02:00,20.63,20.403
2023-12-21 18:00:00+02:00,20.403,20.44
2023-12-21 20:00:00+02:00,20.438,20.577
2023-12-21 22:00:00+02:00,20.577,20.696
2023-12-22 00:00:00+02:00,20.698,20.671
2023-12-22 02:00:00+02:00,20.673,20.75
2023-12-22 04:00:00+02:00,20.749,20.791
2023-12-22 06:00:00+02:00,20.792,20.918
2023-12-22 08:00:00+02:00,20.916,21.51
2023-12-22 10:00:00+02:00,21.51,21.679
2023-12-22 12:00:00+02:00,21.681,21.859
2023-12-22 14:00:00+02:00,21.858,21.739
2023-12-22 16:00:00+02:00,21.74,21.831
2023-12-22 18:00:00+02:00,21.83,21.97
2023-12-22 20:00:00+02:00,21.97,21.762
2023-12-22 22:00:00+02:00,21.763,21.766
2023-12-23 00:00:00+02:00,21.767,21.915
2023-12-23 02:00:00+02:00,21.916,21.329
2023-12-23 04:00:00+02:00,21.328,21.206
2023-12-23 06:00:00+02:00,21.21,21.377
2023-12-23 08:00:00+02:00,21.378,21.184
2023-12-23 10:00:00+02:00,21.186,21.303
2023-12-23 12:00:00+02:00,21.304,21.245
2023-12-23 14:00:00+02:00,21.245,21.33
2023-12-23 16:00:00+02:00,21.33,21.254
2023-12-23 18:00:00+02:00,21.253,21.28
2023-12-23 20:00:00+02:00,21.28,21.309
2023-12-23 22:00:00+02:00,21.31,21.345
2023-12-24 00:00:00+02:00,21.345,21.483
2023-12-24 02:00:00+02:00,21.481,21.391
2023-12-24 04:00:00+02:00,21.392,21.543
2023-12-24 06:00:00+02:00,21.545,21.241
2023-12-24 08:00:00+02:00,21.241,21.256
2023-12-24 10:00:00+02:00,21.255,21.248
2023-12-24 12:00:00+02:00,21.25,21.138
2023-12-24 14:00:00+02:00,21.139,21.191
2023-12-24 16:00:00+02:00,21.19,21.253
2023-12-24 18:00:00+02:00,21.255,21.25
2023-12-24 20:00:00+02:00,21.25,21.367
2023-12-24 22:00:00+02:00,21.369,21.02
2023-12-25 00:00:00+02:00,21.021,20.859
2023-12-25 02:00:00+02:00,20.859,20.944
2023-12-25 04:00:00+02:00,20.944,20.984
2023-12-25 06:00:00+02:00,20.984,21.164
2023-12-25 08:00:00+02:00,21.164,21.272
2023-12-25 10:00:00+02:00,21.272,21.144
2023-12-25 12:00:00+02:00,21.144,21.348
2023-12-25 14:00:00+02:00,21.35,21.543
2023-12-25 16:00:00+02:00,21.541,21.523
2023-12-25 18:00:00+02:00,21.521,21.49
2023-12-25 20:00:00+02:00,21.491,21.48
2023-12-25 22:00:00+02:00,21.48,21.409
2023-12-26 00:00:00+02:00,21.41,21.46
2023-12-26 02:00:00+02:00,21.461,21.234
2023-12-26 04:00:00+02:00,21.238,21.34
2023-12-26 06:00:00+02:00,21.34,20.898
2023-12-26 08:00:00+02:00,20.898,20.907
2023-12-26 10:00:00+02:00,20.906,20.806
2023-12-26 12:00:00+02:00,20.806,21.047
2023-12-26 14:00:00+02:00,21.047,21.124
2023-12-26 16:00:00+02:00,21.124,20.892
2023-12-26 18:00:00+02:00,20.893,20.46
2023-12-26 20:00:00+02:00,20.461,20.619
2023-12-26 22:00:00+02:00,20.62,20.766
2023-12-27 00:00:00+02:00,20.766,20.853
2023-12-27 02:00:00+02:00,20.853,20.784
2023-12-27 04:00:00+02:00,20.785,20.456
2023-12-27 06:00:00+02:00,20.457,20.991
2023-12-27 08:00:00+02:00,20.989,21.442
2023-12-27 10:00:00+02:00,21.442,22.006
2023-12-27 12:00:00+02:00,22.006,21.94
2023-12-27 14:00:00+02:00,21.945,22.049
2023-12-27 16:00:00+02:00,22.05,22.214
2023-12-27 18:00:00+02:00,22.217,22.263
2023-12-27 20:00:00+02:00,22.261,22.052
2023-12-27 22:00:00+02:00,22.052,22.322
2023-12-28 00:00:00+02:00,22.322,22.744
2023-12-28 02:00:00+02:00,22.744,22.628
2023-12-28 04:00:00+02:00,22.626,22.633
2023-12-28 06:00:00+02:00,22.632,22.613
2023-12-28 08:00:00+02:00,22.613,22.949
2023-12-28 10:00:00+02:00,22.95,22.718
2023-12-28 12:00:00+02:00,22.719,23.003
2023-12-28 14:00:00+02:00,23.003,23.7
2023-12-28 16:00:00+02:00,23.702,23.299
2023-12-28 18:00:00+02:00,23.302,22.762
2023-12-28 20:00:00+02:00,22.762,22.757
2023-12-28 22:00:00+02:00,22.757,22.297
2023-12-29 00:00:00+02:00,22.297,22.465
2023-12-29 02:00:00+02:00,22.464,22.615
2023-12-29 04:00:00+02:00,22.615,22.821
2023-12-29 06:00:00+02:00,22.822,22.66
2023-12-29 08:00:00+02:00,22.659,22.292
2023-12-29 10:00:00+02:00,22.292,22.627
2023-12-29 12:00:00+02:00,22.627,22.765
2023-12-29 14:00:00+02:00,22.765,23.155
2023-12-29 16:00:00+02:00,23.156,22.828
2023-12-29 18:00:00+02:00,22.829,22.311
2023-12-29 20:00:00+02:00,22.312,22.438
2023-12-29 22:00:00+02:00,22.439,22.255
2023-12-30 00:00:00+02:00,22.255,22.511
2023-12-30 02:00:00+02:00,22.511,22.526
2023-12-30 04:00:00+02:00,22.525,22.39
2023-12-30 06:00:00+02:00,22.388,22.871
2023-12-30 08:00:00+02:00,22.871,22.901
2023-12-30 10:00:00+02:00,22.9,22.349
2023-12-30 12:00:00+02:00,22.349,22.461
2023-12-30 14:00:00+02:00,22.461,22.37
2023-12-30 16:00:00+02:00,22.37,22.705
2023-12-30 18:00:00+02:00,22.705,22.585
2023-12-30 20:00:00+02:00,22.585,22.399
2023-12-30 22:00:00+02:00,22.397,22.368
2023-12-31 00:00:00+02:00,22.369,22.292
2023-12-31 02:00:00+02:00,22.291,22.232
2023-12-31 04:00:00+02:00,22.233,22.022
2023-12-31 06:00:00+02:00,22.021,22.008
2023-12-31 08:00:00+02:00,22.009,22.263
2023-12-31 10:00:00+02:00,22.264,22.42
2023-12-31 12:00:00+02:00,22.42,22.328
2023-12-31 14:00:00+02:00,22.329,22.239
2023-12-31 16:00:00+02:00,22.24,22.294
2023-12-31 18:00:00+02:00,22.293,22.306
2023-12-31 20:00:00+02:00,22.306,22.213
2023-12-31 22:00:00+02:00,22.212,22.123
2024-01-01 00:00:00+02:00,22.123,21.95
2024-01-01 02:00:00+02:00,21.95,22.134
2024-01-01 04:00:00+02:00,22.134,21.776
2024-01-01 06:00:00+02:00,21.776,21.551
2024-01-01 08:00:00+02:00,21.549,21.976
2024-01-01 10:00:00+02:00,21.977,22.056
2024-01-01 12:00:00+02:00,22.055,21.981
2024-01-01 14:00:00+02:00,21.981,22.008
2024-01-01 16:00:00+02:00,22.008,22.12
2024-01-01 18:00:00+02:00,22.123,22.228
2024-01-01 20:00:00+02:00,22.227,22.475
2024-01-01 22:00:00+02:00,22.475,22.395
2024-01-02 00:00:00+02:00,22.395,22.512
2024-01-02 02:00:00+02:00,22.512,22.747
2024-01-02 04:00:00+02:00,22.746,22.78
2024-01-02 06:00:00+02:00,22.781,22.728
2024-01-02 08:00:00+02:00,22.727,22.774
2024-01-02 10:00:00+02:00,22.774,22.908
2024-01-02 12:00:00+02:00,22.909,22.674
2024-01-02 14:00:00+02:00,22.677,22.638
2024-01-02 16:00:00+02:00,22.636,22.215
2024-01-02 18:00:00+02:00,22.215,22.119
2024-01-02 20:00:00+02:00,22.121,22.152
2024-01-02 22:00:00+02:00,22.153,22.133
2024-01-03 00:00:00+02:00,22.132,21.991
2024-01-03 02:00:00+02:00,21.991,22.168
2024-01-03 04:00:00+02:00,22.174,22.106
2024-01-03 06:00:00+02:00,22.106,22.177
2024-01-03 08:00:00+02:00,22.177,22.172
2024-01-03 10:00:00+02:00,22.168,22.341
2024-01-03 12:00:00+02:00,22.342,21.392
2024-01-03 14:00:00+02:00,21.39,20.157
2024-01-03 16:00:00+02:00,20.159,20.349
2024-01-03 18:00:00+02:00,20.348,20.114
2024-01-03 20:00:00+02:00,20.113,19.916
2024-01-03 22:00:00+02:00,19.916,20.173
2024-01-04 00:00:00+02:00,20.174,20.017
2024-01-04 02:00:00+02:00,20.018,19.92
2024-01-04 04:00:00+02:00,19.921,20.146
2024-01-04 06:00:00+02:00,20.148,20.171
2024-01-04 08:00:00+02:00,20.17,19.971
2024-01-04 10:00:00+02:00,19.973,20.043
2024-01-04 12:00:00+02:00,20.043,19.997
2024-01-04 14:00:00+02:00,19.996,20.101
2024-01-04 16:00:00+02:00,20.099,20.345
2024-01-04 18:00:00+02:00,20.345,20.301
2024-01-04 20:00:00+02:00,20.3,20.44
2024-01-04 22:00:00+02:00,20.44,20.469
2024-01-05 00:00:00+02:00,20.469,20.464
2024-01-05 02:00:00+02:00,20.464,19.952
2024-01-05 04:00:00+02:00,19.95,20.002
2024-01-05 06:00:00+02:00,20.003,20.018
2024-01-05 08:00:00+02:00,20.017,19.993
2024-01-05 10:00:00+02:00,19.993,20.211
2024-01-05 12:00:00+02:00,20.211,19.871
2024-01-05 14:00:00+02:00,19.874,19.924
2024-01-05 16:00:00+02:00,19.925,19.727
2024-01-05 18:00:00+02:00,19.724,19.706
2024-01-05 20:00:00+02:00,19.707,19.842
2024-01-05 22:00:00+02:00,19.841,19.97
2024-01-06 00:00:00+02:00,19.969,20.124
2024-01-06 02:00:00+02:00,20.124,20.187
2024-01-06 04:00:00+02:00,20.188,20.059
2024-01-06 06:00:00+02:00,20.055,19.71
2024-01-06 08:00:00+02:00,19.711,19.794
2024-01-06 10:00:00+02:00,19.794,19.803
2024-01-06 12:00:00+02:00,19.804,19.764
2024-01-06 14:00:00+02:00,19.764,19.722
2024-01-06 16:00:00+02:00,19.722,19.924
2024-01-06 18:00:00+02:00,19.924,20.063
2024-01-06 20:00:00+02:00,20.063,19.916
2024-01-06 22:00:00+02:00,19.916,19.868
2024-01-07 00:00:00+02:00,19.868,19.879
2024-01-07 02:00:00+02:00,19.879,19.829
2024-01-07 04:00:00+02:00,19.828,19.893
2024-01-07 06:00:00+02:00,19.895,19.928
2024-01-07 08:00:00+02:00,19.93,19.975
2024-01-07 10:00:00+02:00,19.975,19.676
2024-01-07 12:00:00+02:00,19.676,19.719
2024-01-07 14:00:00+02:00,19.72,19.825
2024-01-07 16:00:00+02:00,19.825,19.651
2024-01-07 18:00:00+02:00,19.651,19.632
2024-01-07 20:00:00+02:00,19.631,19.756
2024-01-07 22:00:00+02:00,19.757,19.652
2024-01-08 00:00:00+02:00,19.65,19.244
2024-01-08 02:00:00+02:00,19.247,18.931
2024-01-08 04:00:00+02:00,18.931,18.798
2024-01-08 06:00:00+02:00,18.798,19.09
2024-01-08 08:00:00+02:00,19.089,19.26
2024-01-08 10:00:00+02:00,19.259,19.021
2024-01-08 12:00:00+02:00,19.024,19.425
2024-01-08 14:00:00+02:00,19.422,19.494
2024-01-08 16:00:00+02:00,19.497,19.611
2024-01-08 18:00:00+02:00,19.611,19.84
2024-01-08 20:00:00+02:00,19.84,20.268
2024-01-08 22:00:00+02:00,20.27,20.213
2024-01-09 00:00:00+02:00,20.213,20.318
2024-01-09 02:00:00+02:00,20.317,20.072
2024-01-09 04:00:00+02:00,20.071,20.213
2024-01-09 06:00:00+02:00,20.214,20.199
2024-01-09 08:00:00+02:00,20.199,20.254
2024-01-09 10:00:00+02:00,20.252,19.889
2024-01-09 12:00:00+02:00,19.888,20.029
2024-01-09 14:00:00+02:00,20.029,19.935
2024-01-09 16:00:00+02:00,19.934,19.854
2024-01-09 18:00:00+02:00,19.849,20.229
2024-01-09 20:00:00+02:00,20.228,20.023
2024-01-09 22:00:00+02:00,20.023,20.154
2024-01-10 00:00:00+02:00,20.155,21.22
2024-01-10 02:00:00+02:00,21.219,21.397
2024-01-10 04:00:00+02:00,21.396,21.012
2024-01-10 06:00:00+02:00,21.011,21.087
2024-01-10 08:00:00+02:00,21.087,20.888
2024-01-10 10:00:00+02:00,20.888,21.468
2024-01-10 12:00:00+02:00,21.467,21.286
2024-01-10 14:00:00+02:00,21.286,20.884
2024-01-10 16:00:00+02:00,20.882,21.473
2024-01-10 18:00:00+02:00,21.473,21.351
2024-01-10 20:00:00+02:00,21.352,21.858
2024-01-10 22:00:00+02:00,21.858,23.453
2024-01-11 00:00:00+02:00,23.453,26.416
2024-01-11 02:00:00+02:00,26.413,26.88
2024-01-11 04:00:00+02:00,26.881,28.333
2024-01-11 06:00:00+02:00,28.334,27.774
2024-01-11 08:00:00+02:00,27.775,28.234
2024-01-11 10:00:00+02:00,28.231,27.878
2024-01-11 12:00:00+02:00,27.878,31.223
2024-01-11 14:00:00+02:00,31.215,30.518
2024-01-11 16:00:00+02:00,30.516,30.654
2024-01-11 18:00:00+02:00,30.66,29.861
2024-01-11 20:00:00+02:00,29.861,29.003
2024-01-11 22:00:00+02:00,29.005,29.1
2024-01-12 00:00:00+02:00,29.096,29.617
2024-01-12 02:00:00+02:00,29.616,29.491
2024-01-12 04:00:00+02:00,29.494,29.9
2024-01-12 06:00:00+02:00,29.896,29.578
2024-01-12 08:00:00+02:00,29.577,29.603
2024-01-12 10:00:00+02:00,29.601,29.307
2024-01-12 12:00:00+02:00,29.311,30.713
2024-01-12 14:00:00+02:00,30.713,31.239
2024-01-12 16:00:00+02:00,31.239,30.537
2024-01-12 18:00:00+02:00,30.536,29.725
2024-01-12 20:00:00+02:00,29.724,29.182
2024-01-12 22:00:00+02:00,29.183,28.842
2024-01-13 00:00:00+02:00,28.841,29.026
2024-01-13 02:00:00+02:00,29.026,28.647
2024-01-13 04:00:00+02:00,28.644,29.439
2024-01-13 06:00:00+02:00,29.439,29.73
2024-01-13 08:00:00+02:00,29.73,29.85
2024-01-13 10:00:00+02:00,29.85,29.045
2024-01-13 12:00:00+02:00,29.048,29.26
2024-01-13 14:00:00+02:00,29.26,28.987
2024-01-13 16:00:00+02:00,28.99,29.07
2024-01-13 18:00:00+02:00,29.072,28.701
2024-01-13 20:00:00+02:00,28.698,28.932
2024-01-13 22:00:00+02:00,28.93,28.825
2024-01-14 00:00:00+02:00,28.826,28.593
2024-01-14 02:00:00+02:00,28.593,28.095
2024-01-14 04:00:00+02:00,28.095,28.063
2024-01-14 06:00:00+02:00,28.062,27.862
2024-01-14 08:00:00+02:00,27.869,27.93
2024-01-14 10:00:00+02:00,27.926,28.203
2024-01-14 12:00:00+02:00,28.207,28.054
2024-01-14 14:00:00+02:00,28.054,27.729
2024-01-14 16:00:00+02:00,27.729,27.656
2024-01-14 18:00:00+02:00,27.657,27.473
2024-01-14 20:00:00+02:00,27.474,26.831
2024-01-14 22:00:00+02:00,26.827,27.1
2024-01-15 00:00:00+02:00,27.099,26.496
2024-01-15 02:00:00+02:00,26.496,27.012
2024-01-15 04:00:00+02:00,27.013,27.016
2024-01-15 06:00:00+02:00,27.015,27.084
2024-01-15 08:00:00+02:00,27.083,26.777
2024-01-15 10:00:00+02:00,26.775,27.688
2024-01-15 12:00:00+02:00,27.688,27.694
2024-01-15 14:00:00+02:00,27.694,27.147
2024-01-15 16:00:00+02:00,27.147,26.232
2024-01-15 18:00:00+02:00,26.231,26.669
2024-01-15 20:00:00+02:00,26.669,27.078
2024-01-15 22:00:00+02:00,27.079,26.816
2024-01-16 00:00:00+02:00,26.812,26.741
2024-01-16 02:00:00+02:00,26.741,26.447
2024-01-16 04:00:00+02:00,26.447,26.837
2024-01-16 06:00:00+02:00,26.836,26.453
2024-01-16 08:00:00+02:00,26.454,26.414
2024-01-16 10:00:00+02:00,26.415,26.586
2024-01-16 12:00:00+02:00,26.585,26.338
2024-01-16 14:00:00+02:00,26.342,26.882
2024-01-16 16:00:00+02:00,26.882,26.964
2024-01-16 18:00:00+02:00,26.961,26.712
2024-01-16 20:00:00+02:00,26.711,27.024
2024-01-16 22:00:00+02:00,27.024,27.518
2024-01-17 00:00:00+02:00,27.519,27.292
2024-01-17 02:00:00+02:00,27.292,27.155
2024-01-17 04:00:00+02:00,27.152,27.071
2024-01-17 06:00:00+02:00,27.073,26.931
2024-01-17 08:00:00+02:00,26.931,26.55
2024-01-17 10:00:00+02:00,26.55,26.542
2024-01-17 12:00:00+02:00,26.542,26.529
2024-01-17 14:00:00+02:00,26.531,26.354
2024-01-17 16:00:00+02:00,26.355,26.32
2024-01-17 18:00:00+02:00,26.321,25.922
2024-01-17 20:00:00+02:00,25.922,25.992
2024-01-17 22:00:00+02:00,25.991,26.016
2024-01-18 00:00:00+02:00,26.016,26.193
2024-01-18 02:00:00+02:00,26.193,25.285
2024-01-18 04:00:00+02:00,25.286,25.516
2024-01-18 06:00:00+02:00,25.519,25.383
2024-01-18 08:00:00+02:00,25.384,25.63
2024-01-18 10:00:00+02:00,25.631,25.586
2024-01-18 12:00:00+02:00,25.586,25.256
2024-01-18 14:00:00+02:00,25.256,25.296
2024-01-18 16:00:00+02:00,25.295,25.475
2024-01-18 18:00:00+02:00,25.476,24.8
2024-01-18 20:00:00+02:00,24.798,24.301
2024-01-18 22:00:00+02:00,24.302,24.435
2024-01-19 00:00:00+02:00,24.435,24.477
2024-01-19 02:00:00+02:00,24.48,23.96
2024-01-19 04:00:00+02:00,23.96,23.801
2024-01-19 06:00:00+02:00,23.8,24.033
2024-01-19 08:00:00+02:00,24.033,24.033
2024-01-19 10:00:00+02:00,24.034,24.135
2024-01-19 12:00:00+02:00,24.136,24.21
2024-01-19 14:00:00+02:00,24.21,24.331
2024-01-19 16:00:00+02:00,24.33,23.856
2024-01-19 18:00:00+02:00,23.858,23.955
2024-01-19 20:00:00+02:00,23.954,24.604
2024-01-19 22:00:00+02:00,24.605,24.928
2024-01-20 00:00:00+02:00,24.927,25.324
2024-01-20 02:00:00+02:00,25.328,25.166
2024-01-20 04:00:00+02:00,25.161,24.866
2024-01-20 06:00:00+02:00,24.867,24.718
2024-01-20 08:00:00+02:00,24.718,24.91
2024-01-20 10:00:00+02:00,24.909,24.516
2024-01-20 12:00:00+02:00,24.518,24.752
2024-01-20 14:00:00+02:00,24.752,24.782
2024-01-20 16:00:00+02:00,24.78,24.294
2024-01-20 18:00:00+02:00,24.294,24.301
2024-01-20 20:00:00+02:00,24.304,24.34
2024-01-20 22:00:00+02:00,24.34,24.693
2024-01-21 00:00:00+02:00,24.691,24.733
2024-01-21 02:00:00+02:00,24.732,24.79
2024-01-21 04:00:00+02:00,24.79,24.868
2024-01-21 06:00:00+02:00,24.868,24.655
2024-01-21 08:00:00+02:00,24.659,24.659
2024-01-21 10:00:00+02:00,24.66,24.827
2024-01-21 12:00:00+02:00,24.827,24.68
2024-01-21 14:00:00+02:00,24.681,24.844
2024-01-21 16:00:00+02:00,24.844,24.848
2024-01-21 18:00:00+02:00,24.849,24.938
2024-01-21 20:00:00+02:00,24.937,25.024
2024-01-21 22:00:00+02:00,25.024,24.928
2024-01-22 00:00:00+02:00,24.929,24.525
2024-01-22 02:00:00+02:00,24.526,24.121
2024-01-22 04:00:00+02:00,24.12,24.107
2024-01-22 06:00:00+02:00,24.108,24.189
2024-01-22 08:00:00+02:00,24.188,24.125
2024-01-22 10:00:00+02:00,24.124,23.719
2024-01-22 12:00:00+02:00,23.72,23.792
2024-01-22 14:00:00+02:00,23.791,24.048
2024-01-22 16:00:00+02:00,24.048,23.746
2024-01-22 18:00:00+02:00,23.748,23.792
2024-01-22 20:00:00+02:00,23.793,23.238
2024-01-22 22:00:00+02:00,23.238,23.378
2024-01-23 00:00:00+02:00,23.379,22.958
2024-01-23 02:00:00+02:00,22.957,23.179
2024-01-23 04:00:00+02:00,23.178,23.314
2024-01-23 06:00:00+02:00,23.314,23.677
2024-01-23 08:00:00+02:00,23.677,23.136
2024-01-23 10:00:00+02:00,23.135,22.102
2024-01-23 12:00:00+02:00,22.105,22.189
2024-01-23 14:00:00+02:00,22.19,22.096
2024-01-23 16:00:00+02:00,22.096,22.549
2024-01-23 18:00:00+02:00,22.55,22.562
2024-01-23 20:00:00+02:00,22.562,22.368
2024-01-23 22:00:00+02:00,22.368,22.511
2024-01-24 00:00:00+02:00,22.512,23.127
2024-01-24 02:00:00+02:00,23.127,22.743
2024-01-24 04:00:00+02:00,22.744,22.722
2024-01-24 06:00:00+02:00,22.722,22.879
2024-01-24 08:00:00+02:00,22.879,23.004
2024-01-24 10:00:00+02:00,23.005,23.102
2024-01-24 12:00:00+02:00,23.103,23.057
2024-01-24 14:00:00+02:00,23.057,22.771
2024-01-24 16:00:00+02:00,22.77,22.867
2024-01-24 18:00:00+02:00,22.868,22.935
2024-01-24 20:00:00+02:00,22.934,22.77
2024-01-24 22:00:00+02:00,22.771,22.744
2024-01-25 00:00:00+02:00,22.745,23.0
2024-01-25 02:00:00+02:00,23.003,22.577
2024-01-25 04:00:00+02:00,22.577,22.622
2024-01-25 06:00:00+02:00,22.623,22.428
2024-01-25 08:00:00+02:00,22.428,22.741
2024-01-25 10:00:00+02:00,22.742,22.658
2024-01-25 12:00:00+02:00,22.658,22.753
2024-01-25 14:00:00+02:00,22.75,22.387
2024-01-25 16:00:00+02:00,22.386,22.345
2024-01-25 18:00:00+02:00,22.347,23.501
2024-01-25 20:00:00+02:00,23.5,23.165
2024-01-25 22:00:00+02:00,23.164,23.069
2024-01-26 00:00:00+02:00,23.068,23.252
2024-01-26 02:00:00+02:00,23.252,23.121
2024-01-26 04:00:00+02:00,23.117,23.18
2024-01-26 06:00:00+02:00,23.18,23.223
2024-01-26 08:00:00+02:00,23.223,23.029
2024-01-26 10:00:00+02:00,23.028,23.223
2024-01-26 12:00:00+02:00,23.22,24.003
2024-01-26 14:00:00+02:00,24.005,23.591
2024-01-26 16:00:00+02:00,23.589,23.717
2024-01-26 18:00:00+02:00,23.717,23.879
2024-01-26 20:00:00+02:00,23.878,23.96
2024-01-26 22:00:00+02:00,23.958,23.893
2024-01-27 00:00:00+02:00,23.891,23.891
2024-01-27 02:00:00+02:00,23.89,24.284
2024-01-27 04:00:00+02:00,24.284,24.307
2024-01-27 06:00:00+02:00,24.307,24.083
2024-01-27 08:00:00+02:00,24.082,24.024
2024-01-27 10:00:00+02:00,24.024,23.997
2024-01-27 12:00:00+02:00,23.997,23.897
2024-01-27 14:00:00+02:00,23.897,23.929
2024-01-27 16:00:00+02:00,23.928,24.035
2024-01-27 18:00:00+02:00,24.034,23.946
2024-01-27 20:00:00+02:00,23.946,23.978
2024-01-27 22:00:00+02:00,23.979,24.04
2024-01-28 00:00:00+02:00,24.041,24.018
2024-01-28 02:00:00+02:00,24.017,24.1
2024-01-28 04:00:00+02:00,24.1,24.191
2024-01-28 06:00:00+02:00,24.19,24.195
2024-01-28 08:00:00+02:00,24.194,23.913
2024-01-28 10:00:00+02:00,23.913,24.045
2024-01-28 12:00:00+02:00,24.045,23.905
2024-01-28 14:00:00+02:00,23.905,23.872
2024-01-28 16:00:00+02:00,23.872,23.815
2024-01-28 18:00:00+02:00,23.815,23.712
2024-01-28 20:00:00+02:00,23.713,23.574
2024-01-28 22:00:00+02:00,23.574,23.662
2024-01-29 00:00:00+02:00,23.661,23.498
2024-01-29 02:00:00+02:00,23.497,23.578
2024-01-29 04:00:00+02:00,23.578,23.627
2024-01-29 06:00:00+02:00,23.624,23.469
2024-01-29 08:00:00+02:00,23.471,23.396
2024-01-29 10:00:00+02:00,23.397,23.575
2024-01-29 12:00:00+02:00,23.576,23.514
2024-01-29 14:00:00+02:00,23.514,23.196
2024-01-29 16:00:00+02:00,23.195,23.672
2024-01-29 18:00:00+02:00,23.672,24.288
2024-01-29 20:00:00+02:00,24.288,24.5
2024-01-29 22:00:00+02:00,24.499,24.669
2024-01-30 00:00:00+02:00,24.668,24.721
2024-01-30 02:00:00+02:00,24.721,24.718
2024-01-30 04:00:00+02:00,24.718,24.761
2024-01-30 06:00:00+02:00,24.761,24.669
2024-01-30 08:00:00+02:00,24.669,24.917
2024-01-30 10:00:00+02:00,24.917,24.836
2024-01-30 12:00:00+02:00,24.837,25.013
2024-01-30 14:00:00+02:00,25.013,24.711
2024-01-30 16:00:00+02:00,24.709,25.366
2024-01-30 18:00:00+02:00,25.363,25.914
2024-01-30 20:00:00+02:00,25.914,25.752
2024-01-30 22:00:00+02:00,25.752,25.768
2024-01-31 00:00:00+02:00,25.77,25.329
2024-01-31 02:00:00+02:00,25.329,24.886
2024-01-31 04:00:00+02:00,24.886,25.49
2024-01-31 06:00:00+02:00,25.489,25.479
2024-01-31 08:00:00+02:00,25.478,25.711
2024-01-31 10:00:00+02:00,25.711,25.534
2024-01-31 12:00:00+02:00,25.535,25.162
2024-01-31 14:00:00+02:00,25.162,24.998
2024-01-31 16:00:00+02:00,24.998,24.78
2024-01-31 18:00:00+02:00,24.779,25.099
2024-01-31 20:00:00+02:00,25.099,25.038
2024-01-31 22:00:00+02:00,25.037,24.419
2024-02-01 00:00:00+02:00,24.418,24.336
2024-02-01 02:00:00+02:00,24.333,23.645
2024-02-01 04:00:00+02:00,23.647,23.646
2024-02-01 06:00:00+02:00,23.643,23.784
2024-02-01 08:00:00+02:00,23.783,23.862
2024-02-01 10:00:00+02:00,23.862,23.981
2024-02-01 12:00:00+02:00,23.981,23.689
2024-02-01 14:00:00+02:00,23.689,23.706
2024-02-01 16:00:00+02:00,23.707,24.266
2024-02-01 18:00:00+02:00,24.268,24.711
2024-02-01 20:00:00+02:00,24.713,24.415
2024-02-01 22:00:00+02:00,24.416,24.498
2024-02-02 00:00:00+02:00,24.497,24.418
2024-02-02 02:00:00+02:00,24.419,24.677
2024-02-02 04:00:00+02:00,24.677,24.688
2024-02-02 06:00:00+02:00,24.683,24.758
2024-02-02 08:00:00+02:00,24.758,24.865
2024-02-02 10:00:00+02:00,24.867,24.752
2024-02-02 12:00:00+02:00,24.753,24.822
2024-02-02 14:00:00+02:00,24.821,24.431
2024-02-02 16:00:00+02:00,24.431,25.229
2024-02-02 18:00:00+02:00,25.229,25.018
2024-02-02 20:00:00+02:00,25.017,24.977
2024-02-02 22:00:00+02:00,24.978,24.909
2024-02-03 00:00:00+02:00,24.909,25.118
2024-02-03 02:00:00+02:00,25.116,25.406
2024-02-03 04:00:00+02:00,25.406,25.448
2024-02-03 06:00:00+02:00,25.447,25.568
2024-02-03 08:00:00+02:00,25.568,25.086
2024-02-03 10:00:00+02:00,25.085,25.022
2024-02-03 12:00:00+02:00,25.022,24.791
2024-02-03 14:00:00+02:00,24.792,24.719
2024-02-03 16:00:00+02:00,24.72,24.794
2024-02-03 18:00:00+02:00,24.794,25.331
2024-02-03 20:00:00+02:00,25.332,24.991
2024-02-03 22:00:00+02:00,24.991,24.956
2024-02-04 00:00:00+02:00,24.956,24.864
2024-02-04 02:00:00+02:00,24.862,25.109
2024-02-04 04:00:00+02:00,25.108,25.233
2024-02-04 06:00:00+02:00,25.232,25.039
2024-02-04 08:00:00+02:00,25.038,25.087
2024-02-04 10:00:00+02:00,25.086,25.472
2024-02-04 12:00:00+02:00,25.472,25.456
2024-02-04 14:00:00+02:00,25.456,25.416
2024-02-04 16:00:00+02:00,25.417,25.474
2024-02-04 18:00:00+02:00,25.479,25.52
2024-02-04 20:00:00+02:00,25.52,25.105
2024-02-04 22:00:00+02:00,25.105,25.148
2024-02-05 00:00:00+02:00,25.147,24.989
2024-02-05 02:00:00+02:00,24.988,24.636
2024-02-05 04:00:00+02:00,24.637,24.754
2024-02-05 06:00:00+02:00,24.753,24.664
2024-02-05 08:00:00+02:00,24.664,24.901
2024-02-05 10:00:00+02:00,24.901,24.915
2024-02-05 12:00:00+02:00,24.915,24.96
2024-02-05 14:00:00+02:00,24.96,25.094
2024-02-05 16:00:00+02:00,25.092,24.552
2024-02-05 18:00:00+02:00,24.552,24.537
2024-02-05 20:00:00+02:00,24.537,24.371
2024-02-05 22:00:00+02:00,24.371,24.178
2024-02-06 00:00:00+02:00,24.179,24.298
2024-02-06 02:00:00+02:00,24.298,24.258
2024-02-06 04:00:00+02:00,24.257,24.317
2024-02-06 06:00:00+02:00,24.317,24.286
2024-02-06 08:00:00+02:00,24.287,24.436
2024-02-06 10:00:00+02:00,24.436,24.661
2024-02-06 12:00:00+02:00,24.661,24.5
2024-02-06 14:00:00+02:00,24.5,24.562
2024-02-06 16:00:00+02:00,24.561,24.602
2024-02-06 18:00:00+02:00,24.603,24.526
2024-02-06 20:00:00+02:00,24.526,24.838
2024-02-06 22:00:00+02:00,24.838,24.843
2024-02-07 00:00:00+02:00,24.842,24.723
2024-02-07 02:00:00+02:00,24.724,25.023
2024-02-07 04:00:00+02:00,25.023,24.722
2024-02-07 06:00:00+02:00,24.723,24.535
2024-02-07 08:00:00+02:00,24.536,24.413
2024-02-07 10:00:00+02:00,24.417,24.615
2024-02-07 12:00:00+02:00,24.615,24.357
2024-02-07 14:00:00+02:00,24.356,24.46
2024-02-07 16:00:00+02:00,24.46,24.448
2024-02-07 18:00:00+02:00,24.448,24.9
2024-02-07 20:00:00+02:00,24.899,24.972
2024-02-07 22:00:00+02:00,24.972,25.287
2024-02-08 00:00:00+02:00,25.286,25.17
2024-02-08 02:00:00+02:00,25.17,25.259
2024-02-08 04:00:00+02:00,25.259,25.23
2024-02-08 06:00:00+02:00,25.23,25.159
2024-02-08 08:00:00+02:00,25.159,25.16
2024-02-08 10:00:00+02:00,25.159,25.195
2024-02-08 12:00:00+02:00,25.196,25.201
2024-02-08 14:00:00+02:00,25.201,25.24
2024-02-08 16:00:00+02:00,25.239,25.554
2024-02-08 18:00:00+02:00,25.552,25.241
2024-02-08 20:00:00+02:00,25.241,25.44
2024-02-08 22:00:00+02:00,25.44,25.666
2024-02-09 00:00:00+02:00,25.665,25.616
2024-02-09 02:00:00+02:00,25.616,25.64
2024-02-09 04:00:00+02:00,25.639,25.959
2024-02-09 06:00:00+02:00,25.958,25.926
2024-02-09 08:00:00+02:00,25.926,25.962
2024-02-09 10:00:00+02:00,25.961,26.095
2024-02-09 12:00:00+02:00,26.095,26.402
2024-02-09 14:00:00+02:00,26.403,26.47
2024-02-09 16:00:00+02:00,26.47,26.143
2024-02-09 18:00:00+02:00,26.142,26.25
2024-02-09 20:00:00+02:00,26.25,26.094
2024-02-09 22:00:00+02:00,26.094,26.329
2024-02-10 00:00:00+02:00,26.329,26.157
2024-02-10 02:00:00+02:00,26.157,26.242
2024-02-10 04:00:00+02:00,26.241,26.249
2024-02-10 06:00:00+02:00,26.249,26.07
2024-02-10 08:00:00+02:00,26.071,25.985
2024-02-10 10:00:00+02:00,25.986,25.659
2024-02-10 12:00:00+02:00,25.659,25.645
2024-02-10 14:00:00+02:00,25.646,25.685
2024-02-10 16:00:00+02:00,25.685,25.72
2024-02-10 18:00:00+02:00,25.721,25.623
2024-02-10 20:00:00+02:00,25.623,25.765
2024-02-10 22:00:00+02:00,25.765,25.973
2024-02-11 00:00:00+02:00,25.973,25.892
2024-02-11 02:00:00+02:00,25.892,25.74
2024-02-11 04:00:00+02:00,25.744,26.223
2024-02-11 06:00:00+02:00,26.228,26.165
2024-02-11 08:00:00+02:00,26.165,26.267
2024-02-11 10:00:00+02:00,26.267,26.167
2024-02-11 12:00:00+02:00,26.168,26.117
2024-02-11 14:00:00+02:00,26.118,25.863
2024-02-11 16:00:00+02:00,25.864,25.892
2024-02-11 18:00:00+02:00,25.892,25.853
2024-02-11 20:00:00+02:00,25.853,25.765
2024-02-11 22:00:00+02:00,25.765,25.782
2024-02-12 00:00:00+02:00,25.783,25.878
2024-02-12 02:00:00+02:00,25.877,26.045
2024-02-12 04:00:00+02:00,26.047,25.768
2024-02-12 06:00:00+02:00,25.769,25.684
2024-02-12 08:00:00+02:00,25.684,25.797
2024-02-12 10:00:00+02:00,25.796,25.506
2024-02-12 12:00:00+02:00,25.507,25.657
2024-02-12 14:00:00+02:00,25.656,25.544
2024-02-12 16:00:00+02:00,25.544,26.444
2024-02-12 18:00:00+02:00,26.444,26.63
2024-02-12 20:00:00+02:00,26.63,26.395
2024-02-12 22:00:00+02:00,26.395,26.71
2024-02-13 00:00:00+02:00,26.708,26.949
2024-02-13 02:00:00+02:00,26.95,27.019
2024-02-13 04:00:00+02:00,27.018,26.627
2024-02-13 06:00:00+02:00,26.628,26.852
2024-02-13 08:00:00+02:00,26.853,26.944
2024-02-13 10:00:00+02:00,26.944,27.024
2024-02-13 12:00:00+02:00,27.024,26.886
2024-02-13 14:00:00+02:00,26.887,26.529
2024-02-13 16:00:00+02:00,26.529,26.049
2024-02-13 18:00:00+02:00,26.047,26.049
2024-02-13 20:00:00+02:00,26.049,26.056
2024-02-13 22:00:00+02:00,26.055,26.303
2024-02-14 00:00:00+02:00,26.303,26.24
2024-02-14 02:00:00+02:00,26.239,25.915
2024-02-14 04:00:00+02:00,25.915,26.067
2024-02-14 06:00:00+02:00,26.067,26.046
2024-02-14 08:00:00+02:00,26.045,26.279
2024-02-14 10:00:00+02:00,26.279,26.987
2024-02-14 12:00:00+02:00,26.986,27.034
2024-02-14 14:00:00+02:00,27.035,27.038
2024-02-14 16:00:00+02:00,27.038,26.802
2024-02-14 18:00:00+02:00,26.801,26.65
2024-02-14 20:00:00+02:00,26.651,26.851
2024-02-14 22:00:00+02:00,26.851,26.946
2024-02-15 00:00:00+02:00,26.946,26.904
2024-02-15 02:00:00+02:00,26.905,26.82
2024-02-15 04:00:00+02:00,26.82,27.036
2024-02-15 06:00:00+02:00,27.036,26.598
2024-02-15 08:00:00+02:00,26.598,26.532
2024-02-15 10:00:00+02:00,26.53,26.702
2024-02-15 12:00:00+02:00,26.702,26.694
2024-02-15 14:00:00+02:00,26.697,27.016
2024-02-15 16:00:00+02:00,27.016,26.877
2024-02-15 18:00:00+02:00,26.877,26.639
2024-02-15 20:00:00+02:00,26.638,26.816
2024-02-15 22:00:00+02:00,26.816,26.489
2024-02-16 00:00:00+02:00,26.49,26.815
2024-02-16 02:00:00+02:00,26.815,27.185
2024-02-16 04:00:00+02:00,27.183,27.298
2024-02-16 06:00:00+02:00,27.297,27.173
2024-02-16 08:00:00+02:00,27.174,26.935
2024-02-16 10:00:00+02:00,26.935,26.866
2024-02-16 12:00:00+02:00,26.864,26.976
2024-02-16 14:00:00+02:00,26.974,26.993
2024-02-16 16:00:00+02:00,26.989,26.539
2024-02-16 18:00:00+02:00,26.54,26.564
2024-02-16 20:00:00+02:00,26.563,26.45
2024-02-16 22:00:00+02:00,26.448,26.742
2024-02-17 00:00:00+02:00,26.742,26.797
2024-02-17 02:00:00+02:00,26.797,26.498
2024-02-17 04:00:00+02:00,26.498,26.605
2024-02-17 06:00:00+02:00,26.604,26.505
2024-02-17 08:00:00+02:00,26.505,26.594
2024-02-17 10:00:00+02:00,26.593,26.341
2024-02-17 12:00:00+02:00,26.342,26.364
2024-02-17 14:00:00+02:00,26.365,25.937
2024-02-17 16:00:00+02:00,25.936,25.807
2024-02-17 18:00:00+02:00,25.806,25.951
2024-02-17 20:00:00+02:00,25.951,26.006
2024-02-17 22:00:00+02:00,26.006,26.173
2024-02-18 00:00:00+02:00,26.172,26.06
2024-02-18 02:00:00+02:00,26.059,25.878
2024-02-18 04:00:00+02:00,25.875,25.893
2024-02-18 06:00:00+02:00,25.892,26.148
2024-02-18 08:00:00+02:00,26.146,26.119
2024-02-18 10:00:00+02:00,26.118,26.288
2024-02-18 12:00:00+02:00,26.287,26.227
2024-02-18 14:00:00+02:00,26.227,26.019
2024-02-18 16:00:00+02:00,26.019,26.167
2024-02-18 18:00:00+02:00,26.167,26.268
2024-02-18 20:00:00+02:00,26.268,26.258
2024-02-18 22:00:00+02:00,26.258,26.356
2024-02-19 00:00:00+02:00,26.354,26.571
2024-02-19 02:00:00+02:00,26.572,26.351
2024-02-19 04:00:00+02:00,26.35,26.382
2024-02-19 06:00:00+02:00,26.383,26.732
2024-02-19 08:00:00+02:00,26.732,27.092
2024-02-19 10:00:00+02:00,27.091,26.753
2024-02-19 12:00:00+02:00,26.754,26.837
2024-02-19 14:00:00+02:00,26.838,26.697
2024-02-19 16:00:00+02:00,26.697,26.822
2024-02-19 18:00:00+02:00,26.822,27.137
2024-02-19 20:00:00+02:00,27.137,26.959
2024-02-19 22:00:00+02:00,26.959,27.293
2024-02-20 00:00:00+02:00,27.292,27.438
2024-02-20 02:00:00+02:00,27.439,27.172
2024-02-20 04:00:00+02:00,27.173,26.896
2024-02-20 06:00:00+02:00,26.896,27.251
2024-02-20 08:00:00+02:00,27.252,27.007
2024-02-20 10:00:00+02:00,27.008,26.715
2024-02-20 12:00:00+02:00,26.715,27.091
2024-02-20 14:00:00+02:00,27.092,27.588
2024-02-20 16:00:00+02:00,27.587,26.527
2024-02-20 18:00:00+02:00,26.528,26.269
2024-02-20 20:00:00+02:00,26.268,26.917
2024-02-20 22:00:00+02:00,26.917,26.893
2024-02-21 00:00:00+02:00,26.895,27.089
2024-02-21 02:00:00+02:00,27.09,26.901
2024-02-21 04:00:00+02:00,26.901,27.056
2024-02-21 06:00:00+02:00,27.056,26.729
2024-02-21 08:00:00+02:00,26.729,26.444
2024-02-21 10:00:00+02:00,26.444,25.877
2024-02-21 12:00:00+02:00,25.874,25.782
2024-02-21 14:00:00+02:00,25.782,25.85
2024-02-21 16:00:00+02:00,25.851,25.723
2024-02-21 18:00:00+02:00,25.724,25.468
2024-02-21 20:00:00+02:00,25.468,25.587
2024-02-21 22:00:00+02:00,25.586,25.901
2024-02-22 00:00:00+02:00,25.898,26.098
2024-02-22 02:00:00+02:00,26.097,25.528
2024-02-22 04:00:00+02:00,25.527,25.832
2024-02-22 06:00:00+02:00,25.832,25.825
2024-02-22 08:00:00+02:00,25.826,26.226
2024-02-22 10:00:00+02:00,26.226,26.378
2024-02-22 12:00:00+02:00,26.378,26.097
2024-02-22 14:00:00+02:00,26.097,25.783
2024-02-22 16:00:00+02:00,25.782,25.983
2024-02-22 18:00:00+02:00,25.983,25.967
2024-02-22 20:00:00+02:00,25.967,26.033
2024-02-22 22:00:00+02:00,26.032,26.026
2024-02-23 00:00:00+02:00,26.026,25.828
2024-02-23 02:00:00+02:00,25.827,25.762
2024-02-23 04:00:00+02:00,25.763,25.66
2024-02-23 06:00:00+02:00,25.66,25.718
2024-02-23 08:00:00+02:00,25.717,25.568
2024-02-23 10:00:00+02:00,25.569,25.623
2024-02-23 12:00:00+02:00,25.624,25.725
2024-02-23 14:00:00+02:00,25.724,25.642
2024-02-23 16:00:00+02:00,25.642,25.394
2024-02-23 18:00:00+02:00,25.396,25.672
2024-02-23 20:00:00+02:00,25.672,25.695
2024-02-23 22:00:00+02:00,25.694,25.68
2024-02-24 00:00:00+02:00,25.678,25.45
2024-02-24 02:00:00+02:00,25.451,25.136
2024-02-24 04:00:00+02:00,25.136,25.483
2024-02-24 06:00:00+02:00,25.485,25.623
2024-02-24 08:00:00+02:00,25.622,25.802
2024-02-24 10:00:00+02:00,25.801,25.892
2024-02-24 12:00:00+02:00,25.891,25.931
2024-02-24 14:00:00+02:00,25.931,25.916
2024-02-24 16:00:00+02:00,25.916,25.831
2024-02-24 18:00:00+02:00,25.831,26.177
2024-02-24 20:00:00+02:00,26.178,26.161
2024-02-24 22:00:00+02:00,26.16,26.153
2024-02-25 00:00:00+02:00,26.153,26.126
2024-02-25 02:00:00+02:00,26.126,26.197
2024-02-25 04:00:00+02:00,26.198,26.262
2024-02-25 06:00:00+02:00,26.263,26.309
2024-02-25 08:00:00+02:00,26.309,26.263
2024-02-25 10:00:00+02:00,26.263,26.217
2024-02-25 12:00:00+02:00,26.217,26.284
2024-02-25 14:00:00+02:00,26.285,26.412
2024-02-25 16:00:00+02:00,26.41,27.075
2024-02-25 18:00:00+02:00,27.076,26.927
2024-02-25 20:00:00+02:00,26.927,26.987
2024-02-25 22:00:00+02:00,26.986,27.112
2024-02-26 00:00:00+02:00,27.112,27.23
2024-02-26 02:00:00+02:00,27.23,27.146
2024-02-26 04:00:00+02:00,27.147,27.157
2024-02-26 06:00:00+02:00,27.158,27.135
2024-02-26 08:00:00+02:00,27.135,27.314
2024-02-26 10:00:00+02:00,27.31,26.791
2024-02-26 12:00:00+02:00,26.789,26.811
2024-02-26 14:00:00+02:00,26.811,26.865
2024-02-26 16:00:00+02:00,26.866,27.699
2024-02-26 18:00:00+02:00,27.698,27.729
2024-02-26 20:00:00+02:00,27.73,27.822
2024-02-26 22:00:00+02:00,27.821,27.953
2024-02-27 00:00:00+02:00,27.954,27.801
2024-02-27 02:00:00+02:00,27.801,28.074
2024-02-27 04:00:00+02:00,28.073,28.157
2024-02-27 06:00:00+02:00,28.157,28.316
2024-02-27 08:00:00+02:00,28.318,28.08
2024-02-27 10:00:00+02:00,28.08,28.44
2024-02-27 12:00:00+02:00,28.44,28.198
2024-02-27 14:00:00+02:00,28.198,28.3
2024-02-27 16:00:00+02:00,28.3,27.69
2024-02-27 18:00:00+02:00,27.688,27.808
2024-02-27 20:00:00+02:00,27.807,28.021
2024-02-27 22:00:00+02:00,28.018,28.183
2024-02-28 00:00:00+02:00,28.182,28.155
2024-02-28 02:00:00+02:00,28.163,28.112
2024-02-28 04:00:00+02:00,28.111,27.983
2024-02-28 06:00:00+02:00,27.984,28.04
2024-02-28 08:00:00+02:00,28.04,28.382
2024-02-28 10:00:00+02:00,28.384,28.848
2024-02-28 12:00:00+02:00,28.848,28.325
2024-02-28 14:00:00+02:00,28.328,28.8
2024-02-28 16:00:00+02:00,28.799,28.706
2024-02-28 18:00:00+02:00,28.706,28.882
2024-02-28 20:00:00+02:00,28.883,29.097
2024-02-28 22:00:00+02:00,29.098,29.034
2024-02-29 00:00:00+02:00,29.033,29.597
2024-02-29 02:00:00+02:00,29.597,31.163
2024-02-29 04:00:00+02:00,31.153,30.629
2024-02-29 06:00:00+02:00,30.632,31.326
2024-02-29 08:00:00+02:00,31.325,31.062
2024-02-29 10:00:00+02:00,31.065,30.376
2024-02-29 12:00:00+02:00,30.376,30.584
2024-02-29 14:00:00+02:00,30.584,30.554
2024-02-29 16:00:00+02:00,30.553,30.504
2024-02-29 18:00:00+02:00,30.509,29.553
2024-02-29 20:00:00+02:00,29.555,29.826
2024-02-29 22:00:00+02:00,29.827,29.157
2024-03-01 00:00:00+02:00,29.156,28.902
2024-03-01 02:00:00+02:00,28.903,29.522
2024-03-01 04:00:00+02:00,29.521,29.485
2024-03-01 06:00:00+02:00,29.484,29.512
2024-03-01 08:00:00+02:00,29.513,29.333
2024-03-01 10:00:00+02:00,29.334,29.813
2024-03-01 12:00:00+02:00,29.813,29.662
2024-03-01 14:00:00+02:00,29.662,29.873
2024-03-01 16:00:00+02:00,29.873,29.405
2024-03-01 18:00:00+02:00,29.406,29.691
2024-03-01 20:00:00+02:00,29.691,29.703
2024-03-01 22:00:00+02:00,29.704,29.861
2024-03-02 00:00:00+02:00,29.861,30.339
2024-03-02 02:00:00+02:00,30.339,31.514
2024-03-02 04:00:00+02:00,31.512,34.048
2024-03-02 06:00:00+02:00,34.048,33.038
2024-03-02 08:00:00+02:00,33.039,32.68
2024-03-02 10:00:00+02:00,32.68,32.806
2024-03-02 12:00:00+02:00,32.803,33.831
2024-03-02 14:00:00+02:00,33.83,33.708
2024-03-02 16:00:00+02:00,33.709,32.859
2024-03-02 18:00:00+02:00,32.859,32.775
2024-03-02 20:00:00+02:00,32.775,33.275
2024-03-02 22:00:00+02:00,33.274,33.238
2024-03-03 00:00:00+02:00,33.238,34.36
2024-03-03 02:00:00+02:00,34.36,35.204
2024-03-03 04:00:00+02:00,35.2,35.297
2024-03-03 06:00:00+02:00,35.296,34.512
2024-03-03 08:00:00+02:00,34.515,32.924
2024-03-03 10:00:00+02:00,32.919,32.964
2024-03-03 12:00:00+02:00,32.965,33.275
2024-03-03 14:00:00+02:00,33.272,33.577
2024-03-03 16:00:00+02:00,33.577,33.284
2024-03-03 18:00:00+02:00,33.282,33.373
2024-03-03 20:00:00+02:00,33.373,33.446
2024-03-03 22:00:00+02:00,33.446,33.406
2024-03-04 00:00:00+02:00,33.405,33.635
2024-03-04 02:00:00+02:00,33.635,33.536
2024-03-04 04:00:00+02:00,33.54,33.42
2024-03-04 06:00:00+02:00,33.42,33.786
2024-03-04 08:00:00+02:00,33.788,34.148
2024-03-04 10:00:00+02:00,34.15,34.397
2024-03-04 12:00:00+02:00,34.397,34.252
2024-03-04 14:00:00+02:00,34.251,33.829
2024-03-04 16:00:00+02:00,33.829,34.489
2024-03-04 18:00:00+02:00,34.488,34.139
2024-03-04 20:00:00+02:00,34.141,35.141
2024-03-04 22:00:00+02:00,35.141,34.912
2024-03-05 00:00:00+02:00,34.912,36.002
2024-03-05 02:00:00+02:00,35.999,35.998
2024-03-05 04:00:00+02:00,35.999,37.658
2024-03-05 06:00:00+02:00,37.655,38.27
2024-03-05 08:00:00+02:00,38.271,37.203
2024-03-05 10:00:00+02:00,37.208,37.361
2024-03-05 12:00:00+02:00,37.365,38.416
2024-03-05 14:00:00+02:00,38.416,38.723
2024-03-05 16:00:00+02:00,38.724,37.25
2024-03-05 18:00:00+02:00,37.251,36.312
2024-03-05 20:00:00+02:00,36.312,32.194
2024-03-05 22:00:00+02:00,32.194,33.145
2024-03-06 00:00:00+02:00,33.144,34.172
2024-03-06 02:00:00+02:00,34.171,33.643
2024-03-06 04:00:00+02:00,33.637,33.692
2024-03-06 06:00:00+02:00,33.691,36.114
2024-03-06 08:00:00+02:00,36.115,36.265
2024-03-06 10:00:00+02:00,36.264,36.106
2024-03-06 12:00:00+02:00,36.103,37.53
2024-03-06 14:00:00+02:00,37.533,36.972
2024-03-06 16:00:00+02:00,36.973,36.968
2024-03-06 18:00:00+02:00,36.97,37.31
2024-03-06 20:00:00+02:00,37.306,37.675
2024-03-06 22:00:00+02:00,37.674,37.613
2024-03-07 00:00:00+02:00,37.613,37.338
2024-03-07 02:00:00+02:00,37.333,37.38
2024-03-07 04:00:00+02:00,37.388,36.679
2024-03-07 06:00:00+02:00,36.675,36.307
2024-03-07 08:00:00+02:00,36.307,37.041
2024-03-07 10:00:00+02:00,37.04,36.911
2024-03-07 12:00:00+02:00,36.911,37.251
2024-03-07 14:00:00+02:00,37.253,37.295
2024-03-07 16:00:00+02:00,37.295,37.616
2024-03-07 18:00:00+02:00,37.616,37.658
2024-03-07 20:00:00+02:00,37.657,37.735
2024-03-07 22:00:00+02:00,37.735,38.046
2024-03-08 00:00:00+02:00,38.046,37.937
2024-03-08 02:00:00+02:00,37.938,38.86
2024-03-08 04:00:00+02:00,38.86,38.724
2024-03-08 06:00:00+02:00,38.724,38.352
2024-03-08 08:00:00+02:00,38.355,38.458
2024-03-08 10:00:00+02:00,38.455,38.926
2024-03-08 12:00:00+02:00,38.925,38.835
2024-03-08 14:00:00+02:00,38.833,38.802
2024-03-08 16:00:00+02:00,38.802,37.809
2024-03-08 18:00:00+02:00,37.813,38.439
2024-03-08 20:00:00+02:00,38.438,38.088
2024-03-08 22:00:00+02:00,38.089,37.914
2024-03-09 00:00:00+02:00,37.912,38.11
2024-03-09 02:00:00+02:00,38.11,38.62
2024-03-09 04:00:00+02:00,38.62,38.803
2024-03-09 06:00:00+02:00,38.804,38.899
2024-03-09 08:00:00+02:00,38.9,38.907
2024-03-09 10:00:00+02:00,38.908,38.585
2024-03-09 12:00:00+02:00,38.584,38.142
2024-03-09 14:00:00+02:00,38.141,37.958
2024-03-09 16:00:00+02:00,37.959,37.766
2024-03-09 18:00:00+02:00,37.766,37.393
2024-03-09 20:00:00+02:00,37.393,37.062
2024-03-09 22:00:00+02:00,37.062,37.43
2024-03-10 00:00:00+02:00,37.431,37.287
2024-03-10 02:00:00+02:00,37.288,37.335
2024-03-10 04:00:00+02:00,37.336,37.2
2024-03-10 06:00:00+02:00,37.2,37.119
2024-03-10 08:00:00+02:00,37.12,37.196
2024-03-10 10:00:00+02:00,37.195,36.855
2024-03-10 12:00:00+02:00,36.856,36.684
2024-03-10 14:00:00+02:00,36.683,35.941
2024-03-10 16:00:00+02:00,35.941,36.046
2024-03-10 18:00:00+02:00,36.047,36.469
2024-03-10 20:00:00+02:00,36.468,36.407
2024-03-10 22:00:00+02:00,36.407,36.275
2024-03-11 00:00:00+02:00,36.278,36.173
2024-03-11 02:00:00+02:00,36.176,34.951
2024-03-11 04:00:00+02:00,34.95,35.503
2024-03-11 06:00:00+02:00,35.503,35.426
2024-03-11 08:00:00+02:00,35.426,36.975
2024-03-11 10:00:00+02:00,36.979,37.445
2024-03-11 12:00:00+02:00,37.444,37.094
2024-03-11 14:00:00+02:00,37.093,36.705
2024-03-11 16:00:00+02:00,36.706,37.392
2024-03-11 18:00:00+02:00,37.395,37.742
2024-03-11 20:00:00+02:00,37.741,37.7
2024-03-11 22:00:00+02:00,37.699,38.3
2024-03-12 00:00:00+02:00,38.3,38.047
2024-03-12 02:00:00+02:00,38.048,37.72
2024-03-12 04:00:00+02:00,37.72,37.064
2024-03-12 06:00:00+02:00,37.065,37.265
2024-03-12 08:00:00+02:00,37.266,36.993
2024-03-12 10:00:00+02:00,36.993,36.704
2024-03-12 12:00:00+02:00,36.705,36.683
2024-03-12 14:00:00+02:00,36.684,36.792
2024-03-12 16:00:00+02:00,36.795,36.775
2024-03-12 18:00:00+02:00,36.776,36.354
2024-03-12 20:00:00+02:00,36.354,36.794
2024-03-12 22:00:00+02:00,36.794,36.4
2024-03-13 00:00:00+02:00,36.4,36.916
2024-03-13 02:00:00+02:00,36.917,37.092
2024-03-13 04:00:00+02:00,37.092,37.216
2024-03-13 06:00:00+02:00,37.216,37.126
2024-03-13 08:00:00+02:00,37.128,37.245
2024-03-13 10:00:00+02:00,37.245,37.226
2024-03-13 12:00:00+02:00,37.227,36.972
2024-03-13 14:00:00+02:00,36.972,36.24
2024-03-13 16:00:00+02:00,36.241,36.31
2024-03-13 18:00:00+02:00,36.311,36.316
2024-03-13 20:00:00+02:00,36.315,36.5
2024-03-13 22:00:00+02:00,36.501,36.574
2024-03-14 00:00:00+02:00,36.574,36.556
2024-03-14 02:00:00+02:00,36.556,36.255
2024-03-14 04:00:00+02:00,36.254,36.177
2024-03-14 06:00:00+02:00,36.176,36.069
2024-03-14 08:00:00+02:00,36.069,36.069
2024-03-14 10:00:00+02:00,36.069,36.723
2024-03-14 12:00:00+02:00,36.721,36.085
2024-03-14 14:00:00+02:00,36.086,35.004
2024-03-14 16:00:00+02:00,34.999,34.892
2024-03-14 18:00:00+02:00,34.893,35.326
2024-03-14 20:00:00+02:00,35.325,34.164
2024-03-14 22:00:00+02:00,34.164,35.082
2024-03-15 00:00:00+02:00,35.081,35.121
2024-03-15 02:00:00+02:00,35.121,35.19
2024-03-15 04:00:00+02:00,35.189,33.241
2024-03-15 06:00:00+02:00,33.241,32.724
2024-03-15 08:00:00+02:00,32.724,33.351
2024-03-15 10:00:00+02:00,33.352,32.599
2024-03-15 12:00:00+02:00,32.596,32.464
2024-03-15 14:00:00+02:00,32.462,32.804
2024-03-15 16:00:00+02:00,32.804,32.741
2024-03-15 18:00:00+02:00,32.74,32.862
2024-03-15 20:00:00+02:00,32.863,32.799
2024-03-15 22:00:00+02:00,32.799,32.705
2024-03-16 00:00:00+02:00,32.704,33.323
2024-03-16 02:00:00+02:00,33.329,33.429
2024-03-16 04:00:00+02:00,33.427,33.477
2024-03-16 06:00:00+02:00,33.483,33.077
2024-03-16 08:00:00+02:00,33.075,33.285
2024-03-16 10:00:00+02:00,33.287,32.912
2024-03-16 12:00:00+02:00,32.911,32.414
2024-03-16 14:00:00+02:00,32.415,31.646
2024-03-16 16:00:00+02:00,31.646,32.045
2024-03-16 18:00:00+02:00,32.045,31.476
2024-03-16 20:00:00+02:00,31.478,30.932
2024-03-16 22:00:00+02:00,30.928,30.907
2024-03-17 00:00:00+02:00,30.908,30.726
2024-03-17 02:00:00+02:00,30.724,30.744
2024-03-17 04:00:00+02:00,30.744,31.226
2024-03-17 06:00:00+02:00,31.226,30.812
2024-03-17 08:00:00+02:00,30.812,30.312
2024-03-17 10:00:00+02:00,30.318,30.8
2024-03-17 12:00:00+02:00,30.801,31.192
2024-03-17 14:00:00+02:00,31.192,31.239
2024-03-17 16:00:00+02:00,31.239,31.616
2024-03-17 18:00:00+02:00,31.615,31.99
2024-03-17 20:00:00+02:00,31.994,31.883
2024-03-17 22:00:00+02:00,31.881,31.965
2024-03-18 00:00:00+02:00,31.967,31.972
2024-03-18 02:00:00+02:00,31.972,31.449
2024-03-18 04:00:00+02:00,31.449,31.531
2024-03-18 06:00:00+02:00,31.529,31.827
2024-03-18 08:00:00+02:00,31.827,31.837
2024-03-18 10:00:00+02:00,31.838,31.351
2024-03-18 12:00:00+02:00,31.354,31.596
2024-03-18 14:00:00+02:00,31.595,31.0
2024-03-18 16:00:00+02:00,30.996,30.929
2024-03-18 18:00:00+02:00,30.928,30.97
2024-03-18 20:00:00+02:00,30.969,30.772
2024-03-18 22:00:00+02:00,30.774,31.138
2024-03-19 00:00:00+02:00,31.137,31.454
2024-03-19 02:00:00+02:00,31.454,29.904
2024-03-19 04:00:00+02:00,29.906,30.065
2024-03-19 06:00:00+02:00,30.068,29.559
2024-03-19 08:00:00+02:00,29.56,28.957
2024-03-19 10:00:00+02:00,28.959,28.442
2024-03-19 12:00:00+02:00,28.441,28.294
2024-03-19 14:00:00+02:00,28.293,28.533
2024-03-19 16:00:00+02:00,28.534,29.086
2024-03-19 18:00:00+02:00,29.086,29.183
2024-03-19 20:00:00+02:00,29.183,29.243
2024-03-19 22:00:00+02:00,29.243,28.7
2024-03-20 00:00:00+02:00,28.7,27.724
2024-03-20 02:00:00+02:00,27.724,27.798
2024-03-20 04:00:00+02:00,27.798,27.708
2024-03-20 06:00:00+02:00,27.71,27.256
2024-03-20 08:00:00+02:00,27.254,28.56
2024-03-20 10:00:00+02:00,28.558,28.522
2024-03-20 12:00:00+02:00,28.524,28.756
2024-03-20 14:00:00+02:00,28.756,28.797
2024-03-20 16:00:00+02:00,28.792,28.486
2024-03-20 18:00:00+02:00,28.485,28.723
2024-03-20 20:00:00+02:00,28.721,29.804
2024-03-20 22:00:00+02:00,29.803,30.433
2024-03-21 00:00:00+02:00,30.435,30.62
2024-03-21 02:00:00+02:00,30.621,30.613
2024-03-21 04:00:00+02:00,30.612,30.406
2024-03-21 06:00:00+02:00,30.409,30.165
2024-03-21 08:00:00+02:00,30.165,30.198
2024-03-21 10:00:00+02:00,30.199,30.314
2024-03-21 12:00:00+02:00,30.313,30.416
2024-03-21 14:00:00+02:00,30.416,30.331
2024-03-21 16:00:00+02:00,30.331,30.266
2024-03-21 18:00:00+02:00,30.269,30.135
2024-03-21 20:00:00+02:00,30.136,30.091
2024-03-21 22:00:00+02:00,30.091,30.398
2024-03-22 00:00:00+02:00,30.399,30.327
2024-03-22 02:00:00+02:00,30.327,29.853
2024-03-22 04:00:00+02:00,29.851,30.448
2024-03-22 06:00:00+02:00,30.449,30.642
2024-03-22 08:00:00+02:00,30.642,30.436
2024-03-22 10:00:00+02:00,30.435,30.195
2024-03-22 12:00:00+02:00,30.195,29.576
2024-03-22 14:00:00+02:00,29.577,28.948
2024-03-22 16:00:00+02:00,28.948,29.219
2024-03-22 18:00:00+02:00,29.219,29.147
2024-03-22 20:00:00+02:00,29.151,29.113
2024-03-22 22:00:00+02:00,29.117,28.841
2024-03-23 00:00:00+02:00,28.841,29.365
2024-03-23 02:00:00+02:00,29.361,29.71
2024-03-23 04:00:00+02:00,29.714,29.404
2024-03-23 06:00:00+02:00,29.399,29.669
2024-03-23 08:00:00+02:00,29.67,29.754
2024-03-23 10:00:00+02:00,29.754,29.968
2024-03-23 12:00:00+02:00,29.969,30.213
2024-03-23 14:00:00+02:00,30.214,30.254
2024-03-23 16:00:00+02:00,30.255,30.705
2024-03-23 18:00:00+02:00,30.706,31.095
2024-03-23 20:00:00+02:00,31.096,31.071
2024-03-23 22:00:00+02:00,31.071,30.656
2024-03-24 00:00:00+02:00,30.656,30.277
2024-03-24 02:00:00+02:00,30.277,30.907
2024-03-24 04:00:00+02:00,30.909,30.728
2024-03-24 06:00:00+02:00,30.73,30.896
2024-03-24 08:00:00+02:00,30.895,30.971
2024-03-24 10:00:00+02:00,30.971,31.226
2024-03-24 12:00:00+02:00,31.227,31.084
2024-03-24 14:00:00+02:00,31.084,31.483
2024-03-24 16:00:00+02:00,31.485,31.285
2024-03-24 18:00:00+02:00,31.285,31.013
2024-03-24 20:00:00+02:00,31.008,31.114
2024-03-24 22:00:00+02:00,31.114,31.505
2024-03-25 00:00:00+02:00,31.506,31.59
2024-03-25 02:00:00+02:00,31.59,31.308
2024-03-25 04:00:00+02:00,31.309,31.456
2024-03-25 06:00:00+02:00,31.457,31.579
2024-03-25 08:00:00+02:00,31.577,31.159
2024-03-25 10:00:00+02:00,31.158,31.355
2024-03-25 12:00:00+02:00,31.357,31.065
2024-03-25 14:00:00+02:00,31.063,31.513
2024-03-25 16:00:00+02:00,31.511,32.24
2024-03-25 18:00:00+02:00,32.24,32.459
2024-03-25 20:00:00+02:00,32.461,32.464
2024-03-25 22:00:00+02:00,32.467,32.178
2024-03-26 00:00:00+02:00,32.183,32.472
2024-03-26 02:00:00+02:00,32.472,32.879
2024-03-26 04:00:00+02:00,32.878,33.101
2024-03-26 06:00:00+02:00,33.101,32.989
2024-03-26 08:00:00+02:00,32.99,32.79
2024-03-26 10:00:00+02:00,32.794,32.966
2024-03-26 12:00:00+02:00,32.965,32.824
2024-03-26 14:00:00+02:00,32.82,32.565
2024-03-26 16:00:00+02:00,32.565,32.253
2024-03-26 18:00:00+02:00,32.254,32.169
2024-03-26 20:00:00+02:00,32.17,32.254
2024-03-26 22:00:00+02:00,32.253,32.349
2024-03-27 00:00:00+02:00,32.349,32.165
2024-03-27 02:00:00+02:00,32.166,32.474
2024-03-27 04:00:00+02:00,32.473,32.285
2024-03-27 06:00:00+02:00,32.285,32.3
2024-03-27 08:00:00+02:00,32.301,31.702
2024-03-27 10:00:00+02:00,31.702,31.633
2024-03-27 12:00:00+02:00,31.631,31.831
2024-03-27 14:00:00+02:00,31.831,31.609
2024-03-27 16:00:00+02:00,31.608,31.46
2024-03-27 18:00:00+02:00,31.463,31.451
2024-03-27 20:00:00+02:00,31.45,31.568
2024-03-27 22:00:00+02:00,31.569,31.663
2024-03-28 00:00:00+02:00,31.664,31.818
2024-03-28 02:00:00+02:00,31.818,31.928
2024-03-28 04:00:00+02:00,31.928,31.943
2024-03-28 06:00:00+02:00,31.942,32.17
2024-03-28 08:00:00+02:00,32.168,32.394
2024-03-28 10:00:00+02:00,32.397,32.295
2024-03-28 12:00:00+02:00,32.295,32.319
2024-03-28 14:00:00+02:00,32.32,32.36
2024-03-28 16:00:00+02:00,32.354,32.687
2024-03-28 18:00:00+02:00,32.69,32.504
2024-03-28 20:00:00+02:00,32.507,32.479
2024-03-28 22:00:00+02:00,32.48,32.756
2024-03-29 00:00:00+02:00,32.752,32.56
2024-03-29 03:00:00+03:00,32.558,32.634
2024-03-29 05:00:00+03:00,32.634,32.363
2024-03-29 07:00:00+03:00,32.364,32.301
2024-03-29 09:00:00+03:00,32.3,31.864
2024-03-29 11:00:00+03:00,31.864,32.11
2024-03-29 13:00:00+03:00,32.109,34.661
2024-03-29 15:00:00+03:00,34.662,34.35
2024-03-29 17:00:00+03:00,34.35,33.584
2024-03-29 19:00:00+03:00,33.588,33.598
2024-03-29 21:00:00+03:00,33.594,33.545
2024-03-29 23:00:00+03:00,33.545,33.515
2024-03-30 01:00:00+03:00,33.515,34.215
2024-03-30 03:00:00+03:00,34.216,34.268
2024-03-30 05:00:00+03:00,34.268,34.15
2024-03-30 07:00:00+03:00,34.15,33.802
2024-03-30 09:00:00+03:00,33.801,33.496
2024-03-30 11:00:00+03:00,33.496,33.691
2024-03-30 13:00:00+03:00,33.692,33.831
2024-03-30 15:00:00+03:00,33.83,33.712
2024-03-30 17:00:00+03:00,33.712,33.575
2024-03-30 19:00:00+03:00,33.576,33.444
2024-03-30 21:00:00+03:00,33.444,33.353
2024-03-30 23:00:00+03:00,33.354,33.01
2024-03-31 01:00:00+03:00,33.008,32.927
2024-03-31 03:00:00+03:00,32.927,33.326
2024-03-31 05:00:00+03:00,33.326,33.116
2024-03-31 07:00:00+03:00,33.115,34.216
2024-03-31 09:00:00+03:00,34.214,34.0
2024-03-31 11:00:00+03:00,34.003,33.918
2024-03-31 13:00:00+03:00,33.918,33.916
2024-03-31 15:00:00+03:00,33.916,33.883
2024-03-31 17:00:00+03:00,33.884,33.942
2024-03-31 19:00:00+03:00,33.943,33.835
2024-03-31 21:00:00+03:00,33.834,34.158
2024-03-31 23:00:00+03:00,34.161,34.362
2024-04-01 01:00:00+03:00,34.363,34.314
2024-04-01 03:00:00+03:00,34.313,34.566
2024-04-01 05:00:00+03:00,34.566,34.279
2024-04-01 07:00:00+03:00,34.279,33.018
2024-04-01 09:00:00+03:00,33.019,33.655
2024-04-01 11:00:00+03:00,33.655,33.258
2024-04-01 13:00:00+03:00,33.259,33.143
2024-04-01 15:00:00+03:00,33.144,33.394
2024-04-01 17:00:00+03:00,33.4,32.068
2024-04-01 19:00:00+03:00,32.07,32.217
2024-04-01 21:00:00+03:00,32.219,32.571
2024-04-01 23:00:00+03:00,32.572,32.766
2024-04-02 01:00:00+03:00,32.766,32.714
2024-04-02 03:00:00+03:00,32.714,32.33
2024-04-02 05:00:00+03:00,32.333,30.873
2024-04-02 07:00:00+03:00,30.871,30.857
2024-04-02 09:00:00+03:00,30.856,30.826
2024-04-02 11:00:00+03:00,30.825,30.686
2024-04-02 13:00:00+03:00,30.686,30.528
2024-04-02 15:00:00+03:00,30.528,30.243
2024-04-02 17:00:00+03:00,30.244,29.991
2024-04-02 19:00:00+03:00,29.992,30.416
2024-04-02 21:00:00+03:00,30.415,30.314
2024-04-02 23:00:00+03:00,30.313,30.168
2024-04-03 01:00:00+03:00,30.168,30.009
2024-04-03 03:00:00+03:00,30.008,30.268
2024-04-03 05:00:00+03:00,30.267,30.373
2024-04-03 07:00:00+03:00,30.373,30.233
2024-04-03 09:00:00+03:00,30.233,30.28
2024-04-03 11:00:00+03:00,30.281,30.672
2024-04-03 13:00:00+03:00,30.673,30.389
2024-04-03 15:00:00+03:00,30.39,30.334
2024-04-03 17:00:00+03:00,30.334,30.512
2024-04-03 19:00:00+03:00,30.512,30.552
2024-04-03 21:00:00+03:00,30.552,30.483
2024-04-03 23:00:00+03:00,30.487,30.583
2024-04-04 01:00:00+03:00,30.583,30.657
2024-04-04 03:00:00+03:00,30.657,31.103
2024-04-04 05:00:00+03:00,31.103,30.565
2024-04-04 07:00:00+03:00,30.561,30.783
2024-04-04 09:00:00+03:00,30.78,31.683
2024-04-04 11:00:00+03:00,31.683,32.521
2024-04-04 13:00:00+03:00,32.521,31.859
2024-04-04 15:00:00+03:00,31.861,32.328
2024-04-04 17:00:00+03:00,32.328,32.509
2024-04-04 19:00:00+03:00,32.51,33.105
2024-04-04 21:00:00+03:00,33.105,33.024
2024-04-04 23:00:00+03:00,33.024,32.725
2024-04-05 01:00:00+03:00,32.726,32.875
2024-04-05 03:00:00+03:00,32.875,32.81
2024-04-05 05:00:00+03:00,32.81,33.246
2024-04-05 07:00:00+03:00,33.242,32.61
2024-04-05 09:00:00+03:00,32.61,33.554
2024-04-05 11:00:00+03:00,33.554,33.48
2024-04-05 13:00:00+03:00,33.482,32.094
2024-04-05 15:00:00+03:00,32.095,32.68
2024-04-05 17:00:00+03:00,32.681,33.626
2024-04-05 19:00:00+03:00,33.626,33.352
2024-04-05 21:00:00+03:00,33.351,33.567
2024-04-05 23:00:00+03:00,33.565,33.514
2024-04-06 01:00:00+03:00,33.514,33.128
2024-04-06 03:00:00+03:00,33.13,33.034
2024-04-06 05:00:00+03:00,33.033,33.148
2024-04-06 07:00:00+03:00,33.149,33.054
2024-04-06 09:00:00+03:00,33.055,33.314
2024-04-06 11:00:00+03:00,33.306,33.066
2024-04-06 13:00:00+03:00,33.067,33.181
2024-04-06 15:00:00+03:00,33.181,32.918
2024-04-06 17:00:00+03:00,32.919,33.335
2024-04-06 19:00:00+03:00,33.334,33.06
2024-04-06 21:00:00+03:00,33.061,32.972
2024-04-06 23:00:00+03:00,32.972,33.009
2024-04-07 01:00:00+03:00,33.008,33.505
2024-04-07 03:00:00+03:00,33.505,34.094
2024-04-07 05:00:00+03:00,34.094,34.58
2024-04-07 07:00:00+03:00,34.581,34.307
2024-04-07 09:00:00+03:00,34.309,34.064
2024-04-07 11:00:00+03:00,34.064,33.996
2024-04-07 13:00:00+03:00,33.997,33.944
2024-04-07 15:00:00+03:00,33.943,34.118
2024-04-07 17:00:00+03:00,34.117,33.858
2024-04-07 19:00:00+03:00,33.858,33.67
2024-04-07 21:00:00+03:00,33.671,33.381
2024-04-07 23:00:00+03:00,33.381,33.456
2024-04-08 01:00:00+03:00,33.457,33.895
2024-04-08 03:00:00+03:00,33.894,33.768
2024-04-08 05:00:00+03:00,33.767,33.439
2024-04-08 07:00:00+03:00,33.439,33.546
2024-04-08 09:00:00+03:00,33.545,34.099
2024-04-08 11:00:00+03:00,34.099,35.384
2024-04-08 13:00:00+03:00,35.382,35.451
2024-04-08 15:00:00+03:00,35.45,35.168
2024-04-08 17:00:00+03:00,35.168,35.283
2024-04-08 19:00:00+03:00,35.282,35.407
2024-04-08 21:00:00+03:00,35.407,35.594
2024-04-08 23:00:00+03:00,35.599,35.496
2024-04-09 01:00:00+03:00,35.497,35.679
2024-04-09 03:00:00+03:00,35.68,35.278
2024-04-09 05:00:00+03:00,35.278,35.12
2024-04-09 07:00:00+03:00,35.12,35.197
2024-04-09 09:00:00+03:00,35.197,34.638
2024-04-09 11:00:00+03:00,34.637,34.55
2024-04-09 13:00:00+03:00,34.553,34.687
2024-04-09 15:00:00+03:00,34.687,34.044
2024-04-09 17:00:00+03:00,34.044,33.365
2024-04-09 19:00:00+03:00,33.364,32.973
2024-04-09 21:00:00+03:00,32.972,33.039
2024-04-09 23:00:00+03:00,33.037,32.951
2024-04-10 01:00:00+03:00,32.95,32.792
2024-04-10 03:00:00+03:00,32.789,32.785
2024-04-10 05:00:00+03:00,32.783,32.666
2024-04-10 07:00:00+03:00,32.666,32.904
2024-04-10 09:00:00+03:00,32.906,32.891
2024-04-10 11:00:00+03:00,32.891,32.738
2024-04-10 13:00:00+03:00,32.738,32.636
2024-04-10 15:00:00+03:00,32.636,32.26
2024-04-10 17:00:00+03:00,32.26,32.874
2024-04-10 19:00:00+03:00,32.875,33.12
2024-04-10 21:00:00+03:00,33.122,33.252
2024-04-10 23:00:00+03:00,33.252,33.179
2024-04-11 01:00:00+03:00,33.18,33.532
2024-04-11 03:00:00+03:00,33.533,33.384
2024-04-11 05:00:00+03:00,33.384,33.82
2024-04-11 07:00:00+03:00,33.82,33.519
2024-04-11 09:00:00+03:00,33.516,34.116
2024-04-11 11:00:00+03:00,34.117,33.944
2024-04-11 13:00:00+03:00,33.944,33.561
2024-04-11 15:00:00+03:00,33.561,34.097
2024-04-11 17:00:00+03:00,34.096,34.291
2024-04-11 19:00:00+03:00,34.292,33.995
2024-04-11 21:00:00+03:00,33.996,33.865
2024-04-11 23:00:00+03:00,33.866,33.987
2024-04-12 01:00:00+03:00,33.988,33.78
2024-04-12 03:00:00+03:00,33.78,33.66
2024-04-12 05:00:00+03:00,33.662,34.0
2024-04-12 07:00:00+03:00,34.001,34.064
2024-04-12 09:00:00+03:00,34.06,33.741
2024-04-12 11:00:00+03:00,33.74,33.591
2024-04-12 13:00:00+03:00,33.59,33.632
2024-04-12 15:00:00+03:00,33.631,32.899
2024-04-12 17:00:00+03:00,32.9,32.693
2024-04-12 19:00:00+03:00,32.694,31.02
2024-04-12 21:00:00+03:00,31.019,28.584
2024-04-12 23:00:00+03:00,28.582,29.39
2024-04-13 01:00:00+03:00,29.391,29.466
2024-04-13 03:00:00+03:00,29.467,28.39
2024-04-13 05:00:00+03:00,28.39,29.403
2024-04-13 07:00:00+03:00,29.402,29.398
2024-04-13 09:00:00+03:00,29.4,29.315
2024-04-13 11:00:00+03:00,29.315,29.347
2024-04-13 13:00:00+03:00,29.347,29.384
2024-04-13 15:00:00+03:00,29.384,29.297
2024-04-13 17:00:00+03:00,29.297,28.961
2024-04-13 19:00:00+03:00,28.961,27.468
2024-04-13 21:00:00+03:00,27.467,25.924
2024-04-13 23:00:00+03:00,25.923,24.425
2024-04-14 01:00:00+03:00,24.424,25.461
2024-04-14 03:00:00+03:00,25.461,25.198
2024-04-14 05:00:00+03:00,25.198,25.146
2024-04-14 07:00:00+03:00,25.146,26.431
2024-04-14 09:00:00+03:00,26.432,26.517
2024-04-14 11:00:00+03:00,26.517,26.126
2024-04-14 13:00:00+03:00,26.125,25.646
2024-04-14 15:00:00+03:00,25.646,25.553
2024-04-14 17:00:00+03:00,25.553,25.768
2024-04-14 19:00:00+03:00,25.767,25.539
2024-04-14 21:00:00+03:00,25.54,25.7
2024-04-14 23:00:00+03:00,25.696,25.616
2024-04-15 01:00:00+03:00,25.616,26.968
2024-04-15 03:00:00+03:00,26.968,26.46
2024-04-15 05:00:00+03:00,26.463,26.301
2024-04-15 07:00:00+03:00,26.298,26.628
2024-04-15 09:00:00+03:00,26.628,27.925
2024-04-15 11:00:00+03:00,27.928,27.791
2024-04-15 13:00:00+03:00,27.792,27.493
2024-04-15 15:00:00+03:00,27.494,27.172
2024-04-15 17:00:00+03:00,27.172,26.716
2024-04-15 19:00:00+03:00,26.72,26.302
2024-04-15 21:00:00+03:00,26.299,26.287
2024-04-15 23:00:00+03:00,26.288,26.358
2024-04-16 01:00:00+03:00,26.358,26.431
2024-04-16 03:00:00+03:00,26.431,26.298
2024-04-16 05:00:00+03:00,26.297,26.193
2024-04-16 07:00:00+03:00,26.193,25.992
2024-04-16 09:00:00+03:00,25.993,26.721
2024-04-16 11:00:00+03:00,26.722,26.514
2024-04-16 13:00:00+03:00,26.514,26.279
2024-04-16 15:00:00+03:00,26.278,25.56
2024-04-16 17:00:00+03:00,25.56,25.186
2024-04-16 19:00:00+03:00,25.182,25.734
2024-04-16 21:00:00+03:00,25.733,25.828
2024-04-16 23:00:00+03:00,25.826,26.361
2024-04-17 01:00:00+03:00,26.36,26.16
2024-04-17 03:00:00+03:00,26.16,26.33
2024-04-17 05:00:00+03:00,26.33,26.33
2024-04-17 07:00:00+03:00,26.331,26.288
2024-04-17 09:00:00+03:00,26.288,26.172
2024-04-17 11:00:00+03:00,26.172,26.221
2024-04-17 13:00:00+03:00,26.222,25.717
2024-04-17 15:00:00+03:00,25.718,25.773
2024-04-17 17:00:00+03:00,25.774,24.948
2024-04-17 19:00:00+03:00,24.948,25.388
2024-04-17 21:00:00+03:00,25.388,25.52
2024-04-17 23:00:00+03:00,25.517,25.621
2024-04-18 01:00:00+03:00,25.621,25.387
2024-04-18 03:00:00+03:00,25.386,25.589
2024-04-18 05:00:00+03:00,25.592,25.751
2024-04-18 07:00:00+03:00,25.75,25.488
2024-04-18 09:00:00+03:00,25.488,25.236
2024-04-18 11:00:00+03:00,25.238,25.615
2024-04-18 13:00:00+03:00,25.615,25.879
2024-04-18 15:00:00+03:00,25.879,25.792
2024-04-18 17:00:00+03:00,25.791,26.099
2024-04-18 19:00:00+03:00,26.099,25.695
2024-04-18 21:00:00+03:00,25.697,26.095
2024-04-18 23:00:00+03:00,26.095,26.211
2024-04-19 01:00:00+03:00,26.211,26.12
2024-04-19 03:00:00+03:00,26.12,24.909
2024-04-19 05:00:00+03:00,24.91,25.156
2024-04-19 07:00:00+03:00,25.155,25.315
2024-04-19 09:00:00+03:00,25.312,26.003
2024-04-19 11:00:00+03:00,26.002,26.092
2024-04-19 13:00:00+03:00,26.092,26.096
2024-04-19 15:00:00+03:00,26.095,26.147
2024-04-19 17:00:00+03:00,26.149,26.225
2024-04-19 19:00:00+03:00,26.222,26.253
2024-04-19 21:00:00+03:00,26.253,26.404
2024-04-19 23:00:00+03:00,26.404,26.438
2024-04-20 01:00:00+03:00,26.437,26.04
2024-04-20 03:00:00+03:00,26.037,26.211
2024-04-20 05:00:00+03:00,26.208,26.218
2024-04-20 07:00:00+03:00,26.218,26.355
2024-04-20 09:00:00+03:00,26.356,26.325
2024-04-20 11:00:00+03:00,26.326,26.062
2024-04-20 13:00:00+03:00,26.062,26.213
2024-04-20 15:00:00+03:00,26.214,26.524
2024-04-20 17:00:00+03:00,26.524,27.247
2024-04-20 19:00:00+03:00,27.248,28.077
2024-04-20 21:00:00+03:00,28.073,27.965
2024-04-20 23:00:00+03:00,27.965,27.963
2024-04-21 01:00:00+03:00,27.964,27.875
2024-04-21 03:00:00+03:00,27.875,27.86
2024-04-21 05:00:00+03:00,27.86,28.044
2024-04-21 07:00:00+03:00,28.043,28.16
2024-04-21 09:00:00+03:00,28.161,27.998
2024-04-21 11:00:00+03:00,27.999,27.799
2024-04-21 13:00:00+03:00,27.8,27.871
2024-04-21 15:00:00+03:00,27.869,27.49
2024-04-21 17:00:00+03:00,27.491,27.6
2024-04-21 19:00:00+03:00,27.601,27.444
2024-04-21 21:00:00+03:00,27.451,27.329
2024-04-21 23:00:00+03:00,27.329,27.55
2024-04-22 01:00:00+03:00,27.55,27.449
2024-04-22 03:00:00+03:00,27.449,27.494
2024-04-22 05:00:00+03:00,27.498,28.02
2024-04-22 07:00:00+03:00,28.022,28.256
2024-04-22 09:00:00+03:00,28.256,28.069
2024-04-22 11:00:00+03:00,28.069,28.171
2024-04-22 13:00:00+03:00,28.17,28.001
2024-04-22 15:00:00+03:00,28.001,28.251
2024-04-22 17:00:00+03:00,28.252,28.106
2024-04-22 19:00:00+03:00,28.105,28.282
2024-04-22 21:00:00+03:00,28.282,28.314
2024-04-22 23:00:00+03:00,28.314,28.362
2024-04-23 01:00:00+03:00,28.363,28.315
2024-04-23 03:00:00+03:00,28.314,28.287
2024-04-23 05:00:00+03:00,28.286,28.034
2024-04-23 07:00:00+03:00,28.034,28.19
2024-04-23 09:00:00+03:00,28.191,27.872
2024-04-23 11:00:00+03:00,27.873,27.887
2024-04-23 13:00:00+03:00,27.888,27.874
2024-04-23 15:00:00+03:00,27.874,28.066
2024-04-23 17:00:00+03:00,28.07,28.137
2024-04-23 19:00:00+03:00,28.138,28.227
2024-04-23 21:00:00+03:00,28.224,28.266
2024-04-23 23:00:00+03:00,28.267,28.187
2024-04-24 01:00:00+03:00,28.188,28.108
2024-04-24 03:00:00+03:00,28.109,28.261
2024-04-24 05:00:00+03:00,28.262,28.109
2024-04-24 07:00:00+03:00,28.11,28.171
2024-04-24 09:00:00+03:00,28.172,28.04
2024-04-24 11:00:00+03:00,28.039,27.955
2024-04-24 13:00:00+03:00,27.956,28.154
2024-04-24 15:00:00+03:00,28.152,27.581
2024-04-24 17:00:00+03:00,27.582,26.845
2024-04-24 19:00:00+03:00,26.842,27.034
2024-04-24 21:00:00+03:00,27.035,26.8
2024-04-24 23:00:00+03:00,26.799,26.825
2024-04-25 01:00:00+03:00,26.825,26.365
2024-04-25 03:00:00+03:00,26.366,26.111
2024-04-25 05:00:00+03:00,26.11,26.131
2024-04-25 07:00:00+03:00,26.134,26.243
2024-04-25 09:00:00+03:00,26.243,26.032
2024-04-25 11:00:00+03:00,26.035,26.119
2024-04-25 13:00:00+03:00,26.121,26.16
2024-04-25 15:00:00+03:00,26.16,26.114
2024-04-25 17:00:00+03:00,26.117,26.372
2024-04-25 19:00:00+03:00,26.371,26.53
2024-04-25 21:00:00+03:00,26.531,26.627
2024-04-25 23:00:00+03:00,26.63,26.699
2024-04-26 01:00:00+03:00,26.698,26.43
2024-04-26 03:00:00+03:00,26.43,26.32
2024-04-26 05:00:00+03:00,26.319,26.587
2024-04-26 07:00:00+03:00,26.587,26.87
2024-04-26 09:00:00+03:00,26.872,26.715
2024-04-26 11:00:00+03:00,26.715,26.977
2024-04-26 13:00:00+03:00,26.978,26.782
2024-04-26 15:00:00+03:00,26.783,26.903
2024-04-26 17:00:00+03:00,26.901,27.204
2024-04-26 19:00:00+03:00,27.207,27.167
2024-04-26 21:00:00+03:00,27.168,27.487
2024-04-26 23:00:00+03:00,27.487,27.424
2024-04-27 01:00:00+03:00,27.424,27.099
2024-04-27 03:00:00+03:00,27.099,26.665
2024-04-27 05:00:00+03:00,26.664,27.183
2024-04-27 07:00:00+03:00,27.183,26.733
2024-04-27 09:00:00+03:00,26.733,26.648
2024-04-27 11:00:00+03:00,26.649,26.71
2024-04-27 13:00:00+03:00,26.71,26.502
2024-04-27 15:00:00+03:00,26.503,26.906
2024-04-27 17:00:00+03:00,26.906,26.747
2024-04-27 19:00:00+03:00,26.747,27.925
2024-04-27 21:00:00+03:00,27.925,27.516
2024-04-27 23:00:00+03:00,27.517,27.465
2024-04-28 01:00:00+03:00,27.466,27.837
2024-04-28 03:00:00+03:00,27.837,27.867
2024-04-28 05:00:00+03:00,27.866,28.504
2024-04-28 07:00:00+03:00,28.503,28.554
2024-04-28 09:00:00+03:00,28.553,29.663
2024-04-28 11:00:00+03:00,29.663,29.336
2024-04-28 13:00:00+03:00,29.335,28.562
2024-04-28 15:00:00+03:00,28.561,28.821
2024-04-28 17:00:00+03:00,28.82,28.961
2024-04-28 19:00:00+03:00,28.961,28.914
2024-04-28 21:00:00+03:00,28.914,28.919
2024-04-28 23:00:00+03:00,28.92,28.676
2024-04-29 01:00:00+03:00,28.676,27.984
2024-04-29 03:00:00+03:00,27.984,28.342
2024-04-29 05:00:00+03:00,28.341,27.351
2024-04-29 07:00:00+03:00,27.35,27.456
2024-04-29 09:00:00+03:00,27.457,27.29
2024-04-29 11:00:00+03:00,27.29,27.346
2024-04-29 13:00:00+03:00,27.346,27.063
2024-04-29 15:00:00+03:00,27.062,27.038
2024-04-29 17:00:00+03:00,27.037,27.38
2024-04-29 19:00:00+03:00,27.379,27.186
2024-04-29 21:00:00+03:00,27.185,27.176
2024-04-29 23:00:00+03:00,27.175,27.209
2024-04-30 01:00:00+03:00,27.209,27.574
2024-04-30 03:00:00+03:00,27.575,27.433
2024-04-30 05:00:00+03:00,27.434,27.468
2024-04-30 07:00:00+03:00,27.468,27.164
2024-04-30 09:00:00+03:00,27.164,27.007
2024-04-30 11:00:00+03:00,27.008,25.814
2024-04-30 13:00:00+03:00,25.814,25.541
2024-04-30 15:00:00+03:00,25.542,25.404
2024-04-30 17:00:00+03:00,25.402,25.384
2024-04-30 19:00:00+03:00,25.383,25.106
2024-04-30 21:00:00+03:00,25.106,24.941
2024-04-30 23:00:00+03:00,24.941,25.294
2024-05-01 01:00:00+03:00,25.294,25.418
2024-05-01 03:00:00+03:00,25.418,25.218
2024-05-01 05:00:00+03:00,25.218,25.291
2024-05-01 07:00:00+03:00,25.291,25.249
2024-05-01 09:00:00+03:00,25.248,24.486
2024-05-01 11:00:00+03:00,24.487,24.497
2024-05-01 13:00:00+03:00,24.496,24.721
2024-05-01 15:00:00+03:00,24.721,24.685
2024-05-01 17:00:00+03:00,24.687,24.584
2024-05-01 19:00:00+03:00,24.584,24.802
2024-05-01 21:00:00+03:00,24.803,24.847
2024-05-01 23:00:00+03:00,24.85,25.238
2024-05-02 01:00:00+03:00,25.238,25.532
2024-05-02 03:00:00+03:00,25.532,25.003
2024-05-02 05:00:00+03:00,25.002,25.08
2024-05-02 07:00:00+03:00,25.08,25.167
2024-05-02 09:00:00+03:00,25.167,25.258
2024-05-02 11:00:00+03:00,25.258,25.486
2024-05-02 13:00:00+03:00,25.486,25.77
2024-05-02 15:00:00+03:00,25.77,25.529
2024-05-02 17:00:00+03:00,25.53,25.682
2024-05-02 19:00:00+03:00,25.683,25.735
2024-05-02 21:00:00+03:00,25.735,25.749
2024-05-02 23:00:00+03:00,25.748,25.753
2024-05-03 01:00:00+03:00,25.753,25.641
2024-05-03 03:00:00+03:00,25.642,25.921
2024-05-03 05:00:00+03:00,25.921,26.046
2024-05-03 07:00:00+03:00,26.047,25.83
2024-05-03 09:00:00+03:00,25.83,25.602
2024-05-03 11:00:00+03:00,25.602,25.824
2024-05-03 13:00:00+03:00,25.824,25.674
2024-05-03 15:00:00+03:00,25.673,26.524
2024-05-03 17:00:00+03:00,26.525,26.554
2024-05-03 19:00:00+03:00,26.555,26.824
2024-05-03 21:00:00+03:00,26.824,26.874
2024-05-03 23:00:00+03:00,26.874,27.15
2024-05-04 01:00:00+03:00,27.154,26.888
2024-05-04 03:00:00+03:00,26.889,26.981
2024-05-04 05:00:00+03:00,26.982,26.907
2024-05-04 07:00:00+03:00,26.908,27.101
2024-05-04 09:00:00+03:00,27.102,26.852
2024-05-04 11:00:00+03:00,26.853,26.95
2024-05-04 13:00:00+03:00,26.95,27.002
2024-05-04 15:00:00+03:00,27.003,26.978
2024-05-04 17:00:00+03:00,26.977,27.191
2024-05-04 19:00:00+03:00,27.192,27.049
2024-05-04 21:00:00+03:00,27.05,27.205
2024-05-04 23:00:00+03:00,27.207,27.005
2024-05-05 01:00:00+03:00,27.005,26.939
2024-05-05 03:00:00+03:00,26.94,26.654
2024-05-05 05:00:00+03:00,26.653,26.583
2024-05-05 07:00:00+03:00,26.582,26.513
2024-05-05 09:00:00+03:00,26.512,26.71
2024-05-05 11:00:00+03:00,26.71,26.977
2024-05-05 13:00:00+03:00,26.976,26.952
2024-05-05 15:00:00+03:00,26.952,27.022
2024-05-05 17:00:00+03:00,27.021,27.565
2024-05-05 19:00:00+03:00,27.567,27.539
2024-05-05 21:00:00+03:00,27.538,27.719
2024-05-05 23:00:00+03:00,27.718,27.782
2024-05-06 01:00:00+03:00,27.782,27.655
2024-05-06 03:00:00+03:00,27.654,27.689
2024-05-06 05:00:00+03:00,27.688,27.605
2024-05-06 07:00:00+03:00,27.606,28.399
2024-05-06 09:00:00+03:00,28.4,28.602
2024-05-06 11:00:00+03:00,28.603,28.522
2024-05-06 13:00:00+03:00,28.52,27.732
2024-05-06 15:00:00+03:00,27.733,27.589
2024-05-06 17:00:00+03:00,27.589,27.395
2024-05-06 19:00:00+03:00,27.395,27.276
2024-05-06 21:00:00+03:00,27.275,27.203
2024-05-06 23:00:00+03:00,27.203,27.299
2024-05-07 01:00:00+03:00,27.299,26.973
2024-05-07 03:00:00+03:00,26.973,27.4
2024-05-07 05:00:00+03:00,27.402,26.994
2024-05-07 07:00:00+03:00,26.994,27.084
2024-05-07 09:00:00+03:00,27.085,27.044
2024-05-07 11:00:00+03:00,27.044,27.296
2024-05-07 13:00:00+03:00,27.296,27.003
2024-05-07 15:00:00+03:00,27.003,27.133
2024-05-07 17:00:00+03:00,27.137,27.298
2024-05-07 19:00:00+03:00,27.299,27.494
2024-05-07 21:00:00+03:00,27.494,27.593
2024-05-07 23:00:00+03:00,27.593,27.652
2024-05-08 01:00:00+03:00,27.652,27.061
2024-05-08 03:00:00+03:00,27.062,27.587
2024-05-08 05:00:00+03:00,27.587,27.548
2024-05-08 07:00:00+03:00,27.549,27.435
2024-05-08 09:00:00+03:00,27.435,26.679
2024-05-08 11:00:00+03:00,26.681,26.869
2024-05-08 13:00:00+03:00,26.869,26.69
2024-05-08 15:00:00+03:00,26.69,28.782
2024-05-08 17:00:00+03:00,28.782,28.419
2024-05-08 19:00:00+03:00,28.419,28.103
2024-05-08 21:00:00+03:00,28.102,27.534
2024-05-08 23:00:00+03:00,27.533,26.997
2024-05-09 01:00:00+03:00,26.996,27.172
2024-05-09 03:00:00+03:00,27.172,27.299
2024-05-09 05:00:00+03:00,27.3,27.545
2024-05-09 07:00:00+03:00,27.545,27.436
2024-05-09 09:00:00+03:00,27.437,27.172
2024-05-09 11:00:00+03:00,27.172,27.104
2024-05-09 13:00:00+03:00,27.103,27.165
2024-05-09 15:00:00+03:00,27.164,27.05
2024-05-09 17:00:00+03:00,27.051,27.295
2024-05-09 19:00:00+03:00,27.295,27.296
2024-05-09 21:00:00+03:00,27.296,27.579
2024-05-09 23:00:00+03:00,27.578,27.53
2024-05-10 01:00:00+03:00,27.53,27.639
2024-05-10 03:00:00+03:00,27.639,27.664
2024-05-10 05:00:00+03:00,27.665,27.556
2024-05-10 07:00:00+03:00,27.557,27.548
2024-05-10 09:00:00+03:00,27.549,27.694
2024-05-10 11:00:00+03:00,27.694,27.589
2024-05-10 13:00:00+03:00,27.59,27.673
2024-05-10 15:00:00+03:00,27.673,27.598
2024-05-10 17:00:00+03:00,27.597,26.876
2024-05-10 19:00:00+03:00,26.873,26.466
2024-05-10 21:00:00+03:00,26.466,26.448
2024-05-10 23:00:00+03:00,26.448,26.403
2024-05-11 01:00:00+03:00,26.402,26.375
2024-05-11 03:00:00+03:00,26.374,26.646
2024-05-11 05:00:00+03:00,26.649,26.436
2024-05-11 07:00:00+03:00,26.433,26.553
2024-05-11 09:00:00+03:00,26.552,26.651
2024-05-11 11:00:00+03:00,26.65,26.479
2024-05-11 13:00:00+03:00,26.478,26.381
2024-05-11 15:00:00+03:00,26.38,26.705
2024-05-11 17:00:00+03:00,26.705,26.565
2024-05-11 19:00:00+03:00,26.565,26.514
2024-05-11 21:00:00+03:00,26.514,26.529
2024-05-11 23:00:00+03:00,26.529,26.375
2024-05-12 01:00:00+03:00,26.375,26.467
2024-05-12 03:00:00+03:00,26.467,26.482
2024-05-12 05:00:00+03:00,26.483,26.612
2024-05-12 07:00:00+03:00,26.612,26.671
2024-05-12 09:00:00+03:00,26.671,26.442
2024-05-12 11:00:00+03:00,26.443,26.489
2024-05-12 13:00:00+03:00,26.489,26.705
2024-05-12 15:00:00+03:00,26.705,26.725
2024-05-12 17:00:00+03:00,26.726,26.779
2024-05-12 19:00:00+03:00,26.779,26.73
2024-05-12 21:00:00+03:00,26.729,26.585
2024-05-12 23:00:00+03:00,26.585,26.556
2024-05-13 01:00:00+03:00,26.557,26.686
2024-05-13 03:00:00+03:00,26.686,26.481
2024-05-13 05:00:00+03:00,26.48,25.618
2024-05-13 07:00:00+03:00,25.617,25.512
2024-05-13 09:00:00+03:00,25.512,26.442
2024-05-13 11:00:00+03:00,26.441,26.655
2024-05-13 13:00:00+03:00,26.654,26.651
2024-05-13 15:00:00+03:00,26.651,26.46
2024-05-13 17:00:00+03:00,26.462,26.551
2024-05-13 19:00:00+03:00,26.551,26.363
2024-05-13 21:00:00+03:00,26.364,26.475
2024-05-13 23:00:00+03:00,26.475,26.35
2024-05-14 01:00:00+03:00,26.351,26.291
2024-05-14 03:00:00+03:00,26.291,26.169
2024-05-14 05:00:00+03:00,26.169,26.089
2024-05-14 07:00:00+03:00,26.089,26.136
2024-05-14 09:00:00+03:00,26.136,26.034
2024-05-14 11:00:00+03:00,26.034,25.808
2024-05-14 13:00:00+03:00,25.809,25.777
2024-05-14 15:00:00+03:00,25.778,25.599
2024-05-14 17:00:00+03:00,25.601,25.629
2024-05-14 19:00:00+03:00,25.631,25.431
2024-05-14 21:00:00+03:00,25.431,25.472
2024-05-14 23:00:00+03:00,25.472,25.505
2024-05-15 01:00:00+03:00,25.505,25.339
2024-05-15 03:00:00+03:00,25.339,25.535
2024-05-15 05:00:00+03:00,25.536,25.584
2024-05-15 07:00:00+03:00,25.584,25.574
2024-05-15 09:00:00+03:00,25.575,25.711
2024-05-15 11:00:00+03:00,25.71,25.866
2024-05-15 13:00:00+03:00,25.866,25.745
2024-05-15 15:00:00+03:00,25.745,26.372
2024-05-15 17:00:00+03:00,26.372,26.504
2024-05-15 19:00:00+03:00,26.506,26.72
2024-05-15 21:00:00+03:00,26.72,27.095
2024-05-15 23:00:00+03:00,27.095,26.981
2024-05-16 01:00:00+03:00,26.981,27.089
2024-05-16 03:00:00+03:00,27.088,27.013
2024-05-16 05:00:00+03:00,27.014,27.024
2024-05-16 07:00:00+03:00,27.025,26.959
2024-05-16 09:00:00+03:00,26.96,27.318
2024-05-16 11:00:00+03:00,27.317,27.338
2024-05-16 13:00:00+03:00,27.339,27.247
2024-05-16 15:00:00+03:00,27.246,27.267
2024-05-16 17:00:00+03:00,27.267,27.16
2024-05-16 19:00:00+03:00,27.16,27.091
2024-05-16 21:00:00+03:00,27.092,27.142
2024-05-16 23:00:00+03:00,27.142,27.158
2024-05-17 01:00:00+03:00,27.158,27.233
2024-05-17 03:00:00+03:00,27.233,27.252
2024-05-17 05:00:00+03:00,27.253,27.209
2024-05-17 07:00:00+03:00,27.209,27.26
2024-05-17 09:00:00+03:00,27.259,28.18
2024-05-17 11:00:00+03:00,28.179,28.294
2024-05-17 13:00:00+03:00,28.294,28.172
2024-05-17 15:00:00+03:00,28.171,28.156
2024-05-17 17:00:00+03:00,28.156,28.63
2024-05-17 19:00:00+03:00,28.628,28.183
2024-05-17 21:00:00+03:00,28.182,28.142
2024-05-17 23:00:00+03:00,28.142,28.214
2024-05-18 01:00:00+03:00,28.213,28.297
2024-05-18 03:00:00+03:00,28.296,28.434
2024-05-18 05:00:00+03:00,28.434,29.015
2024-05-18 07:00:00+03:00,29.015,28.824
2024-05-18 09:00:00+03:00,28.824,28.922
2024-05-18 11:00:00+03:00,28.921,28.969
2024-05-18 13:00:00+03:00,28.97,28.973
2024-05-18 15:00:00+03:00,28.973,28.551
2024-05-18 17:00:00+03:00,28.549,28.589
2024-05-18 19:00:00+03:00,28.589,28.565
2024-05-18 21:00:00+03:00,28.564,28.581
2024-05-18 23:00:00+03:00,28.582,28.494
2024-05-19 01:00:00+03:00,28.495,28.608
2024-05-19 03:00:00+03:00,28.607,28.63
2024-05-19 05:00:00+03:00,28.63,28.753
2024-05-19 07:00:00+03:00,28.752,28.556
2024-05-19 09:00:00+03:00,28.555,28.415
2024-05-19 11:00:00+03:00,28.416,28.222
2024-05-19 13:00:00+03:00,28.222,28.278
2024-05-19 15:00:00+03:00,28.278,27.874
2024-05-19 17:00:00+03:00,27.873,27.663
2024-05-19 19:00:00+03:00,27.663,27.51
2024-05-19 21:00:00+03:00,27.51,27.541
2024-05-19 23:00:00+03:00,27.54,27.63
2024-05-20 01:00:00+03:00,27.63,27.573
2024-05-20 03:00:00+03:00,27.572,27.805
2024-05-20 05:00:00+03:00,27.805,27.786
2024-05-20 07:00:00+03:00,27.786,28.304
2024-05-20 09:00:00+03:00,28.305,27.95
2024-05-20 11:00:00+03:00,27.95,27.899
2024-05-20 13:00:00+03:00,27.898,28.05
2024-05-20 15:00:00+03:00,28.05,27.987
2024-05-20 17:00:00+03:00,27.986,28.134
2024-05-20 19:00:00+03:00,28.134,28.289
2024-05-20 21:00:00+03:00,28.288,29.86
2024-05-20 23:00:00+03:00,29.86,32.71
2024-05-21 01:00:00+03:00,32.715,32.387
2024-05-21 03:00:00+03:00,32.386,31.86
2024-05-21 05:00:00+03:00,31.859,31.883
2024-05-21 07:00:00+03:00,31.882,31.77
2024-05-21 09:00:00+03:00,31.769,31.64
2024-05-21 11:00:00+03:00,31.638,31.723
2024-05-21 13:00:00+03:00,31.723,32.337
2024-05-21 15:00:00+03:00,32.338,32.029
2024-05-21 17:00:00+03:00,32.03,31.797
2024-05-21 19:00:00+03:00,31.796,31.682
2024-05-21 21:00:00+03:00,31.681,31.009
2024-05-21 23:00:00+03:00,31.01,31.452
2024-05-22 01:00:00+03:00,31.452,31.743
2024-05-22 03:00:00+03:00,31.748,31.488
2024-05-22 05:00:00+03:00,31.486,31.398
2024-05-22 07:00:00+03:00,31.398,31.036
2024-05-22 09:00:00+03:00,31.036,31.219
2024-05-22 11:00:00+03:00,31.218,31.17
2024-05-22 13:00:00+03:00,31.175,30.83
2024-05-22 15:00:00+03:00,30.829,30.155
2024-05-22 17:00:00+03:00,30.152,30.666
2024-05-22 19:00:00+03:00,30.667,30.661
2024-05-22 21:00:00+03:00,30.657,30.392
2024-05-22 23:00:00+03:00,30.394,30.667
2024-05-23 01:00:00+03:00,30.668,30.399
2024-05-23 03:00:00+03:00,30.399,30.698
2024-05-23 05:00:00+03:00,30.698,30.903
2024-05-23 07:00:00+03:00,30.903,30.986
2024-05-23 09:00:00+03:00,30.986,31.559
2024-05-23 11:00:00+03:00,31.559,31.622
2024-05-23 13:00:00+03:00,31.62,33.055
2024-05-23 15:00:00+03:00,33.055,32.171
2024-05-23 17:00:00+03:00,32.172,32.971
2024-05-23 19:00:00+03:00,32.97,32.525
2024-05-23 21:00:00+03:00,32.525,32.48
2024-05-23 23:00:00+03:00,32.48,33.238
2024-05-24 01:00:00+03:00,33.237,32.428
2024-05-24 03:00:00+03:00,32.427,33.428
2024-05-24 05:00:00+03:00,33.428,33.193
2024-05-24 07:00:00+03:00,33.194,31.863
2024-05-24 09:00:00+03:00,31.864,31.789
2024-05-24 11:00:00+03:00,31.785,31.462
2024-05-24 13:00:00+03:00,31.459,31.506
2024-05-24 15:00:00+03:00,31.506,31.09
2024-05-24 17:00:00+03:00,31.089,31.409
2024-05-24 19:00:00+03:00,31.406,31.539
2024-05-24 21:00:00+03:00,31.54,31.791
2024-05-24 23:00:00+03:00,31.796,31.71
2024-05-25 01:00:00+03:00,31.71,31.592
2024-05-25 03:00:00+03:00,31.592,31.519
2024-05-25 05:00:00+03:00,31.522,31.881
2024-05-25 07:00:00+03:00,31.881,32.052
2024-05-25 09:00:00+03:00,32.052,31.844
2024-05-25 11:00:00+03:00,31.845,32.004
2024-05-25 13:00:00+03:00,32.003,31.841
2024-05-25 15:00:00+03:00,31.842,31.4
2024-05-25 17:00:00+03:00,31.401,31.575
2024-05-25 19:00:00+03:00,31.58,31.514
2024-05-25 21:00:00+03:00,31.514,31.624
2024-05-25 23:00:00+03:00,31.624,31.541
2024-05-26 01:00:00+03:00,31.542,31.68
2024-05-26 03:00:00+03:00,31.681,31.824
2024-05-26 05:00:00+03:00,31.822,31.913
2024-05-26 07:00:00+03:00,31.912,31.762
2024-05-26 09:00:00+03:00,31.761,31.931
2024-05-26 11:00:00+03:00,31.93,31.884
2024-05-26 13:00:00+03:00,31.884,31.862
2024-05-26 15:00:00+03:00,31.863,31.695
2024-05-26 17:00:00+03:00,31.695,32.202
2024-05-26 19:00:00+03:00,32.202,32.151
2024-05-26 21:00:00+03:00,32.151,32.428
2024-05-26 23:00:00+03:00,32.429,32.084
2024-05-27 01:00:00+03:00,32.084,31.714
2024-05-27 03:00:00+03:00,31.712,32.204
2024-05-27 05:00:00+03:00,32.203,32.389
2024-05-27 07:00:00+03:00,32.388,31.856
2024-05-27 09:00:00+03:00,31.856,32.009
2024-05-27 11:00:00+03:00,32.009,31.887
2024-05-27 13:00:00+03:00,31.886,31.792
2024-05-27 15:00:00+03:00,31.792,32.071
2024-05-27 17:00:00+03:00,32.071,32.534
2024-05-27 19:00:00+03:00,32.532,32.377
2024-05-27 21:00:00+03:00,32.377,31.734
2024-05-27 23:00:00+03:00,31.734,31.901
2024-05-28 01:00:00+03:00,31.9,31.918
2024-05-28 03:00:00+03:00,31.921,31.17
2024-05-28 05:00:00+03:00,31.17,31.095
2024-05-28 07:00:00+03:00,31.095,31.019
2024-05-28 09:00:00+03:00,31.02,31.001
2024-05-28 11:00:00+03:00,31.0,31.516
2024-05-28 13:00:00+03:00,31.515,31.459
2024-05-28 15:00:00+03:00,31.46,31.14
2024-05-28 17:00:00+03:00,31.142,31.225
2024-05-28 19:00:00+03:00,31.225,31.209
2024-05-28 21:00:00+03:00,31.209,31.656
2024-05-28 23:00:00+03:00,31.66,31.571
2024-05-29 01:00:00+03:00,31.572,31.444
2024-05-29 03:00:00+03:00,31.444,31.223
2024-05-29 05:00:00+03:00,31.223,31.436
2024-05-29 07:00:00+03:00,31.437,31.365
2024-05-29 09:00:00+03:00,31.365,30.942
2024-05-29 11:00:00+03:00,30.942,30.769
2024-05-29 13:00:00+03:00,30.768,30.605
2024-05-29 15:00:00+03:00,30.604,30.587
2024-05-29 17:00:00+03:00,30.588,30.337
2024-05-29 19:00:00+03:00,30.339,30.549
2024-05-29 21:00:00+03:00,30.549,30.456
2024-05-29 23:00:00+03:00,30.459,30.489
2024-05-30 01:00:00+03:00,30.489,30.453
2024-05-30 03:00:00+03:00,30.454,30.483
2024-05-30 05:00:00+03:00,30.483,30.649
2024-05-30 07:00:00+03:00,30.648,30.512
2024-05-30 09:00:00+03:00,30.513,29.518
2024-05-30 11:00:00+03:00,29.519,29.575
2024-05-30 13:00:00+03:00,29.576,29.772
2024-05-30 15:00:00+03:00,29.773,30.274
2024-05-30 17:00:00+03:00,30.274,30.166
2024-05-30 19:00:00+03:00,30.165,30.421
2024-05-30 21:00:00+03:00,30.422,30.148
2024-05-30 23:00:00+03:00,30.148,29.887
2024-05-31 01:00:00+03:00,29.888,29.828
2024-05-31 03:00:00+03:00,29.828,29.88
2024-05-31 05:00:00+03:00,29.881,30.103
2024-05-31 07:00:00+03:00,30.104,29.811
2024-05-31 09:00:00+03:00,29.811,29.732
2024-05-31 11:00:00+03:00,29.733,29.727
2024-05-31 13:00:00+03:00,29.726,30.204
2024-05-31 15:00:00+03:00,30.205,29.906
2024-05-31 17:00:00+03:00,29.905,29.449
2024-05-31 19:00:00+03:00,29.448,29.703
2024-05-31 21:00:00+03:00,29.704,29.889
2024-05-31 23:00:00+03:00,29.893,29.838
2024-06-01 01:00:00+03:00,29.839,29.618
2024-06-01 03:00:00+03:00,29.619,29.569
2024-06-01 05:00:00+03:00,29.57,29.688
2024-06-01 07:00:00+03:00,29.687,29.66
2024-06-01 09:00:00+03:00,29.66,29.539
2024-06-01 11:00:00+03:00,29.54,29.667
2024-06-01 13:00:00+03:00,29.668,29.632
2024-06-01 15:00:00+03:00,29.631,29.728
2024-06-01 17:00:00+03:00,29.729,29.636
2024-06-01 19:00:00+03:00,29.637,29.669
2024-06-01 21:00:00+03:00,29.67,29.521
2024-06-01 23:00:00+03:00,29.52,29.644
2024-06-02 01:00:00+03:00,29.644,29.578
2024-06-02 03:00:00+03:00,29.578,29.658
2024-06-02 05:00:00+03:00,29.659,29.488
2024-06-02 07:00:00+03:00,29.489,29.424
2024-06-02 09:00:00+03:00,29.424,29.175
2024-06-02 11:00:00+03:00,29.175,28.972
2024-06-02 13:00:00+03:00,28.973,29.283
2024-06-02 15:00:00+03:00,29.282,29.368
2024-06-02 17:00:00+03:00,29.367,29.382
2024-06-02 19:00:00+03:00,29.383,28.849
2024-06-02 21:00:00+03:00,28.849,28.881
2024-06-02 23:00:00+03:00,28.882,28.939
2024-06-03 01:00:00+03:00,28.939,28.949
2024-06-03 03:00:00+03:00,28.948,29.173
2024-06-03 05:00:00+03:00,29.174,29.048
2024-06-03 07:00:00+03:00,29.049,29.045
2024-06-03 09:00:00+03:00,29.045,29.202
2024-06-03 11:00:00+03:00,29.203,29.176
2024-06-03 13:00:00+03:00,29.176,29.121
2024-06-03 15:00:00+03:00,29.122,29.285
2024-06-03 17:00:00+03:00,29.286,28.984
2024-06-03 19:00:00+03:00,28.985,28.826
2024-06-03 21:00:00+03:00,28.828,28.833
2024-06-03 23:00:00+03:00,28.833,28.79
2024-06-04 01:00:00+03:00,28.791,28.651
2024-06-04 03:00:00+03:00,28.65,28.665
2024-06-04 05:00:00+03:00,28.666,28.547
2024-06-04 07:00:00+03:00,28.547,28.383
2024-06-04 09:00:00+03:00,28.384,28.438
2024-06-04 11:00:00+03:00,28.438,28.283
2024-06-04 13:00:00+03:00,28.284,28.545
2024-06-04 15:00:00+03:00,28.546,28.783
2024-06-04 17:00:00+03:00,28.783,29.308
2024-06-04 19:00:00+03:00,29.309,29.665
2024-06-04 21:00:00+03:00,29.665,29.594
2024-06-04 23:00:00+03:00,29.592,29.542
2024-06-05 01:00:00+03:00,29.542,29.747
2024-06-05 03:00:00+03:00,29.748,29.77
2024-06-05 05:00:00+03:00,29.766,29.593
2024-06-05 07:00:00+03:00,29.595,29.602
2024-06-05 09:00:00+03:00,29.602,29.693
2024-06-05 11:00:00+03:00,29.692,29.63
2024-06-05 13:00:00+03:00,29.63,29.518
2024-06-05 15:00:00+03:00,29.518,29.407
2024-06-05 17:00:00+03:00,29.409,29.689
2024-06-05 19:00:00+03:00,29.688,29.857
2024-06-05 21:00:00+03:00,29.857,29.941
2024-06-05 23:00:00+03:00,29.942,29.733
2024-06-06 01:00:00+03:00,29.734,29.825
2024-06-06 03:00:00+03:00,29.823,29.73
2024-06-06 05:00:00+03:00,29.73,29.616
2024-06-06 07:00:00+03:00,29.617,29.492
2024-06-06 09:00:00+03:00,29.492,29.453
2024-06-06 11:00:00+03:00,29.453,29.483
2024-06-06 13:00:00+03:00,29.482,29.517
2024-06-06 15:00:00+03:00,29.516,29.401
2024-06-06 17:00:00+03:00,29.401,29.43
2024-06-06 19:00:00+03:00,29.43,29.424
2024-06-06 21:00:00+03:00,29.423,29.059
2024-06-06 23:00:00+03:00,29.058,29.004
2024-06-07 01:00:00+03:00,29.003,29.081
2024-06-07 03:00:00+03:00,29.081,29.031
2024-06-07 05:00:00+03:00,29.031,29.021
2024-06-07 07:00:00+03:00,29.021,29.177
2024-06-07 09:00:00+03:00,29.176,29.104
2024-06-07 11:00:00+03:00,29.105,29.062
2024-06-07 13:00:00+03:00,29.06,29.345
2024-06-07 15:00:00+03:00,29.345,29.223
2024-06-07 17:00:00+03:00,29.223,29.138
2024-06-07 19:00:00+03:00,29.139,28.386
2024-06-07 21:00:00+03:00,28.385,26.801
2024-06-07 23:00:00+03:00,26.802,27.1
2024-06-08 01:00:00+03:00,27.1,27.034
2024-06-08 03:00:00+03:00,27.034,27.122
2024-06-08 05:00:00+03:00,27.121,27.104
2024-06-08 07:00:00+03:00,27.104,27.127
2024-06-08 09:00:00+03:00,27.127,27.116
2024-06-08 11:00:00+03:00,27.116,26.891
2024-06-08 13:00:00+03:00,26.892,26.614
2024-06-08 15:00:00+03:00,26.614,26.705
2024-06-08 17:00:00+03:00,26.706,26.765
2024-06-08 19:00:00+03:00,26.765,26.811
2024-06-08 21:00:00+03:00,26.812,26.86
2024-06-08 23:00:00+03:00,26.86,26.838
2024-06-09 01:00:00+03:00,26.838,26.826
2024-06-09 03:00:00+03:00,26.827,26.916
2024-06-09 05:00:00+03:00,26.917,26.802
2024-06-09 07:00:00+03:00,26.801,26.972
2024-06-09 09:00:00+03:00,26.972,26.911
2024-06-09 11:00:00+03:00,26.911,26.956
2024-06-09 13:00:00+03:00,26.956,26.948
2024-06-09 15:00:00+03:00,26.947,26.903
2024-06-09 17:00:00+03:00,26.903,26.979
2024-06-09 19:00:00+03:00,26.978,26.92
2024-06-09 21:00:00+03:00,26.919,26.898
2024-06-09 23:00:00+03:00,26.899,26.963
2024-06-10 01:00:00+03:00,26.963,26.952
2024-06-10 03:00:00+03:00,26.953,26.899
2024-06-10 05:00:00+03:00,26.899,26.741
2024-06-10 07:00:00+03:00,26.74,26.696
2024-06-10 09:00:00+03:00,26.699,26.358
2024-06-10 11:00:00+03:00,26.356,26.714
2024-06-10 13:00:00+03:00,26.714,26.86
2024-06-10 15:00:00+03:00,26.859,26.689
2024-06-10 17:00:00+03:00,26.688,27.012
2024-06-10 19:00:00+03:00,27.012,26.824
2024-06-10 21:00:00+03:00,26.823,26.647
2024-06-10 23:00:00+03:00,26.648,26.58
2024-06-11 01:00:00+03:00,26.579,26.623
2024-06-11 03:00:00+03:00,26.622,26.111
2024-06-11 05:00:00+03:00,26.108,26.18
2024-06-11 07:00:00+03:00,26.178,26.033
2024-06-11 09:00:00+03:00,26.03,25.964
2024-06-11 11:00:00+03:00,25.965,25.887
2024-06-11 13:00:00+03:00,25.888,25.87
2024-06-11 15:00:00+03:00,25.871,25.564
2024-06-11 17:00:00+03:00,25.562,25.261
2024-06-11 19:00:00+03:00,25.261,25.481
2024-06-11 21:00:00+03:00,25.481,25.769
2024-06-11 23:00:00+03:00,25.768,25.71
2024-06-12 01:00:00+03:00,25.71,25.653
2024-06-12 03:00:00+03:00,25.652,25.471
2024-06-12 05:00:00+03:00,25.471,25.693
2024-06-12 07:00:00+03:00,25.693,25.744
2024-06-12 09:00:00+03:00,25.744,25.898
2024-06-12 11:00:00+03:00,25.899,25.942
2024-06-12 13:00:00+03:00,25.942,25.63
2024-06-12 15:00:00+03:00,25.63,26.392
2024-06-12 17:00:00+03:00,26.392,26.537
2024-06-12 19:00:00+03:00,26.537,26.653
2024-06-12 21:00:00+03:00,26.657,25.804
2024-06-12 23:00:00+03:00,25.803,26.129
2024-06-13 01:00:00+03:00,26.13,26.1
2024-06-13 03:00:00+03:00,26.1,25.923
2024-06-13 05:00:00+03:00,25.924,25.7
2024-06-13 07:00:00+03:00,25.7,25.701
2024-06-13 09:00:00+03:00,25.7,25.629
2024-06-13 11:00:00+03:00,25.629,25.576
2024-06-13 13:00:00+03:00,25.576,25.498
2024-06-13 15:00:00+03:00,25.499,25.555
2024-06-13 17:00:00+03:00,25.554,25.194
2024-06-13 19:00:00+03:00,25.193,25.463
2024-06-13 21:00:00+03:00,25.462,25.358
2024-06-13 23:00:00+03:00,25.358,25.324
2024-06-14 01:00:00+03:00,25.324,25.286
2024-06-14 03:00:00+03:00,25.286,25.368
2024-06-14 05:00:00+03:00,25.368,25.269
2024-06-14 07:00:00+03:00,25.27,25.385
2024-06-14 09:00:00+03:00,25.385,25.38
2024-06-14 11:00:00+03:00,25.381,25.426
2024-06-14 13:00:00+03:00,25.426,25.612
2024-06-14 15:00:00+03:00,25.612,25.547
2024-06-14 17:00:00+03:00,25.548,25.078
2024-06-14 19:00:00+03:00,25.079,24.336
2024-06-14 21:00:00+03:00,24.336,24.388
2024-06-14 23:00:00+03:00,24.388,25.185
2024-06-15 01:00:00+03:00,25.185,25.119
2024-06-15 03:00:00+03:00,25.118,25.06
2024-06-15 05:00:00+03:00,25.061,25.113
2024-06-15 07:00:00+03:00,25.112,25.273
2024-06-15 09:00:00+03:00,25.272,25.324
2024-06-15 11:00:00+03:00,25.322,25.267
2024-06-15 13:00:00+03:00,25.265,25.293
2024-06-15 15:00:00+03:00,25.293,25.496
2024-06-15 17:00:00+03:00,25.497,25.445
2024-06-15 19:00:00+03:00,25.445,25.467
2024-06-15 21:00:00+03:00,25.467,25.524
2024-06-15 23:00:00+03:00,25.523,25.631
2024-06-16 01:00:00+03:00,25.631,25.615
2024-06-16 03:00:00+03:00,25.615,25.477
2024-06-16 05:00:00+03:00,25.476,25.357
2024-06-16 07:00:00+03:00,25.356,25.439
2024-06-16 09:00:00+03:00,25.438,25.432
2024-06-16 11:00:00+03:00,25.431,25.394
2024-06-16 13:00:00+03:00,25.392,25.317
2024-06-16 15:00:00+03:00,25.316,25.477
2024-06-16 17:00:00+03:00,25.476,25.511
2024-06-16 19:00:00+03:00,25.511,25.461
2024-06-16 21:00:00+03:00,25.46,25.451
2024-06-16 23:00:00+03:00,25.45,25.398
2024-06-17 01:00:00+03:00,25.398,25.444
2024-06-17 03:00:00+03:00,25.444,25.258
2024-06-17 05:00:00+03:00,25.257,24.956
2024-06-17 07:00:00+03:00,24.959,24.867
2024-06-17 09:00:00+03:00,24.866,24.631
2024-06-17 11:00:00+03:00,24.632,24.2
2024-06-17 13:00:00+03:00,24.199,24.32
2024-06-17 15:00:00+03:00,24.318,24.084
2024-06-17 17:00:00+03:00,24.083,23.975
2024-06-17 19:00:00+03:00,23.975,24.316
2024-06-17 21:00:00+03:00,24.316,24.482
2024-06-17 23:00:00+03:00,24.482,24.128
2024-06-18 01:00:00+03:00,24.128,24.059
2024-06-18 03:00:00+03:00,24.059,22.206
2024-06-18 05:00:00+03:00,22.207,22.724
2024-06-18 07:00:00+03:00,22.723,22.859
2024-06-18 09:00:00+03:00,22.859,23.031
2024-06-18 11:00:00+03:00,23.032,23.005
2024-06-18 13:00:00+03:00,23.004,22.713
2024-06-18 15:00:00+03:00,22.712,22.737
2024-06-18 17:00:00+03:00,22.738,22.905
2024-06-18 19:00:00+03:00,22.906,22.707
2024-06-18 21:00:00+03:00,22.71,22.968
2024-06-18 23:00:00+03:00,22.967,23.032
2024-06-19 01:00:00+03:00,23.033,23.036
2024-06-19 03:00:00+03:00,23.035,23.543
2024-06-19 05:00:00+03:00,23.544,24.064
2024-06-19 07:00:00+03:00,24.065,23.834
2024-06-19 09:00:00+03:00,23.833,23.813
2024-06-19 11:00:00+03:00,23.813,23.818
2024-06-19 13:00:00+03:00,23.819,23.762
2024-06-19 15:00:00+03:00,23.761,23.873
2024-06-19 17:00:00+03:00,23.873,23.719
2024-06-19 19:00:00+03:00,23.718,24.034
2024-06-19 21:00:00+03:00,24.034,23.952
2024-06-19 23:00:00+03:00,23.952,23.995
2024-06-20 01:00:00+03:00,23.996,23.977
2024-06-20 03:00:00+03:00,23.976,24.054
2024-06-20 05:00:00+03:00,24.053,24.029
2024-06-20 07:00:00+03:00,24.028,24.331
2024-06-20 09:00:00+03:00,24.328,24.662
2024-06-20 11:00:00+03:00,24.662,24.471
2024-06-20 13:00:00+03:00,24.471,24.618
2024-06-20 15:00:00+03:00,24.618,24.174
2024-06-20 17:00:00+03:00,24.174,23.988
2024-06-20 19:00:00+03:00,23.988,24.193
2024-06-20 21:00:00+03:00,24.192,24.149
2024-06-20 23:00:00+03:00,24.148,24.051
2024-06-21 01:00:00+03:00,24.051,24.053
2024-06-21 03:00:00+03:00,24.053,24.052
2024-06-21 05:00:00+03:00,24.052,23.95
2024-06-21 07:00:00+03:00,23.951,24.03
2024-06-21 09:00:00+03:00,24.027,23.838
2024-06-21 11:00:00+03:00,23.839,23.925
2024-06-21 13:00:00+03:00,23.926,23.854
2024-06-21 15:00:00+03:00,23.854,23.536
2024-06-21 17:00:00+03:00,23.535,23.468
2024-06-21 19:00:00+03:00,23.468,23.253
2024-06-21 21:00:00+03:00,23.252,23.54
2024-06-21 23:00:00+03:00,23.534,23.556
2024-06-22 01:00:00+03:00,23.556,23.54
2024-06-22 03:00:00+03:00,23.541,23.469
2024-06-22 05:00:00+03:00,23.469,23.578
2024-06-22 07:00:00+03:00,23.578,23.582
2024-06-22 09:00:00+03:00,23.582,23.433
2024-06-22 11:00:00+03:00,23.433,23.391
2024-06-22 13:00:00+03:00,23.391,23.459
2024-06-22 15:00:00+03:00,23.46,23.549
2024-06-22 17:00:00+03:00,23.549,23.508
2024-06-22 19:00:00+03:00,23.509,23.407
2024-06-22 21:00:00+03:00,23.407,23.418
2024-06-22 23:00:00+03:00,23.418,23.459
2024-06-23 01:00:00+03:00,23.458,23.358
2024-06-23 03:00:00+03:00,23.359,23.407
2024-06-23 05:00:00+03:00,23.406,23.461
2024-06-23 07:00:00+03:00,23.462,23.348
2024-06-23 09:00:00+03:00,23.349,23.375
2024-06-23 11:00:00+03:00,23.374,23.432
2024-06-23 13:00:00+03:00,23.432,23.338
2024-06-23 15:00:00+03:00,23.338,23.231
2024-06-23 17:00:00+03:00,23.231,22.929
2024-06-23 19:00:00+03:00,22.93,22.903
2024-06-23 21:00:00+03:00,22.902,22.974
2024-06-23 23:00:00+03:00,22.975,22.924
2024-06-24 01:00:00+03:00,22.925,22.644
2024-06-24 03:00:00+03:00,22.643,22.89
2024-06-24 05:00:00+03:00,22.89,22.861
2024-06-24 07:00:00+03:00,22.86,22.457
2024-06-24 09:00:00+03:00,22.456,22.587
2024-06-24 11:00:00+03:00,22.588,22.265
2024-06-24 13:00:00+03:00,22.266,22.374
2024-06-24 15:00:00+03:00,22.375,22.677
2024-06-24 17:00:00+03:00,22.677,22.403
2024-06-24 19:00:00+03:00,22.403,22.653
2024-06-24 21:00:00+03:00,22.656,22.603
2024-06-24 23:00:00+03:00,22.603,22.941
2024-06-25 01:00:00+03:00,22.94,22.972
2024-06-25 03:00:00+03:00,22.975,23.006
2024-06-25 05:00:00+03:00,23.007,23.362
2024-06-25 07:00:00+03:00,23.362,23.341
2024-06-25 09:00:00+03:00,23.341,23.324
2024-06-25 11:00:00+03:00,23.323,23.527
2024-06-25 13:00:00+03:00,23.522,23.412
2024-06-25 15:00:00+03:00,23.411,23.395
2024-06-25 17:00:00+03:00,23.396,23.647
2024-06-25 19:00:00+03:00,23.648,23.456
2024-06-25 21:00:00+03:00,23.455,23.576
2024-06-25 23:00:00+03:00,23.578,23.538
2024-06-26 01:00:00+03:00,23.539,23.478
2024-06-26 03:00:00+03:00,23.477,23.572
2024-06-26 05:00:00+03:00,23.573,23.514
2024-06-26 07:00:00+03:00,23.514,23.335
2024-06-26 09:00:00+03:00,23.334,23.455
2024-06-26 11:00:00+03:00,23.456,23.451
2024-06-26 13:00:00+03:00,23.45,23.583
2024-06-26 15:00:00+03:00,23.583,23.658
2024-06-26 17:00:00+03:00,23.659,23.594
2024-06-26 19:00:00+03:00,23.595,23.605
2024-06-26 21:00:00+03:00,23.604,23.883
2024-06-26 23:00:00+03:00,23.881,23.704
2024-06-27 01:00:00+03:00,23.705,23.682
2024-06-27 03:00:00+03:00,23.681,23.532
2024-06-27 05:00:00+03:00,23.533,23.444
2024-06-27 07:00:00+03:00,23.445,23.188
2024-06-27 09:00:00+03:00,23.189,23.246
2024-06-27 11:00:00+03:00,23.249,23.459
2024-06-27 13:00:00+03:00,23.459,23.435
2024-06-27 15:00:00+03:00,23.433,23.918
2024-06-27 17:00:00+03:00,23.92,24.002
2024-06-27 19:00:00+03:00,24.002,23.946
2024-06-27 21:00:00+03:00,23.947,23.96
2024-06-27 23:00:00+03:00,23.959,24.014
2024-06-28 01:00:00+03:00,24.015,24.052
2024-06-28 03:00:00+03:00,24.053,24.377
2024-06-28 05:00:00+03:00,24.374,24.22
2024-06-28 07:00:00+03:00,24.22,23.987
2024-06-28 09:00:00+03:00,23.986,23.997
2024-06-28 11:00:00+03:00,23.996,23.98
2024-06-28 13:00:00+03:00,23.981,23.984
2024-06-28 15:00:00+03:00,23.982,23.927
2024-06-28 17:00:00+03:00,23.93,23.882
2024-06-28 19:00:00+03:00,23.884,23.722
2024-06-28 21:00:00+03:00,23.722,23.701
2024-06-28 23:00:00+03:00,23.702,23.556
2024-06-29 01:00:00+03:00,23.557,23.403
2024-06-29 03:00:00+03:00,23.404,23.601
2024-06-29 05:00:00+03:00,23.6,23.675
2024-06-29 07:00:00+03:00,23.675,23.594
2024-06-29 09:00:00+03:00,23.594,23.627
2024-06-29 11:00:00+03:00,23.627,23.547
2024-06-29 13:00:00+03:00,23.546,23.505
2024-06-29 15:00:00+03:00,23.505,23.408
2024-06-29 17:00:00+03:00,23.409,23.354
2024-06-29 19:00:00+03:00,23.355,23.218
2024-06-29 21:00:00+03:00,23.217,23.194
2024-06-29 23:00:00+03:00,23.194,23.233
2024-06-30 01:00:00+03:00,23.235,23.139
2024-06-30 03:00:00+03:00,23.14,23.028
2024-06-30 05:00:00+03:00,23.029,22.914
2024-06-30 07:00:00+03:00,22.913,22.934
2024-06-30 09:00:00+03:00,22.933,23.372
2024-06-30 11:00:00+03:00,23.373,23.237
2024-06-30 13:00:00+03:00,23.237,23.212
2024-06-30 15:00:00+03:00,23.212,23.294
2024-06-30 17:00:00+03:00,23.295,23.359
2024-06-30 19:00:00+03:00,23.36,23.433
2024-06-30 21:00:00+03:00,23.433,23.572
2024-06-30 23:00:00+03:00,23.573,23.546
2024-07-01 01:00:00+03:00,23.547,23.673
2024-07-01 03:00:00+03:00,23.673,24.03
2024-07-01 05:00:00+03:00,24.029,23.822
2024-07-01 07:00:00+03:00,23.822,23.825
2024-07-01 09:00:00+03:00,23.826,23.857
2024-07-01 11:00:00+03:00,23.857,23.833
2024-07-01 13:00:00+03:00,23.834,23.733
2024-07-01 15:00:00+03:00,23.733,23.597
2024-07-01 17:00:00+03:00,23.597,23.709
2024-07-01 19:00:00+03:00,23.71,23.713
2024-07-01 21:00:00+03:00,23.713,23.486
2024-07-01 23:00:00+03:00,23.487,23.38
2024-07-02 01:00:00+03:00,23.381,23.222
2024-07-02 03:00:00+03:00,23.222,23.241
2024-07-02 05:00:00+03:00,23.241,23.356
2024-07-02 07:00:00+03:00,23.356,23.318
2024-07-02 09:00:00+03:00,23.319,23.161
2024-07-02 11:00:00+03:00,23.161,23.166
2024-07-02 13:00:00+03:00,23.166,23.226
2024-07-02 15:00:00+03:00,23.227,23.18
2024-07-02 17:00:00+03:00,23.181,23.0
2024-07-02 19:00:00+03:00,23.001,23.098
2024-07-02 21:00:00+03:00,23.098,23.175
2024-07-02 23:00:00+03:00,23.174,23.232
2024-07-03 01:00:00+03:00,23.231,23.287
2024-07-03 03:00:00+03:00,23.288,23.055
2024-07-03 05:00:00+03:00,23.058,22.924
2024-07-03 07:00:00+03:00,22.924,22.911
2024-07-03 09:00:00+03:00,22.912,22.809
2024-07-03 11:00:00+03:00,22.808,22.856
2024-07-03 13:00:00+03:00,22.855,22.549
2024-07-03 15:00:00+03:00,22.549,22.632
2024-07-03 17:00:00+03:00,22.632,22.499
2024-07-03 19:00:00+03:00,22.498,22.572
2024-07-03 21:00:00+03:00,22.573,22.375
2024-07-03 23:00:00+03:00,22.371,22.548
2024-07-04 01:00:00+03:00,22.548,22.531
2024-07-04 03:00:00+03:00,22.531,21.745
2024-07-04 05:00:00+03:00,21.743,22.066
2024-07-04 07:00:00+03:00,22.066,21.876
2024-07-04 09:00:00+03:00,21.877,21.601
2024-07-04 11:00:00+03:00,21.6,21.637
2024-07-04 13:00:00+03:00,21.635,21.704
2024-07-04 15:00:00+03:00,21.704,21.495
2024-07-04 17:00:00+03:00,21.494,21.623
2024-07-04 19:00:00+03:00,21.625,21.531
2024-07-04 21:00:00+03:00,21.532,21.257
2024-07-04 23:00:00+03:00,21.256,21.53
2024-07-05 01:00:00+03:00,21.529,20.756
2024-07-05 03:00:00+03:00,20.758,20.406
2024-07-05 05:00:00+03:00,20.405,18.821
2024-07-05 07:00:00+03:00,18.82,19.168
2024-07-05 09:00:00+03:00,19.168,18.9
2024-07-05 11:00:00+03:00,18.899,18.854
2024-07-05 13:00:00+03:00,18.854,19.203
2024-07-05 15:00:00+03:00,19.202,19.528
2024-07-05 17:00:00+03:00,19.528,19.878
2024-07-05 19:00:00+03:00,19.878,19.987
2024-07-05 21:00:00+03:00,19.987,20.226
2024-07-05 23:00:00+03:00,20.224,20.193
2024-07-06 01:00:00+03:00,20.193,20.213
2024-07-06 03:00:00+03:00,20.213,20.174
2024-07-06 05:00:00+03:00,20.178,20.449
2024-07-06 07:00:00+03:00,20.448,20.297
2024-07-06 09:00:00+03:00,20.297,20.69
2024-07-06 11:00:00+03:00,20.689,20.671
2024-07-06 13:00:00+03:00,20.67,20.724
2024-07-06 15:00:00+03:00,20.725,20.549
2024-07-06 17:00:00+03:00,20.548,20.761
2024-07-06 19:00:00+03:00,20.762,21.123
2024-07-06 21:00:00+03:00,21.122,21.155
2024-07-06 23:00:00+03:00,21.154,21.053
2024-07-07 01:00:00+03:00,21.052,21.171
2024-07-07 03:00:00+03:00,21.17,21.074
2024-07-07 05:00:00+03:00,21.073,21.023
2024-07-07 07:00:00+03:00,21.024,20.791
2024-07-07 09:00:00+03:00,20.789,20.622
2024-07-07 11:00:00+03:00,20.622,20.625
2024-07-07 13:00:00+03:00,20.625,20.587
2024-07-07 15:00:00+03:00,20.587,20.1
2024-07-07 17:00:00+03:00,20.1,20.083
2024-07-07 19:00:00+03:00,20.082,20.368
2024-07-07 21:00:00+03:00,20.367,20.134
2024-07-07 23:00:00+03:00,20.131,19.883
2024-07-08 01:00:00+03:00,19.88,19.743
2024-07-08 03:00:00+03:00,19.743,19.22
2024-07-08 05:00:00+03:00,19.22,19.451
2024-07-08 07:00:00+03:00,19.451,19.742
2024-07-08 09:00:00+03:00,19.742,19.864
2024-07-08 11:00:00+03:00,19.864,20.731
2024-07-08 13:00:00+03:00,20.73,20.771
2024-07-08 15:00:00+03:00,20.767,20.618
2024-07-08 17:00:00+03:00,20.619,20.098
2024-07-08 19:00:00+03:00,20.097,20.087
2024-07-08 21:00:00+03:00,20.086,20.315
2024-07-08 23:00:00+03:00,20.317,20.405
2024-07-09 01:00:00+03:00,20.405,20.388
2024-07-09 03:00:00+03:00,20.389,20.484
2024-07-09 05:00:00+03:00,20.483,20.721
2024-07-09 07:00:00+03:00,20.722,20.771
2024-07-09 09:00:00+03:00,20.771,20.716
2024-07-09 11:00:00+03:00,20.717,20.909
2024-07-09 13:00:00+03:00,20.908,20.841
2024-07-09 15:00:00+03:00,20.84,20.786
2024-07-09 17:00:00+03:00,20.786,20.814
2024-07-09 19:00:00+03:00,20.814,20.607
2024-07-09 21:00:00+03:00,20.607,20.701
2024-07-09 23:00:00+03:00,20.704,20.611
2024-07-10 01:00:00+03:00,20.611,20.622
2024-07-10 03:00:00+03:00,20.623,20.69
2024-07-10 05:00:00+03:00,20.688,20.781
2024-07-10 07:00:00+03:00,20.783,21.036
2024-07-10 09:00:00+03:00,21.036,21.003
2024-07-10 11:00:00+03:00,21.004,20.969
2024-07-10 13:00:00+03:00,20.969,20.964
2024-07-10 15:00:00+03:00,20.963,20.962
2024-07-10 17:00:00+03:00,20.964,20.983
2024-07-10 19:00:00+03:00,20.982,20.991
2024-07-10 21:00:00+03:00,20.991,20.974
2024-07-10 23:00:00+03:00,20.974,20.802
2024-07-11 01:00:00+03:00,20.801,20.981
2024-07-11 03:00:00+03:00,20.981,21.177
2024-07-11 05:00:00+03:00,21.178,20.841
2024-07-11 07:00:00+03:00,20.836,20.956
2024-07-11 09:00:00+03:00,20.956,21.064
2024-07-11 11:00:00+03:00,21.066,21.155
2024-07-11 13:00:00+03:00,21.152,21.192
2024-07-11 15:00:00+03:00,21.193,21.394
2024-07-11 17:00:00+03:00,21.397,21.008
2024-07-11 19:00:00+03:00,21.009,21.159
2024-07-11 21:00:00+03:00,21.158,21.061
2024-07-11 23:00:00+03:00,21.062,20.838
2024-07-12 01:00:00+03:00,20.837,20.638
2024-07-12 03:00:00+03:00,20.638,20.798
2024-07-12 05:00:00+03:00,20.797,20.737
2024-07-12 07:00:00+03:00,20.735,20.802
2024-07-12 09:00:00+03:00,20.801,20.866
2024-07-12 11:00:00+03:00,20.865,20.775
2024-07-12 13:00:00+03:00,20.775,20.944
2024-07-12 15:00:00+03:00,20.943,21.225
2024-07-12 17:00:00+03:00,21.225,21.325
2024-07-12 19:00:00+03:00,21.329,21.461
2024-07-12 21:00:00+03:00,21.462,21.346
2024-07-12 23:00:00+03:00,21.344,21.289
2024-07-13 01:00:00+03:00,21.289,21.464
2024-07-13 03:00:00+03:00,21.464,21.506
2024-07-13 05:00:00+03:00,21.507,21.54
2024-07-13 07:00:00+03:00,21.538,21.75
2024-07-13 09:00:00+03:00,21.748,21.76
2024-07-13 11:00:00+03:00,21.759,21.952
2024-07-13 13:00:00+03:00,21.953,21.935
2024-07-13 15:00:00+03:00,21.934,21.946
2024-07-13 17:00:00+03:00,21.949,22.117
2024-07-13 19:00:00+03:00,22.118,22.199
2024-07-13 21:00:00+03:00,22.199,22.394
2024-07-13 23:00:00+03:00,22.394,22.457
2024-07-14 01:00:00+03:00,22.456,22.377
2024-07-14 03:00:00+03:00,22.377,22.422
2024-07-14 05:00:00+03:00,22.423,22.269
2024-07-14 07:00:00+03:00,22.269,22.458
2024-07-14 09:00:00+03:00,22.458,22.347
2024-07-14 11:00:00+03:00,22.348,22.445
2024-07-14 13:00:00+03:00,22.445,22.321
2024-07-14 15:00:00+03:00,22.322,22.2
2024-07-14 17:00:00+03:00,22.2,22.377
2024-07-14 19:00:00+03:00,22.376,22.469
2024-07-14 21:00:00+03:00,22.466,22.441
2024-07-14 23:00:00+03:00,22.44,22.649
2024-07-15 01:00:00+03:00,22.649,22.565
2024-07-15 03:00:00+03:00,22.564,22.751
2024-07-15 05:00:00+03:00,22.749,22.942
2024-07-15 07:00:00+03:00,22.943,22.956
2024-07-15 09:00:00+03:00,22.957,23.026
2024-07-15 11:00:00+03:00,23.027,22.89
2024-07-15 13:00:00+03:00,22.89,22.851
2024-07-15 15:00:00+03:00,22.852,22.967
2024-07-15 17:00:00+03:00,22.966,23.026
2024-07-15 19:00:00+03:00,23.025,23.045
2024-07-15 21:00:00+03:00,23.048,23.307
2024-07-15 23:00:00+03:00,23.309,23.622
2024-07-16 01:00:00+03:00,23.623,23.882
2024-07-16 03:00:00+03:00,23.881,23.867
2024-07-16 05:00:00+03:00,23.866,23.908
2024-07-16 07:00:00+03:00,23.909,23.347
2024-07-16 09:00:00+03:00,23.346,22.912
2024-07-16 11:00:00+03:00,22.91,23.134
2024-07-16 13:00:00+03:00,23.131,23.256
2024-07-16 15:00:00+03:00,23.257,23.221
2024-07-16 17:00:00+03:00,23.22,23.753
2024-07-16 19:00:00+03:00,23.751,23.715
2024-07-16 21:00:00+03:00,23.713,23.682
2024-07-16 23:00:00+03:00,23.679,23.555
2024-07-17 01:00:00+03:00,23.555,23.582
2024-07-17 03:00:00+03:00,23.582,23.758
2024-07-17 05:00:00+03:00,23.758,23.65
2024-07-17 07:00:00+03:00,23.65,23.695
2024-07-17 09:00:00+03:00,23.694,23.679
2024-07-17 11:00:00+03:00,23.679,23.763
2024-07-17 13:00:00+03:00,23.766,23.558
2024-07-17 15:00:00+03:00,23.558,23.691
2024-07-17 17:00:00+03:00,23.69,23.34
2024-07-17 19:00:00+03:00,23.343,23.055
2024-07-17 21:00:00+03:00,23.054,23.063
2024-07-17 23:00:00+03:00,23.064,23.035
2024-07-18 01:00:00+03:00,23.036,22.951
2024-07-18 03:00:00+03:00,22.95,23.254
2024-07-18 05:00:00+03:00,23.253,23.275
2024-07-18 07:00:00+03:00,23.277,23.186
2024-07-18 09:00:00+03:00,23.187,23.133
2024-07-18 11:00:00+03:00,23.134,23.183
2024-07-18 13:00:00+03:00,23.183,23.278
2024-07-18 15:00:00+03:00,23.277,23.333
2024-07-18 17:00:00+03:00,23.333,22.703
2024-07-18 19:00:00+03:00,22.703,22.903
2024-07-18 21:00:00+03:00,22.902,22.877
2024-07-18 23:00:00+03:00,22.879,22.868
2024-07-19 01:00:00+03:00,22.869,22.998
2024-07-19 03:00:00+03:00,22.997,22.871
2024-07-19 05:00:00+03:00,22.872,23.051
2024-07-19 07:00:00+03:00,23.051,22.928
2024-07-19 09:00:00+03:00,22.927,22.798
2024-07-19 11:00:00+03:00,22.797,22.618
2024-07-19 13:00:00+03:00,22.615,22.782
2024-07-19 15:00:00+03:00,22.782,23.079
2024-07-19 17:00:00+03:00,23.08,23.245
2024-07-19 19:00:00+03:00,23.245,23.427
2024-07-19 21:00:00+03:00,23.426,23.627
2024-07-19 23:00:00+03:00,23.627,23.541
2024-07-20 01:00:00+03:00,23.542,23.593
2024-07-20 03:00:00+03:00,23.595,23.434
2024-07-20 05:00:00+03:00,23.433,23.526
2024-07-20 07:00:00+03:00,23.525,23.624
2024-07-20 09:00:00+03:00,23.623,23.582
2024-07-20 11:00:00+03:00,23.581,23.512
2024-07-20 13:00:00+03:00,23.511,23.54
2024-07-20 15:00:00+03:00,23.541,23.628
2024-07-20 17:00:00+03:00,23.629,23.856
2024-07-20 19:00:00+03:00,23.856,24.127
2024-07-20 21:00:00+03:00,24.128,24.058
2024-07-20 23:00:00+03:00,24.056,23.989
2024-07-21 01:00:00+03:00,23.99,23.908
2024-07-21 03:00:00+03:00,23.909,23.926
2024-07-21 05:00:00+03:00,23.926,23.862
2024-07-21 07:00:00+03:00,23.862,23.749
2024-07-21 09:00:00+03:00,23.75,23.609
2024-07-21 11:00:00+03:00,23.609,23.756
2024-07-21 13:00:00+03:00,23.757,23.639
2024-07-21 15:00:00+03:00,23.639,23.512
2024-07-21 17:00:00+03:00,23.512,23.585
2024-07-21 19:00:00+03:00,23.585,23.402
2024-07-21 21:00:00+03:00,23.403,23.622
2024-07-21 23:00:00+03:00,23.622,24.126
2024-07-22 01:00:00+03:00,24.125,24.152
2024-07-22 03:00:00+03:00,24.153,23.933
2024-07-22 05:00:00+03:00,23.932,23.913
2024-07-22 07:00:00+03:00,23.914,23.657
2024-07-22 09:00:00+03:00,23.65,23.469
2024-07-22 11:00:00+03:00,23.469,23.515
2024-07-22 13:00:00+03:00,23.514,23.599
2024-07-22 15:00:00+03:00,23.6,23.386
2024-07-22 17:00:00+03:00,23.385,23.403
2024-07-22 19:00:00+03:00,23.403,23.494
2024-07-22 21:00:00+03:00,23.493,23.662
2024-07-22 23:00:00+03:00,23.663,23.445
2024-07-23 01:00:00+03:00,23.445,23.416
2024-07-23 03:00:00+03:00,23.418,24.525
2024-07-23 05:00:00+03:00,24.525,24.328
2024-07-23 07:00:00+03:00,24.327,23.847
2024-07-23 09:00:00+03:00,23.847,24.066
2024-07-23 11:00:00+03:00,24.066,24.553
2024-07-23 13:00:00+03:00,24.551,24.658
2024-07-23 15:00:00+03:00,24.657,24.017
2024-07-23 17:00:00+03:00,24.019,24.322
2024-07-23 19:00:00+03:00,24.322,23.824
2024-07-23 21:00:00+03:00,23.816,24.082
2024-07-23 23:00:00+03:00,24.081,23.812
2024-07-24 01:00:00+03:00,23.811,24.036
2024-07-24 03:00:00+03:00,24.034,23.706
2024-07-24 05:00:00+03:00,23.706,23.703
2024-07-24 07:00:00+03:00,23.703,23.572
2024-07-24 09:00:00+03:00,23.572,23.623
2024-07-24 11:00:00+03:00,23.622,23.694
2024-07-24 13:00:00+03:00,23.694,23.66
2024-07-24 15:00:00+03:00,23.66,23.562
2024-07-24 17:00:00+03:00,23.563,23.329
2024-07-24 19:00:00+03:00,23.329,23.305
2024-07-24 21:00:00+03:00,23.305,22.98
2024-07-24 23:00:00+03:00,22.98,22.83
2024-07-25 01:00:00+03:00,22.83,22.839
2024-07-25 03:00:00+03:00,22.837,22.26
2024-07-25 05:00:00+03:00,22.259,22.004
2024-07-25 07:00:00+03:00,22.004,22.06
2024-07-25 09:00:00+03:00,22.06,22.078
2024-07-25 11:00:00+03:00,22.078,22.013
2024-07-25 13:00:00+03:00,22.014,21.912
2024-07-25 15:00:00+03:00,21.912,21.829
2024-07-25 17:00:00+03:00,21.828,21.914
2024-07-25 19:00:00+03:00,21.915,22.043
2024-07-25 21:00:00+03:00,22.042,21.611
2024-07-25 23:00:00+03:00,21.611,22.023
2024-07-26 01:00:00+03:00,22.023,22.069
2024-07-26 03:00:00+03:00,22.07,22.142
2024-07-26 05:00:00+03:00,22.14,22.378
2024-07-26 07:00:00+03:00,22.377,22.583
2024-07-26 09:00:00+03:00,22.58,22.594
2024-07-26 11:00:00+03:00,22.592,22.568
2024-07-26 13:00:00+03:00,22.569,22.55
2024-07-26 15:00:00+03:00,22.551,22.657
2024-07-26 17:00:00+03:00,22.657,22.588
2024-07-26 19:00:00+03:00,22.587,22.654
2024-07-26 21:00:00+03:00,22.654,22.742
2024-07-26 23:00:00+03:00,22.743,22.795
2024-07-27 01:00:00+03:00,22.796,22.896
2024-07-27 03:00:00+03:00,22.896,22.779
2024-07-27 05:00:00+03:00,22.778,22.815
2024-07-27 07:00:00+03:00,22.814,22.831
2024-07-27 09:00:00+03:00,22.832,22.927
2024-07-27 11:00:00+03:00,22.927,22.948
2024-07-27 13:00:00+03:00,22.949,22.953
2024-07-27 15:00:00+03:00,22.953,23.155
2024-07-27 17:00:00+03:00,23.155,22.98
2024-07-27 19:00:00+03:00,22.979,22.865
2024-07-27 21:00:00+03:00,22.868,23.043
2024-07-27 23:00:00+03:00,23.042,23.147
2024-07-28 01:00:00+03:00,23.146,22.814
2024-07-28 03:00:00+03:00,22.815,22.844
2024-07-28 05:00:00+03:00,22.844,22.687
2024-07-28 07:00:00+03:00,22.686,22.516
2024-07-28 09:00:00+03:00,22.516,22.627
2024-07-28 11:00:00+03:00,22.627,22.575
2024-07-28 13:00:00+03:00,22.575,22.643
2024-07-28 15:00:00+03:00,22.647,22.695
2024-07-28 17:00:00+03:00,22.695,22.582
2024-07-28 19:00:00+03:00,22.582,22.703
2024-07-28 21:00:00+03:00,22.705,22.71
2024-07-28 23:00:00+03:00,22.711,22.555
2024-07-29 01:00:00+03:00,22.554,22.623
2024-07-29 03:00:00+03:00,22.626,22.732
2024-07-29 05:00:00+03:00,22.731,22.994
2024-07-29 07:00:00+03:00,22.994,23.174
2024-07-29 09:00:00+03:00,23.172,23.302
2024-07-29 11:00:00+03:00,23.302,23.494
2024-07-29 13:00:00+03:00,23.494,23.333
2024-07-29 15:00:00+03:00,23.333,23.269
2024-07-29 17:00:00+03:00,23.269,22.883
2024-07-29 19:00:00+03:00,22.883,22.83
2024-07-29 21:00:00+03:00,22.825,22.889
2024-07-29 23:00:00+03:00,22.889,22.948
2024-07-30 01:00:00+03:00,22.946,22.822
2024-07-30 03:00:00+03:00,22.823,22.732
2024-07-30 05:00:00+03:00,22.731,22.869
2024-07-30 07:00:00+03:00,22.868,22.716
2024-07-30 09:00:00+03:00,22.715,22.858
2024-07-30 11:00:00+03:00,22.858,22.802
2024-07-30 13:00:00+03:00,22.802,22.779
2024-07-30 15:00:00+03:00,22.776,22.707
2024-07-30 17:00:00+03:00,22.707,22.716
2024-07-30 19:00:00+03:00,22.715,22.339
2024-07-30 21:00:00+03:00,22.338,22.264
2024-07-30 23:00:00+03:00,22.264,22.23
2024-07-31 01:00:00+03:00,22.232,22.223
2024-07-31 03:00:00+03:00,22.222,22.345
2024-07-31 05:00:00+03:00,22.344,22.362
2024-07-31 07:00:00+03:00,22.36,22.349
2024-07-31 09:00:00+03:00,22.347,22.336
2024-07-31 11:00:00+03:00,22.336,22.376
2024-07-31 13:00:00+03:00,22.377,22.376
2024-07-31 15:00:00+03:00,22.377,22.435
2024-07-31 17:00:00+03:00,22.435,22.314
2024-07-31 19:00:00+03:00,22.314,22.336
2024-07-31 21:00:00+03:00,22.336,21.999
2024-07-31 23:00:00+03:00,21.996,21.87
2024-08-01 01:00:00+03:00,21.87,21.758
2024-08-01 03:00:00+03:00,21.757,22.068
2024-08-01 05:00:00+03:00,22.069,21.915
2024-08-01 07:00:00+03:00,21.914,21.849
2024-08-01 09:00:00+03:00,21.849,21.622
2024-08-01 11:00:00+03:00,21.622,21.687
2024-08-01 13:00:00+03:00,21.687,21.81
2024-08-01 15:00:00+03:00,21.809,21.752
2024-08-01 17:00:00+03:00,21.749,21.222
2024-08-01 19:00:00+03:00,21.224,20.85
2024-08-01 21:00:00+03:00,20.848,20.849
2024-08-01 23:00:00+03:00,20.849,21.309
2024-08-02 01:00:00+03:00,21.311,21.531
2024-08-02 03:00:00+03:00,21.531,21.249
2024-08-02 05:00:00+03:00,21.253,21.253
2024-08-02 07:00:00+03:00,21.252,21.065
2024-08-02 09:00:00+03:00,21.065,21.07
2024-08-02 11:00:00+03:00,21.065,21.224
2024-08-02 13:00:00+03:00,21.223,21.207
2024-08-02 15:00:00+03:00,21.207,21.327
2024-08-02 17:00:00+03:00,21.325,20.455
2024-08-02 19:00:00+03:00,20.454,20.375
2024-08-02 21:00:00+03:00,20.376,20.447
2024-08-02 23:00:00+03:00,20.448,20.454
2024-08-03 01:00:00+03:00,20.454,20.213
2024-08-03 03:00:00+03:00,20.213,20.121
2024-08-03 05:00:00+03:00,20.121,20.45
2024-08-03 07:00:00+03:00,20.449,20.476
2024-08-03 09:00:00+03:00,20.477,20.515
2024-08-03 11:00:00+03:00,20.514,20.425
2024-08-03 13:00:00+03:00,20.425,20.453
2024-08-03 15:00:00+03:00,20.454,20.46
2024-08-03 17:00:00+03:00,20.46,19.997
2024-08-03 19:00:00+03:00,19.998,19.555
2024-08-03 21:00:00+03:00,19.554,19.191
2024-08-03 23:00:00+03:00,19.19,19.565
2024-08-04 01:00:00+03:00,19.568,19.646
2024-08-04 03:00:00+03:00,19.645,19.634
2024-08-04 05:00:00+03:00,19.633,19.755
2024-08-04 07:00:00+03:00,19.756,19.782
2024-08-04 09:00:00+03:00,19.781,19.513
2024-08-04 11:00:00+03:00,19.511,19.533
2024-08-04 13:00:00+03:00,19.531,19.572
2024-08-04 15:00:00+03:00,19.572,19.584
2024-08-04 17:00:00+03:00,19.584,18.96
2024-08-04 19:00:00+03:00,18.965,18.716
2024-08-04 21:00:00+03:00,18.717,19.233
2024-08-04 23:00:00+03:00,19.23,19.156
2024-08-05 01:00:00+03:00,19.157,18.918
2024-08-05 03:00:00+03:00,18.917,17.09
2024-08-05 05:00:00+03:00,17.091,16.808
2024-08-05 07:00:00+03:00,16.807,16.908
2024-08-05 09:00:00+03:00,16.91,17.08
2024-08-05 11:00:00+03:00,17.08,16.72
2024-08-05 13:00:00+03:00,16.72,16.35
2024-08-05 15:00:00+03:00,16.351,16.994
2024-08-05 17:00:00+03:00,16.994,17.65
2024-08-05 19:00:00+03:00,17.65,17.85
2024-08-05 21:00:00+03:00,17.853,17.465
2024-08-05 23:00:00+03:00,17.465,17.648
2024-08-06 01:00:00+03:00,17.648,17.65
2024-08-06 03:00:00+03:00,17.652,18.138
2024-08-06 05:00:00+03:00,18.143,18.054
2024-08-06 07:00:00+03:00,18.055,18.284
2024-08-06 09:00:00+03:00,18.286,18.33
2024-08-06 11:00:00+03:00,18.329,17.951
2024-08-06 13:00:00+03:00,17.95,17.866
2024-08-06 15:00:00+03:00,17.865,18.058
2024-08-06 17:00:00+03:00,18.048,18.342
2024-08-06 19:00:00+03:00,18.342,18.164
2024-08-06 21:00:00+03:00,18.162,18.152
2024-08-06 23:00:00+03:00,18.154,18.223
2024-08-07 01:00:00+03:00,18.224,18.122
2024-08-07 03:00:00+03:00,18.122,18.323
2024-08-07 05:00:00+03:00,18.324,18.381
2024-08-07 07:00:00+03:00,18.381,18.302
2024-08-07 09:00:00+03:00,18.301,18.263
2024-08-07 11:00:00+03:00,18.263,18.302
2024-08-07 13:00:00+03:00,18.303,18.2
2024-08-07 15:00:00+03:00,18.203,18.045
2024-08-07 17:00:00+03:00,18.045,17.981
2024-08-07 19:00:00+03:00,17.983,17.935
2024-08-07 21:00:00+03:00,17.934,18.005
2024-08-07 23:00:00+03:00,18.006,18.064
2024-08-08 01:00:00+03:00,18.062,18.144
2024-08-08 03:00:00+03:00,18.144,18.418
2024-08-08 05:00:00+03:00,18.419,18.618
2024-08-08 07:00:00+03:00,18.618,18.544
2024-08-08 09:00:00+03:00,18.545,18.463
2024-08-08 11:00:00+03:00,18.466,18.591
2024-08-08 13:00:00+03:00,18.591,18.651
2024-08-08 15:00:00+03:00,18.651,18.697
2024-08-08 17:00:00+03:00,18.697,19.126
2024-08-08 19:00:00+03:00,19.126,19.36
2024-08-08 21:00:00+03:00,19.361,19.252
2024-08-08 23:00:00+03:00,19.252,19.648
2024-08-09 01:00:00+03:00,19.651,19.85
2024-08-09 03:00:00+03:00,19.847,19.739
2024-08-09 05:00:00+03:00,19.74,19.645
2024-08-09 07:00:00+03:00,19.644,19.494
2024-08-09 09:00:00+03:00,19.495,19.53
2024-08-09 11:00:00+03:00,19.531,19.48
2024-08-09 13:00:00+03:00,19.481,19.345
2024-08-09 15:00:00+03:00,19.344,19.183
2024-08-09 17:00:00+03:00,19.183,19.003
2024-08-09 19:00:00+03:00,19.003,19.237
2024-08-09 21:00:00+03:00,19.237,19.281
2024-08-09 23:00:00+03:00,19.281,19.358
2024-08-10 01:00:00+03:00,19.36,19.406
2024-08-10 03:00:00+03:00,19.406,19.315
2024-08-10 05:00:00+03:00,19.316,19.391
2024-08-10 07:00:00+03:00,19.392,19.314
2024-08-10 09:00:00+03:00,19.314,19.444
2024-08-10 11:00:00+03:00,19.445,19.413
2024-08-10 13:00:00+03:00,19.414,19.448
2024-08-10 15:00:00+03:00,19.447,19.348
2024-08-10 17:00:00+03:00,19.347,19.37
2024-08-10 19:00:00+03:00,19.368,19.363
2024-08-10 21:00:00+03:00,19.363,19.31
2024-08-10 23:00:00+03:00,19.31,19.385
2024-08-11 01:00:00+03:00,19.384,19.38
2024-08-11 03:00:00+03:00,19.38,19.425
2024-08-11 05:00:00+03:00,19.426,19.506
2024-08-11 07:00:00+03:00,19.506,19.503
2024-08-11 09:00:00+03:00,19.503,19.57
2024-08-11 11:00:00+03:00,19.573,19.51
2024-08-11 13:00:00+03:00,19.511,19.206
2024-08-11 15:00:00+03:00,19.206,19.037
2024-08-11 17:00:00+03:00,19.034,18.834
2024-08-11 19:00:00+03:00,18.835,18.908
2024-08-11 21:00:00+03:00,18.907,18.642
2024-08-11 23:00:00+03:00,18.641,18.538
2024-08-12 01:00:00+03:00,18.537,18.405
2024-08-12 03:00:00+03:00,18.405,18.443
2024-08-12 05:00:00+03:00,18.443,18.468
2024-08-12 07:00:00+03:00,18.469,18.467
2024-08-12 09:00:00+03:00,18.469,18.584
2024-08-12 11:00:00+03:00,18.584,18.809
2024-08-12 13:00:00+03:00,18.81,19.126
2024-08-12 15:00:00+03:00,19.126,18.593
2024-08-12 17:00:00+03:00,18.594,19.072
2024-08-12 19:00:00+03:00,19.071,18.957
2024-08-12 21:00:00+03:00,18.958,18.844
2024-08-12 23:00:00+03:00,18.846,18.876
2024-08-13 01:00:00+03:00,18.875,19.162
2024-08-13 03:00:00+03:00,19.163,19.223
2024-08-13 05:00:00+03:00,19.222,18.923
2024-08-13 07:00:00+03:00,18.922,18.97
2024-08-13 09:00:00+03:00,18.971,18.922
2024-08-13 11:00:00+03:00,18.921,18.803
2024-08-13 13:00:00+03:00,18.802,18.828
2024-08-13 15:00:00+03:00,18.826,18.976
2024-08-13 17:00:00+03:00,18.975,18.876
2024-08-13 19:00:00+03:00,18.875,19.205
2024-08-13 21:00:00+03:00,19.204,19.071
2024-08-13 23:00:00+03:00,19.07,19.18
2024-08-14 01:00:00+03:00,19.18,19.144
2024-08-14 03:00:00+03:00,19.144,19.088
2024-08-14 05:00:00+03:00,19.088,19.101
2024-08-14 07:00:00+03:00,19.1,19.063
2024-08-14 09:00:00+03:00,19.063,19.004
2024-08-14 11:00:00+03:00,19.004,18.951
2024-08-14 13:00:00+03:00,18.951,19.077
2024-08-14 15:00:00+03:00,19.077,18.72
2024-08-14 17:00:00+03:00,18.724,18.839
2024-08-14 19:00:00+03:00,18.838,18.798
2024-08-14 21:00:00+03:00,18.799,18.804
2024-08-14 23:00:00+03:00,18.803,18.821
2024-08-15 01:00:00+03:00,18.82,18.82
2024-08-15 03:00:00+03:00,18.82,18.768
2024-08-15 05:00:00+03:00,18.77,18.845
2024-08-15 07:00:00+03:00,18.845,18.716
2024-08-15 09:00:00+03:00,18.716,18.656
2024-08-15 11:00:00+03:00,18.657,18.697
2024-08-15 13:00:00+03:00,18.695,18.806
2024-08-15 15:00:00+03:00,18.805,18.942
2024-08-15 17:00:00+03:00,18.942,19.003
2024-08-15 19:00:00+03:00,19.001,18.695
2024-08-15 21:00:00+03:00,18.698,18.422
2024-08-15 23:00:00+03:00,18.419,18.467
2024-08-16 01:00:00+03:00,18.465,18.532
2024-08-16 03:00:00+03:00,18.532,18.523
2024-08-16 05:00:00+03:00,18.522,18.623
2024-08-16 07:00:00+03:00,18.622,18.717
2024-08-16 09:00:00+03:00,18.717,18.853
2024-08-16 11:00:00+03:00,18.853,18.793
2024-08-16 13:00:00+03:00,18.793,18.675
2024-08-16 15:00:00+03:00,18.675,18.653
2024-08-16 17:00:00+03:00,18.652,18.437
2024-08-16 19:00:00+03:00,18.435,18.733
2024-08-16 21:00:00+03:00,18.734,18.75
2024-08-16 23:00:00+03:00,18.75,18.725
2024-08-17 01:00:00+03:00,18.726,18.729
2024-08-17 03:00:00+03:00,18.73,18.721
2024-08-17 05:00:00+03:00,18.723,18.641
2024-08-17 07:00:00+03:00,18.645,18.651
2024-08-17 09:00:00+03:00,18.652,18.693
2024-08-17 11:00:00+03:00,18.693,18.695
2024-08-17 13:00:00+03:00,18.695,18.674
2024-08-17 15:00:00+03:00,18.672,18.736
2024-08-17 17:00:00+03:00,18.737,18.752
2024-08-17 19:00:00+03:00,18.752,18.816
2024-08-17 21:00:00+03:00,18.814,18.736
2024-08-17 23:00:00+03:00,18.736,18.699
2024-08-18 01:00:00+03:00,18.7,18.767
2024-08-18 03:00:00+03:00,18.767,18.786
2024-08-18 05:00:00+03:00,18.786,18.782
2024-08-18 07:00:00+03:00,18.782,18.747
2024-08-18 09:00:00+03:00,18.747,18.77
2024-08-18 11:00:00+03:00,18.769,18.852
2024-08-18 13:00:00+03:00,18.852,18.967
2024-08-18 15:00:00+03:00,18.967,19.004
2024-08-18 17:00:00+03:00,19.004,18.986
2024-08-18 19:00:00+03:00,18.987,18.837
2024-08-18 21:00:00+03:00,18.837,18.895
2024-08-18 23:00:00+03:00,18.894,18.753
2024-08-19 01:00:00+03:00,18.753,18.559
2024-08-19 03:00:00+03:00,18.56,18.694
2024-08-19 05:00:00+03:00,18.694,18.711
2024-08-19 07:00:00+03:00,18.708,18.732
2024-08-19 09:00:00+03:00,18.731,18.802
2024-08-19 11:00:00+03:00,18.801,18.658
2024-08-19 13:00:00+03:00,18.659,18.865
2024-08-19 15:00:00+03:00,18.867,18.766
2024-08-19 17:00:00+03:00,18.767,18.858
2024-08-19 19:00:00+03:00,18.859,18.909
2024-08-19 21:00:00+03:00,18.911,18.934
2024-08-19 23:00:00+03:00,18.934,18.94
2024-08-20 01:00:00+03:00,18.94,18.929
2024-08-20 03:00:00+03:00,18.93,19.088
2024-08-20 05:00:00+03:00,19.09,19.157
2024-08-20 07:00:00+03:00,19.158,19.28
2024-08-20 09:00:00+03:00,19.28,19.248
2024-08-20 11:00:00+03:00,19.25,19.207
2024-08-20 13:00:00+03:00,19.207,19.101
2024-08-20 15:00:00+03:00,19.101,19.156
2024-08-20 17:00:00+03:00,19.157,18.809
2024-08-20 19:00:00+03:00,18.808,18.943
2024-08-20 21:00:00+03:00,18.942,19.044
2024-08-20 23:00:00+03:00,19.045,18.973
2024-08-21 01:00:00+03:00,18.972,18.877
2024-08-21 03:00:00+03:00,18.877,18.876
2024-08-21 05:00:00+03:00,18.876,18.901
2024-08-21 07:00:00+03:00,18.9,18.97
2024-08-21 09:00:00+03:00,18.97,19.089
2024-08-21 11:00:00+03:00,19.088,19.015
2024-08-21 13:00:00+03:00,19.014,19.004
2024-08-21 15:00:00+03:00,19.004,19.087
2024-08-21 17:00:00+03:00,19.088,19.293
2024-08-21 19:00:00+03:00,19.293,19.434
2024-08-21 21:00:00+03:00,19.432,19.546
2024-08-21 23:00:00+03:00,19.546,19.46
2024-08-22 01:00:00+03:00,19.46,19.478
2024-08-22 03:00:00+03:00,19.478,19.495
2024-08-22 05:00:00+03:00,19.495,19.421
2024-08-22 07:00:00+03:00,19.42,19.473
2024-08-22 09:00:00+03:00,19.473,19.498
2024-08-22 11:00:00+03:00,19.499,19.506
2024-08-22 13:00:00+03:00,19.508,19.571
2024-08-22 15:00:00+03:00,19.571,19.524
2024-08-22 17:00:00+03:00,19.524,19.408
2024-08-22 19:00:00+03:00,19.407,19.366
2024-08-22 21:00:00+03:00,19.366,19.363
2024-08-22 23:00:00+03:00,19.365,19.449
2024-08-23 01:00:00+03:00,19.449,19.484
2024-08-23 03:00:00+03:00,19.486,19.549
2024-08-23 05:00:00+03:00,19.549,19.592
2024-08-23 07:00:00+03:00,19.592,19.77
2024-08-23 09:00:00+03:00,19.77,19.886
2024-08-23 11:00:00+03:00,19.887,19.852
2024-08-23 13:00:00+03:00,19.851,19.839
2024-08-23 15:00:00+03:00,19.839,19.95
2024-08-23 17:00:00+03:00,19.952,20.145
2024-08-23 19:00:00+03:00,20.145,20.462
2024-08-23 21:00:00+03:00,20.46,20.479
2024-08-23 23:00:00+03:00,20.481,20.642
2024-08-24 01:00:00+03:00,20.642,20.576
2024-08-24 03:00:00+03:00,20.575,20.482
2024-08-24 05:00:00+03:00,20.482,20.456
2024-08-24 07:00:00+03:00,20.456,20.452
2024-08-24 09:00:00+03:00,20.451,20.436
2024-08-24 11:00:00+03:00,20.435,20.629
2024-08-24 13:00:00+03:00,20.627,20.533
2024-08-24 15:00:00+03:00,20.532,20.672
2024-08-24 17:00:00+03:00,20.672,20.61
2024-08-24 19:00:00+03:00,20.613,20.791
2024-08-24 21:00:00+03:00,20.788,20.856
2024-08-24 23:00:00+03:00,20.856,20.404
2024-08-25 01:00:00+03:00,20.401,20.608
2024-08-25 03:00:00+03:00,20.608,20.302
2024-08-25 05:00:00+03:00,20.303,20.342
2024-08-25 07:00:00+03:00,20.342,20.32
2024-08-25 09:00:00+03:00,20.32,19.94
2024-08-25 11:00:00+03:00,19.94,20.098
2024-08-25 13:00:00+03:00,20.096,20.105
2024-08-25 15:00:00+03:00,20.105,20.204
2024-08-25 17:00:00+03:00,20.204,20.168
2024-08-25 19:00:00+03:00,20.169,20.16
2024-08-25 21:00:00+03:00,20.161,20.191
2024-08-25 23:00:00+03:00,20.192,20.223
2024-08-26 01:00:00+03:00,20.223,20.102
2024-08-26 03:00:00+03:00,20.101,20.018
2024-08-26 05:00:00+03:00,20.018,20.026
2024-08-26 07:00:00+03:00,20.027,20.068
2024-08-26 09:00:00+03:00,20.071,19.974
2024-08-26 11:00:00+03:00,19.976,20.105
2024-08-26 13:00:00+03:00,20.106,20.0
2024-08-26 15:00:00+03:00,20.0,19.892
2024-08-26 17:00:00+03:00,19.892,19.803
2024-08-26 19:00:00+03:00,19.803,19.482
2024-08-26 21:00:00+03:00,19.483,19.486
2024-08-26 23:00:00+03:00,19.486,19.449
2024-08-27 01:00:00+03:00,19.45,19.432
2024-08-27 03:00:00+03:00,19.429,19.526
2024-08-27 05:00:00+03:00,19.526,19.496
2024-08-27 07:00:00+03:00,19.496,19.56
2024-08-27 09:00:00+03:00,19.558,19.462
2024-08-27 11:00:00+03:00,19.462,19.327
2024-08-27 13:00:00+03:00,19.325,19.186
2024-08-27 15:00:00+03:00,19.185,19.231
2024-08-27 17:00:00+03:00,19.232,19.113
2024-08-27 19:00:00+03:00,19.119,19.158
2024-08-27 21:00:00+03:00,19.158,19.164
2024-08-27 23:00:00+03:00,19.162,18.482
2024-08-28 01:00:00+03:00,18.482,18.277
2024-08-28 03:00:00+03:00,18.277,18.302
2024-08-28 05:00:00+03:00,18.301,18.362
2024-08-28 07:00:00+03:00,18.362,18.354
2024-08-28 09:00:00+03:00,18.354,18.304
2024-08-28 11:00:00+03:00,18.303,18.96
2024-08-28 13:00:00+03:00,18.959,18.869
2024-08-28 15:00:00+03:00,18.868,18.529
2024-08-28 17:00:00+03:00,18.531,18.494
2024-08-28 19:00:00+03:00,18.49,18.325
2024-08-28 21:00:00+03:00,18.325,18.414
2024-08-28 23:00:00+03:00,18.414,18.514
2024-08-29 01:00:00+03:00,18.515,18.566
2024-08-29 03:00:00+03:00,18.569,18.621
2024-08-29 05:00:00+03:00,18.622,18.632
2024-08-29 07:00:00+03:00,18.633,18.676
2024-08-29 09:00:00+03:00,18.677,18.666
2024-08-29 11:00:00+03:00,18.665,18.687
2024-08-29 13:00:00+03:00,18.687,18.74
2024-08-29 15:00:00+03:00,18.74,18.795
2024-08-29 17:00:00+03:00,18.796,18.813
2024-08-29 19:00:00+03:00,18.814,18.71
2024-08-29 21:00:00+03:00,18.71,18.421
2024-08-29 23:00:00+03:00,18.42,18.51
2024-08-30 01:00:00+03:00,18.51,18.459
2024-08-30 03:00:00+03:00,18.458,18.424
2024-08-30 05:00:00+03:00,18.426,18.403
2024-08-30 07:00:00+03:00,18.401,18.362
2024-08-30 09:00:00+03:00,18.366,18.49
2024-08-30 11:00:00+03:00,18.489,18.508
2024-08-30 13:00:00+03:00,18.507,18.482
2024-08-30 15:00:00+03:00,18.483,18.526
2024-08-30 17:00:00+03:00,18.527,17.961
2024-08-30 19:00:00+03:00,17.962,18.223
2024-08-30 21:00:00+03:00,18.223,18.376
2024-08-30 23:00:00+03:00,18.377,18.508
2024-08-31 01:00:00+03:00,18.511,18.557
2024-08-31 03:00:00+03:00,18.555,18.541
2024-08-31 05:00:00+03:00,18.541,18.526
2024-08-31 07:00:00+03:00,18.526,18.445
2024-08-31 09:00:00+03:00,18.445,18.446
2024-08-31 11:00:00+03:00,18.447,18.363
2024-08-31 13:00:00+03:00,18.362,18.401
2024-08-31 15:00:00+03:00,18.401,18.297
2024-08-31 17:00:00+03:00,18.296,18.332
2024-08-31 19:00:00+03:00,18.332,18.276
2024-08-31 21:00:00+03:00,18.276,18.274
2024-08-31 23:00:00+03:00,18.273,18.346
2024-09-01 01:00:00+03:00,18.346,18.396
2024-09-01 03:00:00+03:00,18.397,18.236
2024-09-01 05:00:00+03:00,18.235,18.248
2024-09-01 07:00:00+03:00,18.248,18.028
2024-09-01 09:00:00+03:00,18.027,18.173
2024-09-01 11:00:00+03:00,18.173,18.066
2024-09-01 13:00:00+03:00,18.064,18.047
2024-09-01 15:00:00+03:00,18.047,17.976
2024-09-01 17:00:00+03:00,17.977,18.081
2024-09-01 19:00:00+03:00,18.082,17.931
2024-09-01 21:00:00+03:00,17.93,18.111
2024-09-01 23:00:00+03:00,18.111,18.02
2024-09-02 01:00:00+03:00,18.019,17.604
2024-09-02 03:00:00+03:00,17.602,17.659
2024-09-02 05:00:00+03:00,17.659,17.684
2024-09-02 07:00:00+03:00,17.684,17.684
2024-09-02 09:00:00+03:00,17.684,17.564
2024-09-02 11:00:00+03:00,17.565,17.952
2024-09-02 13:00:00+03:00,17.951,18.0
2024-09-02 15:00:00+03:00,18.0,17.914
2024-09-02 17:00:00+03:00,17.914,18.034
2024-09-02 19:00:00+03:00,18.033,18.098
2024-09-02 21:00:00+03:00,18.096,18.15
2024-09-02 23:00:00+03:00,18.15,18.317
2024-09-03 01:00:00+03:00,18.317,18.258
2024-09-03 03:00:00+03:00,18.258,18.274
2024-09-03 05:00:00+03:00,18.274,18.175
2024-09-03 07:00:00+03:00,18.175,18.173
2024-09-03 09:00:00+03:00,18.172,18.177
2024-09-03 11:00:00+03:00,18.176,18.016
2024-09-03 13:00:00+03:00,18.016,18.072
2024-09-03 15:00:00+03:00,18.071,17.842
2024-09-03 17:00:00+03:00,17.84,17.734
2024-09-03 19:00:00+03:00,17.733,17.721
2024-09-03 21:00:00+03:00,17.721,17.764
2024-09-03 23:00:00+03:00,17.771,17.833
2024-09-04 01:00:00+03:00,17.832,17.641
2024-09-04 03:00:00+03:00,17.637,17.437
2024-09-04 05:00:00+03:00,17.433,17.579
2024-09-04 07:00:00+03:00,17.581,17.526
2024-09-04 09:00:00+03:00,17.527,17.718
2024-09-04 11:00:00+03:00,17.72,17.754
2024-09-04 13:00:00+03:00,17.755,17.716
2024-09-04 15:00:00+03:00,17.717,17.823
2024-09-04 17:00:00+03:00,17.823,18.144
2024-09-04 19:00:00+03:00,18.143,17.939
2024-09-04 21:00:00+03:00,17.939,17.994
2024-09-04 23:00:00+03:00,17.992,18.094
2024-09-05 01:00:00+03:00,18.095,18.072
2024-09-05 03:00:00+03:00,18.066,18.075
2024-09-05 05:00:00+03:00,18.075,17.879
2024-09-05 07:00:00+03:00,17.879,17.912
2024-09-05 09:00:00+03:00,17.912,17.953
2024-09-05 11:00:00+03:00,17.953,17.798
2024-09-05 13:00:00+03:00,17.797,17.76
2024-09-05 15:00:00+03:00,17.759,17.888
2024-09-05 17:00:00+03:00,17.891,17.57
2024-09-05 19:00:00+03:00,17.566,17.593
2024-09-05 21:00:00+03:00,17.593,17.514
2024-09-05 23:00:00+03:00,17.512,17.585
2024-09-06 01:00:00+03:00,17.585,17.593
2024-09-06 03:00:00+03:00,17.593,17.687
2024-09-06 05:00:00+03:00,17.688,17.678
2024-09-06 07:00:00+03:00,17.68,17.59
2024-09-06 09:00:00+03:00,17.59,17.577
2024-09-06 11:00:00+03:00,17.577,17.658
2024-09-06 13:00:00+03:00,17.658,17.624
2024-09-06 15:00:00+03:00,17.624,17.617
2024-09-06 17:00:00+03:00,17.619,17.55
2024-09-06 19:00:00+03:00,17.55,17.43
2024-09-06 21:00:00+03:00,17.431,17.318
2024-09-06 23:00:00+03:00,17.316,17.262
2024-09-07 01:00:00+03:00,17.262,17.286
2024-09-07 03:00:00+03:00,17.285,17.268
2024-09-07 05:00:00+03:00,17.268,17.262
2024-09-07 07:00:00+03:00,17.262,17.405
2024-09-07 09:00:00+03:00,17.405,17.468
2024-09-07 11:00:00+03:00,17.469,17.536
2024-09-07 13:00:00+03:00,17.536,17.592
2024-09-07 15:00:00+03:00,17.592,17.569
2024-09-07 17:00:00+03:00,17.57,17.673
2024-09-07 19:00:00+03:00,17.672,17.52
2024-09-07 21:00:00+03:00,17.518,17.714
2024-09-07 23:00:00+03:00,17.714,17.545
2024-09-08 01:00:00+03:00,17.546,17.622
2024-09-08 03:00:00+03:00,17.623,17.691
2024-09-08 05:00:00+03:00,17.692,17.715
2024-09-08 07:00:00+03:00,17.715,17.693
2024-09-08 09:00:00+03:00,17.694,17.768
2024-09-08 11:00:00+03:00,17.769,17.841
2024-09-08 13:00:00+03:00,17.842,17.771
2024-09-08 15:00:00+03:00,17.772,17.715
2024-09-08 17:00:00+03:00,17.714,17.632
2024-09-08 19:00:00+03:00,17.634,17.79
2024-09-08 21:00:00+03:00,17.788,17.748
2024-09-08 23:00:00+03:00,17.748,17.778
2024-09-09 01:00:00+03:00,17.778,17.944
2024-09-09 03:00:00+03:00,17.943,18.0
2024-09-09 05:00:00+03:00,18.0,17.932
2024-09-09 07:00:00+03:00,17.932,17.857
2024-09-09 09:00:00+03:00,17.856,18.008
2024-09-09 11:00:00+03:00,18.006,18.032
2024-09-09 13:00:00+03:00,18.033,18.029
2024-09-09 15:00:00+03:00,18.029,17.999
2024-09-09 17:00:00+03:00,17.999,17.962
2024-09-09 19:00:00+03:00,17.962,18.302
2024-09-09 21:00:00+03:00,18.304,18.437
2024-09-09 23:00:00+03:00,18.439,18.446
2024-09-10 01:00:00+03:00,18.445,18.339
2024-09-10 03:00:00+03:00,18.34,18.252
2024-09-10 05:00:00+03:00,18.251,18.158
2024-09-10 07:00:00+03:00,18.159,18.251
2024-09-10 09:00:00+03:00,18.248,18.326
2024-09-10 11:00:00+03:00,18.327,18.26
2024-09-10 13:00:00+03:00,18.261,18.372
2024-09-10 15:00:00+03:00,18.372,18.29
2024-09-10 17:00:00+03:00,18.29,18.403
2024-09-10 19:00:00+03:00,18.404,18.554
2024-09-10 21:00:00+03:00,18.555,18.581
2024-09-10 23:00:00+03:00,18.581,18.538
2024-09-11 01:00:00+03:00,18.539,18.547
2024-09-11 03:00:00+03:00,18.549,18.362
2024-09-11 05:00:00+03:00,18.36,18.37
2024-09-11 07:00:00+03:00,18.37,18.188
2024-09-11 09:00:00+03:00,18.188,18.383
2024-09-11 11:00:00+03:00,18.383,18.302
2024-09-11 13:00:00+03:00,18.301,18.263
2024-09-11 15:00:00+03:00,18.263,18.065
2024-09-11 17:00:00+03:00,18.059,18.25
2024-09-11 19:00:00+03:00,18.248,18.484
2024-09-11 21:00:00+03:00,18.481,18.511
2024-09-11 23:00:00+03:00,18.514,18.454
2024-09-12 01:00:00+03:00,18.453,18.446
2024-09-12 03:00:00+03:00,18.445,18.55
2024-09-12 05:00:00+03:00,18.551,18.562
2024-09-12 07:00:00+03:00,18.56,18.541
2024-09-12 09:00:00+03:00,18.538,18.546
2024-09-12 11:00:00+03:00,18.546,18.473
2024-09-12 13:00:00+03:00,18.472,18.422
2024-09-12 15:00:00+03:00,18.422,18.46
2024-09-12 17:00:00+03:00,18.464,18.355
2024-09-12 19:00:00+03:00,18.353,18.418
2024-09-12 21:00:00+03:00,18.418,18.458
2024-09-12 23:00:00+03:00,18.458,18.429
2024-09-13 01:00:00+03:00,18.428,18.547
2024-09-13 03:00:00+03:00,18.547,18.479
2024-09-13 05:00:00+03:00,18.478,18.372
2024-09-13 07:00:00+03:00,18.373,18.359
2024-09-13 09:00:00+03:00,18.358,18.347
2024-09-13 11:00:00+03:00,18.346,18.331
2024-09-13 13:00:00+03:00,18.331,18.29
2024-09-13 15:00:00+03:00,18.291,18.392
2024-09-13 17:00:00+03:00,18.392,18.724
2024-09-13 19:00:00+03:00,18.723,18.633
2024-09-13 21:00:00+03:00,18.634,18.611
2024-09-13 23:00:00+03:00,18.615,18.82
2024-09-14 01:00:00+03:00,18.82,18.84
2024-09-14 03:00:00+03:00,18.841,18.735
2024-09-14 05:00:00+03:00,18.734,18.777
2024-09-14 07:00:00+03:00,18.776,18.622
2024-09-14 09:00:00+03:00,18.621,18.635
2024-09-14 11:00:00+03:00,18.635,18.603
2024-09-14 13:00:00+03:00,18.602,18.593
2024-09-14 15:00:00+03:00,18.593,18.631
2024-09-14 17:00:00+03:00,18.632,18.716
2024-09-14 19:00:00+03:00,18.716,18.598
2024-09-14 21:00:00+03:00,18.597,18.55
2024-09-14 23:00:00+03:00,18.551,18.542
2024-09-15 01:00:00+03:00,18.541,18.592
2024-09-15 03:00:00+03:00,18.593,18.611
2024-09-15 05:00:00+03:00,18.61,18.577
2024-09-15 07:00:00+03:00,18.576,18.495
2024-09-15 09:00:00+03:00,18.496,18.524
2024-09-15 11:00:00+03:00,18.524,18.378
2024-09-15 13:00:00+03:00,18.377,18.387
2024-09-15 15:00:00+03:00,18.387,18.377
2024-09-15 17:00:00+03:00,18.377,18.328
2024-09-15 19:00:00+03:00,18.328,18.159
2024-09-15 21:00:00+03:00,18.16,18.103
2024-09-15 23:00:00+03:00,18.103,17.995
2024-09-16 01:00:00+03:00,17.996,17.773
2024-09-16 03:00:00+03:00,17.773,17.678
2024-09-16 05:00:00+03:00,17.679,17.728
2024-09-16 07:00:00+03:00,17.728,17.843
2024-09-16 09:00:00+03:00,17.843,17.821
2024-09-16 11:00:00+03:00,17.821,17.665
2024-09-16 13:00:00+03:00,17.665,17.744
2024-09-16 15:00:00+03:00,17.744,17.733
2024-09-16 17:00:00+03:00,17.732,17.615
2024-09-16 19:00:00+03:00,17.618,17.744
2024-09-16 21:00:00+03:00,17.745,17.668
2024-09-16 23:00:00+03:00,17.667,17.712
2024-09-17 01:00:00+03:00,17.711,17.728
2024-09-17 03:00:00+03:00,17.729,17.704
2024-09-17 05:00:00+03:00,17.703,17.785
2024-09-17 07:00:00+03:00,17.785,17.906
2024-09-17 09:00:00+03:00,17.905,17.914
2024-09-17 11:00:00+03:00,17.913,17.869
2024-09-17 13:00:00+03:00,17.868,17.785
2024-09-17 15:00:00+03:00,17.785,17.738
2024-09-17 17:00:00+03:00,17.736,18.135
2024-09-17 19:00:00+03:00,18.134,18.086
2024-09-17 21:00:00+03:00,18.082,17.984
2024-09-17 23:00:00+03:00,17.983,18.046
2024-09-18 01:00:00+03:00,18.045,17.973
2024-09-18 03:00:00+03:00,17.975,17.825
2024-09-18 05:00:00+03:00,17.824,17.893
2024-09-18 07:00:00+03:00,17.892,17.79
2024-09-18 09:00:00+03:00,17.79,17.812
2024-09-18 11:00:00+03:00,17.812,17.561
2024-09-18 13:00:00+03:00,17.561,17.618
2024-09-18 15:00:00+03:00,17.618,17.518
2024-09-18 17:00:00+03:00,17.517,17.565
2024-09-18 19:00:00+03:00,17.564,17.755
2024-09-18 21:00:00+03:00,17.754,17.904
2024-09-18 23:00:00+03:00,17.9,18.019
2024-09-19 01:00:00+03:00,18.018,18.315
2024-09-19 03:00:00+03:00,18.316,18.454
2024-09-19 05:00:00+03:00,18.459,18.477
2024-09-19 07:00:00+03:00,18.477,18.52
2024-09-19 09:00:00+03:00,18.519,18.564
2024-09-19 11:00:00+03:00,18.565,18.557
2024-09-19 13:00:00+03:00,18.558,18.614
2024-09-19 15:00:00+03:00,18.613,18.588
2024-09-19 17:00:00+03:00,18.59,18.697
2024-09-19 19:00:00+03:00,18.697,19.04
2024-09-19 21:00:00+03:00,19.041,18.901
2024-09-19 23:00:00+03:00,18.901,18.779
2024-09-20 01:00:00+03:00,18.779,18.787
2024-09-20 03:00:00+03:00,18.788,18.707
2024-09-20 05:00:00+03:00,18.707,19.058
2024-09-20 07:00:00+03:00,19.057,19.078
2024-09-20 09:00:00+03:00,19.079,19.196
2024-09-20 11:00:00+03:00,19.198,19.2
2024-09-20 13:00:00+03:00,19.2,18.988
2024-09-20 15:00:00+03:00,18.988,18.788
2024-09-20 17:00:00+03:00,18.789,18.881
2024-09-20 19:00:00+03:00,18.882,18.85
2024-09-20 21:00:00+03:00,18.85,18.925
2024-09-20 23:00:00+03:00,18.926,18.976
2024-09-21 01:00:00+03:00,18.977,18.989
2024-09-21 03:00:00+03:00,18.99,18.856
2024-09-21 05:00:00+03:00,18.856,19.049
2024-09-21 07:00:00+03:00,19.048,19.066
2024-09-21 09:00:00+03:00,19.066,19.155
2024-09-21 11:00:00+03:00,19.155,19.156
2024-09-21 13:00:00+03:00,19.155,19.147
2024-09-21 15:00:00+03:00,19.146,19.306
2024-09-21 17:00:00+03:00,19.303,19.301
2024-09-21 19:00:00+03:00,19.3,19.236
2024-09-21 21:00:00+03:00,19.235,19.217
2024-09-21 23:00:00+03:00,19.217,19.145
2024-09-22 01:00:00+03:00,19.147,19.354
2024-09-22 03:00:00+03:00,19.355,19.304
2024-09-22 05:00:00+03:00,19.303,19.208
2024-09-22 07:00:00+03:00,19.209,19.065
2024-09-22 09:00:00+03:00,19.064,19.044
2024-09-22 11:00:00+03:00,19.044,18.881
2024-09-22 13:00:00+03:00,18.883,18.892
2024-09-22 15:00:00+03:00,18.891,18.831
2024-09-22 17:00:00+03:00,18.83,18.778
2024-09-22 19:00:00+03:00,18.778,18.899
2024-09-22 21:00:00+03:00,18.899,18.847
2024-09-22 23:00:00+03:00,18.847,18.58
2024-09-23 01:00:00+03:00,18.576,18.888
2024-09-23 03:00:00+03:00,18.888,19.033
2024-09-23 05:00:00+03:00,19.033,19.341
2024-09-23 07:00:00+03:00,19.339,19.16
2024-09-23 09:00:00+03:00,19.165,19.083
2024-09-23 11:00:00+03:00,19.083,19.106
2024-09-23 13:00:00+03:00,19.106,19.022
2024-09-23 15:00:00+03:00,19.023,18.998
2024-09-23 17:00:00+03:00,18.997,19.224
2024-09-23 19:00:00+03:00,19.223,19.24
2024-09-23 21:00:00+03:00,19.239,19.185
2024-09-23 23:00:00+03:00,19.188,19.116
2024-09-24 01:00:00+03:00,19.115,19.095
2024-09-24 03:00:00+03:00,19.095,18.946
2024-09-24 05:00:00+03:00,18.944,19.014
2024-09-24 07:00:00+03:00,19.015,18.938
2024-09-24 09:00:00+03:00,18.938,19.093
2024-09-24 11:00:00+03:00,19.094,19.034
2024-09-24 13:00:00+03:00,19.034,19.092
2024-09-24 15:00:00+03:00,19.092,19.103
2024-09-24 17:00:00+03:00,19.104,18.855
2024-09-24 19:00:00+03:00,18.856,19.144
2024-09-24 21:00:00+03:00,19.144,19.305
2024-09-24 23:00:00+03:00,19.302,19.267
2024-09-25 01:00:00+03:00,19.267,19.409
2024-09-25 03:00:00+03:00,19.409,19.626
2024-09-25 05:00:00+03:00,19.626,19.653
2024-09-25 07:00:00+03:00,19.653,19.481
2024-09-25 09:00:00+03:00,19.479,19.323
2024-09-25 11:00:00+03:00,19.322,19.272
2024-09-25 13:00:00+03:00,19.272,19.43
2024-09-25 15:00:00+03:00,19.429,19.494
2024-09-25 17:00:00+03:00,19.494,19.522
2024-09-25 19:00:00+03:00,19.521,19.437
2024-09-25 21:00:00+03:00,19.436,19.453
2024-09-25 23:00:00+03:00,19.453,19.466
2024-09-26 01:00:00+03:00,19.466,19.292
2024-09-26 03:00:00+03:00,19.293,19.217
2024-09-26 05:00:00+03:00,19.216,19.403
2024-09-26 07:00:00+03:00,19.403,19.537
2024-09-26 09:00:00+03:00,19.536,19.869
2024-09-26 11:00:00+03:00,19.868,19.892
2024-09-26 13:00:00+03:00,19.892,20.036
2024-09-26 15:00:00+03:00,20.036,20.1
2024-09-26 17:00:00+03:00,20.1,20.213
2024-09-26 19:00:00+03:00,20.214,20.13
2024-09-26 21:00:00+03:00,20.13,20.191
2024-09-26 23:00:00+03:00,20.191,20.239
2024-09-27 01:00:00+03:00,20.239,20.309
2024-09-27 03:00:00+03:00,20.308,20.277
2024-09-27 05:00:00+03:00,20.278,20.612
2024-09-27 07:00:00+03:00,20.612,20.552
2024-09-27 09:00:00+03:00,20.552,20.644
2024-09-27 11:00:00+03:00,20.644,20.727
2024-09-27 13:00:00+03:00,20.724,20.67
2024-09-27 15:00:00+03:00,20.669,20.776
2024-09-27 17:00:00+03:00,20.776,20.751
2024-09-27 19:00:00+03:00,20.751,20.842
2024-09-27 21:00:00+03:00,20.841,20.718
2024-09-27 23:00:00+03:00,20.715,20.859
2024-09-28 01:00:00+03:00,20.859,20.834
2024-09-28 03:00:00+03:00,20.834,20.831
2024-09-28 05:00:00+03:00,20.832,20.826
2024-09-28 07:00:00+03:00,20.825,20.595
2024-09-28 09:00:00+03:00,20.595,20.4
2024-09-28 11:00:00+03:00,20.399,20.413
2024-09-28 13:00:00+03:00,20.413,20.459
2024-09-28 15:00:00+03:00,20.459,20.315
2024-09-28 17:00:00+03:00,20.315,20.422
2024-09-28 19:00:00+03:00,20.422,20.524
2024-09-28 21:00:00+03:00,20.524,20.585
2024-09-28 23:00:00+03:00,20.585,20.578
2024-09-29 01:00:00+03:00,20.578,20.547
2024-09-29 03:00:00+03:00,20.548,20.613
2024-09-29 05:00:00+03:00,20.612,20.647
2024-09-29 07:00:00+03:00,20.647,20.576
2024-09-29 09:00:00+03:00,20.577,20.189
2024-09-29 11:00:00+03:00,20.189,20.32
2024-09-29 13:00:00+03:00,20.319,20.353
2024-09-29 15:00:00+03:00,20.353,20.365
2024-09-29 17:00:00+03:00,20.364,20.555
2024-09-29 19:00:00+03:00,20.554,20.552
2024-09-29 21:00:00+03:00,20.552,20.656
2024-09-29 23:00:00+03:00,20.656,20.65
2024-09-30 01:00:00+03:00,20.648,20.413
2024-09-30 03:00:00+03:00,20.414,19.95
2024-09-30 05:00:00+03:00,19.948,20.033
2024-09-30 07:00:00+03:00,20.033,20.123
2024-09-30 09:00:00+03:00,20.123,20.08
2024-09-30 11:00:00+03:00,20.083,19.771
2024-09-30 13:00:00+03:00,19.772,19.893
2024-09-30 15:00:00+03:00,19.893,19.81
2024-09-30 17:00:00+03:00,19.81,19.534
2024-09-30 19:00:00+03:00,19.533,19.71
2024-09-30 21:00:00+03:00,19.711,19.682
2024-09-30 23:00:00+03:00,19.683,19.668
2024-10-01 01:00:00+03:00,19.669,19.455
2024-10-01 03:00:00+03:00,19.455,19.616
2024-10-01 05:00:00+03:00,19.617,19.719
2024-10-01 07:00:00+03:00,19.72,19.664
2024-10-01 09:00:00+03:00,19.665,19.774
2024-10-01 11:00:00+03:00,19.774,19.755
2024-10-01 13:00:00+03:00,19.754,19.737
2024-10-01 15:00:00+03:00,19.737,19.362
2024-10-01 17:00:00+03:00,19.363,18.881
2024-10-01 19:00:00+03:00,18.878,18.604
2024-10-01 21:00:00+03:00,18.605,18.394
2024-10-01 23:00:00+03:00,18.394,18.407
2024-10-02 01:00:00+03:00,18.406,18.395
2024-10-02 03:00:00+03:00,18.396,18.547
2024-10-02 05:00:00+03:00,18.548,18.593
2024-10-02 07:00:00+03:00,18.594,18.569
2024-10-02 09:00:00+03:00,18.568,18.635
2024-10-02 11:00:00+03:00,18.634,18.318
2024-10-02 13:00:00+03:00,18.316,18.363
2024-10-02 15:00:00+03:00,18.364,18.185
2024-10-02 17:00:00+03:00,18.185,18.242
2024-10-02 19:00:00+03:00,18.24,18.178
2024-10-02 21:00:00+03:00,18.177,17.938
2024-10-02 23:00:00+03:00,17.937,18.005
2024-10-03 01:00:00+03:00,18.005,17.929
2024-10-03 03:00:00+03:00,17.929,18.063
2024-10-03 05:00:00+03:00,18.061,18.174
2024-10-03 07:00:00+03:00,18.175,18.058
2024-10-03 09:00:00+03:00,18.057,18.074
2024-10-03 11:00:00+03:00,18.075,18.38
2024-10-03 13:00:00+03:00,18.381,18.374
2024-10-03 15:00:00+03:00,18.375,18.232
2024-10-03 17:00:00+03:00,18.232,18.42
2024-10-03 19:00:00+03:00,18.42,18.446
2024-10-03 21:00:00+03:00,18.446,18.537
2024-10-03 23:00:00+03:00,18.538,18.444
2024-10-04 01:00:00+03:00,18.443,18.512
2024-10-04 03:00:00+03:00,18.511,18.532
2024-10-04 05:00:00+03:00,18.532,18.498
2024-10-04 07:00:00+03:00,18.498,18.637
2024-10-04 09:00:00+03:00,18.638,18.531
2024-10-04 11:00:00+03:00,18.531,18.492
2024-10-04 13:00:00+03:00,18.491,18.536
2024-10-04 15:00:00+03:00,18.536,18.544
2024-10-04 17:00:00+03:00,18.543,18.667
2024-10-04 19:00:00+03:00,18.667,18.762
2024-10-04 21:00:00+03:00,18.763,18.858
2024-10-04 23:00:00+03:00,18.858,18.747
2024-10-05 01:00:00+03:00,18.747,18.754
2024-10-05 03:00:00+03:00,18.754,18.747
2024-10-05 05:00:00+03:00,18.747,18.561
2024-10-05 07:00:00+03:00,18.562,18.707
2024-10-05 09:00:00+03:00,18.708,18.623
2024-10-05 11:00:00+03:00,18.622,18.685
2024-10-05 13:00:00+03:00,18.684,18.623
2024-10-05 15:00:00+03:00,18.624,18.607
2024-10-05 17:00:00+03:00,18.607,18.674
2024-10-05 19:00:00+03:00,18.674,18.607
2024-10-05 21:00:00+03:00,18.608,18.44
2024-10-05 23:00:00+03:00,18.44,18.44
2024-10-06 01:00:00+03:00,18.439,18.537
2024-10-06 03:00:00+03:00,18.537,18.595
2024-10-06 05:00:00+03:00,18.596,18.444
2024-10-06 07:00:00+03:00,18.441,18.501
2024-10-06 09:00:00+03:00,18.5,18.789
2024-10-06 11:00:00+03:00,18.79,18.667
2024-10-06 13:00:00+03:00,18.668,18.679
2024-10-06 15:00:00+03:00,18.682,18.679
2024-10-06 17:00:00+03:00,18.679,18.832
2024-10-06 19:00:00+03:00,18.831,18.754
2024-10-06 21:00:00+03:00,18.755,18.752
2024-10-06 23:00:00+03:00,18.752,18.63
2024-10-07 01:00:00+03:00,18.631,18.743
2024-10-07 03:00:00+03:00,18.743,19.049
2024-10-07 05:00:00+03:00,19.049,18.96
2024-10-07 07:00:00+03:00,18.961,18.936
2024-10-07 09:00:00+03:00,18.936,18.986
2024-10-07 11:00:00+03:00,18.987,18.783
2024-10-07 13:00:00+03:00,18.783,18.784
2024-10-07 15:00:00+03:00,18.782,18.796
2024-10-07 17:00:00+03:00,18.797,18.81
2024-10-07 19:00:00+03:00,18.807,18.93
2024-10-07 21:00:00+03:00,18.93,18.78
2024-10-07 23:00:00+03:00,18.782,18.877
2024-10-08 01:00:00+03:00,18.876,18.549
2024-10-08 03:00:00+03:00,18.548,18.751
2024-10-08 05:00:00+03:00,18.751,18.785
2024-10-08 07:00:00+03:00,18.785,18.695
2024-10-08 09:00:00+03:00,18.695,18.462
2024-10-08 11:00:00+03:00,18.464,18.47
2024-10-08 13:00:00+03:00,18.469,18.516
2024-10-08 15:00:00+03:00,18.516,18.61
2024-10-08 17:00:00+03:00,18.608,18.293
2024-10-08 19:00:00+03:00,18.294,18.311
2024-10-08 21:00:00+03:00,18.314,18.327
2024-10-08 23:00:00+03:00,18.327,18.398
2024-10-09 01:00:00+03:00,18.397,18.33
2024-10-09 03:00:00+03:00,18.329,18.467
2024-10-09 05:00:00+03:00,18.468,18.378
2024-10-09 07:00:00+03:00,18.377,18.467
2024-10-09 09:00:00+03:00,18.467,18.386
2024-10-09 11:00:00+03:00,18.387,18.429
2024-10-09 13:00:00+03:00,18.429,18.404
2024-10-09 15:00:00+03:00,18.405,18.247
2024-10-09 17:00:00+03:00,18.247,18.324
2024-10-09 19:00:00+03:00,18.324,18.358
2024-10-09 21:00:00+03:00,18.357,18.238
2024-10-09 23:00:00+03:00,18.237,18.156
2024-10-10 01:00:00+03:00,18.156,18.104
2024-10-10 03:00:00+03:00,18.104,18.232
2024-10-10 05:00:00+03:00,18.231,18.259
2024-10-10 07:00:00+03:00,18.259,18.32
2024-10-10 09:00:00+03:00,18.319,18.24
2024-10-10 11:00:00+03:00,18.241,18.16
2024-10-10 13:00:00+03:00,18.16,18.208
2024-10-10 15:00:00+03:00,18.208,18.111
2024-10-10 17:00:00+03:00,18.11,18.241
2024-10-10 19:00:00+03:00,18.242,18.077
2024-10-10 21:00:00+03:00,18.076,18.105
2024-10-10 23:00:00+03:00,18.105,18.189
2024-10-11 01:00:00+03:00,18.188,18.191
2024-10-11 03:00:00+03:00,18.191,18.274
2024-10-11 05:00:00+03:00,18.275,18.279
2024-10-11 07:00:00+03:00,18.278,18.217
2024-10-11 09:00:00+03:00,18.217,18.263
2024-10-11 11:00:00+03:00,18.262,18.318
2024-10-11 13:00:00+03:00,18.32,18.316
2024-10-11 15:00:00+03:00,18.316,18.403
2024-10-11 17:00:00+03:00,18.403,18.561
2024-10-11 19:00:00+03:00,18.563,18.616
2024-10-11 21:00:00+03:00,18.616,18.667
2024-10-11 23:00:00+03:00,18.667,18.658
2024-10-12 01:00:00+03:00,18.657,18.577
2024-10-12 03:00:00+03:00,18.577,18.66
2024-10-12 05:00:00+03:00,18.659,18.521
2024-10-12 07:00:00+03:00,18.523,18.617
2024-10-12 09:00:00+03:00,18.617,18.742
2024-10-12 11:00:00+03:00,18.742,18.768
2024-10-12 13:00:00+03:00,18.77,18.78
2024-10-12 15:00:00+03:00,18.779,18.869
2024-10-12 17:00:00+03:00,18.87,18.805
2024-10-12 19:00:00+03:00,18.804,18.766
2024-10-12 21:00:00+03:00,18.767,18.766
2024-10-12 23:00:00+03:00,18.767,18.804
2024-10-13 01:00:00+03:00,18.804,18.768
2024-10-13 03:00:00+03:00,18.768,18.621
2024-10-13 05:00:00+03:00,18.622,18.646
2024-10-13 07:00:00+03:00,18.643,18.703
2024-10-13 09:00:00+03:00,18.703,18.713
2024-10-13 11:00:00+03:00,18.714,18.689
2024-10-13 13:00:00+03:00,18.69,18.521
2024-10-13 15:00:00+03:00,18.522,18.539
2024-10-13 17:00:00+03:00,18.538,18.35
2024-10-13 19:00:00+03:00,18.35,18.411
2024-10-13 21:00:00+03:00,18.411,18.5
2024-10-13 23:00:00+03:00,18.501,18.511
2024-10-14 01:00:00+03:00,18.511,18.544
2024-10-14 03:00:00+03:00,18.544,18.443
2024-10-14 05:00:00+03:00,18.442,18.886
2024-10-14 07:00:00+03:00,18.886,18.819
2024-10-14 09:00:00+03:00,18.82,18.939
2024-10-14 11:00:00+03:00,18.938,18.974
2024-10-14 13:00:00+03:00,18.974,18.935
2024-10-14 15:00:00+03:00,18.936,19.241
2024-10-14 17:00:00+03:00,19.241,19.448
2024-10-14 19:00:00+03:00,19.448,19.419
2024-10-14 21:00:00+03:00,19.418,19.46
2024-10-14 23:00:00+03:00,19.459,19.4
2024-10-15 01:00:00+03:00,19.4,19.487
2024-10-15 03:00:00+03:00,19.487,19.526
2024-10-15 05:00:00+03:00,19.526,19.27
2024-10-15 07:00:00+03:00,19.27,19.158
2024-10-15 09:00:00+03:00,19.157,19.257
2024-10-15 11:00:00+03:00,19.257,19.211
2024-10-15 13:00:00+03:00,19.21,18.954
2024-10-15 15:00:00+03:00,18.956,19.664
2024-10-15 17:00:00+03:00,19.665,19.037
2024-10-15 19:00:00+03:00,19.035,19.285
2024-10-15 21:00:00+03:00,19.286,19.224
2024-10-15 23:00:00+03:00,19.223,19.219
2024-10-16 01:00:00+03:00,19.218,19.346
2024-10-16 03:00:00+03:00,19.346,19.553
2024-10-16 05:00:00+03:00,19.553,19.472
2024-10-16 07:00:00+03:00,19.472,19.456
2024-10-16 09:00:00+03:00,19.456,19.258
2024-10-16 11:00:00+03:00,19.259,19.663
2024-10-16 13:00:00+03:00,19.664,19.578
2024-10-16 15:00:00+03:00,19.579,19.449
2024-10-16 17:00:00+03:00,19.452,19.35
2024-10-16 19:00:00+03:00,19.349,19.339
2024-10-16 21:00:00+03:00,19.338,19.355
2024-10-16 23:00:00+03:00,19.354,19.404
2024-10-17 01:00:00+03:00,19.405,19.363
2024-10-17 03:00:00+03:00,19.363,19.584
2024-10-17 05:00:00+03:00,19.585,19.511
2024-10-17 07:00:00+03:00,19.511,19.311
2024-10-17 09:00:00+03:00,19.306,19.186
2024-10-17 11:00:00+03:00,19.187,19.068
2024-10-17 13:00:00+03:00,19.065,18.871
2024-10-17 15:00:00+03:00,18.871,18.843
2024-10-17 17:00:00+03:00,18.844,19.027
2024-10-17 19:00:00+03:00,19.029,18.958
2024-10-17 21:00:00+03:00,18.958,18.924
2024-10-17 23:00:00+03:00,18.931,18.986
2024-10-18 01:00:00+03:00,18.987,19.039
2024-10-18 03:00:00+03:00,19.038,19.276
2024-10-18 05:00:00+03:00,19.276,19.079
2024-10-18 07:00:00+03:00,19.079,19.174
2024-10-18 09:00:00+03:00,19.172,19.187
2024-10-18 11:00:00+03:00,19.186,19.134
2024-10-18 13:00:00+03:00,19.134,19.073
2024-10-18 15:00:00+03:00,19.073,19.108
2024-10-18 17:00:00+03:00,19.108,19.261
2024-10-18 19:00:00+03:00,19.261,19.328
2024-10-18 21:00:00+03:00,19.326,19.241
2024-10-18 23:00:00+03:00,19.241,19.226
2024-10-19 01:00:00+03:00,19.225,19.352
2024-10-19 03:00:00+03:00,19.351,19.446
2024-10-19 05:00:00+03:00,19.445,19.478
2024-10-19 07:00:00+03:00,19.478,19.429
2024-10-19 09:00:00+03:00,19.428,19.36
2024-10-19 11:00:00+03:00,19.359,19.342
2024-10-19 13:00:00+03:00,19.342,19.208
2024-10-19 15:00:00+03:00,19.209,19.277
2024-10-19 17:00:00+03:00,19.278,19.415
2024-10-19 19:00:00+03:00,19.413,19.414
2024-10-19 21:00:00+03:00,19.415,19.596
2024-10-19 23:00:00+03:00,19.595,19.78
2024-10-20 01:00:00+03:00,19.778,19.882
2024-10-20 03:00:00+03:00,19.884,19.681
2024-10-20 05:00:00+03:00,19.681,19.688
2024-10-20 07:00:00+03:00,19.688,19.652
2024-10-20 09:00:00+03:00,19.652,19.643
2024-10-20 11:00:00+03:00,19.643,19.656
2024-10-20 13:00:00+03:00,19.656,19.662
2024-10-20 15:00:00+03:00,19.661,19.792
2024-10-20 17:00:00+03:00,19.792,20.115
2024-10-20 19:00:00+03:00,20.115,19.878
2024-10-20 21:00:00+03:00,19.879,19.792
2024-10-20 23:00:00+03:00,19.791,19.95
2024-10-21 01:00:00+03:00,19.951,20.19
2024-10-21 03:00:00+03:00,20.194,20.159
2024-10-21 05:00:00+03:00,20.161,19.944
2024-10-21 07:00:00+03:00,19.944,20.06
2024-10-21 09:00:00+03:00,20.06,19.912
2024-10-21 11:00:00+03:00,19.912,19.906
2024-10-21 13:00:00+03:00,19.906,19.8
2024-10-21 15:00:00+03:00,19.801,19.507
2024-10-21 17:00:00+03:00,19.508,19.493
2024-10-21 19:00:00+03:00,19.493,19.551
2024-10-21 21:00:00+03:00,19.55,19.589
2024-10-21 23:00:00+03:00,19.589,19.531
2024-10-22 01:00:00+03:00,19.53,19.407
2024-10-22 03:00:00+03:00,19.405,19.471
2024-10-22 05:00:00+03:00,19.472,19.439
2024-10-22 07:00:00+03:00,19.44,19.437
2024-10-22 09:00:00+03:00,19.437,19.284
2024-10-22 11:00:00+03:00,19.283,19.158
2024-10-22 13:00:00+03:00,19.158,19.181
2024-10-22 15:00:00+03:00,19.183,19.068
2024-10-22 17:00:00+03:00,19.069,18.975
2024-10-22 19:00:00+03:00,18.973,19.023
2024-10-22 21:00:00+03:00,19.023,19.012
2024-10-22 23:00:00+03:00,19.011,19.012
2024-10-23 01:00:00+03:00,19.011,19.06
2024-10-23 03:00:00+03:00,19.06,18.97
2024-10-23 05:00:00+03:00,18.97,18.93
2024-10-23 07:00:00+03:00,18.93,18.901
2024-10-23 09:00:00+03:00,18.899,18.807
2024-10-23 11:00:00+03:00,18.806,18.739
2024-10-23 13:00:00+03:00,18.738,18.703
2024-10-23 15:00:00+03:00,18.703,18.804
2024-10-23 17:00:00+03:00,18.804,18.668
2024-10-23 19:00:00+03:00,18.668,18.353
2024-10-23 21:00:00+03:00,18.352,18.536
2024-10-23 23:00:00+03:00,18.535,18.543
2024-10-24 01:00:00+03:00,18.543,18.634
2024-10-24 03:00:00+03:00,18.635,18.74
2024-10-24 05:00:00+03:00,18.742,18.77
2024-10-24 07:00:00+03:00,18.769,18.802
2024-10-24 09:00:00+03:00,18.802,18.625
2024-10-24 11:00:00+03:00,18.626,18.531
2024-10-24 13:00:00+03:00,18.531,18.651
2024-10-24 15:00:00+03:00,18.65,18.819
2024-10-24 17:00:00+03:00,18.819,18.733
2024-10-24 19:00:00+03:00,18.733,18.764
2024-10-24 21:00:00+03:00,18.764,18.905
2024-10-24 23:00:00+03:00,18.905,18.895
2024-10-25 01:00:00+03:00,18.893,18.873
2024-10-25 03:00:00+03:00,18.872,18.779
2024-10-25 05:00:00+03:00,18.779,18.735
2024-10-25 07:00:00+03:00,18.735,18.6
2024-10-25 09:00:00+03:00,18.6,18.7
2024-10-25 11:00:00+03:00,18.7,19.09
2024-10-25 13:00:00+03:00,19.089,19.196
2024-10-25 15:00:00+03:00,19.196,19.304
2024-10-25 17:00:00+03:00,19.304,19.244
2024-10-25 19:00:00+03:00,19.243,19.011
2024-10-25 21:00:00+03:00,19.012,18.904
2024-10-25 23:00:00+03:00,18.902,19.253
2024-10-26 01:00:00+03:00,19.252,18.235
2024-10-26 03:00:00+03:00,18.235,18.265
2024-10-26 05:00:00+03:00,18.266,18.405
2024-10-26 07:00:00+03:00,18.409,18.443
2024-10-26 09:00:00+03:00,18.443,18.342
2024-10-26 11:00:00+03:00,18.343,18.37
2024-10-26 13:00:00+03:00,18.37,18.349
2024-10-26 15:00:00+03:00,18.348,18.187
2024-10-26 17:00:00+03:00,18.186,18.065
2024-10-26 19:00:00+03:00,18.064,18.217
2024-10-26 21:00:00+03:00,18.218,18.223
2024-10-26 23:00:00+03:00,18.223,18.231
2024-10-27 01:00:00+03:00,18.232,18.212
2024-10-27 02:00:00+02:00,18.211,18.192
2024-10-27 04:00:00+02:00,18.192,18.179
2024-10-27 06:00:00+02:00,18.182,18.136
2024-10-27 08:00:00+02:00,18.135,18.174
2024-10-27 10:00:00+02:00,18.173,18.107
2024-10-27 12:00:00+02:00,18.107,18.116
2024-10-27 14:00:00+02:00,18.115,18.287
2024-10-27 16:00:00+02:00,18.287,18.507
2024-10-27 18:00:00+02:00,18.507,18.388
2024-10-27 20:00:00+02:00,18.387,18.294
2024-10-27 22:00:00+02:00,18.294,18.379
2024-10-28 00:00:00+02:00,18.379,18.409
2024-10-28 02:00:00+02:00,18.408,18.274
2024-10-28 04:00:00+02:00,18.277,18.226
2024-10-28 06:00:00+02:00,18.226,18.248
2024-10-28 08:00:00+02:00,18.248,18.316
2024-10-28 10:00:00+02:00,18.315,18.475
2024-10-28 12:00:00+02:00,18.475,18.459
2024-10-28 14:00:00+02:00,18.459,18.512
2024-10-28 16:00:00+02:00,18.514,18.444
2024-10-28 18:00:00+02:00,18.443,18.554
2024-10-28 20:00:00+02:00,18.558,18.746
2024-10-28 22:00:00+02:00,18.729,18.872
2024-10-29 00:00:00+02:00,18.875,18.988
2024-10-29 02:00:00+02:00,18.988,19.049
2024-10-29 04:00:00+02:00,19.05,19.166
2024-10-29 06:00:00+02:00,19.166,19.107
2024-10-29 08:00:00+02:00,19.106,19.128
2024-10-29 10:00:00+02:00,19.128,19.167
2024-10-29 12:00:00+02:00,19.167,19.257
2024-10-29 14:00:00+02:00,19.257,19.254
2024-10-29 16:00:00+02:00,19.251,19.331
2024-10-29 18:00:00+02:00,19.33,19.41
2024-10-29 20:00:00+02:00,19.41,19.297
2024-10-29 22:00:00+02:00,19.299,19.362
2024-10-30 00:00:00+02:00,19.362,19.434
2024-10-30 02:00:00+02:00,19.435,19.303
2024-10-30 04:00:00+02:00,19.303,19.378
2024-10-30 06:00:00+02:00,19.378,19.364
2024-10-30 08:00:00+02:00,19.365,19.568
2024-10-30 10:00:00+02:00,19.568,19.65
2024-10-30 12:00:00+02:00,19.648,19.484
2024-10-30 14:00:00+02:00,19.485,19.53
2024-10-30 16:00:00+02:00,19.527,19.668
2024-10-30 18:00:00+02:00,19.668,19.549
2024-10-30 20:00:00+02:00,19.549,19.476
2024-10-30 22:00:00+02:00,19.473,19.537
2024-10-31 00:00:00+02:00,19.536,19.454
2024-10-31 02:00:00+02:00,19.453,19.493
2024-10-31 04:00:00+02:00,19.493,19.415
2024-10-31 06:00:00+02:00,19.414,19.357
2024-10-31 08:00:00+02:00,19.358,19.281
2024-10-31 10:00:00+02:00,19.28,19.148
2024-10-31 12:00:00+02:00,19.147,19.163
2024-10-31 14:00:00+02:00,19.161,19.077
2024-10-31 16:00:00+02:00,19.078,18.773
2024-10-31 18:00:00+02:00,18.773,18.756
2024-10-31 20:00:00+02:00,18.66,18.464
2024-10-31 22:00:00+02:00,18.46,18.618
2024-11-01 00:00:00+02:00,18.619,18.594
2024-11-01 02:00:00+02:00,18.595,18.461
2024-11-01 04:00:00+02:00,18.46,18.557
2024-11-01 06:00:00+02:00,18.556,18.515
2024-11-01 08:00:00+02:00,18.515,18.325
2024-11-01 10:00:00+02:00,18.325,18.368
2024-11-01 12:00:00+02:00,18.366,18.444
2024-11-01 14:00:00+02:00,18.443,18.805
2024-11-01 16:00:00+02:00,18.806,18.492
2024-11-01 18:00:00+02:00,18.493,18.518
2024-11-01 20:00:00+02:00,18.517,18.509
2024-11-01 22:00:00+02:00,18.512,18.454
2024-11-02 00:00:00+02:00,18.453,18.453
2024-11-02 02:00:00+02:00,18.453,18.537
2024-11-02 04:00:00+02:00,18.537,18.482
2024-11-02 06:00:00+02:00,18.481,18.496
2024-11-02 08:00:00+02:00,18.494,18.502
2024-11-02 10:00:00+02:00,18.501,18.382
2024-11-02 12:00:00+02:00,18.382,18.304
2024-11-02 14:00:00+02:00,18.304,18.054
2024-11-02 16:00:00+02:00,18.054,18.095
2024-11-02 18:00:00+02:00,18.096,18.078
2024-11-02 20:00:00+02:00,18.077,18.101
2024-11-02 22:00:00+02:00,18.101,18.112
2024-11-03 00:00:00+02:00,18.111,18.118
2024-11-03 02:00:00+02:00,18.117,17.996
2024-11-03 04:00:00+02:00,17.998,17.87
2024-11-03 06:00:00+02:00,17.87,17.841
2024-11-03 08:00:00+02:00,17.84,17.877
2024-11-03 10:00:00+02:00,17.877,17.798
2024-11-03 12:00:00+02:00,17.799,17.805
2024-11-03 14:00:00+02:00,17.805,17.557
2024-11-03 16:00:00+02:00,17.557,17.616
2024-11-03 18:00:00+02:00,17.616,17.723
2024-11-03 20:00:00+02:00,17.723,17.789
2024-11-03 22:00:00+02:00,17.787,17.898
2024-11-04 00:00:00+02:00,17.899,17.782
2024-11-04 02:00:00+02:00,17.783,17.852
2024-11-04 04:00:00+02:00,17.853,17.815
2024-11-04 06:00:00+02:00,17.815,17.701
2024-11-04 08:00:00+02:00,17.701,17.686
2024-11-04 10:00:00+02:00,17.685,17.724
2024-11-04 12:00:00+02:00,17.721,17.854
2024-11-04 14:00:00+02:00,17.854,17.804
2024-11-04 16:00:00+02:00,17.803,17.748
2024-11-04 18:00:00+02:00,17.748,17.742
2024-11-04 20:00:00+02:00,17.743,17.803
2024-11-04 22:00:00+02:00,17.806,17.361
2024-11-05 00:00:00+02:00,17.357,17.593
2024-11-05 02:00:00+02:00,17.593,17.749
2024-11-05 04:00:00+02:00,17.748,17.85
2024-11-05 06:00:00+02:00,17.85,17.932
2024-11-05 08:00:00+02:00,17.932,17.967
2024-11-05 10:00:00+02:00,17.97,17.967
2024-11-05 12:00:00+02:00,17.967,18.009
2024-11-05 14:00:00+02:00,18.009,17.985
2024-11-05 16:00:00+02:00,17.984,18.079
2024-11-05 18:00:00+02:00,18.08,18.173
2024-11-05 20:00:00+02:00,18.173,17.981
2024-11-05 22:00:00+02:00,17.981,18.141
2024-11-06 00:00:00+02:00,18.141,18.217
2024-11-06 02:00:00+02:00,18.217,18.532
2024-11-06 04:00:00+02:00,18.535,19.152
2024-11-06 06:00:00+02:00,19.151,19.159
2024-11-06 08:00:00+02:00,19.16,19.134
2024-11-06 10:00:00+02:00,19.135,19.17
2024-11-06 12:00:00+02:00,19.171,19.194
2024-11-06 14:00:00+02:00,19.194,19.135
2024-11-06 16:00:00+02:00,19.136,19.058
2024-11-06 18:00:00+02:00,19.056,19.127
2024-11-06 20:00:00+02:00,19.128,19.216
2024-11-06 22:00:00+02:00,19.215,19.37
2024-11-07 00:00:00+02:00,19.369,19.683
2024-11-07 02:00:00+02:00,19.683,20.401
2024-11-07 04:00:00+02:00,20.401,20.37
2024-11-07 06:00:00+02:00,20.37,20.273
2024-11-07 08:00:00+02:00,20.273,20.075
2024-11-07 10:00:00+02:00,20.075,20.018
2024-11-07 12:00:00+02:00,20.016,19.88
2024-11-07 14:00:00+02:00,19.879,19.759
2024-11-07 16:00:00+02:00,19.758,20.007
2024-11-07 18:00:00+02:00,20.006,20.07
2024-11-07 20:00:00+02:00,20.072,20.102
2024-11-07 22:00:00+02:00,20.102,20.223
2024-11-08 00:00:00+02:00,20.224,20.264
2024-11-08 02:00:00+02:00,20.266,20.189
2024-11-08 04:00:00+02:00,20.188,20.01
2024-11-08 06:00:00+02:00,20.01,20.217
2024-11-08 08:00:00+02:00,20.216,20.213
2024-11-08 10:00:00+02:00,20.212,20.179
2024-11-08 12:00:00+02:00,20.178,20.224
2024-11-08 14:00:00+02:00,20.224,20.376
2024-11-08 16:00:00+02:00,20.375,20.165
2024-11-08 18:00:00+02:00,20.164,20.054
2024-11-08 20:00:00+02:00,20.056,20.237
2024-11-08 22:00:00+02:00,20.236,20.206
2024-11-09 00:00:00+02:00,20.205,20.454
2024-11-09 02:00:00+02:00,20.454,20.266
2024-11-09 04:00:00+02:00,20.268,20.154
2024-11-09 06:00:00+02:00,20.153,20.969
2024-11-09 08:00:00+02:00,20.969,20.787
2024-11-09 10:00:00+02:00,20.787,20.971
2024-11-09 12:00:00+02:00,20.97,20.932
2024-11-09 14:00:00+02:00,20.931,20.67
2024-11-09 16:00:00+02:00,20.67,20.569
2024-11-09 18:00:00+02:00,20.568,20.573
2024-11-09 20:00:00+02:00,20.577,20.712
2024-11-09 22:00:00+02:00,20.713,20.851
2024-11-10 00:00:00+02:00,20.854,21.792
2024-11-10 02:00:00+02:00,21.792,21.53
2024-11-10 04:00:00+02:00,21.53,22.194
2024-11-10 06:00:00+02:00,22.194,22.843
2024-11-10 08:00:00+02:00,22.843,22.945
2024-11-10 10:00:00+02:00,22.945,22.959
2024-11-10 12:00:00+02:00,22.958,23.292
2024-11-10 14:00:00+02:00,23.294,23.449
2024-11-10 16:00:00+02:00,23.45,23.265
2024-11-10 18:00:00+02:00,23.265,23.808
2024-11-10 20:00:00+02:00,23.808,23.367
2024-11-10 22:00:00+02:00,23.367,22.985
2024-11-11 00:00:00+02:00,22.986,23.039
2024-11-11 02:00:00+02:00,23.04,23.168
2024-11-11 04:00:00+02:00,23.169,23.416
2024-11-11 06:00:00+02:00,23.414,22.491
2024-11-11 08:00:00+02:00,22.489,22.571
2024-11-11 10:00:00+02:00,22.572,22.783
2024-11-11 12:00:00+02:00,22.781,22.944
2024-11-11 14:00:00+02:00,22.944,22.581
2024-11-11 16:00:00+02:00,22.577,23.161
2024-11-11 18:00:00+02:00,23.164,23.279
2024-11-11 20:00:00+02:00,23.281,23.322
2024-11-11 22:00:00+02:00,23.322,23.477
2024-11-12 00:00:00+02:00,23.479,24.403
2024-11-12 02:00:00+02:00,24.404,23.603
2024-11-12 04:00:00+02:00,23.604,23.448
2024-11-12 06:00:00+02:00,23.447,23.169
2024-11-12 08:00:00+02:00,23.166,23.544
2024-11-12 10:00:00+02:00,23.546,23.36
2024-11-12 12:00:00+02:00,23.361,22.672
2024-11-12 14:00:00+02:00,22.672,22.318
2024-11-12 16:00:00+02:00,22.319,22.32
2024-11-12 18:00:00+02:00,22.321,22.264
2024-11-12 20:00:00+02:00,22.265,22.691
2024-11-12 22:00:00+02:00,22.692,22.882
2024-11-13 00:00:00+02:00,22.882,22.764
2024-11-13 02:00:00+02:00,22.765,22.871
2024-11-13 04:00:00+02:00,22.87,22.054
2024-11-13 06:00:00+02:00,22.054,21.454
2024-11-13 08:00:00+02:00,21.454,21.817
2024-11-13 10:00:00+02:00,21.818,21.674
2024-11-13 12:00:00+02:00,21.676,21.882
2024-11-13 14:00:00+02:00,21.878,22.15
2024-11-13 16:00:00+02:00,22.148,22.817
2024-11-13 18:00:00+02:00,22.816,22.697
2024-11-13 20:00:00+02:00,22.697,21.737
2024-11-13 22:00:00+02:00,21.738,21.702
2024-11-14 00:00:00+02:00,21.694,22.092
2024-11-14 02:00:00+02:00,22.091,22.482
2024-11-14 04:00:00+02:00,22.479,22.602
2024-11-14 06:00:00+02:00,22.603,22.471
2024-11-14 08:00:00+02:00,22.472,22.634
2024-11-14 10:00:00+02:00,22.634,22.557
2024-11-14 12:00:00+02:00,22.555,22.33
2024-11-14 14:00:00+02:00,22.328,22.206
2024-11-14 16:00:00+02:00,22.207,21.495
2024-11-14 18:00:00+02:00,21.5,21.984
2024-11-14 20:00:00+02:00,21.988,22.348
2024-11-14 22:00:00+02:00,22.344,22.563
2024-11-15 00:00:00+02:00,22.563,21.815
2024-11-15 02:00:00+02:00,21.815,22.116
2024-11-15 04:00:00+02:00,22.116,22.177
2024-11-15 06:00:00+02:00,22.177,21.924
2024-11-15 08:00:00+02:00,21.924,21.961
2024-11-15 10:00:00+02:00,21.965,22.307
2024-11-15 12:00:00+02:00,22.309,22.486
2024-11-15 14:00:00+02:00,22.485,22.978
2024-11-15 16:00:00+02:00,22.979,22.265
2024-11-15 18:00:00+02:00,22.266,22.607
2024-11-15 20:00:00+02:00,22.608,22.796
2024-11-15 22:00:00+02:00,22.796,23.038
2024-11-16 00:00:00+02:00,23.037,23.009
2024-11-16 02:00:00+02:00,23.01,23.092
2024-11-16 04:00:00+02:00,23.091,23.528
2024-11-16 06:00:00+02:00,23.528,23.821
2024-11-16 08:00:00+02:00,23.822,23.677
2024-11-16 10:00:00+02:00,23.677,24.513
2024-11-16 12:00:00+02:00,24.516,25.447
2024-11-16 14:00:00+02:00,25.444,25.837
2024-11-16 16:00:00+02:00,25.837,26.63
2024-11-16 18:00:00+02:00,26.626,28.226
2024-11-16 20:00:00+02:00,28.222,28.192
2024-11-16 22:00:00+02:00,28.198,27.244
2024-11-17 00:00:00+02:00,27.248,26.756
2024-11-17 02:00:00+02:00,26.755,28.304
2024-11-17 04:00:00+02:00,28.307,27.752
2024-11-17 06:00:00+02:00,27.752,27.182
2024-11-17 08:00:00+02:00,27.19,27.296
2024-11-17 10:00:00+02:00,27.296,26.936
2024-11-17 12:00:00+02:00,26.935,25.947
2024-11-17 14:00:00+02:00,25.948,26.379
2024-11-17 16:00:00+02:00,26.378,25.715
2024-11-17 18:00:00+02:00,25.716,25.943
2024-11-17 20:00:00+02:00,25.943,25.57
2024-11-17 22:00:00+02:00,25.57,25.383
2024-11-18 00:00:00+02:00,25.383,25.826
2024-11-18 02:00:00+02:00,25.829,26.661
2024-11-18 04:00:00+02:00,26.66,26.436
2024-11-18 06:00:00+02:00,26.436,26.946
2024-11-18 08:00:00+02:00,26.947,26.978
2024-11-18 10:00:00+02:00,26.978,26.493
2024-11-18 12:00:00+02:00,26.492,26.21
2024-11-18 14:00:00+02:00,26.214,25.914
2024-11-18 16:00:00+02:00,25.913,26.665
2024-11-18 18:00:00+02:00,26.666,26.526
2024-11-18 20:00:00+02:00,26.528,25.941
2024-11-18 22:00:00+02:00,25.94,26.462
2024-11-19 00:00:00+02:00,26.458,27.053
2024-11-19 02:00:00+02:00,27.053,26.494
2024-11-19 04:00:00+02:00,26.494,26.481
2024-11-19 06:00:00+02:00,26.481,26.477
2024-11-19 08:00:00+02:00,26.477,26.31
2024-11-19 10:00:00+02:00,26.309,26.136
2024-11-19 12:00:00+02:00,26.136,26.316
2024-11-19 14:00:00+02:00,26.317,25.987
2024-11-19 16:00:00+02:00,25.983,26.232
2024-11-19 18:00:00+02:00,26.234,26.238
2024-11-19 20:00:00+02:00,26.239,26.373
2024-11-19 22:00:00+02:00,26.371,25.926
2024-11-20 00:00:00+02:00,25.927,26.186
2024-11-20 02:00:00+02:00,26.187,25.722
2024-11-20 04:00:00+02:00,25.723,25.415
2024-11-20 06:00:00+02:00,25.415,25.874
2024-11-20 08:00:00+02:00,25.875,25.687
2024-11-20 10:00:00+02:00,25.685,26.005
2024-11-20 12:00:00+02:00,26.005,25.939
2024-11-20 14:00:00+02:00,25.941,26.209
2024-11-20 16:00:00+02:00,26.21,26.105
2024-11-20 18:00:00+02:00,26.105,25.314
2024-11-20 20:00:00+02:00,25.316,25.052
2024-11-20 22:00:00+02:00,25.052,25.345
2024-11-21 00:00:00+02:00,25.341,25.38
2024-11-21 02:00:00+02:00,25.382,25.487
2024-11-21 04:00:00+02:00,25.483,25.429
2024-11-21 06:00:00+02:00,25.432,26.503
2024-11-21 08:00:00+02:00,26.503,26.657
2024-11-21 10:00:00+02:00,26.657,26.434
2024-11-21 12:00:00+02:00,26.435,26.705
2024-11-21 14:00:00+02:00,26.704,27.616
2024-11-21 16:00:00+02:00,27.617,27.129
2024-11-21 18:00:00+02:00,27.13,27.476
2024-11-21 20:00:00+02:00,27.478,27.253
2024-11-21 22:00:00+02:00,27.251,27.203
2024-11-22 00:00:00+02:00,27.203,27.369
2024-11-22 02:00:00+02:00,27.371,27.627
2024-11-22 04:00:00+02:00,27.627,27.822
2024-11-22 06:00:00+02:00,27.822,28.13
2024-11-22 08:00:00+02:00,28.13,27.872
2024-11-22 10:00:00+02:00,27.873,28.087
2024-11-22 12:00:00+02:00,28.082,28.514
2024-11-22 14:00:00+02:00,28.513,27.458
2024-11-22 16:00:00+02:00,27.459,27.951
2024-11-22 18:00:00+02:00,27.949,27.863
2024-11-22 20:00:00+02:00,27.863,28.066
2024-11-22 22:00:00+02:00,28.066,28.063
2024-11-23 00:00:00+02:00,28.065,28.539
2024-11-23 02:00:00+02:00,28.545,29.814
2024-11-23 04:00:00+02:00,29.811,29.29
2024-11-23 06:00:00+02:00,29.291,29.279
2024-11-23 08:00:00+02:00,29.279,29.422
2024-11-23 10:00:00+02:00,29.423,29.581
2024-11-23 12:00:00+02:00,29.58,29.657
2024-11-23 14:00:00+02:00,29.656,30.317
2024-11-23 16:00:00+02:00,30.317,30.567
2024-11-23 18:00:00+02:00,30.567,30.051
2024-11-23 20:00:00+02:00,30.051,29.981
2024-11-23 22:00:00+02:00,29.977,29.921
2024-11-24 00:00:00+02:00,29.92,29.661
2024-11-24 02:00:00+02:00,29.659,30.206
2024-11-24 04:00:00+02:00,30.206,30.428
2024-11-24 06:00:00+02:00,30.428,30.006
2024-11-24 08:00:00+02:00,30.006,30.271
2024-11-24 10:00:00+02:00,30.266,29.419
2024-11-24 12:00:00+02:00,29.42,28.448
2024-11-24 14:00:00+02:00,28.445,28.232
2024-11-24 16:00:00+02:00,28.233,27.35
2024-11-24 18:00:00+02:00,27.335,27.702
2024-11-24 20:00:00+02:00,27.695,27.858
2024-11-24 22:00:00+02:00,27.858,28.601
2024-11-25 00:00:00+02:00,28.601,28.867
2024-11-25 02:00:00+02:00,28.866,28.183
2024-11-25 04:00:00+02:00,28.184,28.565
2024-11-25 06:00:00+02:00,28.569,28.981
2024-11-25 08:00:00+02:00,28.981,29.161
2024-11-25 10:00:00+02:00,29.158,30.194
2024-11-25 12:00:00+02:00,30.195,30.939
2024-11-25 14:00:00+02:00,30.947,30.982
2024-11-25 16:00:00+02:00,30.982,31.616
2024-11-25 18:00:00+02:00,31.617,31.103
2024-11-25 20:00:00+02:00,31.112,30.858
2024-11-25 22:00:00+02:00,30.857,30.3
2024-11-26 00:00:00+02:00,30.299,29.805
2024-11-26 02:00:00+02:00,29.802,30.284
2024-11-26 04:00:00+02:00,30.284,29.84
2024-11-26 06:00:00+02:00,29.841,29.91
2024-11-26 08:00:00+02:00,29.907,29.18
2024-11-26 10:00:00+02:00,29.18,28.719
2024-11-26 12:00:00+02:00,28.719,28.097
2024-11-26 14:00:00+02:00,28.092,27.955
2024-11-26 16:00:00+02:00,27.955,27.968
2024-11-26 18:00:00+02:00,27.968,28.275
2024-11-26 20:00:00+02:00,28.275,27.729
2024-11-26 22:00:00+02:00,27.725,28.071
2024-11-27 00:00:00+02:00,28.073,28.352
2024-11-27 02:00:00+02:00,28.353,28.363
2024-11-27 04:00:00+02:00,28.363,28.508
2024-11-27 06:00:00+02:00,28.509,29.578
2024-11-27 08:00:00+02:00,29.576,29.829
2024-11-27 10:00:00+02:00,29.829,29.076
2024-11-27 12:00:00+02:00,29.077,29.621
2024-11-27 14:00:00+02:00,29.621,29.85
2024-11-27 16:00:00+02:00,29.849,30.205
2024-11-27 18:00:00+02:00,30.205,30.24
2024-11-27 20:00:00+02:00,30.235,30.456
2024-11-27 22:00:00+02:00,30.461,31.344
2024-11-28 00:00:00+02:00,31.342,32.935
2024-11-28 02:00:00+02:00,32.929,32.257
2024-11-28 04:00:00+02:00,32.258,31.94
2024-11-28 06:00:00+02:00,31.944,32.04
2024-11-28 08:00:00+02:00,32.04,31.832
2024-11-28 10:00:00+02:00,31.834,31.702
2024-11-28 12:00:00+02:00,31.708,32.255
2024-11-28 14:00:00+02:00,32.258,32.145
2024-11-28 16:00:00+02:00,32.145,31.438
2024-11-28 18:00:00+02:00,31.438,31.504
2024-11-28 20:00:00+02:00,31.505,31.929
2024-11-28 22:00:00+02:00,31.929,32.099
2024-11-29 00:00:00+02:00,32.1,31.934
2024-11-29 02:00:00+02:00,31.929,31.526
2024-11-29 04:00:00+02:00,31.525,31.682
2024-11-29 06:00:00+02:00,31.682,31.584
2024-11-29 08:00:00+02:00,31.589,31.075
2024-11-29 10:00:00+02:00,31.076,31.367
2024-11-29 12:00:00+02:00,31.368,31.683
2024-11-29 14:00:00+02:00,31.685,31.855
2024-11-29 16:00:00+02:00,31.857,31.954
2024-11-29 18:00:00+02:00,31.959,31.685
2024-11-29 20:00:00+02:00,31.688,31.993
2024-11-29 22:00:00+02:00,31.993,32.131
2024-11-30 00:00:00+02:00,32.131,31.969
2024-11-30 02:00:00+02:00,31.969,32.071
2024-11-30 04:00:00+02:00,32.076,33.483
2024-11-30 06:00:00+02:00,33.484,33.556
2024-11-30 08:00:00+02:00,33.556,33.233
2024-11-30 10:00:00+02:00,33.233,33.13
2024-11-30 12:00:00+02:00,33.131,32.858
2024-11-30 14:00:00+02:00,32.859,32.73
2024-11-30 16:00:00+02:00,32.731,32.556
2024-11-30 18:00:00+02:00,32.556,32.806
2024-11-30 20:00:00+02:00,32.805,32.805
2024-11-30 22:00:00+02:00,32.806,33.03
2024-12-01 00:00:00+02:00,33.031,32.724
2024-12-01 02:00:00+02:00,32.724,32.482
2024-12-01 04:00:00+02:00,32.482,32.255
2024-12-01 06:00:00+02:00,32.254,31.956
2024-12-01 08:00:00+02:00,31.956,32.268
2024-12-01 10:00:00+02:00,32.267,32.336
2024-12-01 12:00:00+02:00,32.336,32.253
2024-12-01 14:00:00+02:00,32.252,32.242
2024-12-01 16:00:00+02:00,32.246,32.895
2024-12-01 18:00:00+02:00,32.903,32.709
2024-12-01 20:00:00+02:00,32.708,32.776
2024-12-01 22:00:00+02:00,32.771,33.032
2024-12-02 00:00:00+02:00,33.031,33.359
2024-12-02 02:00:00+02:00,33.359,34.082
2024-12-02 04:00:00+02:00,34.08,33.011
2024-12-02 06:00:00+02:00,33.011,33.228
2024-12-02 08:00:00+02:00,33.231,32.99
2024-12-02 10:00:00+02:00,32.994,32.051
2024-12-02 12:00:00+02:00,32.052,31.47
2024-12-02 14:00:00+02:00,31.471,33.589
2024-12-02 16:00:00+02:00,33.588,33.256
2024-12-02 18:00:00+02:00,33.256,32.007
2024-12-02 20:00:00+02:00,32.014,33.133
2024-12-02 22:00:00+02:00,33.13,34.02
2024-12-03 00:00:00+02:00,34.02,33.902
2024-12-03 02:00:00+02:00,33.898,33.51
2024-12-03 04:00:00+02:00,33.511,34.059
2024-12-03 06:00:00+02:00,34.057,34.338
2024-12-03 08:00:00+02:00,34.338,33.44
2024-12-03 10:00:00+02:00,33.438,33.805
2024-12-03 12:00:00+02:00,33.805,34.174
2024-12-03 14:00:00+02:00,34.174,32.095
2024-12-03 16:00:00+02:00,32.095,32.129
2024-12-03 18:00:00+02:00,32.129,32.321
2024-12-03 20:00:00+02:00,32.322,32.355
2024-12-03 22:00:00+02:00,32.354,33.235
2024-12-04 00:00:00+02:00,33.235,34.778
2024-12-04 02:00:00+02:00,34.779,36.297
2024-12-04 04:00:00+02:00,36.299,35.4
2024-12-04 06:00:00+02:00,35.399,35.781
2024-12-04 08:00:00+02:00,35.781,36.679
2024-12-04 10:00:00+02:00,36.68,36.905
2024-12-04 12:00:00+02:00,36.904,36.349
2024-12-04 14:00:00+02:00,36.349,36.139
2024-12-04 16:00:00+02:00,36.143,37.786
2024-12-04 18:00:00+02:00,37.79,36.901
2024-12-04 20:00:00+02:00,36.897,37.789
2024-12-04 22:00:00+02:00,37.789,38.105
2024-12-05 00:00:00+02:00,38.103,37.743
2024-12-05 02:00:00+02:00,37.74,35.984
2024-12-05 04:00:00+02:00,35.985,36.156
2024-12-05 06:00:00+02:00,36.156,35.801
2024-12-05 08:00:00+02:00,35.802,36.62
2024-12-05 10:00:00+02:00,36.621,36.937
2024-12-05 12:00:00+02:00,36.937,37.849
2024-12-05 14:00:00+02:00,37.85,37.311
2024-12-05 16:00:00+02:00,37.311,36.754
2024-12-05 18:00:00+02:00,36.756,37.33
2024-12-05 20:00:00+02:00,37.33,36.218
2024-12-05 22:00:00+02:00,36.223,36.517
2024-12-06 00:00:00+02:00,36.516,35.641
2024-12-06 02:00:00+02:00,35.642,36.636
2024-12-06 04:00:00+02:00,36.636,36.793
2024-12-06 06:00:00+02:00,36.789,36.421
2024-12-06 08:00:00+02:00,36.421,36.419
2024-12-06 10:00:00+02:00,36.42,35.564
2024-12-06 12:00:00+02:00,35.564,35.137
2024-12-06 14:00:00+02:00,35.137,35.145
2024-12-06 16:00:00+02:00,35.145,36.61
2024-12-06 18:00:00+02:00,36.613,38.154
2024-12-06 20:00:00+02:00,38.154,39.617
2024-12-06 22:00:00+02:00,39.616,39.34
2024-12-07 00:00:00+02:00,39.344,38.33
2024-12-07 02:00:00+02:00,38.33,37.951
2024-12-07 04:00:00+02:00,37.951,37.493
2024-12-07 06:00:00+02:00,37.494,37.308
2024-12-07 08:00:00+02:00,37.308,37.339
2024-12-07 10:00:00+02:00,37.338,37.292
2024-12-07 12:00:00+02:00,37.29,37.448
2024-12-07 14:00:00+02:00,37.448,37.5
2024-12-07 16:00:00+02:00,37.499,37.486
2024-12-07 18:00:00+02:00,37.487,36.964
2024-12-07 20:00:00+02:00,36.967,37.388
2024-12-07 22:00:00+02:00,37.388,37.399
2024-12-08 00:00:00+02:00,37.4,37.25
2024-12-08 02:00:00+02:00,37.251,37.216
2024-12-08 04:00:00+02:00,37.217,37.16
2024-12-08 06:00:00+02:00,37.16,36.634
2024-12-08 08:00:00+02:00,36.635,36.847
2024-12-08 10:00:00+02:00,36.847,35.958
2024-12-08 12:00:00+02:00,35.959,36.644
2024-12-08 14:00:00+02:00,36.641,37.052
2024-12-08 16:00:00+02:00,37.053,36.886
2024-12-08 18:00:00+02:00,36.884,36.798
2024-12-08 20:00:00+02:00,36.798,36.8
2024-12-08 22:00:00+02:00,36.801,36.767
2024-12-09 00:00:00+02:00,36.767,37.106
2024-12-09 02:00:00+02:00,37.109,36.003
2024-12-09 04:00:00+02:00,36.004,35.633
2024-12-09 06:00:00+02:00,35.631,35.972
2024-12-09 08:00:00+02:00,35.972,35.468
2024-12-09 10:00:00+02:00,35.466,34.411
2024-12-09 12:00:00+02:00,34.409,34.134
2024-12-09 14:00:00+02:00,34.133,35.068
2024-12-09 16:00:00+02:00,35.069,34.435
2024-12-09 18:00:00+02:00,34.436,34.182
2024-12-09 20:00:00+02:00,34.183,34.112
2024-12-09 22:00:00+02:00,34.114,30.93
2024-12-10 00:00:00+02:00,30.929,31.35
2024-12-10 02:00:00+02:00,31.348,31.84
2024-12-10 04:00:00+02:00,31.839,30.494
2024-12-10 06:00:00+02:00,30.498,31.176
2024-12-10 08:00:00+02:00,31.175,31.26
2024-12-10 10:00:00+02:00,31.26,31.381
2024-12-10 12:00:00+02:00,31.381,31.157
2024-12-10 14:00:00+02:00,31.158,30.263
2024-12-10 16:00:00+02:00,30.263,28.711
2024-12-10 18:00:00+02:00,28.713,28.038
2024-12-10 20:00:00+02:00,28.04,29.492
2024-12-10 22:00:00+02:00,29.492,30.153
2024-12-11 00:00:00+02:00,30.154,30.171
2024-12-11 02:00:00+02:00,30.173,28.977
2024-12-11 04:00:00+02:00,28.978,30.039
2024-12-11 06:00:00+02:00,30.038,29.891
2024-12-11 08:00:00+02:00,29.894,29.61
2024-12-11 10:00:00+02:00,29.612,30.36
2024-12-11 12:00:00+02:00,30.358,31.064
2024-12-11 14:00:00+02:00,31.062,33.111
2024-12-11 16:00:00+02:00,33.109,33.236
2024-12-11 18:00:00+02:00,33.237,33.405
2024-12-11 20:00:00+02:00,33.4,33.705
2024-12-11 22:00:00+02:00,33.706,33.864
2024-12-12 00:00:00+02:00,33.864,33.502
2024-12-12 02:00:00+02:00,33.502,33.477
2024-12-12 04:00:00+02:00,33.478,34.988
2024-12-12 06:00:00+02:00,34.987,34.692
2024-12-12 08:00:00+02:00,34.691,34.508
2024-12-12 10:00:00+02:00,34.508,34.423
2024-12-12 12:00:00+02:00,34.424,33.856
2024-12-12 14:00:00+02:00,33.856,34.48
2024-12-12 16:00:00+02:00,34.48,34.777
2024-12-12 18:00:00+02:00,34.777,34.853
2024-12-12 20:00:00+02:00,34.859,33.671
2024-12-12 22:00:00+02:00,33.67,33.622
2024-12-13 00:00:00+02:00,33.625,33.827
2024-12-13 02:00:00+02:00,33.828,33.577
2024-12-13 04:00:00+02:00,33.578,34.433
2024-12-13 06:00:00+02:00,34.434,34.201
2024-12-13 08:00:00+02:00,34.2,33.985
2024-12-13 10:00:00+02:00,33.982,33.797
2024-12-13 12:00:00+02:00,33.797,33.905
2024-12-13 14:00:00+02:00,33.905,34.172
2024-12-13 16:00:00+02:00,34.171,33.64
2024-12-13 18:00:00+02:00,33.638,33.971
2024-12-13 20:00:00+02:00,33.97,33.983
2024-12-13 22:00:00+02:00,33.983,33.753
2024-12-14 00:00:00+02:00,33.753,34.015
2024-12-14 02:00:00+02:00,34.016,34.053
2024-12-14 04:00:00+02:00,34.053,33.811
2024-12-14 06:00:00+02:00,33.81,33.695
2024-12-14 08:00:00+02:00,33.696,33.632
2024-12-14 10:00:00+02:00,33.633,33.577
2024-12-14 12:00:00+02:00,33.576,33.262
2024-12-14 14:00:00+02:00,33.256,32.253
2024-12-14 16:00:00+02:00,32.254,32.606
2024-12-14 18:00:00+02:00,32.605,32.254
2024-12-14 20:00:00+02:00,32.253,32.302
2024-12-14 22:00:00+02:00,32.302,32.234
2024-12-15 00:00:00+02:00,32.234,32.548
2024-12-15 02:00:00+02:00,32.549,33.283
2024-12-15 04:00:00+02:00,33.288,32.825
2024-12-15 06:00:00+02:00,32.824,33.056
2024-12-15 08:00:00+02:00,33.056,32.487
2024-12-15 10:00:00+02:00,32.487,32.841
2024-12-15 12:00:00+02:00,32.841,32.624
2024-12-15 14:00:00+02:00,32.624,33.013
2024-12-15 16:00:00+02:00,33.014,33.034
2024-12-15 18:00:00+02:00,33.033,32.864
2024-12-15 20:00:00+02:00,32.865,32.937
2024-12-15 22:00:00+02:00,32.936,32.294
2024-12-16 00:00:00+02:00,32.294,33.776
2024-12-16 02:00:00+02:00,33.777,34.736
2024-12-16 04:00:00+02:00,34.737,33.787
2024-12-16 06:00:00+02:00,33.787,33.846
2024-12-16 08:00:00+02:00,33.846,33.636
2024-12-16 10:00:00+02:00,33.636,33.07
2024-12-16 12:00:00+02:00,33.07,32.358
2024-12-16 14:00:00+02:00,32.359,32.393
2024-12-16 16:00:00+02:00,32.394,32.938
2024-12-16 18:00:00+02:00,32.938,33.986
2024-12-16 20:00:00+02:00,33.987,33.867
2024-12-16 22:00:00+02:00,33.869,33.844
2024-12-17 00:00:00+02:00,33.845,33.204
2024-12-17 02:00:00+02:00,33.205,32.954
2024-12-17 04:00:00+02:00,32.954,33.312
2024-12-17 06:00:00+02:00,33.312,33.551
2024-12-17 08:00:00+02:00,33.549,33.141
2024-12-17 10:00:00+02:00,33.139,33.661
2024-12-17 12:00:00+02:00,33.662,33.76
2024-12-17 14:00:00+02:00,33.76,33.546
2024-12-17 16:00:00+02:00,33.545,32.573
2024-12-17 18:00:00+02:00,32.572,33.516
2024-12-17 20:00:00+02:00,33.515,33.122
2024-12-17 22:00:00+02:00,33.124,32.794
2024-12-18 00:00:00+02:00,32.795,32.488
2024-12-18 02:00:00+02:00,32.49,32.017
2024-12-18 04:00:00+02:00,32.021,31.96
2024-12-18 06:00:00+02:00,31.959,31.524
2024-12-18 08:00:00+02:00,31.525,31.655
2024-12-18 10:00:00+02:00,31.654,31.83
2024-12-18 12:00:00+02:00,31.829,32.04
2024-12-18 14:00:00+02:00,32.038,31.499
2024-12-18 16:00:00+02:00,31.501,31.504
2024-12-18 18:00:00+02:00,31.505,31.664
2024-12-18 20:00:00+02:00,31.665,30.735
2024-12-18 22:00:00+02:00,30.735,29.96
2024-12-19 00:00:00+02:00,29.959,29.384
2024-12-19 02:00:00+02:00,29.383,28.656
2024-12-19 04:00:00+02:00,28.656,29.502
2024-12-19 06:00:00+02:00,29.502,29.414
2024-12-19 08:00:00+02:00,29.414,29.442
2024-12-19 10:00:00+02:00,29.442,29.417
2024-12-19 12:00:00+02:00,29.416,29.656
2024-12-19 14:00:00+02:00,29.657,29.375
2024-12-19 16:00:00+02:00,29.375,28.639
2024-12-19 18:00:00+02:00,28.638,27.487
2024-12-19 20:00:00+02:00,27.49,26.72
2024-12-19 22:00:00+02:00,26.721,27.05
2024-12-20 00:00:00+02:00,27.047,26.711
2024-12-20 02:00:00+02:00,26.711,26.871
2024-12-20 04:00:00+02:00,26.871,27.198
2024-12-20 06:00:00+02:00,27.2,26.78
2024-12-20 08:00:00+02:00,26.779,27.007
2024-12-20 10:00:00+02:00,27.007,24.804
2024-12-20 12:00:00+02:00,24.805,23.544
2024-12-20 14:00:00+02:00,23.545,25.666
2024-12-20 16:00:00+02:00,25.666,26.292
2024-12-20 18:00:00+02:00,26.292,26.65
2024-12-20 20:00:00+02:00,26.65,26.889
2024-12-20 22:00:00+02:00,26.889,26.929
2024-12-21 00:00:00+02:00,26.929,27.432
2024-12-21 02:00:00+02:00,27.43,27.386
2024-12-21 04:00:00+02:00,27.386,27.376
2024-12-21 06:00:00+02:00,27.377,28.282
2024-12-21 08:00:00+02:00,28.281,28.217
2024-12-21 10:00:00+02:00,28.222,27.607
2024-12-21 12:00:00+02:00,27.607,27.371
2024-12-21 14:00:00+02:00,27.371,26.31
2024-12-21 16:00:00+02:00,26.31,26.434
2024-12-21 18:00:00+02:00,26.434,26.276
2024-12-21 20:00:00+02:00,26.275,26.077
2024-12-21 22:00:00+02:00,26.076,25.909
2024-12-22 00:00:00+02:00,25.907,26.028
2024-12-22 02:00:00+02:00,26.029,26.138
2024-12-22 04:00:00+02:00,26.138,26.074
2024-12-22 06:00:00+02:00,26.072,25.772
2024-12-22 08:00:00+02:00,25.773,25.919
2024-12-22 10:00:00+02:00,25.92,26.436
2024-12-22 12:00:00+02:00,26.435,26.378
2024-12-22 14:00:00+02:00,26.377,26.491
2024-12-22 16:00:00+02:00,26.494,25.935
2024-12-22 18:00:00+02:00,25.936,26.147
2024-12-22 20:00:00+02:00,26.147,25.523
2024-12-22 22:00:00+02:00,25.523,26.025
2024-12-23 00:00:00+02:00,26.025,25.967
2024-12-23 02:00:00+02:00,25.969,25.8
2024-12-23 04:00:00+02:00,25.801,26.763
2024-12-23 06:00:00+02:00,26.76,26.399
2024-12-23 08:00:00+02:00,26.399,26.139
2024-12-23 10:00:00+02:00,26.141,26.51
2024-12-23 12:00:00+02:00,26.51,26.418
2024-12-23 14:00:00+02:00,26.417,26.234
2024-12-23 16:00:00+02:00,26.235,25.93
2024-12-23 18:00:00+02:00,25.93,26.32
2024-12-23 20:00:00+02:00,26.32,26.506
2024-12-23 22:00:00+02:00,26.506,27.409
2024-12-24 00:00:00+02:00,27.407,27.548
2024-12-24 02:00:00+02:00,27.548,26.932
2024-12-24 04:00:00+02:00,26.932,27.198
2024-12-24 06:00:00+02:00,27.198,27.338
2024-12-24 08:00:00+02:00,27.338,27.066
2024-12-24 10:00:00+02:00,27.067,27.153
2024-12-24 12:00:00+02:00,27.154,27.343
2024-12-24 14:00:00+02:00,27.343,27.884
2024-12-24 16:00:00+02:00,27.886,28.207
2024-12-24 18:00:00+02:00,28.207,28.201
2024-12-24 20:00:00+02:00,28.2,27.882
2024-12-24 22:00:00+02:00,27.883,28.063
2024-12-25 00:00:00+02:00,28.064,27.934
2024-12-25 02:00:00+02:00,27.931,27.746
2024-12-25 04:00:00+02:00,27.746,27.553
2024-12-25 06:00:00+02:00,27.553,27.636
2024-12-25 08:00:00+02:00,27.637,27.463
2024-12-25 10:00:00+02:00,27.463,27.663
2024-12-25 12:00:00+02:00,27.664,27.438
2024-12-25 14:00:00+02:00,27.439,27.542
2024-12-25 16:00:00+02:00,27.543,27.236
2024-12-25 18:00:00+02:00,27.236,27.256
2024-12-25 20:00:00+02:00,27.25,27.315
2024-12-25 22:00:00+02:00,27.318,27.105
2024-12-26 00:00:00+02:00,27.106,27.302
2024-12-26 02:00:00+02:00,27.302,27.052
2024-12-26 04:00:00+02:00,27.052,26.803
2024-12-26 06:00:00+02:00,26.803,26.748
2024-12-26 08:00:00+02:00,26.747,26.579
2024-12-26 10:00:00+02:00,26.58,26.071
2024-12-26 12:00:00+02:00,26.069,26.147
2024-12-26 14:00:00+02:00,26.148,26.008
2024-12-26 16:00:00+02:00,26.008,25.867
2024-12-26 18:00:00+02:00,25.867,25.754
2024-12-26 20:00:00+02:00,25.754,25.847
2024-12-26 22:00:00+02:00,25.847,25.83
2024-12-27 00:00:00+02:00,25.831,25.852
2024-12-27 02:00:00+02:00,25.853,26.247
2024-12-27 04:00:00+02:00,26.247,26.203
2024-12-27 06:00:00+02:00,26.203,26.195
2024-12-27 08:00:00+02:00,26.195,26.139
2024-12-27 10:00:00+02:00,26.14,26.9
2024-12-27 12:00:00+02:00,26.902,26.864
2024-12-27 14:00:00+02:00,26.865,26.545
2024-12-27 16:00:00+02:00,26.545,26.004
2024-12-27 18:00:00+02:00,26.004,26.424
2024-12-27 20:00:00+02:00,26.424,26.299
2024-12-27 22:00:00+02:00,26.3,25.954
2024-12-28 00:00:00+02:00,25.953,25.984
2024-12-28 02:00:00+02:00,25.984,25.894
2024-12-28 04:00:00+02:00,25.893,26.02
2024-12-28 06:00:00+02:00,26.017,26.032
2024-12-28 08:00:00+02:00,26.033,25.846
2024-12-28 10:00:00+02:00,25.848,26.074
2024-12-28 12:00:00+02:00,26.075,26.147
2024-12-28 14:00:00+02:00,26.148,26.261
2024-12-28 16:00:00+02:00,26.26,26.247
2024-12-28 18:00:00+02:00,26.247,26.525
2024-12-28 20:00:00+02:00,26.525,26.387
2024-12-28 22:00:00+02:00,26.386,26.552
2024-12-29 00:00:00+02:00,26.553,26.555
2024-12-29 02:00:00+02:00,26.554,26.352
2024-12-29 04:00:00+02:00,26.355,26.531
2024-12-29 06:00:00+02:00,26.532,26.489
2024-12-29 08:00:00+02:00,26.488,26.691
2024-12-29 10:00:00+02:00,26.691,26.507
2024-12-29 12:00:00+02:00,26.507,26.35
2024-12-29 14:00:00+02:00,26.35,26.29
2024-12-29 16:00:00+02:00,26.291,26.07
2024-12-29 18:00:00+02:00,26.07,25.907
2024-12-29 20:00:00+02:00,25.907,25.814
2024-12-29 22:00:00+02:00,25.814,25.547
2024-12-30 00:00:00+02:00,25.546,25.524
2024-12-30 02:00:00+02:00,25.523,26.112
2024-12-30 04:00:00+02:00,26.111,25.839
2024-12-30 06:00:00+02:00,25.838,25.833
2024-12-30 08:00:00+02:00,25.832,25.977
2024-12-30 10:00:00+02:00,25.977,25.889
2024-12-30 12:00:00+02:00,25.89,25.834
2024-12-30 14:00:00+02:00,25.834,25.138
2024-12-30 16:00:00+02:00,25.139,25.035
2024-12-30 18:00:00+02:00,25.033,25.711
2024-12-30 20:00:00+02:00,25.709,25.848
2024-12-30 22:00:00+02:00,25.847,25.137
2024-12-31 00:00:00+02:00,25.138,25.42
2024-12-31 02:00:00+02:00,25.42,25.073
2024-12-31 04:00:00+02:00,25.071,24.921
2024-12-31 06:00:00+02:00,24.92,24.943
2024-12-31 08:00:00+02:00,24.942,24.968
2024-12-31 10:00:00+02:00,24.968,25.415
2024-12-31 12:00:00+02:00,25.412,25.509
2024-12-31 14:00:00+02:00,25.51,25.841
2024-12-31 16:00:00+02:00,25.843,25.761
2024-12-31 18:00:00+02:00,25.758,25.329
2024-12-31 20:00:00+02:00,25.329,25.29
2024-12-31 22:00:00+02:00,25.289,25.308
2025-01-01 00:00:00+02:00,25.309,25.037
2025-01-01 02:00:00+02:00,25.036,25.174
2025-01-01 04:00:00+02:00,25.173,25.174
2025-01-01 06:00:00+02:00,25.174,25.086
2025-01-01 08:00:00+02:00,25.086,25.025
2025-01-01 10:00:00+02:00,25.025,24.77
2025-01-01 12:00:00+02:00,24.77,24.908
2025-01-01 14:00:00+02:00,24.908,25.156
2025-01-01 16:00:00+02:00,25.157,25.32
2025-01-01 18:00:00+02:00,25.319,25.211
2025-01-01 20:00:00+02:00,25.21,25.626
2025-01-01 22:00:00+02:00,25.626,25.759
2025-01-02 00:00:00+02:00,25.758,25.802
2025-01-02 02:00:00+02:00,25.803,26.058
2025-01-02 04:00:00+02:00,26.059,26.187
2025-01-02 06:00:00+02:00,26.187,26.388
2025-01-02 08:00:00+02:00,26.39,26.443
2025-01-02 10:00:00+02:00,26.443,26.879
2025-01-02 12:00:00+02:00,26.879,26.96
2025-01-02 14:00:00+02:00,26.96,26.816
2025-01-02 16:00:00+02:00,26.816,26.732
2025-01-02 18:00:00+02:00,26.732,26.688
2025-01-02 20:00:00+02:00,26.689,26.778
2025-01-02 22:00:00+02:00,26.778,26.817
2025-01-03 00:00:00+02:00,26.817,26.905
2025-01-03 02:00:00+02:00,26.905,26.847
2025-01-03 04:00:00+02:00,26.852,27.012
2025-01-03 06:00:00+02:00,27.015,26.813
2025-01-03 08:00:00+02:00,26.814,26.666
2025-01-03 10:00:00+02:00,26.667,27.083
2025-01-03 12:00:00+02:00,27.087,27.461
2025-01-03 14:00:00+02:00,27.461,27.681
2025-01-03 16:00:00+02:00,27.682,28.085
2025-01-03 18:00:00+02:00,28.086,28.296
2025-01-03 20:00:00+02:00,28.296,28.266
2025-01-03 22:00:00+02:00,28.263,28.387
2025-01-04 00:00:00+02:00,28.386,28.447
2025-01-04 02:00:00+02:00,28.447,28.304
2025-01-04 04:00:00+02:00,28.305,28.458
2025-01-04 06:00:00+02:00,28.459,28.365
2025-01-04 08:00:00+02:00,28.365,28.404
2025-01-04 10:00:00+02:00,28.403,28.173
2025-01-04 12:00:00+02:00,28.173,28.208
2025-01-04 14:00:00+02:00,28.208,28.591
2025-01-04 16:00:00+02:00,28.591,28.009
2025-01-04 18:00:00+02:00,28.009,28.228
2025-01-04 20:00:00+02:00,28.229,28.166
2025-01-04 22:00:00+02:00,28.166,28.266
2025-01-05 00:00:00+02:00,28.267,28.354
2025-01-05 02:00:00+02:00,28.356,28.107
2025-01-05 04:00:00+02:00,28.107,28.195
2025-01-05 06:00:00+02:00,28.194,28.141
2025-01-05 08:00:00+02:00,28.141,28.126
2025-01-05 10:00:00+02:00,28.127,27.773
2025-01-05 12:00:00+02:00,27.774,27.768
2025-01-05 14:00:00+02:00,27.767,27.725
2025-01-05 16:00:00+02:00,27.725,27.815
2025-01-05 18:00:00+02:00,27.815,27.866
2025-01-05 20:00:00+02:00,27.869,28.012
2025-01-05 22:00:00+02:00,28.012,28.093
2025-01-06 00:00:00+02:00,28.094,28.13
2025-01-06 02:00:00+02:00,28.131,28.2
2025-01-06 04:00:00+02:00,28.201,28.419
2025-01-06 06:00:00+02:00,28.42,28.412
2025-01-06 08:00:00+02:00,28.413,28.021
2025-01-06 10:00:00+02:00,28.021,28.053
2025-01-06 12:00:00+02:00,28.053,28.317
2025-01-06 14:00:00+02:00,28.328,28.322
2025-01-06 16:00:00+02:00,28.322,28.86
2025-01-06 18:00:00+02:00,28.86,28.66
2025-01-06 20:00:00+02:00,28.661,28.684
2025-01-06 22:00:00+02:00,28.683,28.491
2025-01-07 00:00:00+02:00,28.496,28.669
2025-01-07 02:00:00+02:00,28.669,28.744
2025-01-07 04:00:00+02:00,28.744,28.523
2025-01-07 06:00:00+02:00,28.523,28.365
2025-01-07 08:00:00+02:00,28.364,28.476
2025-01-07 10:00:00+02:00,28.476,28.581
2025-01-07 12:00:00+02:00,28.582,28.266
2025-01-07 14:00:00+02:00,28.267,28.393
2025-01-07 16:00:00+02:00,28.394,26.853
2025-01-07 18:00:00+02:00,26.847,26.562
2025-01-07 20:00:00+02:00,26.559,26.18
2025-01-07 22:00:00+02:00,26.177,25.845
2025-01-08 00:00:00+02:00,25.846,25.887
2025-01-08 02:00:00+02:00,25.887,25.946
2025-01-08 04:00:00+02:00,25.946,25.764
2025-01-08 06:00:00+02:00,25.764,25.524
2025-01-08 08:00:00+02:00,25.524,25.436
2025-01-08 10:00:00+02:00,25.436,25.351
2025-01-08 12:00:00+02:00,25.354,25.292
2025-01-08 14:00:00+02:00,25.294,25.425
2025-01-08 16:00:00+02:00,25.424,25.497
2025-01-08 18:00:00+02:00,25.497,24.956
2025-01-08 20:00:00+02:00,24.956,24.967
2025-01-08 22:00:00+02:00,24.964,24.91
2025-01-09 00:00:00+02:00,24.909,25.247
2025-01-09 02:00:00+02:00,25.246,25.422
2025-01-09 04:00:00+02:00,25.422,25.193
2025-01-09 06:00:00+02:00,25.193,25.269
2025-01-09 08:00:00+02:00,25.268,24.779
2025-01-09 10:00:00+02:00,24.779,25.089
2025-01-09 12:00:00+02:00,25.089,25.095
2025-01-09 14:00:00+02:00,25.095,24.428
2025-01-09 16:00:00+02:00,24.427,25.476
2025-01-09 18:00:00+02:00,25.476,24.868
2025-01-09 20:00:00+02:00,24.867,24.617
2025-01-09 22:00:00+02:00,24.616,24.64
2025-01-10 00:00:00+02:00,24.639,24.857
2025-01-10 02:00:00+02:00,24.857,24.995
2025-01-10 04:00:00+02:00,24.995,25.14
2025-01-10 06:00:00+02:00,25.14,25.244
2025-01-10 08:00:00+02:00,25.244,25.538
2025-01-10 10:00:00+02:00,25.537,25.48
2025-01-10 12:00:00+02:00,25.48,25.508
2025-01-10 14:00:00+02:00,25.507,25.242
2025-01-10 16:00:00+02:00,25.242,25.318
2025-01-10 18:00:00+02:00,25.32,25.833
2025-01-10 20:00:00+02:00,25.83,25.85
2025-01-10 22:00:00+02:00,25.85,25.643
2025-01-11 00:00:00+02:00,25.643,25.663
2025-01-11 02:00:00+02:00,25.664,25.476
2025-01-11 04:00:00+02:00,25.476,25.368
2025-01-11 06:00:00+02:00,25.368,25.488
2025-01-11 08:00:00+02:00,25.488,25.286
2025-01-11 10:00:00+02:00,25.287,25.213
2025-01-11 12:00:00+02:00,25.213,25.48
2025-01-11 14:00:00+02:00,25.479,25.306
2025-01-11 16:00:00+02:00,25.304,25.243
2025-01-11 18:00:00+02:00,25.244,25.322
2025-01-11 20:00:00+02:00,25.322,25.396
2025-01-11 22:00:00+02:00,25.398,25.833
2025-01-12 00:00:00+02:00,25.835,25.541
2025-01-12 02:00:00+02:00,25.542,25.719
2025-01-12 04:00:00+02:00,25.72,25.672
2025-01-12 06:00:00+02:00,25.672,25.574
2025-01-12 08:00:00+02:00,25.575,25.441
2025-01-12 10:00:00+02:00,25.442,25.235
2025-01-12 12:00:00+02:00,25.236,25.329
2025-01-12 14:00:00+02:00,25.328,25.384
2025-01-12 16:00:00+02:00,25.384,25.487
2025-01-12 18:00:00+02:00,25.487,25.61
2025-01-12 20:00:00+02:00,25.609,25.493
2025-01-12 22:00:00+02:00,25.493,25.262
2025-01-13 00:00:00+02:00,25.262,25.246
2025-01-13 02:00:00+02:00,25.246,25.24
2025-01-13 04:00:00+02:00,25.24,24.763
2025-01-13 06:00:00+02:00,24.762,24.693
2025-01-13 08:00:00+02:00,24.696,24.435
2025-01-13 10:00:00+02:00,24.435,23.89
2025-01-13 12:00:00+02:00,23.892,23.178
2025-01-13 14:00:00+02:00,23.175,23.522
2025-01-13 16:00:00+02:00,23.522,23.952
2025-01-13 18:00:00+02:00,23.952,23.629
2025-01-13 20:00:00+02:00,23.629,23.792
2025-01-13 22:00:00+02:00,23.791,24.522
2025-01-14 00:00:00+02:00,24.522,24.564
2025-01-14 02:00:00+02:00,24.565,24.587
2025-01-14 04:00:00+02:00,24.587,24.771
2025-01-14 06:00:00+02:00,24.771,24.728
2025-01-14 08:00:00+02:00,24.728,24.674
2025-01-14 10:00:00+02:00,24.674,25.301
2025-01-14 12:00:00+02:00,25.301,25.099
2025-01-14 14:00:00+02:00,25.098,25.117
2025-01-14 16:00:00+02:00,25.117,25.123
2025-01-14 18:00:00+02:00,25.119,25.34
2025-01-14 20:00:00+02:00,25.342,25.292
2025-01-14 22:00:00+02:00,25.291,25.397
2025-01-15 00:00:00+02:00,25.398,25.389
2025-01-15 02:00:00+02:00,25.388,25.482
2025-01-15 04:00:00+02:00,25.482,25.415
2025-01-15 06:00:00+02:00,25.416,25.42
2025-01-15 08:00:00+02:00,25.419,25.452
2025-01-15 10:00:00+02:00,25.453,25.061
2025-01-15 12:00:00+02:00,25.061,25.056
2025-01-15 14:00:00+02:00,25.056,25.844
2025-01-15 16:00:00+02:00,25.843,26.229
2025-01-15 18:00:00+02:00,26.228,25.908
2025-01-15 20:00:00+02:00,25.909,26.576
2025-01-15 22:00:00+02:00,26.576,26.613
2025-01-16 00:00:00+02:00,26.613,27.117
2025-01-16 02:00:00+02:00,27.115,26.822
2025-01-16 04:00:00+02:00,26.821,26.588
2025-01-16 06:00:00+02:00,26.587,26.54
2025-01-16 08:00:00+02:00,26.54,26.677
2025-01-16 10:00:00+02:00,26.677,26.351
2025-01-16 12:00:00+02:00,26.35,26.668
2025-01-16 14:00:00+02:00,26.669,26.782
2025-01-16 16:00:00+02:00,26.783,26.91
2025-01-16 18:00:00+02:00,26.911,27.223
2025-01-16 20:00:00+02:00,27.224,27.123
2025-01-16 22:00:00+02:00,27.123,26.827
2025-01-17 00:00:00+02:00,26.824,26.693
2025-01-17 02:00:00+02:00,26.694,27.542
2025-01-17 04:00:00+02:00,27.545,27.657
2025-01-17 06:00:00+02:00,27.657,28.006
2025-01-17 08:00:00+02:00,28.006,27.731
2025-01-17 10:00:00+02:00,27.732,27.9
2025-01-17 12:00:00+02:00,27.9,27.864
2025-01-17 14:00:00+02:00,27.865,27.645
2025-01-17 16:00:00+02:00,27.646,27.782
2025-01-17 18:00:00+02:00,27.782,27.815
2025-01-17 20:00:00+02:00,27.811,28.047
2025-01-17 22:00:00+02:00,28.047,28.392
2025-01-18 00:00:00+02:00,28.393,28.256
2025-01-18 02:00:00+02:00,28.256,28.151
2025-01-18 04:00:00+02:00,28.151,27.423
2025-01-18 06:00:00+02:00,27.422,26.428
2025-01-18 08:00:00+02:00,26.427,26.736
2025-01-18 10:00:00+02:00,26.737,26.84
2025-01-18 12:00:00+02:00,26.842,27.151
2025-01-18 14:00:00+02:00,27.152,27.263
2025-01-18 16:00:00+02:00,27.264,26.86
2025-01-18 18:00:00+02:00,26.86,26.578
2025-01-18 20:00:00+02:00,26.578,26.749
2025-01-18 22:00:00+02:00,26.75,26.517
2025-01-19 00:00:00+02:00,26.516,26.917
2025-01-19 02:00:00+02:00,26.917,27.255
2025-01-19 04:00:00+02:00,27.254,26.873
2025-01-19 06:00:00+02:00,26.872,26.635
2025-01-19 08:00:00+02:00,26.634,26.209
2025-01-19 10:00:00+02:00,26.21,25.651
2025-01-19 12:00:00+02:00,25.65,25.103
2025-01-19 14:00:00+02:00,25.104,26.251
2025-01-19 16:00:00+02:00,26.251,27.378
2025-01-19 18:00:00+02:00,27.378,27.706
2025-01-19 20:00:00+02:00,27.706,27.903
2025-01-19 22:00:00+02:00,27.904,26.314
2025-01-20 00:00:00+02:00,26.314,25.41
2025-01-20 02:00:00+02:00,25.411,25.186
2025-01-20 04:00:00+02:00,25.187,26.012
2025-01-20 06:00:00+02:00,26.012,26.292
2025-01-20 08:00:00+02:00,26.293,27.109
2025-01-20 10:00:00+02:00,27.107,26.944
2025-01-20 12:00:00+02:00,26.947,27.066
2025-01-20 14:00:00+02:00,27.068,26.591
2025-01-20 16:00:00+02:00,26.589,26.34
2025-01-20 18:00:00+02:00,26.342,25.73
2025-01-20 20:00:00+02:00,25.728,26.2
2025-01-20 22:00:00+02:00,26.199,25.659
2025-01-21 00:00:00+02:00,25.659,25.779
2025-01-21 02:00:00+02:00,25.78,25.425
2025-01-21 04:00:00+02:00,25.426,25.446
2025-01-21 06:00:00+02:00,25.448,25.102
2025-01-21 08:00:00+02:00,25.104,25.457
2025-01-21 10:00:00+02:00,25.457,25.898
2025-01-21 12:00:00+02:00,25.898,26.146
2025-01-21 14:00:00+02:00,26.147,26.51
2025-01-21 16:00:00+02:00,26.51,26.571
2025-01-21 18:00:00+02:00,26.572,27.347
2025-01-21 20:00:00+02:00,27.346,27.348
2025-01-21 22:00:00+02:00,27.349,27.32
2025-01-22 00:00:00+02:00,27.32,27.124
2025-01-22 02:00:00+02:00,27.123,27.153
2025-01-22 04:00:00+02:00,27.152,27.071
2025-01-22 06:00:00+02:00,27.07,26.947
2025-01-22 08:00:00+02:00,26.947,26.656
2025-01-22 10:00:00+02:00,26.655,26.781
2025-01-22 12:00:00+02:00,26.78,27.006
2025-01-22 14:00:00+02:00,27.007,26.733
2025-01-22 16:00:00+02:00,26.736,26.759
2025-01-22 18:00:00+02:00,26.76,26.904
2025-01-22 20:00:00+02:00,26.904,26.803
2025-01-22 22:00:00+02:00,26.802,26.804
2025-01-23 00:00:00+02:00,26.803,26.822
2025-01-23 02:00:00+02:00,26.822,26.726
2025-01-23 04:00:00+02:00,26.726,27.304
2025-01-23 06:00:00+02:00,27.305,26.903
2025-01-23 08:00:00+02:00,26.903,26.995
2025-01-23 10:00:00+02:00,26.996,26.826
2025-01-23 12:00:00+02:00,26.826,27.111
2025-01-23 14:00:00+02:00,27.11,27.411
2025-01-23 16:00:00+02:00,27.41,28.22
2025-01-23 18:00:00+02:00,28.218,28.828
2025-01-23 20:00:00+02:00,28.828,28.089
2025-01-23 22:00:00+02:00,28.088,27.927
2025-01-24 00:00:00+02:00,27.928,29.018
2025-01-24 02:00:00+02:00,29.018,28.096
2025-01-24 04:00:00+02:00,28.096,28.002
2025-01-24 06:00:00+02:00,28.002,29.065
2025-01-24 08:00:00+02:00,29.068,28.468
2025-01-24 10:00:00+02:00,28.469,28.577
2025-01-24 12:00:00+02:00,28.576,28.405
2025-01-24 14:00:00+02:00,28.406,28.246
2025-01-24 16:00:00+02:00,28.246,28.104
2025-01-24 18:00:00+02:00,28.103,28.138
2025-01-24 20:00:00+02:00,28.136,27.79
2025-01-24 22:00:00+02:00,27.79,27.506
2025-01-25 00:00:00+02:00,27.507,27.367
2025-01-25 02:00:00+02:00,27.366,27.15
2025-01-25 04:00:00+02:00,27.148,27.239
2025-01-25 06:00:00+02:00,27.241,26.843
2025-01-25 08:00:00+02:00,26.843,26.833
2025-01-25 10:00:00+02:00,26.832,26.776
2025-01-25 12:00:00+02:00,26.776,27.004
2025-01-25 14:00:00+02:00,27.005,26.894
2025-01-25 16:00:00+02:00,26.894,27.059
2025-01-25 18:00:00+02:00,27.06,27.194
2025-01-25 20:00:00+02:00,27.195,27.231
2025-01-25 22:00:00+02:00,27.232,27.24
2025-01-26 00:00:00+02:00,27.241,27.039
2025-01-26 02:00:00+02:00,27.037,26.886
2025-01-26 04:00:00+02:00,26.885,26.96
2025-01-26 06:00:00+02:00,26.961,27.042
2025-01-26 08:00:00+02:00,27.043,26.996
2025-01-26 10:00:00+02:00,26.996,26.755
2025-01-26 12:00:00+02:00,26.754,26.836
2025-01-26 14:00:00+02:00,26.835,26.873
2025-01-26 16:00:00+02:00,26.873,26.824
2025-01-26 18:00:00+02:00,26.823,26.914
2025-01-26 20:00:00+02:00,26.914,26.894
2025-01-26 22:00:00+02:00,26.893,26.609
2025-01-27 00:00:00+02:00,26.608,26.162
2025-01-27 02:00:00+02:00,26.162,26.174
2025-01-27 04:00:00+02:00,26.173,26.213
2025-01-27 06:00:00+02:00,26.213,25.809
2025-01-27 08:00:00+02:00,25.812,25.261
2025-01-27 10:00:00+02:00,25.261,25.197
2025-01-27 12:00:00+02:00,25.198,25.009
2025-01-27 14:00:00+02:00,25.008,25.353
2025-01-27 16:00:00+02:00,25.351,25.498
2025-01-27 18:00:00+02:00,25.498,25.121
2025-01-27 20:00:00+02:00,25.123,25.171
2025-01-27 22:00:00+02:00,25.17,25.811
2025-01-28 00:00:00+02:00,25.812,25.986
2025-01-28 02:00:00+02:00,25.988,25.622
2025-01-28 04:00:00+02:00,25.621,25.915
2025-01-28 06:00:00+02:00,25.915,26.141
2025-01-28 08:00:00+02:00,26.142,25.912
2025-01-28 10:00:00+02:00,25.912,25.844
2025-01-28 12:00:00+02:00,25.844,25.81
2025-01-28 14:00:00+02:00,25.813,25.626
2025-01-28 16:00:00+02:00,25.627,25.85
2025-01-28 18:00:00+02:00,25.851,25.637
2025-01-28 20:00:00+02:00,25.636,25.506
2025-01-28 22:00:00+02:00,25.507,24.696
2025-01-29 00:00:00+02:00,24.697,24.957
2025-01-29 02:00:00+02:00,24.956,25.177
2025-01-29 04:00:00+02:00,25.177,25.381
2025-01-29 06:00:00+02:00,25.381,25.508
2025-01-29 08:00:00+02:00,25.509,25.711
2025-01-29 10:00:00+02:00,25.712,25.427
2025-01-29 12:00:00+02:00,25.428,25.481
2025-01-29 14:00:00+02:00,25.481,25.178
2025-01-29 16:00:00+02:00,25.178,25.238
2025-01-29 18:00:00+02:00,25.239,25.279
2025-01-29 20:00:00+02:00,25.28,25.534
2025-01-29 22:00:00+02:00,25.532,25.897
2025-01-30 00:00:00+02:00,25.897,25.518
2025-01-30 02:00:00+02:00,25.519,25.848
2025-01-30 04:00:00+02:00,25.848,26.22
2025-01-30 06:00:00+02:00,26.22,26.14
2025-01-30 08:00:00+02:00,26.14,26.115
2025-01-30 10:00:00+02:00,26.116,26.305
2025-01-30 12:00:00+02:00,26.305,26.311
2025-01-30 14:00:00+02:00,26.311,26.443
2025-01-30 16:00:00+02:00,26.442,26.473
2025-01-30 18:00:00+02:00,26.475,26.506
2025-01-30 20:00:00+02:00,26.506,26.471
2025-01-30 22:00:00+02:00,26.471,26.364
2025-01-31 00:00:00+02:00,26.366,26.272
2025-01-31 02:00:00+02:00,26.272,26.359
2025-01-31 04:00:00+02:00,26.36,26.038
2025-01-31 06:00:00+02:00,26.039,26.169
2025-01-31 08:00:00+02:00,26.169,26.176
2025-01-31 10:00:00+02:00,26.177,26.205
2025-01-31 12:00:00+02:00,26.204,26.786
2025-01-31 14:00:00+02:00,26.786,26.85
2025-01-31 16:00:00+02:00,26.846,27.503
2025-01-31 18:00:00+02:00,27.502,27.371
2025-01-31 20:00:00+02:00,27.372,27.069
2025-01-31 22:00:00+02:00,27.068,26.952
2025-02-01 00:00:00+02:00,26.953,26.833
2025-02-01 02:00:00+02:00,26.833,27.015
2025-02-01 04:00:00+02:00,27.015,27.027
2025-02-01 06:00:00+02:00,27.028,27.165
2025-02-01 08:00:00+02:00,27.166,26.833
2025-02-01 10:00:00+02:00,26.833,26.115
2025-02-01 12:00:00+02:00,26.115,26.361
2025-02-01 14:00:00+02:00,26.361,25.919
2025-02-01 16:00:00+02:00,25.919,25.962
2025-02-01 18:00:00+02:00,25.962,25.902
2025-02-01 20:00:00+02:00,25.903,25.365
2025-02-01 22:00:00+02:00,25.365,25.063
2025-02-02 00:00:00+02:00,25.064,24.945
2025-02-02 02:00:00+02:00,24.946,25.221
2025-02-02 04:00:00+02:00,25.222,24.313
2025-02-02 06:00:00+02:00,24.314,24.782
2025-02-02 08:00:00+02:00,24.782,24.535
2025-02-02 10:00:00+02:00,24.536,24.714
2025-02-02 12:00:00+02:00,24.713,24.201
2025-02-02 14:00:00+02:00,24.198,24.436
2025-02-02 16:00:00+02:00,24.436,24.23
2025-02-02 18:00:00+02:00,24.23,23.2
2025-02-02 20:00:00+02:00,23.202,23.153
2025-02-02 22:00:00+02:00,23.156,22.617
2025-02-03 00:00:00+02:00,22.619,22.495
2025-02-03 02:00:00+02:00,22.494,19.15
2025-02-03 04:00:00+02:00,19.15,19.04
2025-02-03 06:00:00+02:00,19.041,19.283
2025-02-03 08:00:00+02:00,19.282,20.113
2025-02-03 10:00:00+02:00,20.111,19.535
2025-02-03 12:00:00+02:00,19.536,19.684
2025-02-03 14:00:00+02:00,19.686,19.647
2025-02-03 16:00:00+02:00,19.648,20.667
2025-02-03 18:00:00+02:00,20.666,20.757
2025-02-03 20:00:00+02:00,20.755,21.458
2025-02-03 22:00:00+02:00,21.457,21.819
2025-02-04 00:00:00+02:00,21.82,22.027
2025-02-04 02:00:00+02:00,22.027,21.819
2025-02-04 04:00:00+02:00,21.82,21.488
2025-02-04 06:00:00+02:00,21.487,20.368
2025-02-04 08:00:00+02:00,20.37,20.266
2025-02-04 10:00:00+02:00,20.266,20.214
2025-02-04 12:00:00+02:00,20.214,20.685
2025-02-04 14:00:00+02:00,20.686,21.017
2025-02-04 16:00:00+02:00,21.016,21.015
2025-02-04 18:00:00+02:00,21.015,21.085
2025-02-04 20:00:00+02:00,21.084,20.969
2025-02-04 22:00:00+02:00,20.968,20.081
2025-02-05 00:00:00+02:00,20.082,20.645
2025-02-05 02:00:00+02:00,20.646,20.583
2025-02-05 04:00:00+02:00,20.584,20.7
2025-02-05 06:00:00+02:00,20.7,21.011
2025-02-05 08:00:00+02:00,21.01,20.984
2025-02-05 10:00:00+02:00,20.983,21.014
2025-02-05 12:00:00+02:00,21.013,21.284
2025-02-05 14:00:00+02:00,21.284,21.306
2025-02-05 16:00:00+02:00,21.305,21.069
2025-02-05 18:00:00+02:00,21.069,20.574
2025-02-05 20:00:00+02:00,20.574,20.9
2025-02-05 22:00:00+02:00,20.9,20.789
2025-02-06 00:00:00+02:00,20.789,20.679
2025-02-06 02:00:00+02:00,20.678,20.619
2025-02-06 04:00:00+02:00,20.617,20.784
2025-02-06 06:00:00+02:00,20.784,20.983
2025-02-06 08:00:00+02:00,20.983,21.022
2025-02-06 10:00:00+02:00,21.022,21.036
2025-02-06 12:00:00+02:00,21.036,20.755
2025-02-06 14:00:00+02:00,20.754,20.695
2025-02-06 16:00:00+02:00,20.697,19.775
2025-02-06 18:00:00+02:00,19.774,19.77
2025-02-06 20:00:00+02:00,19.771,19.688
2025-02-06 22:00:00+02:00,19.689,19.876
2025-02-07 00:00:00+02:00,19.877,19.671
2025-02-07 02:00:00+02:00,19.671,20.014
2025-02-07 04:00:00+02:00,20.013,19.997
2025-02-07 06:00:00+02:00,19.996,19.94
2025-02-07 08:00:00+02:00,19.941,19.884
2025-02-07 10:00:00+02:00,19.885,20.212
2025-02-07 12:00:00+02:00,20.211,20.328
2025-02-07 14:00:00+02:00,20.328,20.58
2025-02-07 16:00:00+02:00,20.579,20.374
2025-02-07 18:00:00+02:00,20.377,20.111
2025-02-07 20:00:00+02:00,20.111,20.033
2025-02-07 22:00:00+02:00,20.036,19.471
2025-02-08 00:00:00+02:00,19.472,19.79
2025-02-08 02:00:00+02:00,19.789,19.767
2025-02-08 04:00:00+02:00,19.767,19.8
2025-02-08 06:00:00+02:00,19.8,19.745
2025-02-08 08:00:00+02:00,19.747,19.865
2025-02-08 10:00:00+02:00,19.864,19.83
2025-02-08 12:00:00+02:00,19.83,19.799
2025-02-08 14:00:00+02:00,19.799,19.866
2025-02-08 16:00:00+02:00,19.864,19.848
2025-02-08 18:00:00+02:00,19.847,20.076
2025-02-08 20:00:00+02:00,20.078,20.139
2025-02-08 22:00:00+02:00,20.138,20.097
2025-02-09 00:00:00+02:00,20.097,20.101
2025-02-09 02:00:00+02:00,20.099,20.191
2025-02-09 04:00:00+02:00,20.191,20.426
2025-02-09 06:00:00+02:00,20.426,20.245
2025-02-09 08:00:00+02:00,20.245,20.345
2025-02-09 10:00:00+02:00,20.346,20.315
2025-02-09 12:00:00+02:00,20.314,20.256
2025-02-09 14:00:00+02:00,20.255,19.955
2025-02-09 16:00:00+02:00,19.955,20.245
2025-02-09 18:00:00+02:00,20.245,20.264
2025-02-09 20:00:00+02:00,20.265,20.051
2025-02-09 22:00:00+02:00,20.051,19.498
2025-02-10 00:00:00+02:00,19.497,20.136
2025-02-10 02:00:00+02:00,20.136,19.731
2025-02-10 04:00:00+02:00,19.731,20.205
2025-02-10 06:00:00+02:00,20.204,20.308
2025-02-10 08:00:00+02:00,20.311,20.411
2025-02-10 10:00:00+02:00,20.41,20.522
2025-02-10 12:00:00+02:00,20.523,20.483
2025-02-10 14:00:00+02:00,20.481,20.736
2025-02-10 16:00:00+02:00,20.736,20.498
2025-02-10 18:00:00+02:00,20.498,20.599
2025-02-10 20:00:00+02:00,20.598,20.558
2025-02-10 22:00:00+02:00,20.557,20.575
2025-02-11 00:00:00+02:00,20.574,20.678
2025-02-11 02:00:00+02:00,20.678,20.79
2025-02-11 04:00:00+02:00,20.787,20.696
2025-02-11 06:00:00+02:00,20.696,21.206
2025-02-11 08:00:00+02:00,21.207,21.123
2025-02-11 10:00:00+02:00,21.123,21.115
2025-02-11 12:00:00+02:00,21.115,21.224
2025-02-11 14:00:00+02:00,21.225,20.707
2025-02-11 16:00:00+02:00,20.708,20.759
2025-02-11 18:00:00+02:00,20.76,20.474
2025-02-11 20:00:00+02:00,20.474,19.927
2025-02-11 22:00:00+02:00,19.926,20.185
2025-02-12 00:00:00+02:00,20.186,20.206
2025-02-12 02:00:00+02:00,20.206,20.401
2025-02-12 04:00:00+02:00,20.4,20.219
2025-02-12 06:00:00+02:00,20.219,20.226
2025-02-12 08:00:00+02:00,20.226,20.366
2025-02-12 10:00:00+02:00,20.367,20.481
2025-02-12 12:00:00+02:00,20.48,20.518
2025-02-12 14:00:00+02:00,20.519,20.219
2025-02-12 16:00:00+02:00,20.216,20.385
2025-02-12 18:00:00+02:00,20.386,20.905
2025-02-12 20:00:00+02:00,20.906,21.136
2025-02-12 22:00:00+02:00,21.137,21.108
2025-02-13 00:00:00+02:00,21.109,21.371
2025-02-13 02:00:00+02:00,21.372,21.527
2025-02-13 04:00:00+02:00,21.526,21.499
2025-02-13 06:00:00+02:00,21.5,21.379
2025-02-13 08:00:00+02:00,21.38,21.036
2025-02-13 10:00:00+02:00,21.036,21.115
2025-02-13 12:00:00+02:00,21.113,21.006
2025-02-13 14:00:00+02:00,21.006,21.079
2025-02-13 16:00:00+02:00,21.078,21.094
2025-02-13 18:00:00+02:00,21.093,21.006
2025-02-13 20:00:00+02:00,21.006,21.029
2025-02-13 22:00:00+02:00,21.029,21.065
2025-02-14 00:00:00+02:00,21.064,21.129
2025-02-14 02:00:00+02:00,21.129,21.112
2025-02-14 04:00:00+02:00,21.112,21.398
2025-02-14 06:00:00+02:00,21.398,21.163
2025-02-14 08:00:00+02:00,21.163,21.143
2025-02-14 10:00:00+02:00,21.142,21.412
2025-02-14 12:00:00+02:00,21.412,21.313
2025-02-14 14:00:00+02:00,21.314,21.353
2025-02-14 16:00:00+02:00,21.352,21.528
2025-02-14 18:00:00+02:00,21.53,21.807
2025-02-14 20:00:00+02:00,21.806,21.558
2025-02-14 22:00:00+02:00,21.559,21.508
2025-02-15 00:00:00+02:00,21.511,21.379
2025-02-15 02:00:00+02:00,21.378,21.446
2025-02-15 04:00:00+02:00,21.446,21.375
2025-02-15 06:00:00+02:00,21.375,21.29
2025-02-15 08:00:00+02:00,21.29,21.123
2025-02-15 10:00:00+02:00,21.122,21.12
2025-02-15 12:00:00+02:00,21.121,21.111
2025-02-15 14:00:00+02:00,21.112,21.06
2025-02-15 16:00:00+02:00,21.059,20.905
2025-02-15 18:00:00+02:00,20.905,20.81
2025-02-15 20:00:00+02:00,20.809,20.794
2025-02-15 22:00:00+02:00,20.794,20.831
2025-02-16 00:00:00+02:00,20.831,20.788
2025-02-16 02:00:00+02:00,20.788,20.785
2025-02-16 04:00:00+02:00,20.784,20.672
2025-02-16 06:00:00+02:00,20.672,20.707
2025-02-16 08:00:00+02:00,20.706,20.531
2025-02-16 10:00:00+02:00,20.531,20.676
2025-02-16 12:00:00+02:00,20.675,20.741
2025-02-16 14:00:00+02:00,20.74,20.488
2025-02-16 16:00:00+02:00,20.487,20.537
2025-02-16 18:00:00+02:00,20.536,20.441
2025-02-16 20:00:00+02:00,20.439,20.459
2025-02-16 22:00:00+02:00,20.457,20.534
2025-02-17 00:00:00+02:00,20.533,20.425
2025-02-17 02:00:00+02:00,20.426,20.624
2025-02-17 04:00:00+02:00,20.624,20.466
2025-02-17 06:00:00+02:00,20.466,20.468
2025-02-17 08:00:00+02:00,20.468,20.41
2025-02-17 10:00:00+02:00,20.409,20.807
2025-02-17 12:00:00+02:00,20.807,20.961
2025-02-17 14:00:00+02:00,20.961,21.129
2025-02-17 16:00:00+02:00,21.129,21.073
2025-02-17 18:00:00+02:00,21.074,20.786
2025-02-17 20:00:00+02:00,20.787,20.799
2025-02-17 22:00:00+02:00,20.8,21.336
2025-02-18 00:00:00+02:00,21.336,20.896
2025-02-18 02:00:00+02:00,20.893,20.835
2025-02-18 04:00:00+02:00,20.837,20.695
2025-02-18 06:00:00+02:00,20.694,20.254
2025-02-18 08:00:00+02:00,20.253,20.01
2025-02-18 10:00:00+02:00,20.01,20.241
2025-02-18 12:00:00+02:00,20.241,20.123
2025-02-18 14:00:00+02:00,20.122,20.258
2025-02-18 16:00:00+02:00,20.259,19.814
2025-02-18 18:00:00+02:00,19.814,19.798
2025-02-18 20:00:00+02:00,19.797,19.797
2025-02-18 22:00:00+02:00,19.798,19.873
2025-02-19 00:00:00+02:00,19.875,20.16
2025-02-19 02:00:00+02:00,20.159,20.063
2025-02-19 04:00:00+02:00,20.064,20.313
2025-02-19 06:00:00+02:00,20.313,20.173
2025-02-19 08:00:00+02:00,20.173,20.521
2025-02-19 10:00:00+02:00,20.521,20.788
2025-02-19 12:00:00+02:00,20.789,21.007
2025-02-19 14:00:00+02:00,21.008,20.863
2025-02-19 16:00:00+02:00,20.864,20.828
2025-02-19 18:00:00+02:00,20.827,20.948
2025-02-19 20:00:00+02:00,20.947,21.06
2025-02-19 22:00:00+02:00,21.059,20.91
2025-02-20 00:00:00+02:00,20.911,21.163
2025-02-20 02:00:00+02:00,21.162,21.214
2025-02-20 04:00:00+02:00,21.215,21.439
2025-02-20 06:00:00+02:00,21.439,21.328
2025-02-20 08:00:00+02:00,21.328,21.121
2025-02-20 10:00:00+02:00,21.12,20.894
2025-02-20 12:00:00+02:00,20.895,21.042
2025-02-20 14:00:00+02:00,21.04,21.026
2025-02-20 16:00:00+02:00,21.025,20.73
2025-02-20 18:00:00+02:00,20.73,20.826
2025-02-20 20:00:00+02:00,20.826,20.885
2025-02-20 22:00:00+02:00,20.885,20.857
2025-02-21 00:00:00+02:00,20.858,20.918
2025-02-21 02:00:00+02:00,20.918,20.851
2025-02-21 04:00:00+02:00,20.847,20.803
2025-02-21 06:00:00+02:00,20.803,20.934
2025-02-21 08:00:00+02:00,20.934,20.904
2025-02-21 10:00:00+02:00,20.903,21.165
2025-02-21 12:00:00+02:00,21.166,21.221
2025-02-21 14:00:00+02:00,21.22,21.528
2025-02-21 16:00:00+02:00,21.527,20.876
2025-02-21 18:00:00+02:00,20.874,20.378
2025-02-21 20:00:00+02:00,20.377,20.001
2025-02-21 22:00:00+02:00,20.001,19.997
2025-02-22 00:00:00+02:00,19.997,20.197
2025-02-22 02:00:00+02:00,20.197,20.225
2025-02-22 04:00:00+02:00,20.225,20.126
2025-02-22 06:00:00+02:00,20.126,20.28
2025-02-22 08:00:00+02:00,20.283,20.381
2025-02-22 10:00:00+02:00,20.382,20.365
2025-02-22 12:00:00+02:00,20.364,20.326
2025-02-22 14:00:00+02:00,20.328,20.357
2025-02-22 16:00:00+02:00,20.357,20.498
2025-02-22 18:00:00+02:00,20.496,20.752
2025-02-22 20:00:00+02:00,20.751,20.6
2025-02-22 22:00:00+02:00,20.601,20.492
2025-02-23 00:00:00+02:00,20.493,20.451
2025-02-23 02:00:00+02:00,20.451,20.535
2025-02-23 04:00:00+02:00,20.534,20.575
2025-02-23 06:00:00+02:00,20.574,20.674
2025-02-23 08:00:00+02:00,20.675,20.929
2025-02-23 10:00:00+02:00,20.93,20.896
2025-02-23 12:00:00+02:00,20.896,20.746
2025-02-23 14:00:00+02:00,20.746,20.741
2025-02-23 16:00:00+02:00,20.741,20.479
2025-02-23 18:00:00+02:00,20.478,20.651
2025-02-23 20:00:00+02:00,20.65,20.654
2025-02-23 22:00:00+02:00,20.654,20.601
2025-02-24 00:00:00+02:00,20.601,20.738
2025-02-24 02:00:00+02:00,20.738,20.399
2025-02-24 04:00:00+02:00,20.398,19.903
2025-02-24 06:00:00+02:00,19.903,20.096
2025-02-24 08:00:00+02:00,20.096,20.028
2025-02-24 10:00:00+02:00,20.027,19.767
2025-02-24 12:00:00+02:00,19.768,19.862
2025-02-24 14:00:00+02:00,19.862,19.789
2025-02-24 16:00:00+02:00,19.789,19.481
2025-02-24 18:00:00+02:00,19.482,19.573
2025-02-24 20:00:00+02:00,19.573,19.336
2025-02-24 22:00:00+02:00,19.336,19.291
2025-02-25 00:00:00+02:00,19.29,18.616
2025-02-25 02:00:00+02:00,18.615,18.437
2025-02-25 04:00:00+02:00,18.437,18.414
2025-02-25 06:00:00+02:00,18.415,18.601
2025-02-25 08:00:00+02:00,18.601,17.747
2025-02-25 10:00:00+02:00,17.748,17.976
2025-02-25 12:00:00+02:00,17.977,18.447
2025-02-25 14:00:00+02:00,18.449,18.334
2025-02-25 16:00:00+02:00,18.334,18.332
2025-02-25 18:00:00+02:00,18.333,18.464
2025-02-25 20:00:00+02:00,18.466,18.772
2025-02-25 22:00:00+02:00,18.773,18.981
2025-02-26 00:00:00+02:00,18.983,18.879
2025-02-26 02:00:00+02:00,18.879,18.897
2025-02-26 04:00:00+02:00,18.897,19.049
2025-02-26 06:00:00+02:00,19.049,18.881
2025-02-26 08:00:00+02:00,18.88,18.847
2025-02-26 10:00:00+02:00,18.847,19.02
2025-02-26 12:00:00+02:00,19.019,18.901
2025-02-26 14:00:00+02:00,18.903,18.74
2025-02-26 16:00:00+02:00,18.738,18.91
2025-02-26 18:00:00+02:00,18.91,18.547
2025-02-26 20:00:00+02:00,18.546,18.243
2025-02-26 22:00:00+02:00,18.245,18.829
2025-02-27 00:00:00+02:00,18.83,18.751
2025-02-27 02:00:00+02:00,18.752,18.834
2025-02-27 04:00:00+02:00,18.834,18.919
2025-02-27 06:00:00+02:00,18.919,19.02
2025-02-27 08:00:00+02:00,19.02,19.018
2025-02-27 10:00:00+02:00,19.017,18.985
2025-02-27 12:00:00+02:00,18.986,19.043
2025-02-27 14:00:00+02:00,19.044,18.967
2025-02-27 16:00:00+02:00,18.966,18.85
2025-02-27 18:00:00+02:00,18.851,18.812
2025-02-27 20:00:00+02:00,18.812,18.554
2025-02-27 22:00:00+02:00,18.554,18.583
2025-02-28 00:00:00+02:00,18.584,18.709
2025-02-28 02:00:00+02:00,18.71,17.987
2025-02-28 04:00:00+02:00,17.987,17.823
2025-02-28 06:00:00+02:00,17.823,18.013
2025-02-28 08:00:00+02:00,18.014,17.982
2025-02-28 10:00:00+02:00,17.982,18.413
2025-02-28 12:00:00+02:00,18.413,18.274
2025-02-28 14:00:00+02:00,18.273,18.515
2025-02-28 16:00:00+02:00,18.516,19.151
2025-02-28 18:00:00+02:00,19.149,19.16
2025-02-28 20:00:00+02:00,19.159,19.464
2025-02-28 22:00:00+02:00,19.463,19.564
2025-03-01 00:00:00+02:00,19.565,19.553
2025-03-01 02:00:00+02:00,19.553,19.698
2025-03-01 04:00:00+02:00,19.698,19.579
2025-03-01 06:00:00+02:00,19.578,19.459
2025-03-01 08:00:00+02:00,19.46,19.477
2025-03-01 10:00:00+02:00,19.478,19.417
2025-03-01 12:00:00+02:00,19.416,19.139
2025-03-01 14:00:00+02:00,19.139,18.877
2025-03-01 16:00:00+02:00,18.876,19.028
2025-03-01 18:00:00+02:00,19.027,18.896
2025-03-01 20:00:00+02:00,18.895,19.033
2025-03-01 22:00:00+02:00,19.033,19.102
2025-03-02 00:00:00+02:00,19.102,19.04
2025-03-02 02:00:00+02:00,19.04,19.18
2025-03-02 04:00:00+02:00,19.181,19.166
2025-03-02 06:00:00+02:00,19.166,19.201
2025-03-02 08:00:00+02:00,19.201,19.197
2025-03-02 10:00:00+02:00,19.198,19.382
2025-03-02 12:00:00+02:00,19.382,19.288
2025-03-02 14:00:00+02:00,19.289,19.146
2025-03-02 16:00:00+02:00,19.147,19.511
2025-03-02 18:00:00+02:00,19.512,21.091
2025-03-02 20:00:00+02:00,21.091,20.971
2025-03-02 22:00:00+02:00,20.969,20.984
2025-03-03 00:00:00+02:00,20.983,20.994
2025-03-03 02:00:00+02:00,20.994,20.472
2025-03-03 04:00:00+02:00,20.472,20.349
2025-03-03 06:00:00+02:00,20.348,20.47
2025-03-03 08:00:00+02:00,20.47,20.136
2025-03-03 10:00:00+02:00,20.138,19.838
2025-03-03 12:00:00+02:00,19.837,20.035
2025-03-03 14:00:00+02:00,20.035,20.264
2025-03-03 16:00:00+02:00,20.263,19.868
2025-03-03 18:00:00+02:00,19.868,19.928
2025-03-03 20:00:00+02:00,19.927,18.755
2025-03-03 22:00:00+02:00,18.756,18.478
2025-03-04 00:00:00+02:00,18.479,18.695
2025-03-04 02:00:00+02:00,18.696,17.956
2025-03-04 04:00:00+02:00,17.957,18.196
2025-03-04 06:00:00+02:00,18.197,18.562
2025-03-04 08:00:00+02:00,18.563,18.36
2025-03-04 10:00:00+02:00,18.361,18.243
2025-03-04 12:00:00+02:00,18.245,18.313
2025-03-04 14:00:00+02:00,18.312,18.098
2025-03-04 16:00:00+02:00,18.099,18.473
2025-03-04 18:00:00+02:00,18.473,18.68
2025-03-04 20:00:00+02:00,18.681,19.061
2025-03-04 22:00:00+02:00,19.061,18.989
2025-03-05 00:00:00+02:00,18.99,18.939
2025-03-05 02:00:00+02:00,18.94,19.064
2025-03-05 04:00:00+02:00,19.065,18.881
2025-03-05 06:00:00+02:00,18.88,19.004
2025-03-05 08:00:00+02:00,19.004,19.218
2025-03-05 10:00:00+02:00,19.218,19.524
2025-03-05 12:00:00+02:00,19.524,19.553
2025-03-05 14:00:00+02:00,19.556,19.756
2025-03-05 16:00:00+02:00,19.756,20.037
2025-03-05 18:00:00+02:00,20.037,20.381
2025-03-05 20:00:00+02:00,20.381,20.592
2025-03-05 22:00:00+02:00,20.596,20.666
2025-03-06 00:00:00+02:00,20.665,20.483
2025-03-06 02:00:00+02:00,20.484,20.703
2025-03-06 04:00:00+02:00,20.702,20.785
2025-03-06 06:00:00+02:00,20.784,20.709
2025-03-06 08:00:00+02:00,20.709,20.628
2025-03-06 10:00:00+02:00,20.627,20.526
2025-03-06 12:00:00+02:00,20.526,20.62
2025-03-06 14:00:00+02:00,20.622,20.371
2025-03-06 16:00:00+02:00,20.372,20.378
2025-03-06 18:00:00+02:00,20.374,19.98
2025-03-06 20:00:00+02:00,19.978,19.932
2025-03-06 22:00:00+02:00,19.933,20.007
2025-03-07 00:00:00+02:00,20.007,19.949
2025-03-07 02:00:00+02:00,19.949,19.877
2025-03-07 04:00:00+02:00,19.876,20.151
2025-03-07 06:00:00+02:00,20.151,20.344
2025-03-07 08:00:00+02:00,20.345,20.874
2025-03-07 10:00:00+02:00,20.874,20.93
2025-03-07 12:00:00+02:00,20.93,20.89
2025-03-07 14:00:00+02:00,20.891,20.905
2025-03-07 16:00:00+02:00,20.908,20.981
2025-03-07 18:00:00+02:00,20.98,20.717
2025-03-07 20:00:00+02:00,20.719,20.889
2025-03-07 22:00:00+02:00,20.89,20.464
2025-03-08 00:00:00+02:00,20.461,20.391
2025-03-08 02:00:00+02:00,20.39,20.185
2025-03-08 04:00:00+02:00,20.184,20.085
2025-03-08 06:00:00+02:00,20.085,19.965
2025-03-08 08:00:00+02:00,19.966,19.767
2025-03-08 10:00:00+02:00,19.766,19.533
2025-03-08 12:00:00+02:00,19.534,19.622
2025-03-08 14:00:00+02:00,19.623,20.017
2025-03-08 16:00:00+02:00,20.018,19.672
2025-03-08 18:00:00+02:00,19.671,19.918
2025-03-08 20:00:00+02:00,19.917,20.442
2025-03-08 22:00:00+02:00,20.442,20.343
2025-03-09 00:00:00+02:00,20.343,20.219
2025-03-09 02:00:00+02:00,20.22,20.017
2025-03-09 04:00:00+02:00,20.016,19.894
2025-03-09 06:00:00+02:00,19.894,19.824
2025-03-09 08:00:00+02:00,19.825,19.851
2025-03-09 10:00:00+02:00,19.851,19.603
2025-03-09 12:00:00+02:00,19.603,19.161
2025-03-09 14:00:00+02:00,19.162,18.821
2025-03-09 16:00:00+02:00,18.823,18.744
2025-03-09 18:00:00+02:00,18.743,17.988
2025-03-09 20:00:00+02:00,17.986,18.048
2025-03-09 22:00:00+02:00,18.048,17.842
2025-03-10 00:00:00+02:00,17.842,17.921
2025-03-10 02:00:00+02:00,17.922,17.972
2025-03-10 04:00:00+02:00,17.972,18.003
2025-03-10 06:00:00+02:00,18.004,17.979
2025-03-10 08:00:00+02:00,17.979,18.148
2025-03-10 10:00:00+02:00,18.149,18.411
2025-03-10 12:00:00+02:00,18.413,18.638
2025-03-10 14:00:00+02:00,18.638,18.294
2025-03-10 16:00:00+02:00,18.292,17.876
2025-03-10 18:00:00+02:00,17.876,17.248
2025-03-10 20:00:00+02:00,17.247,17.161
2025-03-10 22:00:00+02:00,17.161,17.034
2025-03-11 00:00:00+02:00,17.033,16.861
2025-03-11 02:00:00+02:00,16.865,16.782
2025-03-11 04:00:00+02:00,16.781,16.872
2025-03-11 06:00:00+02:00,16.871,17.216
2025-03-11 08:00:00+02:00,17.216,17.309
2025-03-11 10:00:00+02:00,17.308,17.296
2025-03-11 12:00:00+02:00,17.295,17.379
2025-03-11 14:00:00+02:00,17.38,17.336
2025-03-11 16:00:00+02:00,17.335,17.645
2025-03-11 18:00:00+02:00,17.646,17.584
2025-03-11 20:00:00+02:00,17.583,18.108
2025-03-11 22:00:00+02:00,18.108,18.017
2025-03-12 00:00:00+02:00,18.016,17.857
2025-03-12 02:00:00+02:00,17.857,17.845
2025-03-12 04:00:00+02:00,17.846,17.375
2025-03-12 06:00:00+02:00,17.375,17.465
2025-03-12 08:00:00+02:00,17.465,17.656
2025-03-12 10:00:00+02:00,17.655,17.714
2025-03-12 12:00:00+02:00,17.714,17.713
2025-03-12 14:00:00+02:00,17.713,17.55
2025-03-12 16:00:00+02:00,17.55,17.651
2025-03-12 18:00:00+02:00,17.651,17.839
2025-03-12 20:00:00+02:00,17.839,17.946
2025-03-12 22:00:00+02:00,17.946,18.124
2025-03-13 00:00:00+02:00,18.124,17.974
2025-03-13 02:00:00+02:00,17.973,17.939
2025-03-13 04:00:00+02:00,17.939,17.793
2025-03-13 06:00:00+02:00,17.792,17.699
2025-03-13 08:00:00+02:00,17.699,17.669
2025-03-13 10:00:00+02:00,17.668,17.864
2025-03-13 12:00:00+02:00,17.863,17.908
2025-03-13 14:00:00+02:00,17.908,17.696
2025-03-13 16:00:00+02:00,17.695,17.928
2025-03-13 18:00:00+02:00,17.928,17.42
2025-03-13 20:00:00+02:00,17.419,17.66
2025-03-13 22:00:00+02:00,17.66,17.696
2025-03-14 00:00:00+02:00,17.695,17.885
2025-03-14 02:00:00+02:00,17.885,17.891
2025-03-14 04:00:00+02:00,17.89,17.969
2025-03-14 06:00:00+02:00,17.969,18.024
2025-03-14 08:00:00+02:00,18.024,18.273
2025-03-14 10:00:00+02:00,18.271,18.217
2025-03-14 12:00:00+02:00,18.216,18.213
2025-03-14 14:00:00+02:00,18.212,18.134
2025-03-14 16:00:00+02:00,18.135,18.256
2025-03-14 18:00:00+02:00,18.257,18.11
2025-03-14 20:00:00+02:00,18.11,18.021
2025-03-14 22:00:00+02:00,18.02,18.059
2025-03-15 00:00:00+02:00,18.058,18.012
2025-03-15 02:00:00+02:00,18.012,18.013
2025-03-15 04:00:00+02:00,18.013,18.118
2025-03-15 06:00:00+02:00,18.117,18.034
2025-03-15 08:00:00+02:00,18.034,17.898
2025-03-15 10:00:00+02:00,17.898,17.974
2025-03-15 12:00:00+02:00,17.973,17.951
2025-03-15 14:00:00+02:00,17.952,18.043
2025-03-15 16:00:00+02:00,18.043,17.993
2025-03-15 18:00:00+02:00,17.993,17.949
2025-03-15 20:00:00+02:00,17.948,17.927
2025-03-15 22:00:00+02:00,17.926,18.085
2025-03-16 00:00:00+02:00,18.085,17.93
2025-03-16 02:00:00+02:00,17.93,17.797
2025-03-16 04:00:00+02:00,17.796,17.893
2025-03-16 06:00:00+02:00,17.893,18.025
2025-03-16 08:00:00+02:00,18.025,17.93
2025-03-16 10:00:00+02:00,17.929,17.705
2025-03-16 12:00:00+02:00,17.706,17.27
2025-03-16 14:00:00+02:00,17.271,17.249
2025-03-16 16:00:00+02:00,17.249,17.418
2025-03-16 18:00:00+02:00,17.417,17.593
2025-03-16 20:00:00+02:00,17.593,17.433
2025-03-16 22:00:00+02:00,17.432,17.454
2025-03-17 00:00:00+02:00,17.453,17.452
2025-03-17 02:00:00+02:00,17.452,17.722
2025-03-17 04:00:00+02:00,17.722,17.73
2025-03-17 06:00:00+02:00,17.73,17.68
2025-03-17 08:00:00+02:00,17.679,17.787
2025-03-17 10:00:00+02:00,17.788,17.855
2025-03-17 12:00:00+02:00,17.855,17.806
2025-03-17 14:00:00+02:00,17.806,17.786
2025-03-17 16:00:00+02:00,17.785,17.896
2025-03-17 18:00:00+02:00,17.896,17.964
2025-03-17 20:00:00+02:00,17.963,18.013
2025-03-17 22:00:00+02:00,18.012,17.98
2025-03-18 00:00:00+02:00,17.98,17.824
2025-03-18 02:00:00+02:00,17.823,17.56
2025-03-18 04:00:00+02:00,17.56,17.577
2025-03-18 06:00:00+02:00,17.577,17.628
2025-03-18 08:00:00+02:00,17.627,17.583
2025-03-18 10:00:00+02:00,17.583,17.531
2025-03-18 12:00:00+02:00,17.531,17.421
2025-03-18 14:00:00+02:00,17.42,17.267
2025-03-18 16:00:00+02:00,17.266,17.284
2025-03-18 18:00:00+02:00,17.283,17.263
2025-03-18 20:00:00+02:00,17.263,17.474
2025-03-18 22:00:00+02:00,17.474,17.436
2025-03-19 00:00:00+02:00,17.434,17.682
2025-03-19 02:00:00+02:00,17.681,18.025
2025-03-19 04:00:00+02:00,18.026,17.973
2025-03-19 06:00:00+02:00,17.973,17.965
2025-03-19 08:00:00+02:00,17.965,17.804
2025-03-19 10:00:00+02:00,17.803,17.886
2025-03-19 12:00:00+02:00,17.886,18.517
2025-03-19 14:00:00+02:00,18.516,18.177
2025-03-19 16:00:00+02:00,18.178,18.254
2025-03-19 18:00:00+02:00,18.253,18.308
2025-03-19 20:00:00+02:00,18.309,18.487
2025-03-19 22:00:00+02:00,18.486,18.472
2025-03-20 00:00:00+02:00,18.471,18.534
2025-03-20 02:00:00+02:00,18.535,18.336
2025-03-20 04:00:00+02:00,18.335,18.296
2025-03-20 06:00:00+02:00,18.295,18.258
2025-03-20 08:00:00+02:00,18.258,18.103
2025-03-20 10:00:00+02:00,18.103,18.08
2025-03-20 12:00:00+02:00,18.079,17.932
2025-03-20 14:00:00+02:00,17.931,17.901
2025-03-20 16:00:00+02:00,17.9,17.778
2025-03-20 18:00:00+02:00,17.777,17.807
2025-03-20 20:00:00+02:00,17.808,17.905
2025-03-20 22:00:00+02:00,17.905,17.818
2025-03-21 00:00:00+02:00,17.818,17.883
2025-03-21 02:00:00+02:00,17.884,17.936
2025-03-21 04:00:00+02:00,17.935,17.781
2025-03-21 06:00:00+02:00,17.781,17.805
2025-03-21 08:00:00+02:00,17.805,17.756
2025-03-21 10:00:00+02:00,17.755,17.666
2025-03-21 12:00:00+02:00,17.665,17.682
2025-03-21 14:00:00+02:00,17.682,17.605
2025-03-21 16:00:00+02:00,17.606,17.623
2025-03-21 18:00:00+02:00,17.624,17.687
2025-03-21 20:00:00+02:00,17.688,17.719
2025-03-21 22:00:00+02:00,17.719,17.71
2025-03-22 00:00:00+02:00,17.71,17.684
2025-03-22 02:00:00+02:00,17.683,17.754
2025-03-22 04:00:00+02:00,17.754,17.814
2025-03-22 06:00:00+02:00,17.814,17.806
2025-03-22 08:00:00+02:00,17.806,17.854
2025-03-22 10:00:00+02:00,17.854,17.919
2025-03-22 12:00:00+02:00,17.918,17.822
2025-03-22 14:00:00+02:00,17.821,17.871
2025-03-22 16:00:00+02:00,17.87,17.893
2025-03-22 18:00:00+02:00,17.893,17.959
2025-03-22 20:00:00+02:00,17.959,17.877
2025-03-22 22:00:00+02:00,17.876,17.718
2025-03-23 00:00:00+02:00,17.717,17.655
2025-03-23 02:00:00+02:00,17.655,17.754
2025-03-23 04:00:00+02:00,17.753,17.788
2025-03-23 06:00:00+02:00,17.788,17.674
2025-03-23 08:00:00+02:00,17.674,17.75
2025-03-23 10:00:00+02:00,17.749,17.716
2025-03-23 12:00:00+02:00,17.715,17.705
2025-03-23 14:00:00+02:00,17.706,17.742
2025-03-23 16:00:00+02:00,17.742,17.687
2025-03-23 18:00:00+02:00,17.686,17.583
2025-03-23 20:00:00+02:00,17.582,17.646
2025-03-23 22:00:00+02:00,17.646,17.732
2025-03-24 00:00:00+02:00,17.732,17.794
2025-03-24 02:00:00+02:00,17.795,17.65
2025-03-24 04:00:00+02:00,17.65,17.926
2025-03-24 06:00:00+02:00,17.926,18.108
2025-03-24 08:00:00+02:00,18.107,18.193
2025-03-24 10:00:00+02:00,18.192,18.367
2025-03-24 12:00:00+02:00,18.368,18.232
2025-03-24 14:00:00+02:00,18.231,18.208
2025-03-24 16:00:00+02:00,18.207,18.279
2025-03-24 18:00:00+02:00,18.28,18.326
2025-03-24 20:00:00+02:00,18.325,18.277
2025-03-24 22:00:00+02:00,18.276,18.359
2025-03-25 00:00:00+02:00,18.359,18.301
2025-03-25 02:00:00+02:00,18.301,18.174
2025-03-25 04:00:00+02:00,18.175,18.082
2025-03-25 06:00:00+02:00,18.081,18.124
2025-03-25 08:00:00+02:00,18.125,18.259
2025-03-25 10:00:00+02:00,18.259,18.366
2025-03-25 12:00:00+02:00,18.366,18.351
2025-03-25 14:00:00+02:00,18.351,18.274
2025-03-25 16:00:00+02:00,18.275,18.336
2025-03-25 18:00:00+02:00,18.335,18.648
2025-03-25 20:00:00+02:00,18.646,18.45
2025-03-25 22:00:00+02:00,18.449,18.431
2025-03-26 00:00:00+02:00,18.433,18.418
2025-03-26 02:00:00+02:00,18.418,18.527
2025-03-26 04:00:00+02:00,18.528,18.26
2025-03-26 06:00:00+02:00,18.263,18.368
2025-03-26 08:00:00+02:00,18.368,18.606
2025-03-26 10:00:00+02:00,18.605,18.517
2025-03-26 12:00:00+02:00,18.516,18.613
2025-03-26 14:00:00+02:00,18.614,18.257
2025-03-26 16:00:00+02:00,18.256,18.157
2025-03-26 18:00:00+02:00,18.156,18.027
2025-03-26 20:00:00+02:00,18.027,17.992
2025-03-26 22:00:00+02:00,17.991,18.092
2025-03-27 00:00:00+02:00,18.091,18.002
2025-03-27 02:00:00+02:00,18.002,18.155
2025-03-27 04:00:00+02:00,18.156,18.264
2025-03-27 06:00:00+02:00,18.265,18.165
2025-03-27 08:00:00+02:00,18.164,18.163
2025-03-27 10:00:00+02:00,18.163,18.12
2025-03-27 12:00:00+02:00,18.121,18.046
2025-03-27 14:00:00+02:00,18.045,17.835
2025-03-27 16:00:00+02:00,17.832,17.919
2025-03-27 18:00:00+02:00,17.918,17.713
2025-03-27 20:00:00+02:00,17.712,17.832
2025-03-27 22:00:00+02:00,17.834,17.941
2025-03-28 00:00:00+02:00,17.94,17.793
2025-03-28 03:00:00+03:00,17.794,17.861
2025-03-28 05:00:00+03:00,17.861,17.724
2025-03-28 07:00:00+03:00,17.725,17.246
2025-03-28 09:00:00+03:00,17.246,17.178
2025-03-28 11:00:00+03:00,17.178,17.179
2025-03-28 13:00:00+03:00,17.179,17.192
2025-03-28 15:00:00+03:00,17.192,17.047
2025-03-28 17:00:00+03:00,17.048,16.955
2025-03-28 19:00:00+03:00,16.955,17.028
2025-03-28 21:00:00+03:00,17.028,16.933
2025-03-28 23:00:00+03:00,16.932,17.013
2025-03-29 01:00:00+03:00,17.013,17.129
2025-03-29 03:00:00+03:00,17.128,17.2
2025-03-29 05:00:00+03:00,17.2,17.129
2025-03-29 07:00:00+03:00,17.129,17.028
2025-03-29 09:00:00+03:00,17.027,16.853
2025-03-29 11:00:00+03:00,16.855,16.885
2025-03-29 13:00:00+03:00,16.889,16.669
2025-03-29 15:00:00+03:00,16.67,16.833
2025-03-29 17:00:00+03:00,16.836,16.636
2025-03-29 19:00:00+03:00,16.637,16.516
2025-03-29 21:00:00+03:00,16.516,16.61
2025-03-29 23:00:00+03:00,16.61,16.453
2025-03-30 01:00:00+03:00,16.453,16.594
2025-03-30 03:00:00+03:00,16.596,16.733
2025-03-30 05:00:00+03:00,16.732,16.736
2025-03-30 07:00:00+03:00,16.734,16.753
2025-03-30 09:00:00+03:00,16.755,16.767
2025-03-30 11:00:00+03:00,16.767,16.769
2025-03-30 13:00:00+03:00,16.769,16.692
2025-03-30 15:00:00+03:00,16.693,16.577
2025-03-30 17:00:00+03:00,16.576,16.613
2025-03-30 19:00:00+03:00,16.614,16.56
2025-03-30 21:00:00+03:00,16.56,16.613
2025-03-30 23:00:00+03:00,16.613,16.471
2025-03-31 01:00:00+03:00,16.47,16.493
2025-03-31 03:00:00+03:00,16.494,16.546
2025-03-31 05:00:00+03:00,16.546,16.407
2025-03-31 07:00:00+03:00,16.408,16.565
2025-03-31 09:00:00+03:00,16.567,16.321
2025-03-31 11:00:00+03:00,16.319,16.321
2025-03-31 13:00:00+03:00,16.325,16.656
2025-03-31 15:00:00+03:00,16.656,16.637
2025-03-31 17:00:00+03:00,16.64,16.841
2025-03-31 19:00:00+03:00,16.842,16.729
2025-03-31 21:00:00+03:00,16.731,16.818
2025-03-31 23:00:00+03:00,16.818,16.732
2025-04-01 01:00:00+03:00,16.731,16.76
2025-04-01 03:00:00+03:00,16.761,16.748
2025-04-01 05:00:00+03:00,16.747,16.676
2025-04-01 07:00:00+03:00,16.676,16.792
2025-04-01 09:00:00+03:00,16.792,16.879
2025-04-01 11:00:00+03:00,16.878,17.05
2025-04-01 13:00:00+03:00,17.05,16.895
2025-04-01 15:00:00+03:00,16.895,16.922
2025-04-01 17:00:00+03:00,16.921,17.181
2025-04-01 19:00:00+03:00,17.181,17.052
2025-04-01 21:00:00+03:00,17.053,16.934
2025-04-01 23:00:00+03:00,16.933,16.933
2025-04-02 01:00:00+03:00,16.935,16.897
2025-04-02 03:00:00+03:00,16.896,16.683
2025-04-02 05:00:00+03:00,16.683,16.713
2025-04-02 07:00:00+03:00,16.712,16.525
2025-04-02 09:00:00+03:00,16.523,16.431
2025-04-02 11:00:00+03:00,16.431,16.595
2025-04-02 13:00:00+03:00,16.595,16.463
2025-04-02 15:00:00+03:00,16.461,16.413
2025-04-02 17:00:00+03:00,16.412,16.775
2025-04-02 19:00:00+03:00,16.773,16.752
2025-04-02 21:00:00+03:00,16.753,16.939
2025-04-02 23:00:00+03:00,16.939,16.679
2025-04-03 01:00:00+03:00,16.679,16.073
2025-04-03 03:00:00+03:00,16.074,16.401
2025-04-03 05:00:00+03:00,16.401,16.666
2025-04-03 07:00:00+03:00,16.667,16.556
2025-04-03 09:00:00+03:00,16.557,16.402
2025-04-03 11:00:00+03:00,16.403,16.186
2025-04-03 13:00:00+03:00,16.186,15.922
2025-04-03 15:00:00+03:00,15.922,15.919
2025-04-03 17:00:00+03:00,15.918,15.765
2025-04-03 19:00:00+03:00,15.765,15.821
2025-04-03 21:00:00+03:00,15.82,15.988
2025-04-03 23:00:00+03:00,15.989,16.229
2025-04-04 01:00:00+03:00,16.229,16.225
2025-04-04 03:00:00+03:00,16.226,16.027
2025-04-04 05:00:00+03:00,16.03,16.147
2025-04-04 07:00:00+03:00,16.148,16.263
2025-04-04 09:00:00+03:00,16.264,16.38
2025-04-04 11:00:00+03:00,16.381,16.362
2025-04-04 13:00:00+03:00,16.362,15.911
2025-04-04 15:00:00+03:00,15.909,16.154
2025-04-04 17:00:00+03:00,16.155,16.103
2025-04-04 19:00:00+03:00,16.104,16.266
2025-04-04 21:00:00+03:00,16.267,16.176
2025-04-04 23:00:00+03:00,16.175,16.249
2025-04-05 01:00:00+03:00,16.25,16.238
2025-04-05 03:00:00+03:00,16.237,16.244
2025-04-05 05:00:00+03:00,16.245,16.137
2025-04-05 07:00:00+03:00,16.136,16.14
2025-04-05 09:00:00+03:00,16.141,16.205
2025-04-05 11:00:00+03:00,16.207,16.326
2025-04-05 13:00:00+03:00,16.327,16.266
2025-04-05 15:00:00+03:00,16.265,16.025
2025-04-05 17:00:00+03:00,16.026,15.919
2025-04-05 19:00:00+03:00,15.919,15.856
2025-04-05 21:00:00+03:00,15.856,15.757
2025-04-05 23:00:00+03:00,15.758,15.706
2025-04-06 01:00:00+03:00,15.706,15.872
2025-04-06 03:00:00+03:00,15.871,15.85
2025-04-06 05:00:00+03:00,15.85,15.793
2025-04-06 07:00:00+03:00,15.793,15.929
2025-04-06 09:00:00+03:00,15.929,15.792
2025-04-06 11:00:00+03:00,15.792,15.763
2025-04-06 13:00:00+03:00,15.764,15.718
2025-04-06 15:00:00+03:00,15.718,15.319
2025-04-06 17:00:00+03:00,15.318,15.543
2025-04-06 19:00:00+03:00,15.543,14.948
2025-04-06 21:00:00+03:00,14.95,14.399
2025-04-06 23:00:00+03:00,14.397,14.139
2025-04-07 01:00:00+03:00,14.14,14.151
2025-04-07 03:00:00+03:00,14.151,14.287
2025-04-07 05:00:00+03:00,14.287,13.681
2025-04-07 07:00:00+03:00,13.681,13.639
2025-04-07 09:00:00+03:00,13.638,13.501
2025-04-07 11:00:00+03:00,13.5,13.865
2025-04-07 13:00:00+03:00,13.865,14.033
2025-04-07 15:00:00+03:00,14.033,14.422
2025-04-07 17:00:00+03:00,14.419,14.476
2025-04-07 19:00:00+03:00,14.475,14.706
2025-04-07 21:00:00+03:00,14.709,14.502
2025-04-07 23:00:00+03:00,14.504,14.621
2025-04-08 01:00:00+03:00,14.622,14.493
2025-04-08 03:00:00+03:00,14.49,14.81
2025-04-08 05:00:00+03:00,14.81,14.631
2025-04-08 07:00:00+03:00,14.631,14.584
2025-04-08 09:00:00+03:00,14.583,14.345
2025-04-08 11:00:00+03:00,14.344,14.354
2025-04-08 13:00:00+03:00,14.355,14.684
2025-04-08 15:00:00+03:00,14.685,14.613
2025-04-08 17:00:00+03:00,14.613,14.368
2025-04-08 19:00:00+03:00,14.367,14.162
2025-04-08 21:00:00+03:00,14.164,14.054
2025-04-08 23:00:00+03:00,14.055,14.142
2025-04-09 01:00:00+03:00,14.143,14.067
2025-04-09 03:00:00+03:00,14.067,13.963
2025-04-09 05:00:00+03:00,13.965,13.75
2025-04-09 07:00:00+03:00,13.75,13.927
2025-04-09 09:00:00+03:00,13.927,14.107
2025-04-09 11:00:00+03:00,14.108,14.132
2025-04-09 13:00:00+03:00,14.13,13.929
2025-04-09 15:00:00+03:00,13.927,14.187
2025-04-09 17:00:00+03:00,14.188,14.216
2025-04-09 19:00:00+03:00,14.217,15.196
2025-04-09 21:00:00+03:00,15.19,15.211
2025-04-09 23:00:00+03:00,15.212,15.524
2025-04-10 01:00:00+03:00,15.525,15.299
2025-04-10 03:00:00+03:00,15.299,15.085
2025-04-10 05:00:00+03:00,15.084,14.972
2025-04-10 07:00:00+03:00,14.971,15.032
2025-04-10 09:00:00+03:00,15.034,14.945
2025-04-10 11:00:00+03:00,14.945,14.822
2025-04-10 13:00:00+03:00,14.821,14.694
2025-04-10 15:00:00+03:00,14.693,14.637
2025-04-10 17:00:00+03:00,14.635,14.274
2025-04-10 19:00:00+03:00,14.273,14.443
2025-04-10 21:00:00+03:00,14.443,14.597
2025-04-10 23:00:00+03:00,14.595,14.747
2025-04-11 01:00:00+03:00,14.748,14.784
2025-04-11 03:00:00+03:00,14.785,14.945
2025-04-11 05:00:00+03:00,14.944,15.038
2025-04-11 07:00:00+03:00,15.037,14.964
2025-04-11 09:00:00+03:00,14.964,14.972
2025-04-11 11:00:00+03:00,14.972,15.015
2025-04-11 13:00:00+03:00,15.015,14.972
2025-04-11 15:00:00+03:00,14.972,15.04
2025-04-11 17:00:00+03:00,15.039,15.063
2025-04-11 19:00:00+03:00,15.063,15.204
2025-04-11 21:00:00+03:00,15.205,15.182
2025-04-11 23:00:00+03:00,15.183,15.183
2025-04-12 01:00:00+03:00,15.183,15.154
2025-04-12 03:00:00+03:00,15.153,15.131
2025-04-12 05:00:00+03:00,15.131,15.118
2025-04-12 07:00:00+03:00,15.118,15.185
2025-04-12 09:00:00+03:00,15.184,15.215
2025-04-12 11:00:00+03:00,15.215,15.185
2025-04-12 13:00:00+03:00,15.184,15.178
2025-04-12 15:00:00+03:00,15.177,15.499
2025-04-12 17:00:00+03:00,15.499,15.676
2025-04-12 19:00:00+03:00,15.677,15.526
2025-04-12 21:00:00+03:00,15.526,15.576
2025-04-12 23:00:00+03:00,15.576,15.578
2025-04-13 01:00:00+03:00,15.578,15.526
2025-04-13 03:00:00+03:00,15.526,15.37
2025-04-13 05:00:00+03:00,15.37,15.325
2025-04-13 07:00:00+03:00,15.325,15.203
2025-04-13 09:00:00+03:00,15.204,15.202
2025-04-13 11:00:00+03:00,15.203,15.405
2025-04-13 13:00:00+03:00,15.406,15.254
2025-04-13 15:00:00+03:00,15.255,15.071
2025-04-13 17:00:00+03:00,15.07,15.225
2025-04-13 19:00:00+03:00,15.225,15.629
2025-04-13 21:00:00+03:00,15.629,15.295
2025-04-13 23:00:00+03:00,15.294,15.251
2025-04-14 01:00:00+03:00,15.251,15.209
2025-04-14 03:00:00+03:00,15.209,15.497
2025-04-14 05:00:00+03:00,15.497,15.551
2025-04-14 07:00:00+03:00,15.551,15.415
2025-04-14 09:00:00+03:00,15.415,15.352
2025-04-14 11:00:00+03:00,15.352,15.341
2025-04-14 13:00:00+03:00,15.341,15.624
2025-04-14 15:00:00+03:00,15.624,15.507
2025-04-14 17:00:00+03:00,15.507,15.404
2025-04-14 19:00:00+03:00,15.402,15.537
2025-04-14 21:00:00+03:00,15.538,15.381
2025-04-14 23:00:00+03:00,15.381,15.323
2025-04-15 01:00:00+03:00,15.323,15.226
2025-04-15 03:00:00+03:00,15.224,15.313
2025-04-15 05:00:00+03:00,15.314,15.32
2025-04-15 07:00:00+03:00,15.319,15.13
2025-04-15 09:00:00+03:00,15.129,15.308
2025-04-15 11:00:00+03:00,15.307,15.346
2025-04-15 13:00:00+03:00,15.345,15.262
2025-04-15 15:00:00+03:00,15.263,15.179
2025-04-15 17:00:00+03:00,15.179,15.064
2025-04-15 19:00:00+03:00,15.063,14.975
2025-04-15 21:00:00+03:00,14.974,14.953
2025-04-15 23:00:00+03:00,14.952,14.969
2025-04-16 01:00:00+03:00,14.969,14.849
2025-04-16 03:00:00+03:00,14.849,14.951
2025-04-16 05:00:00+03:00,14.952,14.903
2025-04-16 07:00:00+03:00,14.903,14.792
2025-04-16 09:00:00+03:00,14.793,14.771
2025-04-16 11:00:00+03:00,14.77,14.838
2025-04-16 13:00:00+03:00,14.837,14.82
2025-04-16 15:00:00+03:00,14.819,14.631
2025-04-16 17:00:00+03:00,14.63,14.856
2025-04-16 19:00:00+03:00,14.857,14.577
2025-04-16 21:00:00+03:00,14.577,15.018
2025-04-16 23:00:00+03:00,15.016,15.04
2025-04-17 01:00:00+03:00,15.042,14.839
2025-04-17 03:00:00+03:00,14.84,14.861
2025-04-17 05:00:00+03:00,14.86,14.785
2025-04-17 07:00:00+03:00,14.784,14.995
2025-04-17 09:00:00+03:00,14.995,15.02
2025-04-17 11:00:00+03:00,15.02,14.948
2025-04-17 13:00:00+03:00,14.947,14.946
2025-04-17 15:00:00+03:00,14.947,14.931
2025-04-17 17:00:00+03:00,14.931,14.977
2025-04-17 19:00:00+03:00,14.977,15.148
2025-04-17 21:00:00+03:00,15.148,15.004
2025-04-17 23:00:00+03:00,15.004,15.065
2025-04-18 01:00:00+03:00,15.064,15.071
2025-04-18 03:00:00+03:00,15.071,15.049
2025-04-18 05:00:00+03:00,15.049,15.125
2025-04-18 07:00:00+03:00,15.125,15.235
2025-04-18 09:00:00+03:00,15.234,15.226
2025-04-18 11:00:00+03:00,15.227,15.393
2025-04-18 13:00:00+03:00,15.392,15.376
2025-04-18 15:00:00+03:00,15.376,15.507
2025-04-18 17:00:00+03:00,15.506,15.476
2025-04-18 19:00:00+03:00,15.475,15.544
2025-04-18 21:00:00+03:00,15.544,15.446
2025-04-18 23:00:00+03:00,15.445,15.486
2025-04-19 01:00:00+03:00,15.486,15.43
2025-04-19 03:00:00+03:00,15.431,15.628
2025-04-19 05:00:00+03:00,15.628,15.817
2025-04-19 07:00:00+03:00,15.817,15.81
2025-04-19 09:00:00+03:00,15.81,15.813
2025-04-19 11:00:00+03:00,15.813,15.777
2025-04-19 13:00:00+03:00,15.777,15.721
2025-04-19 15:00:00+03:00,15.72,15.748
2025-04-19 17:00:00+03:00,15.749,15.805
2025-04-19 19:00:00+03:00,15.804,15.948
2025-04-19 21:00:00+03:00,15.947,16.024
2025-04-19 23:00:00+03:00,16.023,15.972
2025-04-20 01:00:00+03:00,15.971,15.949
2025-04-20 03:00:00+03:00,15.949,15.886
2025-04-20 05:00:00+03:00,15.887,15.82
2025-04-20 07:00:00+03:00,15.82,15.861
2025-04-20 09:00:00+03:00,15.861,15.876
2025-04-20 11:00:00+03:00,15.876,15.948
2025-04-20 13:00:00+03:00,15.947,15.795
2025-04-20 15:00:00+03:00,15.795,15.937
2025-04-20 17:00:00+03:00,15.936,15.872
2025-04-20 19:00:00+03:00,15.871,15.913
2025-04-20 21:00:00+03:00,15.913,15.936
2025-04-20 23:00:00+03:00,15.936,16.027
2025-04-21 01:00:00+03:00,16.027,16.051
2025-04-21 03:00:00+03:00,16.052,16.155
2025-04-21 05:00:00+03:00,16.156,16.239
2025-04-21 07:00:00+03:00,16.24,16.27
2025-04-21 09:00:00+03:00,16.27,16.243
2025-04-21 11:00:00+03:00,16.243,16.078
2025-04-21 13:00:00+03:00,16.079,16.116
2025-04-21 15:00:00+03:00,16.115,16.011
2025-04-21 17:00:00+03:00,16.01,16.036
2025-04-21 19:00:00+03:00,16.038,15.766
2025-04-21 21:00:00+03:00,15.765,15.723
2025-04-21 23:00:00+03:00,15.724,15.689
2025-04-22 01:00:00+03:00,15.689,15.601
2025-04-22 03:00:00+03:00,15.602,15.672
2025-04-22 05:00:00+03:00,15.673,15.532
2025-04-22 07:00:00+03:00,15.531,15.452
2025-04-22 09:00:00+03:00,15.451,15.658
2025-04-22 11:00:00+03:00,15.656,15.579
2025-04-22 13:00:00+03:00,15.579,15.689
2025-04-22 15:00:00+03:00,15.69,15.873
2025-04-22 17:00:00+03:00,15.873,16.214
2025-04-22 19:00:00+03:00,16.211,16.207
2025-04-22 21:00:00+03:00,16.205,16.248
2025-04-22 23:00:00+03:00,16.247,16.737
2025-04-23 01:00:00+03:00,16.737,16.657
2025-04-23 03:00:00+03:00,16.658,16.63
2025-04-23 05:00:00+03:00,16.63,16.923
2025-04-23 07:00:00+03:00,16.922,16.84
2025-04-23 09:00:00+03:00,16.841,16.905
2025-04-23 11:00:00+03:00,16.906,16.861
2025-04-23 13:00:00+03:00,16.862,16.927
2025-04-23 15:00:00+03:00,16.926,16.74
2025-04-23 17:00:00+03:00,16.741,16.757
2025-04-23 19:00:00+03:00,16.753,16.85
2025-04-23 21:00:00+03:00,16.85,16.713
2025-04-23 23:00:00+03:00,16.712,16.735
2025-04-24 01:00:00+03:00,16.736,16.769
2025-04-24 03:00:00+03:00,16.768,16.616
2025-04-24 05:00:00+03:00,16.619,16.391
2025-04-24 07:00:00+03:00,16.391,16.462
2025-04-24 09:00:00+03:00,16.463,16.374
2025-04-24 11:00:00+03:00,16.375,16.343
2025-04-24 13:00:00+03:00,16.344,16.268
2025-04-24 15:00:00+03:00,16.267,16.368
2025-04-24 17:00:00+03:00,16.367,16.551
2025-04-24 19:00:00+03:00,16.55,16.576
2025-04-24 21:00:00+03:00,16.574,16.66
2025-04-24 23:00:00+03:00,16.66,16.641
2025-04-25 01:00:00+03:00,16.641,16.748
2025-04-25 03:00:00+03:00,16.749,16.817
2025-04-25 05:00:00+03:00,16.82,16.801
2025-04-25 07:00:00+03:00,16.8,17.023
2025-04-25 09:00:00+03:00,17.023,17.069
2025-04-25 11:00:00+03:00,17.07,17.206
2025-04-25 13:00:00+03:00,17.206,17.176
2025-04-25 15:00:00+03:00,17.176,16.991
2025-04-25 17:00:00+03:00,16.988,17.211
2025-04-25 19:00:00+03:00,17.211,17.074
2025-04-25 21:00:00+03:00,17.075,17.134
2025-04-25 23:00:00+03:00,17.133,17.127
2025-04-26 01:00:00+03:00,17.126,17.232
2025-04-26 03:00:00+03:00,17.231,17.486
2025-04-26 05:00:00+03:00,17.485,17.207
2025-04-26 07:00:00+03:00,17.207,17.223
2025-04-26 09:00:00+03:00,17.222,17.262
2025-04-26 11:00:00+03:00,17.261,17.083
2025-04-26 13:00:00+03:00,17.084,16.945
2025-04-26 15:00:00+03:00,16.946,16.971
2025-04-26 17:00:00+03:00,16.971,17.104
2025-04-26 19:00:00+03:00,17.104,17.11
2025-04-26 21:00:00+03:00,17.11,17.083
2025-04-26 23:00:00+03:00,17.083,17.014
2025-04-27 01:00:00+03:00,17.015,17.023
2025-04-27 03:00:00+03:00,17.024,17.312
2025-04-27 05:00:00+03:00,17.311,17.105
2025-04-27 07:00:00+03:00,17.105,16.864
2025-04-27 09:00:00+03:00,16.864,16.944
2025-04-27 11:00:00+03:00,16.944,16.991
2025-04-27 13:00:00+03:00,16.989,16.922
2025-04-27 15:00:00+03:00,16.922,16.812
2025-04-27 17:00:00+03:00,16.812,16.673
2025-04-27 19:00:00+03:00,16.673,16.658
2025-04-27 21:00:00+03:00,16.659,16.803
2025-04-27 23:00:00+03:00,16.804,16.706
2025-04-28 01:00:00+03:00,16.705,16.549
2025-04-28 03:00:00+03:00,16.548,16.321
2025-04-28 05:00:00+03:00,16.32,16.523
2025-04-28 07:00:00+03:00,16.523,16.711
2025-04-28 09:00:00+03:00,16.712,16.855
2025-04-28 11:00:00+03:00,16.856,16.817
2025-04-28 13:00:00+03:00,16.818,16.894
2025-04-28 15:00:00+03:00,16.894,16.647
2025-04-28 17:00:00+03:00,16.648,16.523
2025-04-28 19:00:00+03:00,16.524,16.848
2025-04-28 21:00:00+03:00,16.849,17.07
2025-04-28 23:00:00+03:00,17.069,16.955
2025-04-29 01:00:00+03:00,16.955,16.987
2025-04-29 03:00:00+03:00,16.988,16.988
2025-04-29 05:00:00+03:00,16.989,17.017
2025-04-29 07:00:00+03:00,17.018,16.939
2025-04-29 09:00:00+03:00,16.939,17.101
2025-04-29 11:00:00+03:00,17.101,17.321
2025-04-29 13:00:00+03:00,17.322,17.215
2025-04-29 15:00:00+03:00,17.215,17.083
2025-04-29 17:00:00+03:00,17.082,17.077
2025-04-29 19:00:00+03:00,17.077,16.955
2025-04-29 21:00:00+03:00,16.957,16.998
2025-04-29 23:00:00+03:00,16.999,16.878
2025-04-30 01:00:00+03:00,16.877,16.714
2025-04-30 03:00:00+03:00,16.713,16.729
2025-04-30 05:00:00+03:00,16.728,16.787
2025-04-30 07:00:00+03:00,16.788,16.746
2025-04-30 09:00:00+03:00,16.747,16.621
2025-04-30 11:00:00+03:00,16.621,16.799
2025-04-30 13:00:00+03:00,16.8,16.83
2025-04-30 15:00:00+03:00,16.831,16.22
2025-04-30 17:00:00+03:00,16.219,16.527
2025-04-30 19:00:00+03:00,16.527,16.499
2025-04-30 21:00:00+03:00,16.497,16.516
2025-04-30 23:00:00+03:00,16.518,16.547
2025-05-01 01:00:00+03:00,16.548,16.508
2025-05-01 03:00:00+03:00,16.507,16.67
2025-05-01 05:00:00+03:00,16.672,16.623
2025-05-01 07:00:00+03:00,16.624,16.679
2025-05-01 09:00:00+03:00,16.679,16.577
2025-05-01 11:00:00+03:00,16.577,16.757
2025-05-01 13:00:00+03:00,16.757,16.896
2025-05-01 15:00:00+03:00,16.898,16.778
2025-05-01 17:00:00+03:00,16.777,16.921
2025-05-01 19:00:00+03:00,16.921,16.904
2025-05-01 21:00:00+03:00,16.904,16.895
2025-05-01 23:00:00+03:00,16.893,16.963
2025-05-02 01:00:00+03:00,16.965,16.876
2025-05-02 03:00:00+03:00,16.876,16.997
2025-05-02 05:00:00+03:00,16.996,17.157
2025-05-02 07:00:00+03:00,17.157,16.976
2025-05-02 09:00:00+03:00,16.975,16.991
2025-05-02 11:00:00+03:00,16.991,17.062
2025-05-02 13:00:00+03:00,17.064,17.076
2025-05-02 15:00:00+03:00,17.076,17.095
2025-05-02 17:00:00+03:00,17.095,17.142
2025-05-02 19:00:00+03:00,17.143,17.13
2025-05-02 21:00:00+03:00,17.129,17.016
2025-05-02 23:00:00+03:00,17.016,17.139
2025-05-03 01:00:00+03:00,17.138,17.224
2025-05-03 03:00:00+03:00,17.225,17.017
2025-05-03 05:00:00+03:00,17.015,17.012
2025-05-03 07:00:00+03:00,17.012,16.934
2025-05-03 09:00:00+03:00,16.935,16.785
2025-05-03 11:00:00+03:00,16.785,16.738
2025-05-03 13:00:00+03:00,16.738,16.718
2025-05-03 15:00:00+03:00,16.717,16.814
2025-05-03 17:00:00+03:00,16.813,16.738
2025-05-03 19:00:00+03:00,16.737,16.615
2025-05-03 21:00:00+03:00,16.614,16.823
2025-05-03 23:00:00+03:00,16.824,16.71
2025-05-04 01:00:00+03:00,16.711,16.592
2025-05-04 03:00:00+03:00,16.591,16.703
2025-05-04 05:00:00+03:00,16.704,16.507
2025-05-04 07:00:00+03:00,16.507,16.598
2025-05-04 09:00:00+03:00,16.598,16.467
2025-05-04 11:00:00+03:00,16.468,16.276
2025-05-04 13:00:00+03:00,16.275,16.29
2025-05-04 15:00:00+03:00,16.29,16.234
2025-05-04 17:00:00+03:00,16.234,16.231
2025-05-04 19:00:00+03:00,16.231,16.106
2025-05-04 21:00:00+03:00,16.107,16.006
2025-05-04 23:00:00+03:00,16.008,16.097
2025-05-05 01:00:00+03:00,16.097,15.993
2025-05-05 03:00:00+03:00,15.993,15.967
2025-05-05 05:00:00+03:00,15.967,16.056
2025-05-05 07:00:00+03:00,16.056,16.21
2025-05-05 09:00:00+03:00,16.21,16.145
2025-05-05 11:00:00+03:00,16.145,16.089
2025-05-05 13:00:00+03:00,16.088,15.947
2025-05-05 15:00:00+03:00,15.947,15.956
2025-05-05 17:00:00+03:00,15.957,15.816
2025-05-05 19:00:00+03:00,15.817,16.039
2025-05-05 21:00:00+03:00,16.039,15.995
2025-05-05 23:00:00+03:00,15.994,16.007
2025-05-06 01:00:00+03:00,16.006,15.997
2025-05-06 03:00:00+03:00,15.997,15.872
2025-05-06 05:00:00+03:00,15.872,16.024
2025-05-06 07:00:00+03:00,16.026,15.91
2025-05-06 09:00:00+03:00,15.909,15.928
2025-05-06 11:00:00+03:00,15.929,15.885
2025-05-06 13:00:00+03:00,15.884,15.661
2025-05-06 15:00:00+03:00,15.661,15.659
2025-05-06 17:00:00+03:00,15.659,15.768
2025-05-06 19:00:00+03:00,15.769,15.692
2025-05-06 21:00:00+03:00,15.693,15.854
2025-05-06 23:00:00+03:00,15.854,15.719
2025-05-07 01:00:00+03:00,15.718,16.227
2025-05-07 03:00:00+03:00,16.226,16.271
2025-05-07 05:00:00+03:00,16.273,16.223
2025-05-07 07:00:00+03:00,16.222,16.195
2025-05-07 09:00:00+03:00,16.195,16.334
2025-05-07 11:00:00+03:00,16.334,16.358
2025-05-07 13:00:00+03:00,16.358,16.19
2025-05-07 15:00:00+03:00,16.191,16.161
2025-05-07 17:00:00+03:00,16.161,15.993
2025-05-07 19:00:00+03:00,15.994,15.89
2025-05-07 21:00:00+03:00,15.89,15.921
2025-05-07 23:00:00+03:00,15.922,16.018
2025-05-08 01:00:00+03:00,16.019,16.183
2025-05-08 03:00:00+03:00,16.182,16.478
2025-05-08 05:00:00+03:00,16.479,16.955
2025-05-08 07:00:00+03:00,16.956,17.028
2025-05-08 09:00:00+03:00,17.027,17.178
2025-05-08 11:00:00+03:00,17.178,17.323
2025-05-08 13:00:00+03:00,17.323,17.28
2025-05-08 15:00:00+03:00,17.28,17.268
2025-05-08 17:00:00+03:00,17.268,17.683
2025-05-08 19:00:00+03:00,17.684,17.713
2025-05-08 21:00:00+03:00,17.713,18.05
2025-05-08 23:00:00+03:00,18.051,18.495
2025-05-09 01:00:00+03:00,18.498,18.627
2025-05-09 03:00:00+03:00,18.628,18.572
2025-05-09 05:00:00+03:00,18.572,18.453
2025-05-09 07:00:00+03:00,18.454,18.484
2025-05-09 09:00:00+03:00,18.481,19.231
2025-05-09 11:00:00+03:00,19.23,19.097
2025-05-09 13:00:00+03:00,19.096,19.155
2025-05-09 15:00:00+03:00,19.156,19.279
2025-05-09 17:00:00+03:00,19.278,19.067
2025-05-09 19:00:00+03:00,19.069,19.25
2025-05-09 21:00:00+03:00,19.246,19.081
2025-05-09 23:00:00+03:00,19.081,19.142
2025-05-10 01:00:00+03:00,19.142,19.218
2025-05-10 03:00:00+03:00,19.218,19.129
2025-05-10 05:00:00+03:00,19.131,19.297
2025-05-10 07:00:00+03:00,19.298,19.34
2025-05-10 09:00:00+03:00,19.342,19.564
2025-05-10 11:00:00+03:00,19.567,19.613
2025-05-10 13:00:00+03:00,19.611,19.314
2025-05-10 15:00:00+03:00,19.314,19.645
2025-05-10 17:00:00+03:00,19.646,19.615
2025-05-10 19:00:00+03:00,19.617,19.755
2025-05-10 21:00:00+03:00,19.753,19.896
2025-05-10 23:00:00+03:00,19.895,20.306
2025-05-11 01:00:00+03:00,20.304,20.696
2025-05-11 03:00:00+03:00,20.694,20.334
2025-05-11 05:00:00+03:00,20.334,20.292
2025-05-11 07:00:00+03:00,20.291,20.141
2025-05-11 09:00:00+03:00,20.14,19.712
2025-05-11 11:00:00+03:00,19.712,19.868
2025-05-11 13:00:00+03:00,19.868,19.978
2025-05-11 15:00:00+03:00,19.977,19.596
2025-05-11 17:00:00+03:00,19.599,19.692
2025-05-11 19:00:00+03:00,19.692,19.889
2025-05-11 21:00:00+03:00,19.889,19.874
2025-05-11 23:00:00+03:00,19.874,19.947
2025-05-12 01:00:00+03:00,19.947,19.963
2025-05-12 03:00:00+03:00,19.965,19.992
2025-05-12 05:00:00+03:00,19.992,20.182
2025-05-12 07:00:00+03:00,20.181,19.954
2025-05-12 09:00:00+03:00,19.955,20.371
2025-05-12 11:00:00+03:00,20.374,20.353
2025-05-12 13:00:00+03:00,20.352,20.155
2025-05-12 15:00:00+03:00,20.153,20.424
2025-05-12 17:00:00+03:00,20.425,19.796
2025-05-12 19:00:00+03:00,19.795,19.705
2025-05-12 21:00:00+03:00,19.706,19.698
2025-05-12 23:00:00+03:00,19.701,19.787
2025-05-13 01:00:00+03:00,19.788,19.78
2025-05-13 03:00:00+03:00,19.782,19.304
2025-05-13 05:00:00+03:00,19.304,18.99
2025-05-13 07:00:00+03:00,18.99,19.288
2025-05-13 09:00:00+03:00,19.288,19.354
2025-05-13 11:00:00+03:00,19.354,19.618
2025-05-13 13:00:00+03:00,19.617,19.622
2025-05-13 15:00:00+03:00,19.622,19.772
2025-05-13 17:00:00+03:00,19.773,19.955
2025-05-13 19:00:00+03:00,19.953,20.347
2025-05-13 21:00:00+03:00,20.347,20.715
2025-05-13 23:00:00+03:00,20.714,20.793
2025-05-14 01:00:00+03:00,20.793,20.671
2025-05-14 03:00:00+03:00,20.67,20.684
2025-05-14 05:00:00+03:00,20.683,20.6
2025-05-14 07:00:00+03:00,20.6,20.68
2025-05-14 09:00:00+03:00,20.681,20.353
2025-05-14 11:00:00+03:00,20.353,20.133
2025-05-14 13:00:00+03:00,20.133,20.189
2025-05-14 15:00:00+03:00,20.19,20.01
2025-05-14 17:00:00+03:00,20.01,19.916
2025-05-14 19:00:00+03:00,19.916,19.817
2025-05-14 21:00:00+03:00,19.816,19.852
2025-05-14 23:00:00+03:00,19.852,19.919
2025-05-15 01:00:00+03:00,19.919,19.865
2025-05-15 03:00:00+03:00,19.865,19.639
2025-05-15 05:00:00+03:00,19.639,19.63
2025-05-15 07:00:00+03:00,19.629,19.39
2025-05-15 09:00:00+03:00,19.391,19.022
2025-05-15 11:00:00+03:00,19.022,19.137
2025-05-15 13:00:00+03:00,19.138,19.065
2025-05-15 15:00:00+03:00,19.062,18.889
2025-05-15 17:00:00+03:00,18.891,19.111
2025-05-15 19:00:00+03:00,19.11,19.289
2025-05-15 21:00:00+03:00,19.288,18.887
2025-05-15 23:00:00+03:00,18.888,18.839
2025-05-16 01:00:00+03:00,18.839,18.943
2025-05-16 03:00:00+03:00,18.942,19.117
2025-05-16 05:00:00+03:00,19.117,19.258
2025-05-16 07:00:00+03:00,19.259,19.228
2025-05-16 09:00:00+03:00,19.227,19.208
2025-05-16 11:00:00+03:00,19.21,19.303
2025-05-16 13:00:00+03:00,19.304,19.254
2025-05-16 15:00:00+03:00,19.255,19.087
2025-05-16 17:00:00+03:00,19.086,19.056
2025-05-16 19:00:00+03:00,19.056,18.86
2025-05-16 21:00:00+03:00,18.86,18.99
2025-05-16 23:00:00+03:00,18.987,18.833
2025-05-17 01:00:00+03:00,18.833,18.686
2025-05-17 03:00:00+03:00,18.686,18.244
2025-05-17 05:00:00+03:00,18.243,18.405
2025-05-17 07:00:00+03:00,18.406,18.265
2025-05-17 09:00:00+03:00,18.265,18.273
2025-05-17 11:00:00+03:00,18.273,18.253
2025-05-17 13:00:00+03:00,18.252,18.274
2025-05-17 15:00:00+03:00,18.274,18.114
2025-05-17 17:00:00+03:00,18.112,18.286
2025-05-17 19:00:00+03:00,18.285,18.204
2025-05-17 21:00:00+03:00,18.204,18.036
2025-05-17 23:00:00+03:00,18.033,18.175
2025-05-18 01:00:00+03:00,18.174,18.114
2025-05-18 03:00:00+03:00,18.114,18.177
2025-05-18 05:00:00+03:00,18.178,18.099
2025-05-18 07:00:00+03:00,18.1,18.407
2025-05-18 09:00:00+03:00,18.407,18.428
2025-05-18 11:00:00+03:00,18.428,18.464
2025-05-18 13:00:00+03:00,18.465,18.347
2025-05-18 15:00:00+03:00,18.347,18.591
2025-05-18 17:00:00+03:00,18.59,19.044
2025-05-18 19:00:00+03:00,19.045,18.568
2025-05-18 21:00:00+03:00,18.568,18.027
2025-05-18 23:00:00+03:00,18.027,18.108
2025-05-19 01:00:00+03:00,18.108,18.71
2025-05-19 03:00:00+03:00,18.71,18.136
2025-05-19 05:00:00+03:00,18.136,17.765
2025-05-19 07:00:00+03:00,17.768,17.662
2025-05-19 09:00:00+03:00,17.662,17.759
2025-05-19 11:00:00+03:00,17.76,17.695
2025-05-19 13:00:00+03:00,17.694,17.783
2025-05-19 15:00:00+03:00,17.783,17.891
2025-05-19 17:00:00+03:00,17.891,18.143
2025-05-19 19:00:00+03:00,18.144,18.363
2025-05-19 21:00:00+03:00,18.362,18.434
2025-05-19 23:00:00+03:00,18.433,18.434
2025-05-20 01:00:00+03:00,18.434,18.517
2025-05-20 03:00:00+03:00,18.518,18.623
2025-05-20 05:00:00+03:00,18.623,18.627
2025-05-20 07:00:00+03:00,18.627,18.634
2025-05-20 09:00:00+03:00,18.633,18.395
2025-05-20 11:00:00+03:00,18.395,18.268
2025-05-20 13:00:00+03:00,18.271,18.174
2025-05-20 15:00:00+03:00,18.174,18.02
2025-05-20 17:00:00+03:00,18.02,18.082
2025-05-20 19:00:00+03:00,18.082,18.216
2025-05-20 21:00:00+03:00,18.216,18.284
2025-05-20 23:00:00+03:00,18.284,18.436
2025-05-21 01:00:00+03:00,18.437,18.405
2025-05-21 03:00:00+03:00,18.405,18.342
2025-05-21 05:00:00+03:00,18.343,18.549
2025-05-21 07:00:00+03:00,18.55,18.666
2025-05-21 09:00:00+03:00,18.667,18.485
2025-05-21 11:00:00+03:00,18.485,18.371
2025-05-21 13:00:00+03:00,18.37,18.543
2025-05-21 15:00:00+03:00,18.543,18.654
2025-05-21 17:00:00+03:00,18.654,18.934
2025-05-21 19:00:00+03:00,18.935,18.535
2025-05-21 21:00:00+03:00,18.536,18.893
2025-05-21 23:00:00+03:00,18.891,18.708
2025-05-22 01:00:00+03:00,18.708,18.984
2025-05-22 03:00:00+03:00,18.985,19.226
2025-05-22 05:00:00+03:00,19.227,19.487
2025-05-22 07:00:00+03:00,19.487,19.331
2025-05-22 09:00:00+03:00,19.332,19.458
2025-05-22 11:00:00+03:00,19.457,19.677
2025-05-22 13:00:00+03:00,19.678,19.558
2025-05-22 15:00:00+03:00,19.56,19.412
2025-05-22 17:00:00+03:00,19.412,19.678
2025-05-22 19:00:00+03:00,19.679,19.691
2025-05-22 21:00:00+03:00,19.691,19.666
2025-05-22 23:00:00+03:00,19.667,19.577
2025-05-23 01:00:00+03:00,19.578,19.69
2025-05-23 03:00:00+03:00,19.691,19.752
2025-05-23 05:00:00+03:00,19.752,20.019
2025-05-23 07:00:00+03:00,20.019,19.732
2025-05-23 09:00:00+03:00,19.731,19.433
2025-05-23 11:00:00+03:00,19.433,19.716
2025-05-23 13:00:00+03:00,19.717,18.91
2025-05-23 15:00:00+03:00,18.91,19.145
2025-05-23 17:00:00+03:00,19.143,19.046
2025-05-23 19:00:00+03:00,19.046,19.132
2025-05-23 21:00:00+03:00,19.133,19.036
2025-05-23 23:00:00+03:00,19.037,18.796
2025-05-24 01:00:00+03:00,18.8,18.478
2025-05-24 03:00:00+03:00,18.478,18.48
2025-05-24 05:00:00+03:00,18.48,18.646
2025-05-24 07:00:00+03:00,18.646,18.622
2025-05-24 09:00:00+03:00,18.62,18.604
2025-05-24 11:00:00+03:00,18.604,18.64
2025-05-24 13:00:00+03:00,18.641,18.651
2025-05-24 15:00:00+03:00,18.651,18.55
2025-05-24 17:00:00+03:00,18.548,18.61
2025-05-24 19:00:00+03:00,18.61,18.57
2025-05-24 21:00:00+03:00,18.569,18.568
2025-05-24 23:00:00+03:00,18.568,18.526
2025-05-25 01:00:00+03:00,18.528,18.388
2025-05-25 03:00:00+03:00,18.388,18.159
2025-05-25 05:00:00+03:00,18.159,18.293
2025-05-25 07:00:00+03:00,18.293,18.269
2025-05-25 09:00:00+03:00,18.268,18.128
2025-05-25 11:00:00+03:00,18.128,18.04
2025-05-25 13:00:00+03:00,18.041,18.092
2025-05-25 15:00:00+03:00,18.091,18.104
2025-05-25 17:00:00+03:00,18.104,18.015
2025-05-25 19:00:00+03:00,18.015,17.964
2025-05-25 21:00:00+03:00,17.965,18.07
2025-05-25 23:00:00+03:00,18.07,17.975
2025-05-26 01:00:00+03:00,17.976,18.332
2025-05-26 03:00:00+03:00,18.332,18.482
2025-05-26 05:00:00+03:00,18.482,18.47
2025-05-26 07:00:00+03:00,18.47,18.525
2025-05-26 09:00:00+03:00,18.524,18.654
2025-05-26 11:00:00+03:00,18.654,18.597
2025-05-26 13:00:00+03:00,18.598,18.571
2025-05-26 15:00:00+03:00,18.572,18.393
2025-05-26 17:00:00+03:00,18.393,18.436
2025-05-26 19:00:00+03:00,18.436,18.133
2025-05-26 21:00:00+03:00,18.134,18.162
2025-05-26 23:00:00+03:00,18.162,18.233
2025-05-27 01:00:00+03:00,18.234,18.228
2025-05-27 03:00:00+03:00,18.228,18.017
2025-05-27 05:00:00+03:00,18.018,18.207
2025-05-27 07:00:00+03:00,18.207,18.295
2025-05-27 09:00:00+03:00,18.295,18.497
2025-05-27 11:00:00+03:00,18.498,18.701
2025-05-27 13:00:00+03:00,18.702,18.736
2025-05-27 15:00:00+03:00,18.736,18.758
2025-05-27 17:00:00+03:00,18.758,18.743
2025-05-27 19:00:00+03:00,18.745,18.878
2025-05-27 21:00:00+03:00,18.878,18.781
2025-05-27 23:00:00+03:00,18.782,18.69
2025-05-28 01:00:00+03:00,18.691,18.608
2025-05-28 03:00:00+03:00,18.608,18.565
2025-05-28 05:00:00+03:00,18.565,18.608
2025-05-28 07:00:00+03:00,18.606,18.6
2025-05-28 09:00:00+03:00,18.6,18.534
2025-05-28 11:00:00+03:00,18.535,18.503
2025-05-28 13:00:00+03:00,18.504,18.771
2025-05-28 15:00:00+03:00,18.771,18.531
2025-05-28 17:00:00+03:00,18.53,18.153
2025-05-28 19:00:00+03:00,18.154,18.248
2025-05-28 21:00:00+03:00,18.248,18.005
2025-05-28 23:00:00+03:00,18.006,18.228
2025-05-29 01:00:00+03:00,18.227,18.461
2025-05-29 03:00:00+03:00,18.46,18.761
2025-05-29 05:00:00+03:00,18.761,18.989
2025-05-29 07:00:00+03:00,18.989,18.772
2025-05-29 09:00:00+03:00,18.771,18.767
2025-05-29 11:00:00+03:00,18.768,18.722
2025-05-29 13:00:00+03:00,18.723,18.73
2025-05-29 15:00:00+03:00,18.727,18.431
2025-05-29 17:00:00+03:00,18.429,18.358
2025-05-29 19:00:00+03:00,18.358,18.379
2025-05-29 21:00:00+03:00,18.38,18.172
2025-05-29 23:00:00+03:00,18.171,18.312
2025-05-30 01:00:00+03:00,18.312,18.108
2025-05-30 03:00:00+03:00,18.107,17.652
2025-05-30 05:00:00+03:00,17.65,17.761
2025-05-30 07:00:00+03:00,17.761,17.758
2025-05-30 09:00:00+03:00,17.758,17.515
2025-05-30 11:00:00+03:00,17.515,17.543
2025-05-30 13:00:00+03:00,17.54,17.621
2025-05-30 15:00:00+03:00,17.622,17.37
2025-05-30 17:00:00+03:00,17.372,17.418
2025-05-30 19:00:00+03:00,17.42,17.245
2025-05-30 21:00:00+03:00,17.245,17.452
2025-05-30 23:00:00+03:00,17.452,17.374
2025-05-31 01:00:00+03:00,17.375,16.929
2025-05-31 03:00:00+03:00,16.927,16.653
2025-05-31 05:00:00+03:00,16.652,16.591
2025-05-31 07:00:00+03:00,16.592,16.596
2025-05-31 09:00:00+03:00,16.595,16.686
2025-05-31 11:00:00+03:00,16.686,16.727
2025-05-31 13:00:00+03:00,16.727,16.753
2025-05-31 15:00:00+03:00,16.753,16.868
2025-05-31 17:00:00+03:00,16.868,16.925
2025-05-31 19:00:00+03:00,16.925,16.929
2025-05-31 21:00:00+03:00,16.929,17.017
2025-05-31 23:00:00+03:00,17.018,17.068
2025-06-01 01:00:00+03:00,17.069,16.924
2025-06-01 03:00:00+03:00,16.924,16.809
2025-06-01 05:00:00+03:00,16.808,16.832
2025-06-01 07:00:00+03:00,16.831,16.904
2025-06-01 09:00:00+03:00,16.903,16.846
2025-06-01 11:00:00+03:00,16.846,16.662
2025-06-01 13:00:00+03:00,16.662,16.777
2025-06-01 15:00:00+03:00,16.777,16.782
2025-06-01 17:00:00+03:00,16.782,16.942
2025-06-01 19:00:00+03:00,16.942,17.009
2025-06-01 21:00:00+03:00,17.008,16.994
2025-06-01 23:00:00+03:00,16.993,17.104
2025-06-02 01:00:00+03:00,17.102,17.086
2025-06-02 03:00:00+03:00,17.085,16.996
2025-06-02 05:00:00+03:00,16.996,16.868
2025-06-02 07:00:00+03:00,16.869,16.897
2025-06-02 09:00:00+03:00,16.897,16.999
2025-06-02 11:00:00+03:00,16.999,16.791
2025-06-02 13:00:00+03:00,16.79,16.808
2025-06-02 15:00:00+03:00,16.807,16.913
2025-06-02 17:00:00+03:00,16.913,17.138
2025-06-02 19:00:00+03:00,17.138,17.086
2025-06-02 21:00:00+03:00,17.085,17.017
2025-06-02 23:00:00+03:00,17.016,17.331
2025-06-03 01:00:00+03:00,17.332,17.551
2025-06-03 03:00:00+03:00,17.552,17.71
2025-06-03 05:00:00+03:00,17.711,17.476
2025-06-03 07:00:00+03:00,17.477,17.558
2025-06-03 09:00:00+03:00,17.558,17.524
2025-06-03 11:00:00+03:00,17.525,17.564
2025-06-03 13:00:00+03:00,17.563,17.479
2025-06-03 15:00:00+03:00,17.48,17.574
2025-06-03 17:00:00+03:00,17.576,17.64
2025-06-03 19:00:00+03:00,17.64,17.709
2025-06-03 21:00:00+03:00,17.709,17.751
2025-06-03 23:00:00+03:00,17.75,17.49
2025-06-04 01:00:00+03:00,17.493,17.559
2025-06-04 03:00:00+03:00,17.56,17.676
2025-06-04 05:00:00+03:00,17.677,17.73
2025-06-04 07:00:00+03:00,17.731,17.689
2025-06-04 09:00:00+03:00,17.69,17.668
2025-06-04 11:00:00+03:00,17.669,17.722
2025-06-04 13:00:00+03:00,17.722,17.542
2025-06-04 15:00:00+03:00,17.543,17.365
2025-06-04 17:00:00+03:00,17.365,17.673
2025-06-04 19:00:00+03:00,17.673,17.443
2025-06-04 21:00:00+03:00,17.443,17.322
2025-06-04 23:00:00+03:00,17.321,17.303
2025-06-05 01:00:00+03:00,17.304,17.246
2025-06-05 03:00:00+03:00,17.244,17.21
2025-06-05 05:00:00+03:00,17.21,17.313
2025-06-05 07:00:00+03:00,17.314,17.2
2025-06-05 09:00:00+03:00,17.201,17.229
2025-06-05 11:00:00+03:00,17.23,17.233
2025-06-05 13:00:00+03:00,17.233,17.187
2025-06-05 15:00:00+03:00,17.186,17.099
2025-06-05 17:00:00+03:00,17.098,17.153
2025-06-05 19:00:00+03:00,17.153,16.974
2025-06-05 21:00:00+03:00,16.974,16.68
2025-06-05 23:00:00+03:00,16.679,16.384
2025-06-06 01:00:00+03:00,16.384,16.271
2025-06-06 03:00:00+03:00,16.271,16.3
2025-06-06 05:00:00+03:00,16.301,16.564
2025-06-06 07:00:00+03:00,16.565,16.593
2025-06-06 09:00:00+03:00,16.594,16.539
2025-06-06 11:00:00+03:00,16.539,16.498
2025-06-06 13:00:00+03:00,16.499,16.544
2025-06-06 15:00:00+03:00,16.544,16.803
2025-06-06 17:00:00+03:00,16.803,16.877
2025-06-06 19:00:00+03:00,16.876,16.851
2025-06-06 21:00:00+03:00,16.851,16.741
2025-06-06 23:00:00+03:00,16.741,16.786
2025-06-07 01:00:00+03:00,16.786,16.693
2025-06-07 03:00:00+03:00,16.694,16.786
2025-06-07 05:00:00+03:00,16.785,17.046
2025-06-07 07:00:00+03:00,17.045,17.068
2025-06-07 09:00:00+03:00,17.068,17.176
2025-06-07 11:00:00+03:00,17.177,17.108
2025-06-07 13:00:00+03:00,17.108,17.143
2025-06-07 15:00:00+03:00,17.143,17.205
2025-06-07 17:00:00+03:00,17.205,17.281
2025-06-07 19:00:00+03:00,17.281,17.123
2025-06-07 21:00:00+03:00,17.123,17.179
2025-06-07 23:00:00+03:00,17.179,17.235
2025-06-08 01:00:00+03:00,17.235,17.212
2025-06-08 03:00:00+03:00,17.211,17.177
2025-06-08 05:00:00+03:00,17.177,17.105
2025-06-08 07:00:00+03:00,17.105,16.983
2025-06-08 09:00:00+03:00,16.984,16.931
2025-06-08 11:00:00+03:00,16.931,16.839
2025-06-08 13:00:00+03:00,16.841,16.991
2025-06-08 15:00:00+03:00,16.989,16.953
2025-06-08 17:00:00+03:00,16.954,16.991
2025-06-08 19:00:00+03:00,16.992,17.086
2025-06-08 21:00:00+03:00,17.086,17.114
2025-06-08 23:00:00+03:00,17.115,17.132
2025-06-09 01:00:00+03:00,17.133,16.93
2025-06-09 03:00:00+03:00,16.931,16.818
2025-06-09 05:00:00+03:00,16.816,16.802
2025-06-09 07:00:00+03:00,16.8,16.631
2025-06-09 09:00:00+03:00,16.632,16.693
2025-06-09 11:00:00+03:00,16.693,16.866
2025-06-09 13:00:00+03:00,16.867,17.056
2025-06-09 15:00:00+03:00,17.057,16.862
2025-06-09 17:00:00+03:00,16.862,17.005
2025-06-09 19:00:00+03:00,17.005,17.245
2025-06-09 21:00:00+03:00,17.246,17.239
2025-06-09 23:00:00+03:00,17.239,17.684
2025-06-10 01:00:00+03:00,17.686,17.855
2025-06-10 03:00:00+03:00,17.855,18.101
2025-06-10 05:00:00+03:00,18.102,17.88
2025-06-10 07:00:00+03:00,17.88,17.698
2025-06-10 09:00:00+03:00,17.697,17.718
2025-06-10 11:00:00+03:00,17.719,17.827
2025-06-10 13:00:00+03:00,17.826,18.379
2025-06-10 15:00:00+03:00,18.374,18.12
2025-06-10 17:00:00+03:00,18.122,18.118
2025-06-10 19:00:00+03:00,18.118,18.113
2025-06-10 21:00:00+03:00,18.114,18.289
2025-06-10 23:00:00+03:00,18.289,18.335
2025-06-11 01:00:00+03:00,18.335,18.552
2025-06-11 03:00:00+03:00,18.552,18.277
2025-06-11 05:00:00+03:00,18.278,18.378
2025-06-11 07:00:00+03:00,18.378,18.382
2025-06-11 09:00:00+03:00,18.383,18.348
2025-06-11 11:00:00+03:00,18.349,18.187
2025-06-11 13:00:00+03:00,18.187,18.361
2025-06-11 15:00:00+03:00,18.361,18.386
2025-06-11 17:00:00+03:00,18.387,18.656
2025-06-11 19:00:00+03:00,18.656,18.372
2025-06-11 21:00:00+03:00,18.37,18.188
2025-06-11 23:00:00+03:00,18.186,18.057
2025-06-12 01:00:00+03:00,18.057,18.081
2025-06-12 03:00:00+03:00,18.082,18.025
2025-06-12 05:00:00+03:00,18.025,17.845
2025-06-12 07:00:00+03:00,17.845,17.88
2025-06-12 09:00:00+03:00,17.88,17.724
2025-06-12 11:00:00+03:00,17.723,17.688
2025-06-12 13:00:00+03:00,17.688,17.506
2025-06-12 15:00:00+03:00,17.507,17.67
2025-06-12 17:00:00+03:00,17.671,17.497
2025-06-12 19:00:00+03:00,17.497,17.639
2025-06-12 21:00:00+03:00,17.638,17.277
2025-06-12 23:00:00+03:00,17.277,17.093
2025-06-13 01:00:00+03:00,17.093,17.104
2025-06-13 03:00:00+03:00,17.105,16.167
2025-06-13 05:00:00+03:00,16.168,16.326
2025-06-13 07:00:00+03:00,16.326,16.22
2025-06-13 09:00:00+03:00,16.22,16.324
2025-06-13 11:00:00+03:00,16.324,16.338
2025-06-13 13:00:00+03:00,16.339,16.468
2025-06-13 15:00:00+03:00,16.467,16.353
2025-06-13 17:00:00+03:00,16.354,16.584
2025-06-13 19:00:00+03:00,16.584,16.723
2025-06-13 21:00:00+03:00,16.722,16.665
2025-06-13 23:00:00+03:00,16.666,16.781
2025-06-14 01:00:00+03:00,16.78,16.898
2025-06-14 03:00:00+03:00,16.898,16.751
2025-06-14 05:00:00+03:00,16.75,16.756
2025-06-14 07:00:00+03:00,16.755,16.722
2025-06-14 09:00:00+03:00,16.721,16.732
2025-06-14 11:00:00+03:00,16.731,16.688
2025-06-14 13:00:00+03:00,16.689,16.756
2025-06-14 15:00:00+03:00,16.754,16.748
2025-06-14 17:00:00+03:00,16.747,16.655
2025-06-14 19:00:00+03:00,16.654,16.604
2025-06-14 21:00:00+03:00,16.604,16.573
2025-06-14 23:00:00+03:00,16.574,16.681
2025-06-15 01:00:00+03:00,16.681,16.617
2025-06-15 03:00:00+03:00,16.618,16.634
2025-06-15 05:00:00+03:00,16.635,16.673
2025-06-15 07:00:00+03:00,16.672,16.74
2025-06-15 09:00:00+03:00,16.741,16.595
2025-06-15 11:00:00+03:00,16.595,16.494
2025-06-15 13:00:00+03:00,16.494,16.57
2025-06-15 15:00:00+03:00,16.57,16.689
2025-06-15 17:00:00+03:00,16.69,16.671
2025-06-15 19:00:00+03:00,16.672,16.586
2025-06-15 21:00:00+03:00,16.586,16.532
2025-06-15 23:00:00+03:00,16.533,16.471
2025-06-16 01:00:00+03:00,16.47,16.669
2025-06-16 03:00:00+03:00,16.669,16.747
2025-06-16 05:00:00+03:00,16.748,16.761
2025-06-16 07:00:00+03:00,16.761,17.01
2025-06-16 09:00:00+03:00,17.011,17.123
2025-06-16 11:00:00+03:00,17.124,17.048
2025-06-16 13:00:00+03:00,17.048,17.07
2025-06-16 15:00:00+03:00,17.07,17.236
2025-06-16 17:00:00+03:00,17.237,17.215
2025-06-16 19:00:00+03:00,17.215,17.293
2025-06-16 21:00:00+03:00,17.293,17.428
2025-06-16 23:00:00+03:00,17.428,17.446
2025-06-17 01:00:00+03:00,17.446,16.923
2025-06-17 03:00:00+03:00,16.924,17.018
2025-06-17 05:00:00+03:00,17.018,17.118
2025-06-17 07:00:00+03:00,17.121,16.982
2025-06-17 09:00:00+03:00,16.981,16.978
2025-06-17 11:00:00+03:00,16.978,16.824
2025-06-17 13:00:00+03:00,16.823,16.701
2025-06-17 15:00:00+03:00,16.701,16.667
2025-06-17 17:00:00+03:00,16.667,16.488
2025-06-17 19:00:00+03:00,16.487,16.328
2025-06-17 21:00:00+03:00,16.327,16.692
2025-06-17 23:00:00+03:00,16.691,16.558
2025-06-18 01:00:00+03:00,16.558,16.47
2025-06-18 03:00:00+03:00,16.47,16.518
2025-06-18 05:00:00+03:00,16.518,16.559
2025-06-18 07:00:00+03:00,16.559,16.591
2025-06-18 09:00:00+03:00,16.592,16.568
2025-06-18 11:00:00+03:00,16.569,16.409
2025-06-18 13:00:00+03:00,16.409,16.354
2025-06-18 15:00:00+03:00,16.353,16.244
2025-06-18 17:00:00+03:00,16.243,16.268
2025-06-18 19:00:00+03:00,16.267,16.303
2025-06-18 21:00:00+03:00,16.304,16.254
2025-06-18 23:00:00+03:00,16.254,16.56
2025-06-19 01:00:00+03:00,16.557,16.526
2025-06-19 03:00:00+03:00,16.526,16.433
2025-06-19 05:00:00+03:00,16.434,16.559
2025-06-19 07:00:00+03:00,16.559,16.565
2025-06-19 09:00:00+03:00,16.564,16.469
2025-06-19 11:00:00+03:00,16.468,16.613
2025-06-19 13:00:00+03:00,16.613,16.487
2025-06-19 15:00:00+03:00,16.488,16.436
2025-06-19 17:00:00+03:00,16.435,16.464
2025-06-19 19:00:00+03:00,16.465,16.585
2025-06-19 21:00:00+03:00,16.585,16.656
2025-06-19 23:00:00+03:00,16.657,16.664
2025-06-20 01:00:00+03:00,16.664,16.703
2025-06-20 03:00:00+03:00,16.702,16.703
2025-06-20 05:00:00+03:00,16.704,16.586
2025-06-20 07:00:00+03:00,16.584,16.486
2025-06-20 09:00:00+03:00,16.486,16.817
2025-06-20 11:00:00+03:00,16.818,16.783
2025-06-20 13:00:00+03:00,16.783,16.786
2025-06-20 15:00:00+03:00,16.787,16.737
2025-06-20 17:00:00+03:00,16.736,16.482
2025-06-20 19:00:00+03:00,16.483,16.11
2025-06-20 21:00:00+03:00,16.11,16.137
2025-06-20 23:00:00+03:00,16.136,16.127
2025-06-21 01:00:00+03:00,16.127,16.106
2025-06-21 03:00:00+03:00,16.107,16.192
2025-06-21 05:00:00+03:00,16.192,16.2
2025-06-21 07:00:00+03:00,16.2,16.155
2025-06-21 09:00:00+03:00,16.156,16.252
2025-06-21 11:00:00+03:00,16.251,16.187
2025-06-21 13:00:00+03:00,16.187,16.149
2025-06-21 15:00:00+03:00,16.148,15.93
2025-06-21 17:00:00+03:00,15.928,15.953
2025-06-21 19:00:00+03:00,15.952,15.788
2025-06-21 21:00:00+03:00,15.788,15.619
2025-06-21 23:00:00+03:00,15.619,15.375
2025-06-22 01:00:00+03:00,15.375,15.565
2025-06-22 03:00:00+03:00,15.567,15.518
2025-06-22 05:00:00+03:00,15.518,15.471
2025-06-22 07:00:00+03:00,15.472,15.399
2025-06-22 09:00:00+03:00,15.399,15.405
2025-06-22 11:00:00+03:00,15.406,15.173
2025-06-22 13:00:00+03:00,15.172,15.382
2025-06-22 15:00:00+03:00,15.381,14.961
2025-06-22 17:00:00+03:00,14.962,14.803
2025-06-22 19:00:00+03:00,14.802,14.987
2025-06-22 21:00:00+03:00,14.985,14.835
2025-06-22 23:00:00+03:00,14.836,14.836
2025-06-23 01:00:00+03:00,14.84,15.182
2025-06-23 03:00:00+03:00,15.185,15.251
2025-06-23 05:00:00+03:00,15.253,15.179
2025-06-23 07:00:00+03:00,15.181,15.294
2025-06-23 09:00:00+03:00,15.294,15.318
2025-06-23 11:00:00+03:00,15.318,15.36
2025-06-23 13:00:00+03:00,15.36,15.358
2025-06-23 15:00:00+03:00,15.358,15.615
2025-06-23 17:00:00+03:00,15.616,15.444
2025-06-23 19:00:00+03:00,15.442,15.639
2025-06-23 21:00:00+03:00,15.638,15.915
2025-06-23 23:00:00+03:00,15.915,16.02
2025-06-24 01:00:00+03:00,16.02,16.378
2025-06-24 03:00:00+03:00,16.378,16.446
2025-06-24 05:00:00+03:00,16.446,16.359
2025-06-24 07:00:00+03:00,16.359,16.475
2025-06-24 09:00:00+03:00,16.476,16.293
2025-06-24 11:00:00+03:00,16.293,16.33
2025-06-24 13:00:00+03:00,16.329,16.318
2025-06-24 15:00:00+03:00,16.318,16.281
2025-06-24 17:00:00+03:00,16.281,16.315
2025-06-24 19:00:00+03:00,16.316,16.438
2025-06-24 21:00:00+03:00,16.438,16.352
2025-06-24 23:00:00+03:00,16.351,16.427
2025-06-25 01:00:00+03:00,16.426,16.427
2025-06-25 03:00:00+03:00,16.428,16.464
2025-06-25 05:00:00+03:00,16.464,16.449
2025-06-25 07:00:00+03:00,16.448,16.357
2025-06-25 09:00:00+03:00,16.357,16.362
2025-06-25 11:00:00+03:00,16.363,16.252
2025-06-25 13:00:00+03:00,16.252,16.412
2025-06-25 15:00:00+03:00,16.413,16.45
2025-06-25 17:00:00+03:00,16.45,16.232
2025-06-25 19:00:00+03:00,16.232,16.38
2025-06-25 21:00:00+03:00,16.38,16.368
2025-06-25 23:00:00+03:00,16.372,16.273
2025-06-26 01:00:00+03:00,16.273,16.212
2025-06-26 03:00:00+03:00,16.213,16.369
2025-06-26 05:00:00+03:00,16.37,16.49
2025-06-26 07:00:00+03:00,16.49,16.442
2025-06-26 09:00:00+03:00,16.441,16.512
2025-06-26 11:00:00+03:00,16.511,16.331
2025-06-26 13:00:00+03:00,16.331,16.291
2025-06-26 15:00:00+03:00,16.291,16.085
2025-06-26 17:00:00+03:00,16.084,16.213
2025-06-26 19:00:00+03:00,16.212,16.142
2025-06-26 21:00:00+03:00,16.145,16.287
2025-06-26 23:00:00+03:00,16.287,16.212
2025-06-27 01:00:00+03:00,16.211,16.102
2025-06-27 03:00:00+03:00,16.102,16.166
2025-06-27 05:00:00+03:00,16.166,16.219
2025-06-27 07:00:00+03:00,16.218,16.14
2025-06-27 09:00:00+03:00,16.14,16.094
2025-06-27 11:00:00+03:00,16.094,16.169
2025-06-27 13:00:00+03:00,16.169,16.061
2025-06-27 15:00:00+03:00,16.06,16.015
2025-06-27 17:00:00+03:00,16.016,16.135
2025-06-27 19:00:00+03:00,16.136,15.996
2025-06-27 21:00:00+03:00,15.996,16.018
2025-06-27 23:00:00+03:00,16.017,16.129
2025-06-28 01:00:00+03:00,16.13,16.178
2025-06-28 03:00:00+03:00,16.177,16.128
2025-06-28 05:00:00+03:00,16.128,16.124
2025-06-28 07:00:00+03:00,16.124,16.085
2025-06-28 09:00:00+03:00,16.085,16.171
2025-06-28 11:00:00+03:00,16.173,16.141
2025-06-28 13:00:00+03:00,16.141,16.124
2025-06-28 15:00:00+03:00,16.125,16.091
2025-06-28 17:00:00+03:00,16.092,16.191
2025-06-28 19:00:00+03:00,16.192,16.247
2025-06-28 21:00:00+03:00,16.248,16.215
2025-06-28 23:00:00+03:00,16.216,16.25
2025-06-29 01:00:00+03:00,16.251,16.266
2025-06-29 03:00:00+03:00,16.266,16.198
2025-06-29 05:00:00+03:00,16.199,16.202
2025-06-29 07:00:00+03:00,16.203,16.273
2025-06-29 09:00:00+03:00,16.274,16.429
2025-06-29 11:00:00+03:00,16.428,16.49
2025-06-29 13:00:00+03:00,16.49,16.522
2025-06-29 15:00:00+03:00,16.522,16.454
2025-06-29 17:00:00+03:00,16.454,16.397
2025-06-29 19:00:00+03:00,16.397,16.502
2025-06-29 21:00:00+03:00,16.501,16.529
2025-06-29 23:00:00+03:00,16.529,16.631
2025-06-30 01:00:00+03:00,16.631,16.951
2025-06-30 03:00:00+03:00,16.951,16.824
2025-06-30 05:00:00+03:00,16.824,16.777
2025-06-30 07:00:00+03:00,16.778,16.725
2025-06-30 09:00:00+03:00,16.725,16.74
2025-06-30 11:00:00+03:00,16.742,16.558
2025-06-30 13:00:00+03:00,16.558,16.568
2025-06-30 15:00:00+03:00,16.567,16.472
2025-06-30 17:00:00+03:00,16.473,16.561
2025-06-30 19:00:00+03:00,16.562,16.609
2025-06-30 21:00:00+03:00,16.608,16.759
2025-06-30 23:00:00+03:00,16.759,16.594
2025-07-01 01:00:00+03:00,16.594,16.577
2025-07-01 03:00:00+03:00,16.577,16.528
2025-07-01 05:00:00+03:00,16.528,16.537
2025-07-01 07:00:00+03:00,16.539,16.321
2025-07-01 09:00:00+03:00,16.322,16.335
2025-07-01 11:00:00+03:00,16.335,16.23
2025-07-01 13:00:00+03:00,16.23,16.154
2025-07-01 15:00:00+03:00,16.154,16.166
2025-07-01 17:00:00+03:00,16.166,16.112
2025-07-01 19:00:00+03:00,16.113,16.09
2025-07-01 21:00:00+03:00,16.091,15.926
2025-07-01 23:00:00+03:00,15.925,15.985
2025-07-02 01:00:00+03:00,15.985,15.929
2025-07-02 03:00:00+03:00,15.929,15.968
2025-07-02 05:00:00+03:00,15.969,16.022
2025-07-02 07:00:00+03:00,16.022,16.162
2025-07-02 09:00:00+03:00,16.161,16.204
2025-07-02 11:00:00+03:00,16.204,16.211
2025-07-02 13:00:00+03:00,16.211,16.251
2025-07-02 15:00:00+03:00,16.25,16.318
2025-07-02 17:00:00+03:00,16.318,16.569
2025-07-02 19:00:00+03:00,16.569,16.993
2025-07-02 21:00:00+03:00,16.993,17.093
2025-07-02 23:00:00+03:00,17.094,17.168
2025-07-03 01:00:00+03:00,17.169,16.964
2025-07-03 03:00:00+03:00,16.964,17.064
2025-07-03 05:00:00+03:00,17.065,16.917
2025-07-03 07:00:00+03:00,16.917,17.168
2025-07-03 09:00:00+03:00,17.168,17.207
2025-07-03 11:00:00+03:00,17.208,17.182
2025-07-03 13:00:00+03:00,17.181,17.147
2025-07-03 15:00:00+03:00,17.146,17.276
2025-07-03 17:00:00+03:00,17.275,16.954
2025-07-03 19:00:00+03:00,16.954,17.006
2025-07-03 21:00:00+03:00,17.006,16.985
2025-07-03 23:00:00+03:00,16.986,17.031
2025-07-04 01:00:00+03:00,17.03,16.984
2025-07-04 03:00:00+03:00,16.984,16.931
2025-07-04 05:00:00+03:00,16.931,16.829
2025-07-04 07:00:00+03:00,16.83,16.809
2025-07-04 09:00:00+03:00,16.809,16.519
2025-07-04 11:00:00+03:00,16.52,16.635
2025-07-04 13:00:00+03:00,16.636,16.626
2025-07-04 15:00:00+03:00,16.626,16.498
2025-07-04 17:00:00+03:00,16.497,16.251
2025-07-04 19:00:00+03:00,16.251,16.215
2025-07-04 21:00:00+03:00,16.215,16.145
2025-07-04 23:00:00+03:00,16.145,16.204
2025-07-05 01:00:00+03:00,16.203,16.277
2025-07-05 03:00:00+03:00,16.277,16.296
2025-07-05 05:00:00+03:00,16.295,16.337
2025-07-05 07:00:00+03:00,16.337,16.356
2025-07-05 09:00:00+03:00,16.357,16.36
2025-07-05 11:00:00+03:00,16.361,16.348
2025-07-05 13:00:00+03:00,16.348,16.304
2025-07-05 15:00:00+03:00,16.304,16.253
2025-07-05 17:00:00+03:00,16.254,16.216
2025-07-05 19:00:00+03:00,16.216,16.206
2025-07-05 21:00:00+03:00,16.206,16.185
2025-07-05 23:00:00+03:00,16.185,16.301
2025-07-06 01:00:00+03:00,16.3,16.353
2025-07-06 03:00:00+03:00,16.354,16.295
2025-07-06 05:00:00+03:00,16.295,16.291
2025-07-06 07:00:00+03:00,16.29,16.272
2025-07-06 09:00:00+03:00,16.272,16.288
2025-07-06 11:00:00+03:00,16.289,16.261
2025-07-06 13:00:00+03:00,16.262,16.385
2025-07-06 15:00:00+03:00,16.385,16.661
2025-07-06 17:00:00+03:00,16.662,16.612
2025-07-06 19:00:00+03:00,16.612,16.649
2025-07-06 21:00:00+03:00,16.65,16.614
2025-07-06 23:00:00+03:00,16.613,16.776
2025-07-07 01:00:00+03:00,16.777,16.628
2025-07-07 03:00:00+03:00,16.629,16.645
2025-07-07 05:00:00+03:00,16.646,16.695
2025-07-07 07:00:00+03:00,16.695,16.636
2025-07-07 09:00:00+03:00,16.637,16.678
2025-07-07 11:00:00+03:00,16.677,16.637
2025-07-07 13:00:00+03:00,16.636,16.578
2025-07-07 15:00:00+03:00,16.578,16.72
2025-07-07 17:00:00+03:00,16.72,16.547
2025-07-07 19:00:00+03:00,16.546,16.506
2025-07-07 21:00:00+03:00,16.507,16.513
2025-07-07 23:00:00+03:00,16.514,16.489
2025-07-08 01:00:00+03:00,16.489,16.664
2025-07-08 03:00:00+03:00,16.665,16.398
2025-07-08 05:00:00+03:00,16.397,16.409
2025-07-08 07:00:00+03:00,16.41,16.488
2025-07-08 09:00:00+03:00,16.488,16.468
2025-07-08 11:00:00+03:00,16.469,16.411
2025-07-08 13:00:00+03:00,16.411,16.622
2025-07-08 15:00:00+03:00,16.622,16.751
2025-07-08 17:00:00+03:00,16.75,16.588
2025-07-08 19:00:00+03:00,16.589,16.942
2025-07-08 21:00:00+03:00,16.941,16.919
2025-07-08 23:00:00+03:00,16.918,16.929
2025-07-09 01:00:00+03:00,16.928,16.927
2025-07-09 03:00:00+03:00,16.926,16.814
2025-07-09 05:00:00+03:00,16.814,16.82
2025-07-09 07:00:00+03:00,16.82,17.01
2025-07-09 09:00:00+03:00,17.01,17.013
2025-07-09 11:00:00+03:00,17.014,17.057
2025-07-09 13:00:00+03:00,17.058,17.183
2025-07-09 15:00:00+03:00,17.183,17.184
2025-07-09 17:00:00+03:00,17.183,17.144
2025-07-09 19:00:00+03:00,17.144,17.214
2025-07-09 21:00:00+03:00,17.215,17.604
2025-07-09 23:00:00+03:00,17.603,17.644
2025-07-10 01:00:00+03:00,17.644,17.644
2025-07-10 03:00:00+03:00,17.644,17.577
2025-07-10 05:00:00+03:00,17.576,17.632
2025-07-10 07:00:00+03:00,17.632,17.622
2025-07-10 09:00:00+03:00,17.621,17.686
2025-07-10 11:00:00+03:00,17.685,17.661
2025-07-10 13:00:00+03:00,17.66,17.641
2025-07-10 15:00:00+03:00,17.641,17.578
2025-07-10 17:00:00+03:00,17.579,17.499
2025-07-10 19:00:00+03:00,17.5,17.908
2025-07-10 21:00:00+03:00,17.908,17.851
2025-07-10 23:00:00+03:00,17.851,18.357
2025-07-11 01:00:00+03:00,18.356,18.488
2025-07-11 03:00:00+03:00,18.489,18.51
2025-07-11 05:00:00+03:00,18.509,18.54
2025-07-11 07:00:00+03:00,18.539,18.696
2025-07-11 09:00:00+03:00,18.699,18.436
2025-07-11 11:00:00+03:00,18.436,18.664
2025-07-11 13:00:00+03:00,18.665,18.556
2025-07-11 15:00:00+03:00,18.556,18.813
2025-07-11 17:00:00+03:00,18.815,18.544
2025-07-11 19:00:00+03:00,18.546,18.787
2025-07-11 21:00:00+03:00,18.787,18.775
2025-07-11 23:00:00+03:00,18.774,18.372
2025-07-12 01:00:00+03:00,18.371,18.261
2025-07-12 03:00:00+03:00,18.261,18.425
2025-07-12 05:00:00+03:00,18.424,18.443
2025-07-12 07:00:00+03:00,18.444,18.286
2025-07-12 09:00:00+03:00,18.286,18.448
2025-07-12 11:00:00+03:00,18.448,18.481
2025-07-12 13:00:00+03:00,18.481,18.438
2025-07-12 15:00:00+03:00,18.439,18.176
2025-07-12 17:00:00+03:00,18.177,17.831
2025-07-12 19:00:00+03:00,17.83,18.109
2025-07-12 21:00:00+03:00,18.108,18.14
2025-07-12 23:00:00+03:00,18.14,18.097
2025-07-13 01:00:00+03:00,18.098,18.137
2025-07-13 03:00:00+03:00,18.137,18.182
2025-07-13 05:00:00+03:00,18.182,18.155
2025-07-13 07:00:00+03:00,18.154,18.173
2025-07-13 09:00:00+03:00,18.173,18.297
2025-07-13 11:00:00+03:00,18.297,18.187
2025-07-13 13:00:00+03:00,18.188,18.294
2025-07-13 15:00:00+03:00,18.294,18.415
2025-07-13 17:00:00+03:00,18.415,18.469
2025-07-13 19:00:00+03:00,18.469,18.526
2025-07-13 21:00:00+03:00,18.526,18.56
2025-07-13 23:00:00+03:00,18.559,18.39
2025-07-14 01:00:00+03:00,18.389,18.447
2025-07-14 03:00:00+03:00,18.447,18.618
2025-07-14 05:00:00+03:00,18.617,18.966
2025-07-14 07:00:00+03:00,18.968,18.976
2025-07-14 09:00:00+03:00,18.976,19.087
2025-07-14 11:00:00+03:00,19.088,19.035
2025-07-14 13:00:00+03:00,19.034,18.955
2025-07-14 15:00:00+03:00,18.954,18.945
2025-07-14 17:00:00+03:00,18.945,18.737
2025-07-14 19:00:00+03:00,18.737,18.736
2025-07-14 21:00:00+03:00,18.736,18.492
2025-07-14 23:00:00+03:00,18.491,18.55
2025-07-15 01:00:00+03:00,18.55,18.553
2025-07-15 03:00:00+03:00,18.553,18.307
2025-07-15 05:00:00+03:00,18.306,17.982
2025-07-15 07:00:00+03:00,17.982,18.058
2025-07-15 09:00:00+03:00,18.058,18.006
2025-07-15 11:00:00+03:00,18.008,17.992
2025-07-15 13:00:00+03:00,17.992,18.019
2025-07-15 15:00:00+03:00,18.019,18.27
2025-07-15 17:00:00+03:00,18.271,18.244
2025-07-15 19:00:00+03:00,18.243,18.756
2025-07-15 21:00:00+03:00,18.756,18.318
2025-07-15 23:00:00+03:00,18.316,18.673
2025-07-16 01:00:00+03:00,18.673,19.06
2025-07-16 03:00:00+03:00,19.061,19.574
2025-07-16 05:00:00+03:00,19.572,19.135
2025-07-16 07:00:00+03:00,19.136,19.477
2025-07-16 09:00:00+03:00,19.476,19.584
2025-07-16 11:00:00+03:00,19.584,19.574
2025-07-16 13:00:00+03:00,19.575,19.499
2025-07-16 15:00:00+03:00,19.502,19.582
2025-07-16 17:00:00+03:00,19.581,19.624
2025-07-16 19:00:00+03:00,19.623,19.96
2025-07-16 21:00:00+03:00,19.961,20.055
2025-07-16 23:00:00+03:00,20.055,20.181
2025-07-17 01:00:00+03:00,20.181,19.872
2025-07-17 03:00:00+03:00,19.872,19.581
2025-07-17 05:00:00+03:00,19.581,19.452
2025-07-17 07:00:00+03:00,19.451,19.662
2025-07-17 09:00:00+03:00,19.662,19.988
2025-07-17 11:00:00+03:00,19.988,20.169
2025-07-17 13:00:00+03:00,20.168,19.897
2025-07-17 15:00:00+03:00,19.897,19.793
2025-07-17 17:00:00+03:00,19.792,19.912
2025-07-17 19:00:00+03:00,19.908,19.969
2025-07-17 21:00:00+03:00,19.969,19.812
2025-07-17 23:00:00+03:00,19.808,20.082
2025-07-18 01:00:00+03:00,20.084,20.272
2025-07-18 03:00:00+03:00,20.271,21.197
2025-07-18 05:00:00+03:00,21.197,21.495
2025-07-18 07:00:00+03:00,21.493,23.31
2025-07-18 09:00:00+03:00,23.31,22.893
2025-07-18 11:00:00+03:00,22.891,24.128
2025-07-18 13:00:00+03:00,24.13,24.392
2025-07-18 15:00:00+03:00,24.397,23.701
2025-07-18 17:00:00+03:00,23.705,23.186
2025-07-18 19:00:00+03:00,23.186,24.082
2025-07-18 21:00:00+03:00,24.082,23.498
2025-07-18 23:00:00+03:00,23.502,23.166
2025-07-19 01:00:00+03:00,23.165,23.19
2025-07-19 03:00:00+03:00,23.19,23.121
2025-07-19 05:00:00+03:00,23.121,24.452
2025-07-19 07:00:00+03:00,24.451,25.115
2025-07-19 09:00:00+03:00,25.113,24.697
2025-07-19 11:00:00+03:00,24.698,24.564
2025-07-19 13:00:00+03:00,24.565,23.761
2025-07-19 15:00:00+03:00,23.761,23.559
2025-07-19 17:00:00+03:00,23.559,23.269
2025-07-19 19:00:00+03:00,23.271,23.403
2025-07-19 21:00:00+03:00,23.403,23.711
2025-07-19 23:00:00+03:00,23.711,23.505
2025-07-20 01:00:00+03:00,23.506,24.343
2025-07-20 03:00:00+03:00,24.342,24.3
2025-07-20 05:00:00+03:00,24.298,24.806
2025-07-20 07:00:00+03:00,24.807,24.846
2025-07-20 09:00:00+03:00,24.845,24.826
2025-07-20 11:00:00+03:00,24.827,24.672
2025-07-20 13:00:00+03:00,24.67,25.286
2025-07-20 15:00:00+03:00,25.285,25.076
2025-07-20 17:00:00+03:00,25.076,25.212
2025-07-20 19:00:00+03:00,25.213,25.148
2025-07-20 21:00:00+03:00,25.149,24.802
2025-07-20 23:00:00+03:00,24.802,24.935
2025-07-21 01:00:00+03:00,24.934,24.699
2025-07-21 03:00:00+03:00,24.699,24.308
2025-07-21 05:00:00+03:00,24.308,24.623
2025-07-21 07:00:00+03:00,24.624,24.627
2025-07-21 09:00:00+03:00,24.628,24.788
2025-07-21 11:00:00+03:00,24.787,24.543
2025-07-21 13:00:00+03:00,24.544,24.518
2025-07-21 15:00:00+03:00,24.517,24.634
2025-07-21 17:00:00+03:00,24.635,24.471
2025-07-21 19:00:00+03:00,24.471,24.148
2025-07-21 21:00:00+03:00,24.149,23.727
2025-07-21 23:00:00+03:00,23.726,23.843
2025-07-22 01:00:00+03:00,23.843,24.021
2025-07-22 03:00:00+03:00,24.021,24.035
2025-07-22 05:00:00+03:00,24.035,23.478
2025-07-22 07:00:00+03:00,23.478,23.272
2025-07-22 09:00:00+03:00,23.273,23.562
2025-07-22 11:00:00+03:00,23.562,23.394
2025-07-22 13:00:00+03:00,23.393,23.454
2025-07-22 15:00:00+03:00,23.455,23.384
2025-07-22 17:00:00+03:00,23.387,24.135
2025-07-22 19:00:00+03:00,24.135,23.74
2025-07-22 21:00:00+03:00,23.739,23.642
2025-07-22 23:00:00+03:00,23.641,23.967
2025-07-23 01:00:00+03:00,23.967,24.258
2025-07-23 03:00:00+03:00,24.258,24.326
2025-07-23 05:00:00+03:00,24.327,24.115
2025-07-23 07:00:00+03:00,24.115,24.153
2025-07-23 09:00:00+03:00,24.153,23.796
2025-07-23 11:00:00+03:00,23.795,23.35
2025-07-23 13:00:00+03:00,23.35,23.45
2025-07-23 15:00:00+03:00,23.452,22.458
2025-07-23 17:00:00+03:00,22.465,22.756
2025-07-23 19:00:00+03:00,22.755,22.406
2025-07-23 21:00:00+03:00,22.407,22.433
2025-07-23 23:00:00+03:00,22.433,22.408
2025-07-24 01:00:00+03:00,22.406,22.545
2025-07-24 03:00:00+03:00,22.545,23.107
2025-07-24 05:00:00+03:00,23.107,22.719
2025-07-24 07:00:00+03:00,22.719,21.761
2025-07-24 09:00:00+03:00,21.765,22.135
2025-07-24 11:00:00+03:00,22.134,22.714
2025-07-24 13:00:00+03:00,22.716,22.889
2025-07-24 15:00:00+03:00,22.889,22.357
2025-07-24 17:00:00+03:00,22.358,22.681
2025-07-24 19:00:00+03:00,22.682,22.729
2025-07-24 21:00:00+03:00,22.729,22.707
2025-07-24 23:00:00+03:00,22.706,22.622
2025-07-25 01:00:00+03:00,22.623,22.27
2025-07-25 03:00:00+03:00,22.272,22.267
2025-07-25 05:00:00+03:00,22.264,21.717
2025-07-25 07:00:00+03:00,21.716,21.76
2025-07-25 09:00:00+03:00,21.76,21.876
2025-07-25 11:00:00+03:00,21.875,22.365
2025-07-25 13:00:00+03:00,22.365,22.646
2025-07-25 15:00:00+03:00,22.647,22.515
2025-07-25 17:00:00+03:00,22.516,21.827
2025-07-25 19:00:00+03:00,21.83,22.084
2025-07-25 21:00:00+03:00,22.084,22.081
2025-07-25 23:00:00+03:00,22.081,22.625
2025-07-26 01:00:00+03:00,22.625,22.702
2025-07-26 03:00:00+03:00,22.702,22.501
2025-07-26 05:00:00+03:00,22.501,23.158
2025-07-26 07:00:00+03:00,23.156,23.053
2025-07-26 09:00:00+03:00,23.051,22.945
2025-07-26 11:00:00+03:00,22.944,22.997
2025-07-26 13:00:00+03:00,22.997,22.836
2025-07-26 15:00:00+03:00,22.837,22.839
2025-07-26 17:00:00+03:00,22.839,22.812
2025-07-26 19:00:00+03:00,22.811,22.774
2025-07-26 21:00:00+03:00,22.774,22.916
2025-07-26 23:00:00+03:00,22.916,22.932
2025-07-27 01:00:00+03:00,22.931,22.813
2025-07-27 03:00:00+03:00,22.812,22.957
2025-07-27 05:00:00+03:00,22.956,23.132
2025-07-27 07:00:00+03:00,23.132,23.159
2025-07-27 09:00:00+03:00,23.16,22.859
2025-07-27 11:00:00+03:00,22.861,22.509
2025-07-27 13:00:00+03:00,22.509,22.807
2025-07-27 15:00:00+03:00,22.805,22.838
2025-07-27 17:00:00+03:00,22.837,22.934
2025-07-27 19:00:00+03:00,22.931,23.057
2025-07-27 21:00:00+03:00,23.057,23.039
2025-07-27 23:00:00+03:00,23.038,23.174
2025-07-28 01:00:00+03:00,23.178,23.296
2025-07-28 03:00:00+03:00,23.296,23.045
2025-07-28 05:00:00+03:00,23.045,23.358
2025-07-28 07:00:00+03:00,23.354,23.706
2025-07-28 09:00:00+03:00,23.707,23.379
2025-07-28 11:00:00+03:00,23.378,23.393
2025-07-28 13:00:00+03:00,23.395,23.006
2025-07-28 15:00:00+03:00,23.007,22.552
2025-07-28 17:00:00+03:00,22.551,22.178
2025-07-28 19:00:00+03:00,22.178,22.021
2025-07-28 21:00:00+03:00,22.021,21.97
2025-07-28 23:00:00+03:00,21.972,21.939
2025-07-29 01:00:00+03:00,21.938,21.9
2025-07-29 03:00:00+03:00,21.902,21.739
2025-07-29 05:00:00+03:00,21.739,21.928
2025-07-29 07:00:00+03:00,21.927,22.143
2025-07-29 09:00:00+03:00,22.143,22.355
2025-07-29 11:00:00+03:00,22.354,22.319
2025-07-29 13:00:00+03:00,22.318,22.173
2025-07-29 15:00:00+03:00,22.172,22.174
2025-07-29 17:00:00+03:00,22.175,21.855
2025-07-29 19:00:00+03:00,21.853,21.892
2025-07-29 21:00:00+03:00,21.892,21.653
2025-07-29 23:00:00+03:00,21.653,21.816
2025-07-30 01:00:00+03:00,21.818,21.748
2025-07-30 03:00:00+03:00,21.749,21.739
2025-07-30 05:00:00+03:00,21.739,21.767
2025-07-30 07:00:00+03:00,21.768,21.592
2025-07-30 09:00:00+03:00,21.591,21.491
2025-07-30 11:00:00+03:00,21.491,21.314
2025-07-30 13:00:00+03:00,21.315,21.084
2025-07-30 15:00:00+03:00,21.085,21.187
2025-07-30 17:00:00+03:00,21.186,21.353
2025-07-30 19:00:00+03:00,21.354,21.46
2025-07-30 21:00:00+03:00,21.461,21.224
2025-07-30 23:00:00+03:00,21.222,21.193
2025-07-31 01:00:00+03:00,21.192,21.383
2025-07-31 03:00:00+03:00,21.382,21.573
2025-07-31 05:00:00+03:00,21.571,21.752
2025-07-31 07:00:00+03:00,21.752,21.685
2025-07-31 09:00:00+03:00,21.685,21.759
2025-07-31 11:00:00+03:00,21.759,21.815
2025-07-31 13:00:00+03:00,21.815,21.672
2025-07-31 15:00:00+03:00,21.671,21.424
2025-07-31 17:00:00+03:00,21.425,21.352
2025-07-31 19:00:00+03:00,21.351,21.234
2025-07-31 21:00:00+03:00,21.235,21.142
2025-07-31 23:00:00+03:00,21.14,20.992
2025-08-01 01:00:00+03:00,20.993,20.545
2025-08-01 03:00:00+03:00,20.546,20.342
2025-08-01 05:00:00+03:00,20.34,20.535
2025-08-01 07:00:00+03:00,20.534,20.194
2025-08-01 09:00:00+03:00,20.193,20.172
2025-08-01 11:00:00+03:00,20.171,20.028
2025-08-01 13:00:00+03:00,20.03,20.127
2025-08-01 15:00:00+03:00,20.127,19.802
2025-08-01 17:00:00+03:00,19.802,20.133
2025-08-01 19:00:00+03:00,20.133,19.894
2025-08-01 21:00:00+03:00,19.893,20.138
2025-08-01 23:00:00+03:00,20.138,20.035
2025-08-02 01:00:00+03:00,20.036,19.77
2025-08-02 03:00:00+03:00,19.77,19.949
2025-08-02 05:00:00+03:00,19.948,19.965
2025-08-02 07:00:00+03:00,19.966,19.9
2025-08-02 09:00:00+03:00,19.9,19.898
2025-08-02 11:00:00+03:00,19.899,19.825
2025-08-02 13:00:00+03:00,19.826,19.772
2025-08-02 15:00:00+03:00,19.77,19.818
2025-08-02 17:00:00+03:00,19.819,19.546
2025-08-02 19:00:00+03:00,19.546,19.228
2025-08-02 21:00:00+03:00,19.228,19.222
2025-08-02 23:00:00+03:00,19.223,19.324
2025-08-03 01:00:00+03:00,19.325,19.176
2025-08-03 03:00:00+03:00,19.176,19.312
2025-08-03 05:00:00+03:00,19.312,19.453
2025-08-03 07:00:00+03:00,19.454,19.768
2025-08-03 09:00:00+03:00,19.768,19.354
2025-08-03 11:00:00+03:00,19.354,19.823
2025-08-03 13:00:00+03:00,19.824,19.86
2025-08-03 15:00:00+03:00,19.857,19.705
2025-08-03 17:00:00+03:00,19.705,19.737
2025-08-03 19:00:00+03:00,19.738,19.781
2025-08-03 21:00:00+03:00,19.782,19.772
2025-08-03 23:00:00+03:00,19.773,19.843
2025-08-04 01:00:00+03:00,19.843,19.849
2025-08-04 03:00:00+03:00,19.85,20.004
2025-08-04 05:00:00+03:00,20.004,20.003
2025-08-04 07:00:00+03:00,20.003,20.049
2025-08-04 09:00:00+03:00,20.049,20.081
2025-08-04 11:00:00+03:00,20.082,20.062
2025-08-04 13:00:00+03:00,20.061,20.087
2025-08-04 15:00:00+03:00,20.086,20.444
2025-08-04 17:00:00+03:00,20.444,20.528
2025-08-04 19:00:00+03:00,20.527,20.762
2025-08-04 21:00:00+03:00,20.761,20.638
2025-08-04 23:00:00+03:00,20.637,20.881
2025-08-05 01:00:00+03:00,20.884,20.965
2025-08-05 03:00:00+03:00,20.966,20.875
2025-08-05 05:00:00+03:00,20.876,20.597
2025-08-05 07:00:00+03:00,20.597,20.593
2025-08-05 09:00:00+03:00,20.593,20.286
2025-08-05 11:00:00+03:00,20.285,20.549
2025-08-05 13:00:00+03:00,20.549,20.763
2025-08-05 15:00:00+03:00,20.764,20.537
2025-08-05 17:00:00+03:00,20.54,20.006
2025-08-05 19:00:00+03:00,20.006,20.163
2025-08-05 21:00:00+03:00,20.165,19.975
2025-08-05 23:00:00+03:00,19.974,19.994
2025-08-06 01:00:00+03:00,19.993,20.168
2025-08-06 03:00:00+03:00,20.168,19.977
2025-08-06 05:00:00+03:00,19.977,19.79
2025-08-06 07:00:00+03:00,19.79,20.127
2025-08-06 09:00:00+03:00,20.127,20.193
2025-08-06 11:00:00+03:00,20.193,20.009
2025-08-06 13:00:00+03:00,20.009,19.904
2025-08-06 15:00:00+03:00,19.904,19.855
2025-08-06 17:00:00+03:00,19.857,20.293
2025-08-06 19:00:00+03:00,20.294,20.321
2025-08-06 21:00:00+03:00,20.32,20.338
2025-08-06 23:00:00+03:00,20.338,20.302
2025-08-07 01:00:00+03:00,20.303,20.277
2025-08-07 03:00:00+03:00,20.277,20.192
2025-08-07 05:00:00+03:00,20.192,20.107
2025-08-07 07:00:00+03:00,20.106,20.254
2025-08-07 09:00:00+03:00,20.255,20.292
2025-08-07 11:00:00+03:00,20.293,20.342
2025-08-07 13:00:00+03:00,20.343,21.002
2025-08-07 15:00:00+03:00,21.003,21.109
2025-08-07 17:00:00+03:00,21.11,20.943
2025-08-07 19:00:00+03:00,20.943,20.806
2025-08-07 21:00:00+03:00,20.805,21.092
2025-08-07 23:00:00+03:00,21.093,21.219
2025-08-08 01:00:00+03:00,21.219,21.531
2025-08-08 03:00:00+03:00,21.529,21.476
2025-08-08 05:00:00+03:00,21.476,21.615
2025-08-08 07:00:00+03:00,21.615,21.359
2025-08-08 09:00:00+03:00,21.358,21.692
2025-08-08 11:00:00+03:00,21.693,21.747
2025-08-08 13:00:00+03:00,21.747,21.68
2025-08-08 15:00:00+03:00,21.678,22.283
2025-08-08 17:00:00+03:00,22.289,21.824
2025-08-08 19:00:00+03:00,21.823,22.612
2025-08-08 21:00:00+03:00,22.613,22.638
2025-08-08 23:00:00+03:00,22.638,22.414
2025-08-09 01:00:00+03:00,22.413,22.378
2025-08-09 03:00:00+03:00,22.377,22.727
2025-08-09 05:00:00+03:00,22.725,22.736
2025-08-09 07:00:00+03:00,22.736,23.608
2025-08-09 09:00:00+03:00,23.607,23.235
2025-08-09 11:00:00+03:00,23.234,23.458
2025-08-09 13:00:00+03:00,23.46,23.436
2025-08-09 15:00:00+03:00,23.439,23.088
2025-08-09 17:00:00+03:00,23.088,23.132
2025-08-09 19:00:00+03:00,23.133,23.328
2025-08-09 21:00:00+03:00,23.327,23.459
2025-08-09 23:00:00+03:00,23.458,23.579
2025-08-10 01:00:00+03:00,23.579,23.603
2025-08-10 03:00:00+03:00,23.604,23.731
2025-08-10 05:00:00+03:00,23.73,23.58
2025-08-10 07:00:00+03:00,23.581,23.332
2025-08-10 09:00:00+03:00,23.331,22.794
2025-08-10 11:00:00+03:00,22.793,23.072
2025-08-10 13:00:00+03:00,23.072,22.813
2025-08-10 15:00:00+03:00,22.811,22.726
2025-08-10 17:00:00+03:00,22.727,23.192
2025-08-10 19:00:00+03:00,23.192,23.177
2025-08-10 21:00:00+03:00,23.178,23.281
2025-08-10 23:00:00+03:00,23.28,23.115
2025-08-11 01:00:00+03:00,23.116,23.162
2025-08-11 03:00:00+03:00,23.162,23.364
2025-08-11 05:00:00+03:00,23.363,23.522
2025-08-11 07:00:00+03:00,23.522,23.45
2025-08-11 09:00:00+03:00,23.45,22.953
2025-08-11 11:00:00+03:00,22.951,23.067
2025-08-11 13:00:00+03:00,23.067,22.417
2025-08-11 15:00:00+03:00,22.417,22.59
2025-08-11 17:00:00+03:00,22.591,22.873
2025-08-11 19:00:00+03:00,22.873,22.914
2025-08-11 21:00:00+03:00,22.914,22.607
2025-08-11 23:00:00+03:00,22.607,22.314
2025-08-12 01:00:00+03:00,22.314,22.193
2025-08-12 03:00:00+03:00,22.193,22.422
2025-08-12 05:00:00+03:00,22.422,22.391
2025-08-12 07:00:00+03:00,22.391,22.268
2025-08-12 09:00:00+03:00,22.268,22.473
2025-08-12 11:00:00+03:00,22.473,22.037
2025-08-12 13:00:00+03:00,22.037,22.178
2025-08-12 15:00:00+03:00,22.178,22.661
2025-08-12 17:00:00+03:00,22.658,23.456
2025-08-12 19:00:00+03:00,23.456,23.537
2025-08-12 21:00:00+03:00,23.538,23.589
2025-08-12 23:00:00+03:00,23.593,23.663
2025-08-13 01:00:00+03:00,23.664,23.678
2025-08-13 03:00:00+03:00,23.678,23.461
2025-08-13 05:00:00+03:00,23.458,23.88
2025-08-13 07:00:00+03:00,23.88,23.618
2025-08-13 09:00:00+03:00,23.617,23.93
2025-08-13 11:00:00+03:00,23.928,24.188
2025-08-13 13:00:00+03:00,24.19,24.053
2025-08-13 15:00:00+03:00,24.052,24.006
2025-08-13 17:00:00+03:00,24.007,23.923
2025-08-13 19:00:00+03:00,23.926,24.124
2025-08-13 21:00:00+03:00,24.123,24.077
2025-08-13 23:00:00+03:00,24.076,24.1
2025-08-14 01:00:00+03:00,24.102,24.265
2025-08-14 03:00:00+03:00,24.264,24.138
2025-08-14 05:00:00+03:00,24.138,24.325
2025-08-14 07:00:00+03:00,24.325,23.87
2025-08-14 09:00:00+03:00,23.87,23.636
2025-08-14 11:00:00+03:00,23.637,23.561
2025-08-14 13:00:00+03:00,23.561,23.372
2025-08-14 15:00:00+03:00,23.372,22.569
2025-08-14 17:00:00+03:00,22.571,22.506
2025-08-14 19:00:00+03:00,22.506,22.297
2025-08-14 21:00:00+03:00,22.299,22.228
2025-08-14 23:00:00+03:00,22.227,22.034
2025-08-15 01:00:00+03:00,22.032,22.173
2025-08-15 03:00:00+03:00,22.175,22.426
2025-08-15 05:00:00+03:00,22.426,22.594
2025-08-15 07:00:00+03:00,22.593,22.518
2025-08-15 09:00:00+03:00,22.516,22.452
2025-08-15 11:00:00+03:00,22.453,22.309
2025-08-15 13:00:00+03:00,22.309,22.325
2025-08-15 15:00:00+03:00,22.325,22.166
2025-08-15 17:00:00+03:00,22.165,21.734
2025-08-15 19:00:00+03:00,21.734,21.958
2025-08-15 21:00:00+03:00,21.957,21.844
2025-08-15 23:00:00+03:00,21.844,22.086
2025-08-16 01:00:00+03:00,22.086,22.212
2025-08-16 03:00:00+03:00,22.211,22.33
2025-08-16 05:00:00+03:00,22.331,22.252
2025-08-16 07:00:00+03:00,22.252,22.172
2025-08-16 09:00:00+03:00,22.172,22.271
2025-08-16 11:00:00+03:00,22.272,22.137
2025-08-16 13:00:00+03:00,22.138,22.046
2025-08-16 15:00:00+03:00,22.047,21.996
2025-08-16 17:00:00+03:00,22.0,22.27
2025-08-16 19:00:00+03:00,22.27,22.184
2025-08-16 21:00:00+03:00,22.182,22.258
2025-08-16 23:00:00+03:00,22.258,22.259
2025-08-17 01:00:00+03:00,22.258,22.366
2025-08-17 03:00:00+03:00,22.366,22.293
2025-08-17 05:00:00+03:00,22.288,22.437
2025-08-17 07:00:00+03:00,22.438,22.526
2025-08-17 09:00:00+03:00,22.526,22.488
2025-08-17 11:00:00+03:00,22.488,22.663
2025-08-17 13:00:00+03:00,22.664,22.694
2025-08-17 15:00:00+03:00,22.694,22.621
2025-08-17 17:00:00+03:00,22.62,22.842
2025-08-17 19:00:00+03:00,22.844,22.54
2025-08-17 21:00:00+03:00,22.541,22.312
2025-08-17 23:00:00+03:00,22.312,22.278
2025-08-18 01:00:00+03:00,22.277,22.228
2025-08-18 03:00:00+03:00,22.229,21.946
2025-08-18 05:00:00+03:00,21.945,21.475
2025-08-18 07:00:00+03:00,21.475,21.559
2025-08-18 09:00:00+03:00,21.559,21.272
2025-08-18 11:00:00+03:00,21.272,21.455
2025-08-18 13:00:00+03:00,21.454,21.359
2025-08-18 15:00:00+03:00,21.358,21.349
2025-08-18 17:00:00+03:00,21.35,21.541
2025-08-18 19:00:00+03:00,21.542,21.495
2025-08-18 21:00:00+03:00,21.494,21.595
2025-08-18 23:00:00+03:00,21.595,21.659
2025-08-19 01:00:00+03:00,21.659,21.517
2025-08-19 03:00:00+03:00,21.516,21.476
2025-08-19 05:00:00+03:00,21.477,21.103
2025-08-19 07:00:00+03:00,21.102,21.206
2025-08-19 09:00:00+03:00,21.206,21.221
2025-08-19 11:00:00+03:00,21.222,21.329
2025-08-19 13:00:00+03:00,21.33,21.464
2025-08-19 15:00:00+03:00,21.464,21.36
2025-08-19 17:00:00+03:00,21.362,21.021
2025-08-19 19:00:00+03:00,21.018,20.917
2025-08-19 21:00:00+03:00,20.917,20.749
2025-08-19 23:00:00+03:00,20.751,20.821
2025-08-20 01:00:00+03:00,20.821,20.514
2025-08-20 03:00:00+03:00,20.513,20.656
2025-08-20 05:00:00+03:00,20.657,20.701
2025-08-20 07:00:00+03:00,20.702,20.877
2025-08-20 09:00:00+03:00,20.876,20.746
2025-08-20 11:00:00+03:00,20.747,20.914
2025-08-20 13:00:00+03:00,20.915,20.869
2025-08-20 15:00:00+03:00,20.87,20.602
2025-08-20 17:00:00+03:00,20.601,21.116
2025-08-20 19:00:00+03:00,21.116,21.436
2025-08-20 21:00:00+03:00,21.437,21.59
2025-08-20 23:00:00+03:00,21.591,21.553
2025-08-21 01:00:00+03:00,21.553,21.55
2025-08-21 03:00:00+03:00,21.55,21.661
2025-08-21 05:00:00+03:00,21.66,21.447
2025-08-21 07:00:00+03:00,21.447,21.576
2025-08-21 09:00:00+03:00,21.575,21.472
2025-08-21 11:00:00+03:00,21.472,21.214
2025-08-21 13:00:00+03:00,21.215,21.214
2025-08-21 15:00:00+03:00,21.214,21.138
2025-08-21 17:00:00+03:00,21.139,20.969
2025-08-21 19:00:00+03:00,20.97,21.027
2025-08-21 21:00:00+03:00,21.026,21.011
2025-08-21 23:00:00+03:00,21.01,21.165
2025-08-22 01:00:00+03:00,21.166,21.007
2025-08-22 03:00:00+03:00,21.006,21.098
2025-08-22 05:00:00+03:00,21.098,20.88
2025-08-22 07:00:00+03:00,20.88,21.062
2025-08-22 09:00:00+03:00,21.061,21.223
2025-08-22 11:00:00+03:00,21.224,21.209
2025-08-22 13:00:00+03:00,21.21,20.873
2025-08-22 15:00:00+03:00,20.873,20.875
2025-08-22 17:00:00+03:00,20.874,23.13
2025-08-22 19:00:00+03:00,23.131,24.746
2025-08-22 21:00:00+03:00,24.748,24.793
2025-08-22 23:00:00+03:00,24.792,24.886
2025-08-23 01:00:00+03:00,24.886,24.499
2025-08-23 03:00:00+03:00,24.498,24.426
2025-08-23 05:00:00+03:00,24.426,24.041
2025-08-23 07:00:00+03:00,24.042,24.169
2025-08-23 09:00:00+03:00,24.169,23.995
2025-08-23 11:00:00+03:00,23.995,24.004
2025-08-23 13:00:00+03:00,24.005,23.836
2025-08-23 15:00:00+03:00,23.836,23.998
2025-08-23 17:00:00+03:00,23.999,24.11
2025-08-23 19:00:00+03:00,24.112,23.96
2025-08-23 21:00:00+03:00,23.961,24.133
2025-08-23 23:00:00+03:00,24.133,24.061
2025-08-24 01:00:00+03:00,24.06,24.21
2025-08-24 03:00:00+03:00,24.211,24.024
2025-08-24 05:00:00+03:00,24.025,23.676
2025-08-24 07:00:00+03:00,23.676,23.649
2025-08-24 09:00:00+03:00,23.649,23.418
2025-08-24 11:00:00+03:00,23.418,23.414
2025-08-24 13:00:00+03:00,23.415,23.135
2025-08-24 15:00:00+03:00,23.135,23.208
2025-08-24 17:00:00+03:00,23.207,23.34
2025-08-24 19:00:00+03:00,23.341,23.756
2025-08-24 21:00:00+03:00,23.756,23.661
2025-08-24 23:00:00+03:00,23.662,23.288
2025-08-25 01:00:00+03:00,23.288,23.225
2025-08-25 03:00:00+03:00,23.226,22.93
2025-08-25 05:00:00+03:00,22.93,22.992
2025-08-25 07:00:00+03:00,22.992,22.621
2025-08-25 09:00:00+03:00,22.621,22.072
2025-08-25 11:00:00+03:00,22.071,22.163
2025-08-25 13:00:00+03:00,22.163,22.008
2025-08-25 15:00:00+03:00,22.007,21.862
2025-08-25 17:00:00+03:00,21.862,21.77
2025-08-25 19:00:00+03:00,21.771,21.741
2025-08-25 21:00:00+03:00,21.742,21.383
2025-08-25 23:00:00+03:00,21.384,20.99
2025-08-26 01:00:00+03:00,20.991,21.067
2025-08-26 03:00:00+03:00,21.067,21.43
2025-08-26 05:00:00+03:00,21.43,21.173
2025-08-26 07:00:00+03:00,21.175,21.274
2025-08-26 09:00:00+03:00,21.275,21.177
2025-08-26 11:00:00+03:00,21.177,21.071
2025-08-26 13:00:00+03:00,21.072,21.111
2025-08-26 15:00:00+03:00,21.111,21.278
2025-08-26 17:00:00+03:00,21.279,21.373
2025-08-26 19:00:00+03:00,21.372,21.366
2025-08-26 21:00:00+03:00,21.366,21.722
2025-08-26 23:00:00+03:00,21.722,21.747
2025-08-27 01:00:00+03:00,21.747,21.661
2025-08-27 03:00:00+03:00,21.661,21.589
2025-08-27 05:00:00+03:00,21.59,21.81
2025-08-27 07:00:00+03:00,21.81,21.816
2025-08-27 09:00:00+03:00,21.816,21.568
2025-08-27 11:00:00+03:00,21.568,21.575
2025-08-27 13:00:00+03:00,21.576,21.654
2025-08-27 15:00:00+03:00,21.654,21.643
2025-08-27 17:00:00+03:00,21.643,21.937
2025-08-27 19:00:00+03:00,21.937,21.937
2025-08-27 21:00:00+03:00,21.937,21.768
2025-08-27 23:00:00+03:00,21.769,21.635
2025-08-28 01:00:00+03:00,21.635,21.5
2025-08-28 03:00:00+03:00,21.5,21.627
2025-08-28 05:00:00+03:00,21.628,21.649
2025-08-28 07:00:00+03:00,21.65,21.766
2025-08-28 09:00:00+03:00,21.767,21.803
2025-08-28 11:00:00+03:00,21.803,21.714
2025-08-28 13:00:00+03:00,21.715,21.76
2025-08-28 15:00:00+03:00,21.76,21.792
2025-08-28 17:00:00+03:00,21.795,21.583
2025-08-28 19:00:00+03:00,21.583,21.561
2025-08-28 21:00:00+03:00,21.561,21.396
2025-08-28 23:00:00+03:00,21.396,21.625
2025-08-29 01:00:00+03:00,21.625,21.676
2025-08-29 03:00:00+03:00,21.677,21.385
2025-08-29 05:00:00+03:00,21.385,21.535
2025-08-29 07:00:00+03:00,21.536,21.434
2025-08-29 09:00:00+03:00,21.434,20.947
2025-08-29 11:00:00+03:00,20.946,20.868
2025-08-29 13:00:00+03:00,20.868,20.921
2025-08-29 15:00:00+03:00,20.922,20.855
2025-08-29 17:00:00+03:00,20.855,20.713
2025-08-29 19:00:00+03:00,20.712,20.626
2025-08-29 21:00:00+03:00,20.626,20.747
2025-08-29 23:00:00+03:00,20.748,20.886
2025-08-30 01:00:00+03:00,20.887,20.912
2025-08-30 03:00:00+03:00,20.912,20.568
2025-08-30 05:00:00+03:00,20.569,20.985
2025-08-30 07:00:00+03:00,20.984,20.957
2025-08-30 09:00:00+03:00,20.958,21.058
2025-08-30 11:00:00+03:00,21.059,20.971
2025-08-30 13:00:00+03:00,20.97,21.027
2025-08-30 15:00:00+03:00,21.027,20.873
2025-08-30 17:00:00+03:00,20.873,20.927
2025-08-30 19:00:00+03:00,20.927,20.798
2025-08-30 21:00:00+03:00,20.798,20.852
2025-08-30 23:00:00+03:00,20.853,20.858
2025-08-31 01:00:00+03:00,20.857,20.931
2025-08-31 03:00:00+03:00,20.932,21.179
2025-08-31 05:00:00+03:00,21.179,21.204
2025-08-31 07:00:00+03:00,21.204,21.098
2025-08-31 09:00:00+03:00,21.098,21.06
2025-08-31 11:00:00+03:00,21.061,21.05
2025-08-31 13:00:00+03:00,21.051,21.066
2025-08-31 15:00:00+03:00,21.066,21.05
2025-08-31 17:00:00+03:00,21.05,21.086
2025-08-31 19:00:00+03:00,21.087,20.953
2025-08-31 21:00:00+03:00,20.954,20.965
2025-08-31 23:00:00+03:00,20.966,21.009
2025-09-01 01:00:00+03:00,21.01,20.687
2025-09-01 01:00:00+03:00,21.01,20.687
