open_time,open,close
2023-10-19 01:00:00+03:00,3.917,3.93
2023-10-19 03:00:00+03:00,3.929,3.897
2023-10-19 05:00:00+03:00,3.897,3.9
2023-10-19 07:00:00+03:00,3.9,3.912
2023-10-19 09:00:00+03:00,3.911,3.911
2023-10-19 11:00:00+03:00,3.911,3.878
2023-10-19 13:00:00+03:00,3.878,3.89
2023-10-19 15:00:00+03:00,3.889,3.894
2023-10-19 17:00:00+03:00,3.893,3.914
2023-10-19 19:00:00+03:00,3.914,3.91
2023-10-19 21:00:00+03:00,3.91,3.924
2023-10-19 23:00:00+03:00,3.923,3.916
2023-10-20 01:00:00+03:00,3.916,3.928
2023-10-20 03:00:00+03:00,3.928,3.938
2023-10-20 05:00:00+03:00,3.937,4.003
2023-10-20 07:00:00+03:00,4.003,4.0
2023-10-20 09:00:00+03:00,4.0,3.984
2023-10-20 11:00:00+03:00,3.984,4.084
2023-10-20 13:00:00+03:00,4.085,4.045
2023-10-20 15:00:00+03:00,4.046,4.037
2023-10-20 17:00:00+03:00,4.038,3.985
2023-10-20 19:00:00+03:00,3.984,4.003
2023-10-20 21:00:00+03:00,4.004,3.995
2023-10-20 23:00:00+03:00,3.995,3.996
2023-10-21 01:00:00+03:00,3.996,3.995
2023-10-21 03:00:00+03:00,3.995,3.973
2023-10-21 05:00:00+03:00,3.973,3.969
2023-10-21 07:00:00+03:00,3.97,3.988
2023-10-21 09:00:00+03:00,3.988,4.032
2023-10-21 11:00:00+03:00,4.032,4.039
2023-10-21 13:00:00+03:00,4.04,4.048
2023-10-21 15:00:00+03:00,4.048,4.067
2023-10-21 17:00:00+03:00,4.067,4.132
2023-10-21 19:00:00+03:00,4.132,4.142
2023-10-21 21:00:00+03:00,4.143,4.13
2023-10-21 23:00:00+03:00,4.13,4.141
2023-10-22 01:00:00+03:00,4.141,4.141
2023-10-22 03:00:00+03:00,4.141,4.145
2023-10-22 05:00:00+03:00,4.146,4.147
2023-10-22 07:00:00+03:00,4.147,4.215
2023-10-22 09:00:00+03:00,4.216,4.131
2023-10-22 11:00:00+03:00,4.132,4.121
2023-10-22 13:00:00+03:00,4.121,4.111
2023-10-22 15:00:00+03:00,4.11,4.148
2023-10-22 17:00:00+03:00,4.149,4.101
2023-10-22 19:00:00+03:00,4.101,4.151
2023-10-22 21:00:00+03:00,4.152,4.132
2023-10-22 23:00:00+03:00,4.133,4.12
2023-10-23 01:00:00+03:00,4.12,4.212
2023-10-23 03:00:00+03:00,4.213,4.335
2023-10-23 05:00:00+03:00,4.335,4.298
2023-10-23 07:00:00+03:00,4.299,4.293
2023-10-23 09:00:00+03:00,4.293,4.262
2023-10-23 11:00:00+03:00,4.263,4.237
2023-10-23 13:00:00+03:00,4.238,4.26
2023-10-23 15:00:00+03:00,4.261,4.213
2023-10-23 17:00:00+03:00,4.214,4.229
2023-10-23 19:00:00+03:00,4.228,4.292
2023-10-23 21:00:00+03:00,4.292,4.288
2023-10-23 23:00:00+03:00,4.289,4.26
2023-10-24 01:00:00+03:00,4.26,4.38
2023-10-24 03:00:00+03:00,4.38,4.405
2023-10-24 05:00:00+03:00,4.405,4.37
2023-10-24 07:00:00+03:00,4.371,4.345
2023-10-24 09:00:00+03:00,4.345,4.308
2023-10-24 11:00:00+03:00,4.308,4.355
2023-10-24 13:00:00+03:00,4.355,4.412
2023-10-24 15:00:00+03:00,4.411,4.359
2023-10-24 17:00:00+03:00,4.36,4.195
2023-10-24 19:00:00+03:00,4.195,4.195
2023-10-24 21:00:00+03:00,4.195,4.179
2023-10-24 23:00:00+03:00,4.179,4.181
2023-10-25 01:00:00+03:00,4.181,4.219
2023-10-25 03:00:00+03:00,4.218,4.322
2023-10-25 05:00:00+03:00,4.322,4.281
2023-10-25 07:00:00+03:00,4.281,4.231
2023-10-25 09:00:00+03:00,4.232,4.161
2023-10-25 11:00:00+03:00,4.162,4.181
2023-10-25 13:00:00+03:00,4.182,4.177
2023-10-25 15:00:00+03:00,4.177,4.222
2023-10-25 17:00:00+03:00,4.222,4.27
2023-10-25 19:00:00+03:00,4.269,4.234
2023-10-25 21:00:00+03:00,4.233,4.207
2023-10-25 23:00:00+03:00,4.207,4.153
2023-10-26 01:00:00+03:00,4.153,4.167
2023-10-26 03:00:00+03:00,4.167,4.186
2023-10-26 05:00:00+03:00,4.186,4.283
2023-10-26 07:00:00+03:00,4.282,4.221
2023-10-26 09:00:00+03:00,4.222,4.36
2023-10-26 11:00:00+03:00,4.36,4.299
2023-10-26 13:00:00+03:00,4.298,4.242
2023-10-26 15:00:00+03:00,4.242,4.215
2023-10-26 17:00:00+03:00,4.214,4.042
2023-10-26 19:00:00+03:00,4.041,4.07
2023-10-26 21:00:00+03:00,4.071,4.085
2023-10-26 23:00:00+03:00,4.085,4.106
2023-10-27 01:00:00+03:00,4.106,4.107
2023-10-27 03:00:00+03:00,4.108,4.028
2023-10-27 05:00:00+03:00,4.03,4.092
2023-10-27 07:00:00+03:00,4.092,4.082
2023-10-27 09:00:00+03:00,4.081,4.069
2023-10-27 11:00:00+03:00,4.069,4.102
2023-10-27 13:00:00+03:00,4.101,4.075
2023-10-27 15:00:00+03:00,4.074,4.117
2023-10-27 17:00:00+03:00,4.118,4.113
2023-10-27 19:00:00+03:00,4.112,4.029
2023-10-27 21:00:00+03:00,4.028,4.003
2023-10-27 23:00:00+03:00,4.004,4.011
2023-10-28 01:00:00+03:00,4.01,4.023
2023-10-28 03:00:00+03:00,4.024,4.062
2023-10-28 05:00:00+03:00,4.062,4.097
2023-10-28 07:00:00+03:00,4.097,4.088
2023-10-28 09:00:00+03:00,4.089,4.104
2023-10-28 11:00:00+03:00,4.104,4.101
2023-10-28 13:00:00+03:00,4.102,4.114
2023-10-28 15:00:00+03:00,4.114,4.101
2023-10-28 17:00:00+03:00,4.1,4.119
2023-10-28 19:00:00+03:00,4.119,4.106
2023-10-28 21:00:00+03:00,4.106,4.088
2023-10-28 23:00:00+03:00,4.087,4.099
2023-10-29 01:00:00+03:00,4.099,4.084
2023-10-29 02:00:00+02:00,4.083,4.069
2023-10-29 04:00:00+02:00,4.07,4.07
2023-10-29 06:00:00+02:00,4.07,4.093
2023-10-29 08:00:00+02:00,4.093,4.123
2023-10-29 10:00:00+02:00,4.122,4.161
2023-10-29 12:00:00+02:00,4.161,4.158
2023-10-29 14:00:00+02:00,4.159,4.141
2023-10-29 16:00:00+02:00,4.142,4.17
2023-10-29 18:00:00+02:00,4.17,4.171
2023-10-29 20:00:00+02:00,4.171,4.182
2023-10-29 22:00:00+02:00,4.183,4.172
2023-10-30 00:00:00+02:00,4.172,4.158
2023-10-30 02:00:00+02:00,4.158,4.156
2023-10-30 04:00:00+02:00,4.155,4.133
2023-10-30 06:00:00+02:00,4.134,4.119
2023-10-30 08:00:00+02:00,4.12,4.122
2023-10-30 10:00:00+02:00,4.121,4.198
2023-10-30 12:00:00+02:00,4.198,4.199
2023-10-30 14:00:00+02:00,4.198,4.2
2023-10-30 16:00:00+02:00,4.2,4.196
2023-10-30 18:00:00+02:00,4.195,4.139
2023-10-30 20:00:00+02:00,4.139,4.159
2023-10-30 22:00:00+02:00,4.159,4.161
2023-10-31 00:00:00+02:00,4.161,4.182
2023-10-31 02:00:00+02:00,4.181,4.241
2023-10-31 04:00:00+02:00,4.241,4.161
2023-10-31 06:00:00+02:00,4.162,4.176
2023-10-31 08:00:00+02:00,4.175,4.126
2023-10-31 10:00:00+02:00,4.127,4.197
2023-10-31 12:00:00+02:00,4.197,4.237
2023-10-31 14:00:00+02:00,4.237,4.131
2023-10-31 16:00:00+02:00,4.131,4.042
2023-10-31 18:00:00+02:00,4.041,4.094
2023-10-31 20:00:00+02:00,4.094,4.105
2023-10-31 22:00:00+02:00,4.104,4.12
2023-11-01 00:00:00+02:00,4.12,4.15
2023-11-01 02:00:00+02:00,4.15,4.149
2023-11-01 04:00:00+02:00,4.148,4.117
2023-11-01 06:00:00+02:00,4.117,4.062
2023-11-01 08:00:00+02:00,4.062,4.09
2023-11-01 10:00:00+02:00,4.09,4.105
2023-11-01 12:00:00+02:00,4.104,4.074
2023-11-01 14:00:00+02:00,4.075,4.078
2023-11-01 16:00:00+02:00,4.079,4.101
2023-11-01 18:00:00+02:00,4.1,4.397
2023-11-01 20:00:00+02:00,4.398,4.726
2023-11-01 22:00:00+02:00,4.726,4.712
2023-11-02 00:00:00+02:00,4.713,4.802
2023-11-02 02:00:00+02:00,4.802,4.78
2023-11-02 04:00:00+02:00,4.779,4.769
2023-11-02 06:00:00+02:00,4.769,4.567
2023-11-02 08:00:00+02:00,4.566,4.709
2023-11-02 10:00:00+02:00,4.708,4.689
2023-11-02 12:00:00+02:00,4.688,4.623
2023-11-02 14:00:00+02:00,4.623,4.574
2023-11-02 16:00:00+02:00,4.574,4.566
2023-11-02 18:00:00+02:00,4.564,4.647
2023-11-02 20:00:00+02:00,4.648,4.671
2023-11-02 22:00:00+02:00,4.671,4.666
2023-11-03 00:00:00+02:00,4.667,4.696
2023-11-03 02:00:00+02:00,4.696,4.557
2023-11-03 04:00:00+02:00,4.557,4.586
2023-11-03 06:00:00+02:00,4.585,4.635
2023-11-03 08:00:00+02:00,4.636,4.687
2023-11-03 10:00:00+02:00,4.687,4.627
2023-11-03 12:00:00+02:00,4.629,4.656
2023-11-03 14:00:00+02:00,4.657,4.661
2023-11-03 16:00:00+02:00,4.661,4.758
2023-11-03 18:00:00+02:00,4.759,4.596
2023-11-03 20:00:00+02:00,4.596,4.636
2023-11-03 22:00:00+02:00,4.636,4.653
2023-11-04 00:00:00+02:00,4.654,4.656
2023-11-04 02:00:00+02:00,4.657,4.664
2023-11-04 04:00:00+02:00,4.664,4.733
2023-11-04 06:00:00+02:00,4.735,4.747
2023-11-04 08:00:00+02:00,4.747,4.754
2023-11-04 10:00:00+02:00,4.754,4.71
2023-11-04 12:00:00+02:00,4.711,4.707
2023-11-04 14:00:00+02:00,4.707,4.708
2023-11-04 16:00:00+02:00,4.709,4.663
2023-11-04 18:00:00+02:00,4.663,4.683
2023-11-04 20:00:00+02:00,4.683,4.687
2023-11-04 22:00:00+02:00,4.686,4.699
2023-11-05 00:00:00+02:00,4.698,4.716
2023-11-05 02:00:00+02:00,4.716,4.766
2023-11-05 04:00:00+02:00,4.766,4.833
2023-11-05 06:00:00+02:00,4.833,4.883
2023-11-05 08:00:00+02:00,4.883,4.832
2023-11-05 10:00:00+02:00,4.832,4.793
2023-11-05 12:00:00+02:00,4.792,4.794
2023-11-05 14:00:00+02:00,4.794,4.655
2023-11-05 16:00:00+02:00,4.653,4.69
2023-11-05 18:00:00+02:00,4.69,4.828
2023-11-05 20:00:00+02:00,4.827,4.786
2023-11-05 22:00:00+02:00,4.787,4.737
2023-11-06 00:00:00+02:00,4.738,4.778
2023-11-06 02:00:00+02:00,4.777,4.791
2023-11-06 04:00:00+02:00,4.792,4.781
2023-11-06 06:00:00+02:00,4.781,4.717
2023-11-06 08:00:00+02:00,4.716,4.769
2023-11-06 10:00:00+02:00,4.768,4.984
2023-11-06 12:00:00+02:00,4.984,5.036
2023-11-06 14:00:00+02:00,5.036,5.027
2023-11-06 16:00:00+02:00,5.028,5.078
2023-11-06 18:00:00+02:00,5.078,5.031
2023-11-06 20:00:00+02:00,5.03,5.101
2023-11-06 22:00:00+02:00,5.101,5.084
2023-11-07 00:00:00+02:00,5.084,5.114
2023-11-07 02:00:00+02:00,5.114,5.053
2023-11-07 04:00:00+02:00,5.053,5.04
2023-11-07 06:00:00+02:00,5.04,5.044
2023-11-07 08:00:00+02:00,5.043,5.012
2023-11-07 10:00:00+02:00,5.012,4.932
2023-11-07 12:00:00+02:00,4.932,4.913
2023-11-07 14:00:00+02:00,4.912,4.923
2023-11-07 16:00:00+02:00,4.923,4.854
2023-11-07 18:00:00+02:00,4.855,4.906
2023-11-07 20:00:00+02:00,4.905,4.961
2023-11-07 22:00:00+02:00,4.962,4.978
2023-11-08 00:00:00+02:00,4.978,4.935
2023-11-08 02:00:00+02:00,4.935,4.957
2023-11-08 04:00:00+02:00,4.956,4.944
2023-11-08 06:00:00+02:00,4.944,4.946
2023-11-08 08:00:00+02:00,4.946,5.0
2023-11-08 10:00:00+02:00,5.0,5.218
2023-11-08 12:00:00+02:00,5.218,5.158
2023-11-08 14:00:00+02:00,5.158,5.145
2023-11-08 16:00:00+02:00,5.146,5.184
2023-11-08 18:00:00+02:00,5.184,5.215
2023-11-08 20:00:00+02:00,5.215,5.212
2023-11-08 22:00:00+02:00,5.212,5.185
2023-11-09 00:00:00+02:00,5.185,5.183
2023-11-09 02:00:00+02:00,5.184,5.221
2023-11-09 04:00:00+02:00,5.221,5.181
2023-11-09 06:00:00+02:00,5.182,5.209
2023-11-09 08:00:00+02:00,5.209,5.177
2023-11-09 10:00:00+02:00,5.177,5.192
2023-11-09 12:00:00+02:00,5.192,5.161
2023-11-09 14:00:00+02:00,5.162,5.174
2023-11-09 16:00:00+02:00,5.175,5.251
2023-11-09 18:00:00+02:00,5.251,4.94
2023-11-09 20:00:00+02:00,4.941,4.897
2023-11-09 22:00:00+02:00,4.897,4.89
2023-11-10 00:00:00+02:00,4.89,5.121
2023-11-10 02:00:00+02:00,5.12,5.256
2023-11-10 04:00:00+02:00,5.255,5.198
2023-11-10 06:00:00+02:00,5.199,5.237
2023-11-10 08:00:00+02:00,5.237,5.155
2023-11-10 10:00:00+02:00,5.155,5.252
2023-11-10 12:00:00+02:00,5.251,5.336
2023-11-10 14:00:00+02:00,5.335,5.169
2023-11-10 16:00:00+02:00,5.169,5.199
2023-11-10 18:00:00+02:00,5.197,5.246
2023-11-10 20:00:00+02:00,5.245,5.2
2023-11-10 22:00:00+02:00,5.201,5.265
2023-11-11 00:00:00+02:00,5.265,5.287
2023-11-11 02:00:00+02:00,5.286,5.244
2023-11-11 04:00:00+02:00,5.245,5.26
2023-11-11 06:00:00+02:00,5.26,5.316
2023-11-11 08:00:00+02:00,5.316,5.316
2023-11-11 10:00:00+02:00,5.316,5.405
2023-11-11 12:00:00+02:00,5.405,5.336
2023-11-11 14:00:00+02:00,5.336,5.387
2023-11-11 16:00:00+02:00,5.387,5.49
2023-11-11 18:00:00+02:00,5.49,5.468
2023-11-11 20:00:00+02:00,5.467,5.529
2023-11-11 22:00:00+02:00,5.53,5.443
2023-11-12 00:00:00+02:00,5.443,5.4
2023-11-12 02:00:00+02:00,5.4,5.322
2023-11-12 04:00:00+02:00,5.321,5.352
2023-11-12 06:00:00+02:00,5.351,5.348
2023-11-12 08:00:00+02:00,5.348,5.476
2023-11-12 10:00:00+02:00,5.477,5.423
2023-11-12 12:00:00+02:00,5.423,5.4
2023-11-12 14:00:00+02:00,5.401,5.363
2023-11-12 16:00:00+02:00,5.362,5.389
2023-11-12 18:00:00+02:00,5.39,5.383
2023-11-12 20:00:00+02:00,5.383,5.407
2023-11-12 22:00:00+02:00,5.408,5.495
2023-11-13 00:00:00+02:00,5.495,5.424
2023-11-13 02:00:00+02:00,5.425,5.519
2023-11-13 04:00:00+02:00,5.518,5.395
2023-11-13 06:00:00+02:00,5.393,5.365
2023-11-13 08:00:00+02:00,5.365,5.419
2023-11-13 10:00:00+02:00,5.419,5.464
2023-11-13 12:00:00+02:00,5.464,5.379
2023-11-13 14:00:00+02:00,5.38,5.417
2023-11-13 16:00:00+02:00,5.416,5.542
2023-11-13 18:00:00+02:00,5.542,5.439
2023-11-13 20:00:00+02:00,5.438,5.496
2023-11-13 22:00:00+02:00,5.495,5.229
2023-11-14 00:00:00+02:00,5.229,5.226
2023-11-14 02:00:00+02:00,5.227,5.205
2023-11-14 04:00:00+02:00,5.205,5.236
2023-11-14 06:00:00+02:00,5.235,5.291
2023-11-14 08:00:00+02:00,5.291,5.289
2023-11-14 10:00:00+02:00,5.288,5.205
2023-11-14 12:00:00+02:00,5.205,5.112
2023-11-14 14:00:00+02:00,5.112,5.184
2023-11-14 16:00:00+02:00,5.184,5.164
2023-11-14 18:00:00+02:00,5.166,5.12
2023-11-14 20:00:00+02:00,5.12,4.948
2023-11-14 22:00:00+02:00,4.949,5.048
2023-11-15 00:00:00+02:00,5.047,5.062
2023-11-15 02:00:00+02:00,5.062,5.133
2023-11-15 04:00:00+02:00,5.133,5.099
2023-11-15 06:00:00+02:00,5.1,5.198
2023-11-15 08:00:00+02:00,5.198,5.227
2023-11-15 10:00:00+02:00,5.229,5.188
2023-11-15 12:00:00+02:00,5.189,5.302
2023-11-15 14:00:00+02:00,5.301,5.266
2023-11-15 16:00:00+02:00,5.266,5.337
2023-11-15 18:00:00+02:00,5.337,5.258
2023-11-15 20:00:00+02:00,5.258,5.377
2023-11-15 22:00:00+02:00,5.377,5.338
2023-11-16 00:00:00+02:00,5.337,5.389
2023-11-16 02:00:00+02:00,5.389,5.458
2023-11-16 04:00:00+02:00,5.457,5.466
2023-11-16 06:00:00+02:00,5.466,5.532
2023-11-16 08:00:00+02:00,5.532,5.529
2023-11-16 10:00:00+02:00,5.527,5.533
2023-11-16 12:00:00+02:00,5.533,5.493
2023-11-16 14:00:00+02:00,5.493,5.424
2023-11-16 16:00:00+02:00,5.425,5.273
2023-11-16 18:00:00+02:00,5.274,5.33
2023-11-16 20:00:00+02:00,5.33,5.224
2023-11-16 22:00:00+02:00,5.223,5.172
2023-11-17 00:00:00+02:00,5.171,5.2
2023-11-17 02:00:00+02:00,5.201,5.348
2023-11-17 04:00:00+02:00,5.348,5.329
2023-11-17 06:00:00+02:00,5.33,5.33
2023-11-17 08:00:00+02:00,5.331,5.233
2023-11-17 10:00:00+02:00,5.234,5.232
2023-11-17 12:00:00+02:00,5.233,5.112
2023-11-17 14:00:00+02:00,5.113,5.053
2023-11-17 16:00:00+02:00,5.054,4.872
2023-11-17 18:00:00+02:00,4.873,5.014
2023-11-17 20:00:00+02:00,5.013,5.057
2023-11-17 22:00:00+02:00,5.056,5.054
2023-11-18 00:00:00+02:00,5.054,5.109
2023-11-18 02:00:00+02:00,5.109,5.07
2023-11-18 04:00:00+02:00,5.07,4.991
2023-11-18 06:00:00+02:00,4.991,4.926
2023-11-18 08:00:00+02:00,4.926,4.947
2023-11-18 10:00:00+02:00,4.947,4.986
2023-11-18 12:00:00+02:00,4.986,4.961
2023-11-18 14:00:00+02:00,4.962,4.912
2023-11-18 16:00:00+02:00,4.912,5.034
2023-11-18 18:00:00+02:00,5.033,5.088
2023-11-18 20:00:00+02:00,5.089,5.084
2023-11-18 22:00:00+02:00,5.085,5.052
2023-11-19 00:00:00+02:00,5.052,5.066
2023-11-19 02:00:00+02:00,5.065,5.004
2023-11-19 04:00:00+02:00,5.004,5.055
2023-11-19 06:00:00+02:00,5.055,5.055
2023-11-19 08:00:00+02:00,5.056,5.095
2023-11-19 10:00:00+02:00,5.095,5.1
2023-11-19 12:00:00+02:00,5.1,5.075
2023-11-19 14:00:00+02:00,5.075,5.074
2023-11-19 16:00:00+02:00,5.074,5.093
2023-11-19 18:00:00+02:00,5.092,5.103
2023-11-19 20:00:00+02:00,5.102,5.184
2023-11-19 22:00:00+02:00,5.185,5.172
2023-11-20 00:00:00+02:00,5.172,5.237
2023-11-20 02:00:00+02:00,5.237,5.218
2023-11-20 04:00:00+02:00,5.218,5.188
2023-11-20 06:00:00+02:00,5.188,5.18
2023-11-20 08:00:00+02:00,5.181,5.245
2023-11-20 10:00:00+02:00,5.245,5.286
2023-11-20 12:00:00+02:00,5.286,5.234
2023-11-20 14:00:00+02:00,5.235,5.203
2023-11-20 16:00:00+02:00,5.204,5.298
2023-11-20 18:00:00+02:00,5.298,5.353
2023-11-20 20:00:00+02:00,5.352,5.224
2023-11-20 22:00:00+02:00,5.224,5.185
2023-11-21 00:00:00+02:00,5.185,5.193
2023-11-21 02:00:00+02:00,5.192,5.242
2023-11-21 04:00:00+02:00,5.243,5.192
2023-11-21 06:00:00+02:00,5.192,5.196
2023-11-21 08:00:00+02:00,5.195,5.105
2023-11-21 10:00:00+02:00,5.104,5.107
2023-11-21 12:00:00+02:00,5.107,5.09
2023-11-21 14:00:00+02:00,5.09,5.06
2023-11-21 16:00:00+02:00,5.06,5.045
2023-11-21 18:00:00+02:00,5.045,4.952
2023-11-21 20:00:00+02:00,4.952,4.965
2023-11-21 22:00:00+02:00,4.966,5.058
2023-11-22 00:00:00+02:00,5.057,4.849
2023-11-22 02:00:00+02:00,4.85,4.995
2023-11-22 04:00:00+02:00,4.994,5.291
2023-11-22 06:00:00+02:00,5.291,5.214
2023-11-22 08:00:00+02:00,5.214,5.273
2023-11-22 10:00:00+02:00,5.273,5.366
2023-11-22 12:00:00+02:00,5.365,5.36
2023-11-22 14:00:00+02:00,5.361,5.525
2023-11-22 16:00:00+02:00,5.525,5.708
2023-11-22 18:00:00+02:00,5.707,5.847
2023-11-22 20:00:00+02:00,5.847,5.944
2023-11-22 22:00:00+02:00,5.943,6.194
2023-11-23 00:00:00+02:00,6.194,6.111
2023-11-23 02:00:00+02:00,6.112,6.21
2023-11-23 04:00:00+02:00,6.209,6.168
2023-11-23 06:00:00+02:00,6.168,6.145
2023-11-23 08:00:00+02:00,6.145,6.148
2023-11-23 10:00:00+02:00,6.149,6.247
2023-11-23 12:00:00+02:00,6.247,6.191
2023-11-23 14:00:00+02:00,6.192,6.25
2023-11-23 16:00:00+02:00,6.251,6.229
2023-11-23 18:00:00+02:00,6.23,6.292
2023-11-23 20:00:00+02:00,6.292,6.285
2023-11-23 22:00:00+02:00,6.285,6.423
2023-11-24 00:00:00+02:00,6.423,6.331
2023-11-24 02:00:00+02:00,6.332,6.457
2023-11-24 04:00:00+02:00,6.457,6.257
2023-11-24 06:00:00+02:00,6.258,6.203
2023-11-24 08:00:00+02:00,6.202,6.192
2023-11-24 10:00:00+02:00,6.193,6.132
2023-11-24 12:00:00+02:00,6.131,6.298
2023-11-24 14:00:00+02:00,6.299,6.208
2023-11-24 16:00:00+02:00,6.209,6.149
2023-11-24 18:00:00+02:00,6.149,6.186
2023-11-24 20:00:00+02:00,6.186,6.143
2023-11-24 22:00:00+02:00,6.143,6.138
2023-11-25 00:00:00+02:00,6.138,6.168
2023-11-25 02:00:00+02:00,6.168,6.249
2023-11-25 04:00:00+02:00,6.25,6.239
2023-11-25 06:00:00+02:00,6.239,6.184
2023-11-25 08:00:00+02:00,6.185,6.217
2023-11-25 10:00:00+02:00,6.217,6.166
2023-11-25 12:00:00+02:00,6.165,6.107
2023-11-25 14:00:00+02:00,6.107,6.188
2023-11-25 16:00:00+02:00,6.189,6.112
2023-11-25 18:00:00+02:00,6.111,6.145
2023-11-25 20:00:00+02:00,6.145,6.145
2023-11-25 22:00:00+02:00,6.145,6.175
2023-11-26 00:00:00+02:00,6.173,6.168
2023-11-26 02:00:00+02:00,6.168,6.106
2023-11-26 04:00:00+02:00,6.106,6.129
2023-11-26 06:00:00+02:00,6.13,6.141
2023-11-26 08:00:00+02:00,6.141,6.152
2023-11-26 10:00:00+02:00,6.152,6.141
2023-11-26 12:00:00+02:00,6.141,6.069
2023-11-26 14:00:00+02:00,6.069,6.066
2023-11-26 16:00:00+02:00,6.066,5.898
2023-11-26 18:00:00+02:00,5.899,6.013
2023-11-26 20:00:00+02:00,6.013,6.072
2023-11-26 22:00:00+02:00,6.072,6.158
2023-11-27 00:00:00+02:00,6.158,6.182
2023-11-27 02:00:00+02:00,6.182,6.15
2023-11-27 04:00:00+02:00,6.151,6.095
2023-11-27 06:00:00+02:00,6.096,6.09
2023-11-27 08:00:00+02:00,6.09,6.038
2023-11-27 10:00:00+02:00,6.038,6.049
2023-11-27 12:00:00+02:00,6.049,6.177
2023-11-27 14:00:00+02:00,6.177,6.138
2023-11-27 16:00:00+02:00,6.138,6.189
2023-11-27 18:00:00+02:00,6.189,6.118
2023-11-27 20:00:00+02:00,6.119,6.061
2023-11-27 22:00:00+02:00,6.061,6.193
2023-11-28 00:00:00+02:00,6.193,6.297
2023-11-28 02:00:00+02:00,6.297,6.329
2023-11-28 04:00:00+02:00,6.327,6.522
2023-11-28 06:00:00+02:00,6.522,6.237
2023-11-28 08:00:00+02:00,6.238,6.22
2023-11-28 10:00:00+02:00,6.22,6.169
2023-11-28 12:00:00+02:00,6.169,6.148
2023-11-28 14:00:00+02:00,6.148,6.255
2023-11-28 16:00:00+02:00,6.256,6.213
2023-11-28 18:00:00+02:00,6.213,6.265
2023-11-28 20:00:00+02:00,6.265,6.176
2023-11-28 22:00:00+02:00,6.176,6.155
2023-11-29 00:00:00+02:00,6.155,6.169
2023-11-29 02:00:00+02:00,6.168,6.27
2023-11-29 04:00:00+02:00,6.271,6.321
2023-11-29 06:00:00+02:00,6.321,6.317
2023-11-29 08:00:00+02:00,6.316,6.292
2023-11-29 10:00:00+02:00,6.293,6.281
2023-11-29 12:00:00+02:00,6.281,6.274
2023-11-29 14:00:00+02:00,6.274,6.163
2023-11-29 16:00:00+02:00,6.163,6.073
2023-11-29 18:00:00+02:00,6.073,6.062
2023-11-29 20:00:00+02:00,6.061,6.096
2023-11-29 22:00:00+02:00,6.096,6.018
2023-11-30 00:00:00+02:00,6.019,6.006
2023-11-30 02:00:00+02:00,6.006,5.963
2023-11-30 04:00:00+02:00,5.964,5.999
2023-11-30 06:00:00+02:00,5.998,5.906
2023-11-30 08:00:00+02:00,5.906,5.953
2023-11-30 10:00:00+02:00,5.954,5.889
2023-11-30 12:00:00+02:00,5.889,5.926
2023-11-30 14:00:00+02:00,5.927,5.911
2023-11-30 16:00:00+02:00,5.911,5.964
2023-11-30 18:00:00+02:00,5.964,5.898
2023-11-30 20:00:00+02:00,5.899,5.915
2023-11-30 22:00:00+02:00,5.915,5.906
2023-12-01 00:00:00+02:00,5.907,5.962
2023-12-01 02:00:00+02:00,5.962,6.041
2023-12-01 04:00:00+02:00,6.041,6.027
2023-12-01 06:00:00+02:00,6.027,6.003
2023-12-01 08:00:00+02:00,6.003,5.995
2023-12-01 10:00:00+02:00,5.996,6.083
2023-12-01 12:00:00+02:00,6.083,6.083
2023-12-01 14:00:00+02:00,6.082,6.028
2023-12-01 16:00:00+02:00,6.028,6.012
2023-12-01 18:00:00+02:00,6.011,6.042
2023-12-01 20:00:00+02:00,6.043,6.055
2023-12-01 22:00:00+02:00,6.054,6.035
2023-12-02 00:00:00+02:00,6.036,6.019
2023-12-02 02:00:00+02:00,6.019,6.108
2023-12-02 04:00:00+02:00,6.109,6.091
2023-12-02 06:00:00+02:00,6.091,6.075
2023-12-02 08:00:00+02:00,6.075,6.061
2023-12-02 10:00:00+02:00,6.06,6.114
2023-12-02 12:00:00+02:00,6.115,6.134
2023-12-02 14:00:00+02:00,6.133,6.132
2023-12-02 16:00:00+02:00,6.132,6.053
2023-12-02 18:00:00+02:00,6.054,6.05
2023-12-02 20:00:00+02:00,6.051,6.161
2023-12-02 22:00:00+02:00,6.16,6.18
2023-12-03 00:00:00+02:00,6.181,6.175
2023-12-03 02:00:00+02:00,6.175,6.17
2023-12-03 04:00:00+02:00,6.17,6.144
2023-12-03 06:00:00+02:00,6.144,6.118
2023-12-03 08:00:00+02:00,6.118,6.154
2023-12-03 10:00:00+02:00,6.154,6.245
2023-12-03 12:00:00+02:00,6.245,6.192
2023-12-03 14:00:00+02:00,6.192,6.1
2023-12-03 16:00:00+02:00,6.1,6.006
2023-12-03 18:00:00+02:00,6.006,6.032
2023-12-03 20:00:00+02:00,6.032,6.018
2023-12-03 22:00:00+02:00,6.017,6.011
2023-12-04 00:00:00+02:00,6.012,6.061
2023-12-04 02:00:00+02:00,6.062,6.128
2023-12-04 04:00:00+02:00,6.127,6.152
2023-12-04 06:00:00+02:00,6.152,6.173
2023-12-04 08:00:00+02:00,6.172,6.175
2023-12-04 10:00:00+02:00,6.174,6.137
2023-12-04 12:00:00+02:00,6.136,6.087
2023-12-04 14:00:00+02:00,6.087,6.079
2023-12-04 16:00:00+02:00,6.08,6.029
2023-12-04 18:00:00+02:00,6.029,6.038
2023-12-04 20:00:00+02:00,6.039,6.041
2023-12-04 22:00:00+02:00,6.04,6.041
2023-12-05 00:00:00+02:00,6.042,6.114
2023-12-05 02:00:00+02:00,6.114,6.175
2023-12-05 04:00:00+02:00,6.175,6.125
2023-12-05 06:00:00+02:00,6.125,6.176
2023-12-05 08:00:00+02:00,6.176,6.05
2023-12-05 10:00:00+02:00,6.051,6.046
2023-12-05 12:00:00+02:00,6.045,6.032
2023-12-05 14:00:00+02:00,6.032,6.164
2023-12-05 16:00:00+02:00,6.165,6.218
2023-12-05 18:00:00+02:00,6.219,6.299
2023-12-05 20:00:00+02:00,6.299,6.256
2023-12-05 22:00:00+02:00,6.256,6.221
2023-12-06 00:00:00+02:00,6.221,6.264
2023-12-06 02:00:00+02:00,6.265,6.248
2023-12-06 04:00:00+02:00,6.248,6.172
2023-12-06 06:00:00+02:00,6.173,6.088
2023-12-06 08:00:00+02:00,6.088,6.102
2023-12-06 10:00:00+02:00,6.103,6.159
2023-12-06 12:00:00+02:00,6.159,6.032
2023-12-06 14:00:00+02:00,6.032,6.035
2023-12-06 16:00:00+02:00,6.034,6.056
2023-12-06 18:00:00+02:00,6.056,6.103
2023-12-06 20:00:00+02:00,6.103,6.135
2023-12-06 22:00:00+02:00,6.135,6.047
2023-12-07 00:00:00+02:00,6.047,6.002
2023-12-07 02:00:00+02:00,6.002,6.074
2023-12-07 04:00:00+02:00,6.074,6.091
2023-12-07 06:00:00+02:00,6.092,6.169
2023-12-07 08:00:00+02:00,6.168,6.146
2023-12-07 10:00:00+02:00,6.146,6.092
2023-12-07 12:00:00+02:00,6.091,6.033
2023-12-07 14:00:00+02:00,6.033,6.063
2023-12-07 16:00:00+02:00,6.062,6.199
2023-12-07 18:00:00+02:00,6.2,6.269
2023-12-07 20:00:00+02:00,6.269,6.158
2023-12-07 22:00:00+02:00,6.158,6.276
2023-12-08 00:00:00+02:00,6.277,6.299
2023-12-08 02:00:00+02:00,6.298,6.364
2023-12-08 04:00:00+02:00,6.364,6.405
2023-12-08 06:00:00+02:00,6.405,6.356
2023-12-08 08:00:00+02:00,6.357,6.327
2023-12-08 10:00:00+02:00,6.327,6.348
2023-12-08 12:00:00+02:00,6.348,6.42
2023-12-08 14:00:00+02:00,6.421,6.365
2023-12-08 16:00:00+02:00,6.366,6.32
2023-12-08 18:00:00+02:00,6.321,6.451
2023-12-08 20:00:00+02:00,6.451,6.452
2023-12-08 22:00:00+02:00,6.452,6.492
2023-12-09 00:00:00+02:00,6.492,6.522
2023-12-09 02:00:00+02:00,6.521,6.682
2023-12-09 04:00:00+02:00,6.683,6.777
2023-12-09 06:00:00+02:00,6.777,6.682
2023-12-09 08:00:00+02:00,6.683,6.765
2023-12-09 10:00:00+02:00,6.765,6.663
2023-12-09 12:00:00+02:00,6.663,6.708
2023-12-09 14:00:00+02:00,6.708,6.754
2023-12-09 16:00:00+02:00,6.754,6.669
2023-12-09 18:00:00+02:00,6.67,6.706
2023-12-09 20:00:00+02:00,6.706,6.744
2023-12-09 22:00:00+02:00,6.745,6.824
2023-12-10 00:00:00+02:00,6.825,6.849
2023-12-10 02:00:00+02:00,6.85,6.757
2023-12-10 04:00:00+02:00,6.757,6.707
2023-12-10 06:00:00+02:00,6.706,6.727
2023-12-10 08:00:00+02:00,6.728,6.724
2023-12-10 10:00:00+02:00,6.723,6.518
2023-12-10 12:00:00+02:00,6.516,6.564
2023-12-10 14:00:00+02:00,6.564,6.686
2023-12-10 16:00:00+02:00,6.685,6.653
2023-12-10 18:00:00+02:00,6.653,6.475
2023-12-10 20:00:00+02:00,6.475,6.565
2023-12-10 22:00:00+02:00,6.565,6.596
2023-12-11 00:00:00+02:00,6.596,6.611
2023-12-11 02:00:00+02:00,6.613,6.547
2023-12-11 04:00:00+02:00,6.546,6.251
2023-12-11 06:00:00+02:00,6.25,6.295
2023-12-11 08:00:00+02:00,6.295,6.209
2023-12-11 10:00:00+02:00,6.209,6.272
2023-12-11 12:00:00+02:00,6.272,6.287
2023-12-11 14:00:00+02:00,6.287,6.193
2023-12-11 16:00:00+02:00,6.193,6.116
2023-12-11 18:00:00+02:00,6.115,6.028
2023-12-11 20:00:00+02:00,6.029,6.043
2023-12-11 22:00:00+02:00,6.043,6.102
2023-12-12 00:00:00+02:00,6.102,6.104
2023-12-12 02:00:00+02:00,6.104,6.171
2023-12-12 04:00:00+02:00,6.171,6.203
2023-12-12 06:00:00+02:00,6.204,6.214
2023-12-12 08:00:00+02:00,6.213,6.257
2023-12-12 10:00:00+02:00,6.255,6.219
2023-12-12 12:00:00+02:00,6.22,6.183
2023-12-12 14:00:00+02:00,6.184,6.293
2023-12-12 16:00:00+02:00,6.293,6.257
2023-12-12 18:00:00+02:00,6.257,6.149
2023-12-12 20:00:00+02:00,6.149,6.185
2023-12-12 22:00:00+02:00,6.186,6.121
2023-12-13 00:00:00+02:00,6.121,6.241
2023-12-13 02:00:00+02:00,6.241,6.1
2023-12-13 04:00:00+02:00,6.1,6.072
2023-12-13 06:00:00+02:00,6.073,6.09
2023-12-13 08:00:00+02:00,6.091,6.068
2023-12-13 10:00:00+02:00,6.068,6.087
2023-12-13 12:00:00+02:00,6.087,6.016
2023-12-13 14:00:00+02:00,6.015,6.115
2023-12-13 16:00:00+02:00,6.115,6.222
2023-12-13 18:00:00+02:00,6.223,6.148
2023-12-13 20:00:00+02:00,6.148,6.268
2023-12-13 22:00:00+02:00,6.269,6.279
2023-12-14 00:00:00+02:00,6.279,6.302
2023-12-14 02:00:00+02:00,6.303,6.294
2023-12-14 04:00:00+02:00,6.295,6.29
2023-12-14 06:00:00+02:00,6.29,6.335
2023-12-14 08:00:00+02:00,6.335,6.329
2023-12-14 10:00:00+02:00,6.329,6.352
2023-12-14 12:00:00+02:00,6.35,6.467
2023-12-14 14:00:00+02:00,6.468,6.329
2023-12-14 16:00:00+02:00,6.328,6.289
2023-12-14 18:00:00+02:00,6.289,6.347
2023-12-14 20:00:00+02:00,6.348,6.316
2023-12-14 22:00:00+02:00,6.316,6.318
2023-12-15 00:00:00+02:00,6.318,6.368
2023-12-15 02:00:00+02:00,6.369,6.275
2023-12-15 04:00:00+02:00,6.275,6.243
2023-12-15 06:00:00+02:00,6.244,6.155
2023-12-15 08:00:00+02:00,6.155,6.169
2023-12-15 10:00:00+02:00,6.169,6.215
2023-12-15 12:00:00+02:00,6.216,6.212
2023-12-15 14:00:00+02:00,6.213,6.182
2023-12-15 16:00:00+02:00,6.183,6.144
2023-12-15 18:00:00+02:00,6.144,6.117
2023-12-15 20:00:00+02:00,6.118,6.118
2023-12-15 22:00:00+02:00,6.119,6.09
2023-12-16 00:00:00+02:00,6.09,6.036
2023-12-16 02:00:00+02:00,6.037,6.066
2023-12-16 04:00:00+02:00,6.067,6.137
2023-12-16 06:00:00+02:00,6.136,6.159
2023-12-16 08:00:00+02:00,6.159,6.163
2023-12-16 10:00:00+02:00,6.163,6.138
2023-12-16 12:00:00+02:00,6.139,6.192
2023-12-16 14:00:00+02:00,6.192,6.201
2023-12-16 16:00:00+02:00,6.202,6.227
2023-12-16 18:00:00+02:00,6.226,6.227
2023-12-16 20:00:00+02:00,6.228,6.166
2023-12-16 22:00:00+02:00,6.167,6.152
2023-12-17 00:00:00+02:00,6.151,6.17
2023-12-17 02:00:00+02:00,6.17,6.206
2023-12-17 04:00:00+02:00,6.206,6.211
2023-12-17 06:00:00+02:00,6.21,6.138
2023-12-17 08:00:00+02:00,6.138,6.09
2023-12-17 10:00:00+02:00,6.091,6.184
2023-12-17 12:00:00+02:00,6.184,6.186
2023-12-17 14:00:00+02:00,6.186,6.138
2023-12-17 16:00:00+02:00,6.138,6.202
2023-12-17 18:00:00+02:00,6.204,6.223
2023-12-17 20:00:00+02:00,6.223,6.226
2023-12-17 22:00:00+02:00,6.225,6.208
2023-12-18 00:00:00+02:00,6.208,6.071
2023-12-18 02:00:00+02:00,6.07,5.97
2023-12-18 04:00:00+02:00,5.969,5.94
2023-12-18 06:00:00+02:00,5.94,5.914
2023-12-18 08:00:00+02:00,5.915,5.887
2023-12-18 10:00:00+02:00,5.888,5.766
2023-12-18 12:00:00+02:00,5.765,5.717
2023-12-18 14:00:00+02:00,5.716,5.744
2023-12-18 16:00:00+02:00,5.743,5.757
2023-12-18 18:00:00+02:00,5.758,5.773
2023-12-18 20:00:00+02:00,5.772,5.805
2023-12-18 22:00:00+02:00,5.804,5.928
2023-12-19 00:00:00+02:00,5.929,5.946
2023-12-19 02:00:00+02:00,5.946,6.028
2023-12-19 04:00:00+02:00,6.028,6.0
2023-12-19 06:00:00+02:00,5.999,5.999
2023-12-19 08:00:00+02:00,6.0,6.005
2023-12-19 10:00:00+02:00,6.006,5.987
2023-12-19 12:00:00+02:00,5.987,5.981
2023-12-19 14:00:00+02:00,5.981,5.926
2023-12-19 16:00:00+02:00,5.925,5.917
2023-12-19 18:00:00+02:00,5.916,5.779
2023-12-19 20:00:00+02:00,5.779,5.872
2023-12-19 22:00:00+02:00,5.873,5.892
2023-12-20 00:00:00+02:00,5.891,5.84
2023-12-20 02:00:00+02:00,5.84,5.834
2023-12-20 04:00:00+02:00,5.834,5.877
2023-12-20 06:00:00+02:00,5.876,5.942
2023-12-20 08:00:00+02:00,5.941,5.977
2023-12-20 10:00:00+02:00,5.976,5.996
2023-12-20 12:00:00+02:00,5.996,5.984
2023-12-20 14:00:00+02:00,5.985,6.083
2023-12-20 16:00:00+02:00,6.083,6.081
2023-12-20 18:00:00+02:00,6.081,6.062
2023-12-20 20:00:00+02:00,6.061,5.963
2023-12-20 22:00:00+02:00,5.963,5.885
2023-12-21 00:00:00+02:00,5.883,5.935
2023-12-21 02:00:00+02:00,5.935,5.907
2023-12-21 04:00:00+02:00,5.906,5.916
2023-12-21 06:00:00+02:00,5.915,5.892
2023-12-21 08:00:00+02:00,5.891,5.963
2023-12-21 10:00:00+02:00,5.963,6.024
2023-12-21 12:00:00+02:00,6.023,6.059
2023-12-21 14:00:00+02:00,6.059,6.032
2023-12-21 16:00:00+02:00,6.033,5.961
2023-12-21 18:00:00+02:00,5.96,5.994
2023-12-21 20:00:00+02:00,5.995,6.041
2023-12-21 22:00:00+02:00,6.041,6.124
2023-12-22 00:00:00+02:00,6.125,6.189
2023-12-22 02:00:00+02:00,6.189,6.284
2023-12-22 04:00:00+02:00,6.283,6.223
2023-12-22 06:00:00+02:00,6.224,6.23
2023-12-22 08:00:00+02:00,6.23,6.185
2023-12-22 10:00:00+02:00,6.185,6.281
2023-12-22 12:00:00+02:00,6.281,6.316
2023-12-22 14:00:00+02:00,6.316,6.42
2023-12-22 16:00:00+02:00,6.421,6.344
2023-12-22 18:00:00+02:00,6.344,6.428
2023-12-22 20:00:00+02:00,6.429,6.358
2023-12-22 22:00:00+02:00,6.359,6.398
2023-12-23 00:00:00+02:00,6.399,6.397
2023-12-23 02:00:00+02:00,6.397,6.219
2023-12-23 04:00:00+02:00,6.22,6.131
2023-12-23 06:00:00+02:00,6.13,6.215
2023-12-23 08:00:00+02:00,6.215,6.212
2023-12-23 10:00:00+02:00,6.212,6.198
2023-12-23 12:00:00+02:00,6.198,6.194
2023-12-23 14:00:00+02:00,6.193,6.214
2023-12-23 16:00:00+02:00,6.214,6.197
2023-12-23 18:00:00+02:00,6.197,6.212
2023-12-23 20:00:00+02:00,6.212,6.259
2023-12-23 22:00:00+02:00,6.26,6.28
2023-12-24 00:00:00+02:00,6.281,6.345
2023-12-24 02:00:00+02:00,6.344,6.639
2023-12-24 04:00:00+02:00,6.639,6.691
2023-12-24 06:00:00+02:00,6.691,6.515
2023-12-24 08:00:00+02:00,6.514,6.58
2023-12-24 10:00:00+02:00,6.579,6.623
2023-12-24 12:00:00+02:00,6.622,6.738
2023-12-24 14:00:00+02:00,6.737,6.777
2023-12-24 16:00:00+02:00,6.778,6.939
2023-12-24 18:00:00+02:00,6.94,7.015
2023-12-24 20:00:00+02:00,7.015,7.053
2023-12-24 22:00:00+02:00,7.052,7.013
2023-12-25 00:00:00+02:00,7.013,6.848
2023-12-25 02:00:00+02:00,6.849,6.862
2023-12-25 04:00:00+02:00,6.861,6.746
2023-12-25 06:00:00+02:00,6.746,6.882
2023-12-25 08:00:00+02:00,6.882,6.785
2023-12-25 10:00:00+02:00,6.786,6.736
2023-12-25 12:00:00+02:00,6.736,6.718
2023-12-25 14:00:00+02:00,6.718,6.904
2023-12-25 16:00:00+02:00,6.903,7.021
2023-12-25 18:00:00+02:00,7.021,6.998
2023-12-25 20:00:00+02:00,6.998,6.931
2023-12-25 22:00:00+02:00,6.932,6.916
2023-12-26 00:00:00+02:00,6.915,6.977
2023-12-26 02:00:00+02:00,6.977,6.909
2023-12-26 04:00:00+02:00,6.908,6.94
2023-12-26 06:00:00+02:00,6.939,6.712
2023-12-26 08:00:00+02:00,6.712,6.785
2023-12-26 10:00:00+02:00,6.785,6.754
2023-12-26 12:00:00+02:00,6.754,7.317
2023-12-26 14:00:00+02:00,7.315,7.637
2023-12-26 16:00:00+02:00,7.636,7.299
2023-12-26 18:00:00+02:00,7.298,7.208
2023-12-26 20:00:00+02:00,7.208,7.381
2023-12-26 22:00:00+02:00,7.38,7.445
2023-12-27 00:00:00+02:00,7.445,7.356
2023-12-27 02:00:00+02:00,7.355,7.219
2023-12-27 04:00:00+02:00,7.22,7.038
2023-12-27 06:00:00+02:00,7.038,7.184
2023-12-27 08:00:00+02:00,7.183,7.206
2023-12-27 10:00:00+02:00,7.206,7.175
2023-12-27 12:00:00+02:00,7.176,7.261
2023-12-27 14:00:00+02:00,7.262,7.223
2023-12-27 16:00:00+02:00,7.222,7.246
2023-12-27 18:00:00+02:00,7.248,7.307
2023-12-27 20:00:00+02:00,7.306,7.263
2023-12-27 22:00:00+02:00,7.263,7.266
2023-12-28 00:00:00+02:00,7.267,7.245
2023-12-28 02:00:00+02:00,7.245,7.48
2023-12-28 04:00:00+02:00,7.48,7.476
2023-12-28 06:00:00+02:00,7.475,7.427
2023-12-28 08:00:00+02:00,7.428,7.919
2023-12-28 10:00:00+02:00,7.918,7.714
2023-12-28 12:00:00+02:00,7.714,7.722
2023-12-28 14:00:00+02:00,7.722,7.685
2023-12-28 16:00:00+02:00,7.686,7.586
2023-12-28 18:00:00+02:00,7.586,7.763
2023-12-28 20:00:00+02:00,7.763,8.243
2023-12-28 22:00:00+02:00,8.243,7.978
2023-12-29 00:00:00+02:00,7.978,7.818
2023-12-29 02:00:00+02:00,7.819,7.634
2023-12-29 04:00:00+02:00,7.634,7.694
2023-12-29 06:00:00+02:00,7.695,7.768
2023-12-29 08:00:00+02:00,7.767,7.537
2023-12-29 10:00:00+02:00,7.536,7.747
2023-12-29 12:00:00+02:00,7.747,7.689
2023-12-29 14:00:00+02:00,7.688,7.637
2023-12-29 16:00:00+02:00,7.636,7.532
2023-12-29 18:00:00+02:00,7.532,7.664
2023-12-29 20:00:00+02:00,7.664,7.741
2023-12-29 22:00:00+02:00,7.741,7.617
2023-12-30 00:00:00+02:00,7.618,7.577
2023-12-30 02:00:00+02:00,7.577,7.733
2023-12-30 04:00:00+02:00,7.733,7.697
2023-12-30 06:00:00+02:00,7.697,7.782
2023-12-30 08:00:00+02:00,7.782,7.644
2023-12-30 10:00:00+02:00,7.644,7.443
2023-12-30 12:00:00+02:00,7.442,7.469
2023-12-30 14:00:00+02:00,7.469,7.37
2023-12-30 16:00:00+02:00,7.371,7.514
2023-12-30 18:00:00+02:00,7.514,7.546
2023-12-30 20:00:00+02:00,7.546,7.475
2023-12-30 22:00:00+02:00,7.475,7.464
2023-12-31 00:00:00+02:00,7.463,7.364
2023-12-31 02:00:00+02:00,7.365,7.413
2023-12-31 04:00:00+02:00,7.413,7.325
2023-12-31 06:00:00+02:00,7.325,7.366
2023-12-31 08:00:00+02:00,7.367,7.47
2023-12-31 10:00:00+02:00,7.47,7.597
2023-12-31 12:00:00+02:00,7.596,7.62
2023-12-31 14:00:00+02:00,7.619,7.582
2023-12-31 16:00:00+02:00,7.583,7.543
2023-12-31 18:00:00+02:00,7.544,7.555
2023-12-31 20:00:00+02:00,7.555,7.452
2023-12-31 22:00:00+02:00,7.452,7.403
2024-01-01 00:00:00+02:00,7.402,7.232
2024-01-01 02:00:00+02:00,7.231,7.362
2024-01-01 04:00:00+02:00,7.361,7.223
2024-01-01 06:00:00+02:00,7.224,7.207
2024-01-01 08:00:00+02:00,7.207,7.311
2024-01-01 10:00:00+02:00,7.31,7.314
2024-01-01 12:00:00+02:00,7.314,7.327
2024-01-01 14:00:00+02:00,7.328,7.351
2024-01-01 16:00:00+02:00,7.351,7.501
2024-01-01 18:00:00+02:00,7.501,7.504
2024-01-01 20:00:00+02:00,7.503,7.621
2024-01-01 22:00:00+02:00,7.621,7.56
2024-01-02 00:00:00+02:00,7.56,7.611
2024-01-02 02:00:00+02:00,7.611,7.652
2024-01-02 04:00:00+02:00,7.652,7.647
2024-01-02 06:00:00+02:00,7.647,7.626
2024-01-02 08:00:00+02:00,7.626,7.578
2024-01-02 10:00:00+02:00,7.578,7.636
2024-01-02 12:00:00+02:00,7.636,7.514
2024-01-02 14:00:00+02:00,7.514,7.477
2024-01-02 16:00:00+02:00,7.477,7.302
2024-01-02 18:00:00+02:00,7.303,7.322
2024-01-02 20:00:00+02:00,7.323,7.271
2024-01-02 22:00:00+02:00,7.271,7.208
2024-01-03 00:00:00+02:00,7.208,7.18
2024-01-03 02:00:00+02:00,7.181,7.275
2024-01-03 04:00:00+02:00,7.274,7.24
2024-01-03 06:00:00+02:00,7.241,7.333
2024-01-03 08:00:00+02:00,7.334,7.264
2024-01-03 10:00:00+02:00,7.264,7.33
2024-01-03 12:00:00+02:00,7.331,7.108
2024-01-03 14:00:00+02:00,7.107,6.617
2024-01-03 16:00:00+02:00,6.617,6.602
2024-01-03 18:00:00+02:00,6.603,6.459
2024-01-03 20:00:00+02:00,6.459,6.354
2024-01-03 22:00:00+02:00,6.351,6.457
2024-01-04 00:00:00+02:00,6.457,6.433
2024-01-04 02:00:00+02:00,6.433,6.42
2024-01-04 04:00:00+02:00,6.419,6.509
2024-01-04 06:00:00+02:00,6.51,6.53
2024-01-04 08:00:00+02:00,6.531,6.503
2024-01-04 10:00:00+02:00,6.505,6.532
2024-01-04 12:00:00+02:00,6.531,6.562
2024-01-04 14:00:00+02:00,6.561,6.654
2024-01-04 16:00:00+02:00,6.654,6.66
2024-01-04 18:00:00+02:00,6.659,6.652
2024-01-04 20:00:00+02:00,6.652,6.507
2024-01-04 22:00:00+02:00,6.507,6.533
2024-01-05 00:00:00+02:00,6.533,6.531
2024-01-05 02:00:00+02:00,6.531,6.445
2024-01-05 04:00:00+02:00,6.445,6.551
2024-01-05 06:00:00+02:00,6.551,6.572
2024-01-05 08:00:00+02:00,6.572,6.522
2024-01-05 10:00:00+02:00,6.522,6.546
2024-01-05 12:00:00+02:00,6.548,6.395
2024-01-05 14:00:00+02:00,6.395,6.408
2024-01-05 16:00:00+02:00,6.408,6.323
2024-01-05 18:00:00+02:00,6.323,6.276
2024-01-05 20:00:00+02:00,6.277,6.265
2024-01-05 22:00:00+02:00,6.266,6.333
2024-01-06 00:00:00+02:00,6.334,6.435
2024-01-06 02:00:00+02:00,6.435,6.354
2024-01-06 04:00:00+02:00,6.355,6.335
2024-01-06 06:00:00+02:00,6.333,6.148
2024-01-06 08:00:00+02:00,6.149,6.136
2024-01-06 10:00:00+02:00,6.135,6.205
2024-01-06 12:00:00+02:00,6.205,6.258
2024-01-06 14:00:00+02:00,6.258,6.28
2024-01-06 16:00:00+02:00,6.28,6.401
2024-01-06 18:00:00+02:00,6.402,6.404
2024-01-06 20:00:00+02:00,6.405,6.374
2024-01-06 22:00:00+02:00,6.374,6.377
2024-01-07 00:00:00+02:00,6.377,6.31
2024-01-07 02:00:00+02:00,6.309,6.336
2024-01-07 04:00:00+02:00,6.337,6.367
2024-01-07 06:00:00+02:00,6.367,6.4
2024-01-07 08:00:00+02:00,6.4,6.403
2024-01-07 10:00:00+02:00,6.403,6.318
2024-01-07 12:00:00+02:00,6.318,6.307
2024-01-07 14:00:00+02:00,6.307,6.322
2024-01-07 16:00:00+02:00,6.322,6.207
2024-01-07 18:00:00+02:00,6.205,6.168
2024-01-07 20:00:00+02:00,6.168,6.204
2024-01-07 22:00:00+02:00,6.203,6.135
2024-01-08 00:00:00+02:00,6.134,6.003
2024-01-08 02:00:00+02:00,6.004,5.898
2024-01-08 04:00:00+02:00,5.898,5.773
2024-01-08 06:00:00+02:00,5.774,5.83
2024-01-08 08:00:00+02:00,5.83,5.906
2024-01-08 10:00:00+02:00,5.906,5.888
2024-01-08 12:00:00+02:00,5.889,6.051
2024-01-08 14:00:00+02:00,6.052,6.076
2024-01-08 16:00:00+02:00,6.076,6.043
2024-01-08 18:00:00+02:00,6.044,6.125
2024-01-08 20:00:00+02:00,6.124,6.219
2024-01-08 22:00:00+02:00,6.221,6.145
2024-01-09 00:00:00+02:00,6.146,6.237
2024-01-09 02:00:00+02:00,6.236,6.143
2024-01-09 04:00:00+02:00,6.143,6.14
2024-01-09 06:00:00+02:00,6.14,6.156
2024-01-09 08:00:00+02:00,6.157,6.111
2024-01-09 10:00:00+02:00,6.11,5.965
2024-01-09 12:00:00+02:00,5.964,5.998
2024-01-09 14:00:00+02:00,5.998,5.927
2024-01-09 16:00:00+02:00,5.927,5.824
2024-01-09 18:00:00+02:00,5.823,5.781
2024-01-09 20:00:00+02:00,5.781,5.816
2024-01-09 22:00:00+02:00,5.818,5.814
2024-01-10 00:00:00+02:00,5.814,6.009
2024-01-10 02:00:00+02:00,6.009,6.084
2024-01-10 04:00:00+02:00,6.085,6.039
2024-01-10 06:00:00+02:00,6.038,6.072
2024-01-10 08:00:00+02:00,6.071,6.034
2024-01-10 10:00:00+02:00,6.035,6.229
2024-01-10 12:00:00+02:00,6.228,6.211
2024-01-10 14:00:00+02:00,6.212,6.079
2024-01-10 16:00:00+02:00,6.079,6.238
2024-01-10 18:00:00+02:00,6.239,6.24
2024-01-10 20:00:00+02:00,6.24,6.34
2024-01-10 22:00:00+02:00,6.338,6.587
2024-01-11 00:00:00+02:00,6.588,6.567
2024-01-11 02:00:00+02:00,6.568,6.67
2024-01-11 04:00:00+02:00,6.671,6.716
2024-01-11 06:00:00+02:00,6.716,6.635
2024-01-11 08:00:00+02:00,6.636,6.65
2024-01-11 10:00:00+02:00,6.649,6.732
2024-01-11 12:00:00+02:00,6.732,6.849
2024-01-11 14:00:00+02:00,6.849,6.799
2024-01-11 16:00:00+02:00,6.799,6.681
2024-01-11 18:00:00+02:00,6.682,6.77
2024-01-11 20:00:00+02:00,6.769,6.782
2024-01-11 22:00:00+02:00,6.783,6.704
2024-01-12 00:00:00+02:00,6.704,6.82
2024-01-12 02:00:00+02:00,6.82,6.697
2024-01-12 04:00:00+02:00,6.698,6.692
2024-01-12 06:00:00+02:00,6.691,6.799
2024-01-12 08:00:00+02:00,6.799,6.723
2024-01-12 10:00:00+02:00,6.723,6.782
2024-01-12 12:00:00+02:00,6.782,6.789
2024-01-12 14:00:00+02:00,6.788,6.869
2024-01-12 16:00:00+02:00,6.868,6.758
2024-01-12 18:00:00+02:00,6.757,6.681
2024-01-12 20:00:00+02:00,6.681,6.668
2024-01-12 22:00:00+02:00,6.667,6.567
2024-01-13 00:00:00+02:00,6.567,6.582
2024-01-13 02:00:00+02:00,6.581,6.502
2024-01-13 04:00:00+02:00,6.501,6.634
2024-01-13 06:00:00+02:00,6.634,6.656
2024-01-13 08:00:00+02:00,6.657,6.625
2024-01-13 10:00:00+02:00,6.625,6.567
2024-01-13 12:00:00+02:00,6.568,6.546
2024-01-13 14:00:00+02:00,6.545,6.545
2024-01-13 16:00:00+02:00,6.546,6.577
2024-01-13 18:00:00+02:00,6.577,6.586
2024-01-13 20:00:00+02:00,6.585,6.64
2024-01-13 22:00:00+02:00,6.64,6.645
2024-01-14 00:00:00+02:00,6.644,6.636
2024-01-14 02:00:00+02:00,6.637,6.648
2024-01-14 04:00:00+02:00,6.648,6.594
2024-01-14 06:00:00+02:00,6.594,6.643
2024-01-14 08:00:00+02:00,6.644,6.629
2024-01-14 10:00:00+02:00,6.629,6.612
2024-01-14 12:00:00+02:00,6.612,6.566
2024-01-14 14:00:00+02:00,6.565,6.566
2024-01-14 16:00:00+02:00,6.566,6.56
2024-01-14 18:00:00+02:00,6.56,6.505
2024-01-14 20:00:00+02:00,6.505,6.418
2024-01-14 22:00:00+02:00,6.417,6.473
2024-01-15 00:00:00+02:00,6.473,6.32
2024-01-15 02:00:00+02:00,6.318,6.425
2024-01-15 04:00:00+02:00,6.426,6.514
2024-01-15 06:00:00+02:00,6.514,6.595
2024-01-15 08:00:00+02:00,6.594,6.539
2024-01-15 10:00:00+02:00,6.539,6.65
2024-01-15 12:00:00+02:00,6.649,6.642
2024-01-15 14:00:00+02:00,6.644,6.638
2024-01-15 16:00:00+02:00,6.637,6.509
2024-01-15 18:00:00+02:00,6.51,6.578
2024-01-15 20:00:00+02:00,6.577,6.642
2024-01-15 22:00:00+02:00,6.642,6.678
2024-01-16 00:00:00+02:00,6.679,6.673
2024-01-16 02:00:00+02:00,6.672,6.7
2024-01-16 04:00:00+02:00,6.7,6.794
2024-01-16 06:00:00+02:00,6.795,6.816
2024-01-16 08:00:00+02:00,6.816,6.813
2024-01-16 10:00:00+02:00,6.814,6.877
2024-01-16 12:00:00+02:00,6.877,6.847
2024-01-16 14:00:00+02:00,6.846,6.776
2024-01-16 16:00:00+02:00,6.775,6.844
2024-01-16 18:00:00+02:00,6.844,6.823
2024-01-16 20:00:00+02:00,6.824,6.834
2024-01-16 22:00:00+02:00,6.834,6.886
2024-01-17 00:00:00+02:00,6.886,6.824
2024-01-17 02:00:00+02:00,6.824,6.849
2024-01-17 04:00:00+02:00,6.849,6.82
2024-01-17 06:00:00+02:00,6.821,6.728
2024-01-17 08:00:00+02:00,6.728,6.709
2024-01-17 10:00:00+02:00,6.709,6.731
2024-01-17 12:00:00+02:00,6.732,6.793
2024-01-17 14:00:00+02:00,6.792,6.787
2024-01-17 16:00:00+02:00,6.787,6.737
2024-01-17 18:00:00+02:00,6.738,6.797
2024-01-17 20:00:00+02:00,6.798,6.755
2024-01-17 22:00:00+02:00,6.755,6.715
2024-01-18 00:00:00+02:00,6.715,6.774
2024-01-18 02:00:00+02:00,6.774,6.762
2024-01-18 04:00:00+02:00,6.761,6.69
2024-01-18 06:00:00+02:00,6.69,6.677
2024-01-18 08:00:00+02:00,6.677,6.709
2024-01-18 10:00:00+02:00,6.708,6.716
2024-01-18 12:00:00+02:00,6.717,6.606
2024-01-18 14:00:00+02:00,6.605,6.577
2024-01-18 16:00:00+02:00,6.576,6.589
2024-01-18 18:00:00+02:00,6.589,6.415
2024-01-18 20:00:00+02:00,6.415,6.278
2024-01-18 22:00:00+02:00,6.278,6.345
2024-01-19 00:00:00+02:00,6.345,6.321
2024-01-19 02:00:00+02:00,6.321,6.291
2024-01-19 04:00:00+02:00,6.293,6.256
2024-01-19 06:00:00+02:00,6.256,6.308
2024-01-19 08:00:00+02:00,6.307,6.32
2024-01-19 10:00:00+02:00,6.319,6.329
2024-01-19 12:00:00+02:00,6.328,6.364
2024-01-19 14:00:00+02:00,6.363,6.369
2024-01-19 16:00:00+02:00,6.369,6.225
2024-01-19 18:00:00+02:00,6.226,6.222
2024-01-19 20:00:00+02:00,6.222,6.314
2024-01-19 22:00:00+02:00,6.314,6.323
2024-01-20 00:00:00+02:00,6.323,6.358
2024-01-20 02:00:00+02:00,6.358,6.426
2024-01-20 04:00:00+02:00,6.425,6.404
2024-01-20 06:00:00+02:00,6.405,6.452
2024-01-20 08:00:00+02:00,6.452,6.549
2024-01-20 10:00:00+02:00,6.548,6.463
2024-01-20 12:00:00+02:00,6.463,6.493
2024-01-20 14:00:00+02:00,6.493,6.502
2024-01-20 16:00:00+02:00,6.502,6.481
2024-01-20 18:00:00+02:00,6.481,6.481
2024-01-20 20:00:00+02:00,6.481,6.466
2024-01-20 22:00:00+02:00,6.466,6.488
2024-01-21 00:00:00+02:00,6.489,6.496
2024-01-21 02:00:00+02:00,6.496,6.429
2024-01-21 04:00:00+02:00,6.43,6.499
2024-01-21 06:00:00+02:00,6.498,6.49
2024-01-21 08:00:00+02:00,6.491,6.464
2024-01-21 10:00:00+02:00,6.464,6.488
2024-01-21 12:00:00+02:00,6.489,6.459
2024-01-21 14:00:00+02:00,6.459,6.473
2024-01-21 16:00:00+02:00,6.474,6.439
2024-01-21 18:00:00+02:00,6.439,6.463
2024-01-21 20:00:00+02:00,6.463,6.446
2024-01-21 22:00:00+02:00,6.447,6.458
2024-01-22 00:00:00+02:00,6.458,6.375
2024-01-22 02:00:00+02:00,6.375,6.294
2024-01-22 04:00:00+02:00,6.294,6.255
2024-01-22 06:00:00+02:00,6.255,6.274
2024-01-22 08:00:00+02:00,6.275,6.301
2024-01-22 10:00:00+02:00,6.301,6.148
2024-01-22 12:00:00+02:00,6.148,6.203
2024-01-22 14:00:00+02:00,6.202,6.188
2024-01-22 16:00:00+02:00,6.188,6.14
2024-01-22 18:00:00+02:00,6.141,6.139
2024-01-22 20:00:00+02:00,6.139,6.049
2024-01-22 22:00:00+02:00,6.048,6.065
2024-01-23 00:00:00+02:00,6.065,6.044
2024-01-23 02:00:00+02:00,6.045,6.094
2024-01-23 04:00:00+02:00,6.095,6.108
2024-01-23 06:00:00+02:00,6.108,6.101
2024-01-23 08:00:00+02:00,6.1,5.989
2024-01-23 10:00:00+02:00,5.988,5.725
2024-01-23 12:00:00+02:00,5.727,5.731
2024-01-23 14:00:00+02:00,5.732,5.624
2024-01-23 16:00:00+02:00,5.624,5.714
2024-01-23 18:00:00+02:00,5.713,5.707
2024-01-23 20:00:00+02:00,5.708,5.682
2024-01-23 22:00:00+02:00,5.682,5.697
2024-01-24 00:00:00+02:00,5.697,5.84
2024-01-24 02:00:00+02:00,5.84,5.785
2024-01-24 04:00:00+02:00,5.785,5.728
2024-01-24 06:00:00+02:00,5.729,5.773
2024-01-24 08:00:00+02:00,5.773,5.79
2024-01-24 10:00:00+02:00,5.791,5.848
2024-01-24 12:00:00+02:00,5.849,5.849
2024-01-24 14:00:00+02:00,5.849,5.786
2024-01-24 16:00:00+02:00,5.787,5.824
2024-01-24 18:00:00+02:00,5.823,5.838
2024-01-24 20:00:00+02:00,5.838,5.805
2024-01-24 22:00:00+02:00,5.806,5.803
2024-01-25 00:00:00+02:00,5.804,5.866
2024-01-25 02:00:00+02:00,5.867,5.806
2024-01-25 04:00:00+02:00,5.807,5.814
2024-01-25 06:00:00+02:00,5.815,5.776
2024-01-25 08:00:00+02:00,5.776,5.843
2024-01-25 10:00:00+02:00,5.843,5.801
2024-01-25 12:00:00+02:00,5.801,5.829
2024-01-25 14:00:00+02:00,5.829,5.732
2024-01-25 16:00:00+02:00,5.733,5.717
2024-01-25 18:00:00+02:00,5.718,5.717
2024-01-25 20:00:00+02:00,5.718,5.738
2024-01-25 22:00:00+02:00,5.739,5.748
2024-01-26 00:00:00+02:00,5.747,5.748
2024-01-26 02:00:00+02:00,5.749,5.758
2024-01-26 04:00:00+02:00,5.757,5.789
2024-01-26 06:00:00+02:00,5.789,5.776
2024-01-26 08:00:00+02:00,5.777,5.741
2024-01-26 10:00:00+02:00,5.741,5.769
2024-01-26 12:00:00+02:00,5.769,5.862
2024-01-26 14:00:00+02:00,5.863,5.815
2024-01-26 16:00:00+02:00,5.816,5.915
2024-01-26 18:00:00+02:00,5.916,5.931
2024-01-26 20:00:00+02:00,5.931,5.951
2024-01-26 22:00:00+02:00,5.951,5.91
2024-01-27 00:00:00+02:00,5.911,5.95
2024-01-27 02:00:00+02:00,5.951,5.937
2024-01-27 04:00:00+02:00,5.938,5.95
2024-01-27 06:00:00+02:00,5.951,5.893
2024-01-27 08:00:00+02:00,5.893,5.892
2024-01-27 10:00:00+02:00,5.893,5.906
2024-01-27 12:00:00+02:00,5.906,5.923
2024-01-27 14:00:00+02:00,5.924,5.921
2024-01-27 16:00:00+02:00,5.922,5.942
2024-01-27 18:00:00+02:00,5.942,5.924
2024-01-27 20:00:00+02:00,5.924,5.972
2024-01-27 22:00:00+02:00,5.972,5.986
2024-01-28 00:00:00+02:00,5.987,5.986
2024-01-28 02:00:00+02:00,5.986,6.001
2024-01-28 04:00:00+02:00,6.002,6.034
2024-01-28 06:00:00+02:00,6.033,6.018
2024-01-28 08:00:00+02:00,6.018,5.984
2024-01-28 10:00:00+02:00,5.984,6.028
2024-01-28 12:00:00+02:00,6.028,6.015
2024-01-28 14:00:00+02:00,6.015,5.971
2024-01-28 16:00:00+02:00,5.971,5.963
2024-01-28 18:00:00+02:00,5.962,5.981
2024-01-28 20:00:00+02:00,5.982,5.923
2024-01-28 22:00:00+02:00,5.922,5.953
2024-01-29 00:00:00+02:00,5.954,5.941
2024-01-29 02:00:00+02:00,5.94,5.995
2024-01-29 04:00:00+02:00,5.995,6.029
2024-01-29 06:00:00+02:00,6.029,5.996
2024-01-29 08:00:00+02:00,5.997,5.962
2024-01-29 10:00:00+02:00,5.962,5.973
2024-01-29 12:00:00+02:00,5.973,5.939
2024-01-29 14:00:00+02:00,5.939,5.89
2024-01-29 16:00:00+02:00,5.89,6.0
2024-01-29 18:00:00+02:00,6.0,6.064
2024-01-29 20:00:00+02:00,6.063,6.057
2024-01-29 22:00:00+02:00,6.056,6.091
2024-01-30 00:00:00+02:00,6.09,6.143
2024-01-30 02:00:00+02:00,6.142,6.163
2024-01-30 04:00:00+02:00,6.163,6.166
2024-01-30 06:00:00+02:00,6.166,6.177
2024-01-30 08:00:00+02:00,6.177,6.168
2024-01-30 10:00:00+02:00,6.167,6.152
2024-01-30 12:00:00+02:00,6.152,6.187
2024-01-30 14:00:00+02:00,6.187,6.163
2024-01-30 16:00:00+02:00,6.163,6.246
2024-01-30 18:00:00+02:00,6.247,6.28
2024-01-30 20:00:00+02:00,6.28,6.308
2024-01-30 22:00:00+02:00,6.308,6.304
2024-01-31 00:00:00+02:00,6.305,6.256
2024-01-31 02:00:00+02:00,6.256,6.295
2024-01-31 04:00:00+02:00,6.295,6.258
2024-01-31 06:00:00+02:00,6.258,6.228
2024-01-31 08:00:00+02:00,6.227,6.214
2024-01-31 10:00:00+02:00,6.213,6.103
2024-01-31 12:00:00+02:00,6.105,6.025
2024-01-31 14:00:00+02:00,6.026,6.059
2024-01-31 16:00:00+02:00,6.059,6.091
2024-01-31 18:00:00+02:00,6.091,6.135
2024-01-31 20:00:00+02:00,6.134,6.088
2024-01-31 22:00:00+02:00,6.087,5.982
2024-02-01 00:00:00+02:00,5.981,5.998
2024-02-01 02:00:00+02:00,5.998,5.897
2024-02-01 04:00:00+02:00,5.897,5.989
2024-02-01 06:00:00+02:00,5.989,5.968
2024-02-01 08:00:00+02:00,5.969,5.979
2024-02-01 10:00:00+02:00,5.979,5.973
2024-02-01 12:00:00+02:00,5.973,5.948
2024-02-01 14:00:00+02:00,5.949,5.982
2024-02-01 16:00:00+02:00,5.981,5.984
2024-02-01 18:00:00+02:00,5.984,6.002
2024-02-01 20:00:00+02:00,6.002,6.043
2024-02-01 22:00:00+02:00,6.043,6.076
2024-02-02 00:00:00+02:00,6.075,6.046
2024-02-02 02:00:00+02:00,6.045,6.089
2024-02-02 04:00:00+02:00,6.09,6.087
2024-02-02 06:00:00+02:00,6.086,6.086
2024-02-02 08:00:00+02:00,6.086,6.164
2024-02-02 10:00:00+02:00,6.164,6.174
2024-02-02 12:00:00+02:00,6.173,6.199
2024-02-02 14:00:00+02:00,6.199,6.164
2024-02-02 16:00:00+02:00,6.165,6.246
2024-02-02 18:00:00+02:00,6.246,6.137
2024-02-02 20:00:00+02:00,6.137,6.117
2024-02-02 22:00:00+02:00,6.117,6.104
2024-02-03 00:00:00+02:00,6.105,6.132
2024-02-03 02:00:00+02:00,6.133,6.186
2024-02-03 04:00:00+02:00,6.186,6.243
2024-02-03 06:00:00+02:00,6.242,6.203
2024-02-03 08:00:00+02:00,6.203,6.167
2024-02-03 10:00:00+02:00,6.169,6.168
2024-02-03 12:00:00+02:00,6.168,6.132
2024-02-03 14:00:00+02:00,6.132,6.133
2024-02-03 16:00:00+02:00,6.134,6.115
2024-02-03 18:00:00+02:00,6.116,6.14
2024-02-03 20:00:00+02:00,6.14,6.139
2024-02-03 22:00:00+02:00,6.138,6.12
2024-02-04 00:00:00+02:00,6.121,6.108
2024-02-04 02:00:00+02:00,6.108,6.126
2024-02-04 04:00:00+02:00,6.125,6.116
2024-02-04 06:00:00+02:00,6.115,6.079
2024-02-04 08:00:00+02:00,6.078,6.037
2024-02-04 10:00:00+02:00,6.037,6.035
2024-02-04 12:00:00+02:00,6.034,6.043
2024-02-04 14:00:00+02:00,6.042,6.017
2024-02-04 16:00:00+02:00,6.016,6.045
2024-02-04 18:00:00+02:00,6.045,6.045
2024-02-04 20:00:00+02:00,6.045,6.002
2024-02-04 22:00:00+02:00,6.002,6.052
2024-02-05 00:00:00+02:00,6.052,5.978
2024-02-05 02:00:00+02:00,5.977,5.962
2024-02-05 04:00:00+02:00,5.962,5.975
2024-02-05 06:00:00+02:00,5.975,5.999
2024-02-05 08:00:00+02:00,5.998,6.039
2024-02-05 10:00:00+02:00,6.039,6.055
2024-02-05 12:00:00+02:00,6.056,6.073
2024-02-05 14:00:00+02:00,6.073,6.077
2024-02-05 16:00:00+02:00,6.076,6.002
2024-02-05 18:00:00+02:00,6.003,5.988
2024-02-05 20:00:00+02:00,5.987,5.995
2024-02-05 22:00:00+02:00,5.995,5.934
2024-02-06 00:00:00+02:00,5.934,6.001
2024-02-06 02:00:00+02:00,6.001,6.052
2024-02-06 04:00:00+02:00,6.053,6.149
2024-02-06 06:00:00+02:00,6.15,6.126
2024-02-06 08:00:00+02:00,6.126,6.139
2024-02-06 10:00:00+02:00,6.138,6.167
2024-02-06 12:00:00+02:00,6.168,6.149
2024-02-06 14:00:00+02:00,6.148,6.186
2024-02-06 16:00:00+02:00,6.186,6.215
2024-02-06 18:00:00+02:00,6.214,6.239
2024-02-06 20:00:00+02:00,6.24,6.327
2024-02-06 22:00:00+02:00,6.326,6.317
2024-02-07 00:00:00+02:00,6.316,6.276
2024-02-07 02:00:00+02:00,6.276,6.296
2024-02-07 04:00:00+02:00,6.296,6.278
2024-02-07 06:00:00+02:00,6.278,6.261
2024-02-07 08:00:00+02:00,6.26,6.249
2024-02-07 10:00:00+02:00,6.248,6.292
2024-02-07 12:00:00+02:00,6.291,6.256
2024-02-07 14:00:00+02:00,6.255,6.265
2024-02-07 16:00:00+02:00,6.265,6.316
2024-02-07 18:00:00+02:00,6.316,6.414
2024-02-07 20:00:00+02:00,6.414,6.411
2024-02-07 22:00:00+02:00,6.412,6.442
2024-02-08 00:00:00+02:00,6.442,6.391
2024-02-08 02:00:00+02:00,6.39,6.423
2024-02-08 04:00:00+02:00,6.422,6.398
2024-02-08 06:00:00+02:00,6.398,6.368
2024-02-08 08:00:00+02:00,6.368,6.384
2024-02-08 10:00:00+02:00,6.384,6.371
2024-02-08 12:00:00+02:00,6.372,6.359
2024-02-08 14:00:00+02:00,6.358,6.347
2024-02-08 16:00:00+02:00,6.347,6.391
2024-02-08 18:00:00+02:00,6.39,6.348
2024-02-08 20:00:00+02:00,6.347,6.324
2024-02-08 22:00:00+02:00,6.323,6.331
2024-02-09 00:00:00+02:00,6.331,6.313
2024-02-09 02:00:00+02:00,6.314,6.381
2024-02-09 04:00:00+02:00,6.381,6.402
2024-02-09 06:00:00+02:00,6.401,6.413
2024-02-09 08:00:00+02:00,6.413,6.419
2024-02-09 10:00:00+02:00,6.418,6.457
2024-02-09 12:00:00+02:00,6.457,6.499
2024-02-09 14:00:00+02:00,6.498,6.615
2024-02-09 16:00:00+02:00,6.614,6.54
2024-02-09 18:00:00+02:00,6.54,6.555
2024-02-09 20:00:00+02:00,6.555,6.559
2024-02-09 22:00:00+02:00,6.559,6.637
2024-02-10 00:00:00+02:00,6.638,6.651
2024-02-10 02:00:00+02:00,6.652,6.7
2024-02-10 04:00:00+02:00,6.699,6.707
2024-02-10 06:00:00+02:00,6.707,6.666
2024-02-10 08:00:00+02:00,6.666,6.613
2024-02-10 10:00:00+02:00,6.613,6.591
2024-02-10 12:00:00+02:00,6.59,6.597
2024-02-10 14:00:00+02:00,6.597,6.602
2024-02-10 16:00:00+02:00,6.603,6.617
2024-02-10 18:00:00+02:00,6.616,6.6
2024-02-10 20:00:00+02:00,6.6,6.638
2024-02-10 22:00:00+02:00,6.638,6.644
2024-02-11 00:00:00+02:00,6.644,6.628
2024-02-11 02:00:00+02:00,6.628,6.599
2024-02-11 04:00:00+02:00,6.598,6.66
2024-02-11 06:00:00+02:00,6.661,6.628
2024-02-11 08:00:00+02:00,6.628,6.646
2024-02-11 10:00:00+02:00,6.645,6.617
2024-02-11 12:00:00+02:00,6.618,6.635
2024-02-11 14:00:00+02:00,6.636,6.578
2024-02-11 16:00:00+02:00,6.579,6.605
2024-02-11 18:00:00+02:00,6.605,6.732
2024-02-11 20:00:00+02:00,6.733,6.788
2024-02-11 22:00:00+02:00,6.789,6.72
2024-02-12 00:00:00+02:00,6.72,6.681
2024-02-12 02:00:00+02:00,6.682,6.693
2024-02-12 04:00:00+02:00,6.693,6.62
2024-02-12 06:00:00+02:00,6.62,6.61
2024-02-12 08:00:00+02:00,6.611,6.597
2024-02-12 10:00:00+02:00,6.596,6.496
2024-02-12 12:00:00+02:00,6.496,6.522
2024-02-12 14:00:00+02:00,6.522,6.516
2024-02-12 16:00:00+02:00,6.515,6.69
2024-02-12 18:00:00+02:00,6.69,6.775
2024-02-12 20:00:00+02:00,6.775,6.774
2024-02-12 22:00:00+02:00,6.773,6.815
2024-02-13 00:00:00+02:00,6.815,6.838
2024-02-13 02:00:00+02:00,6.838,6.809
2024-02-13 04:00:00+02:00,6.809,6.727
2024-02-13 06:00:00+02:00,6.727,6.796
2024-02-13 08:00:00+02:00,6.795,6.766
2024-02-13 10:00:00+02:00,6.765,6.836
2024-02-13 12:00:00+02:00,6.837,6.801
2024-02-13 14:00:00+02:00,6.8,6.692
2024-02-13 16:00:00+02:00,6.692,6.665
2024-02-13 18:00:00+02:00,6.664,6.675
2024-02-13 20:00:00+02:00,6.674,6.661
2024-02-13 22:00:00+02:00,6.662,6.695
2024-02-14 00:00:00+02:00,6.696,6.683
2024-02-14 02:00:00+02:00,6.682,6.655
2024-02-14 04:00:00+02:00,6.655,6.68
2024-02-14 06:00:00+02:00,6.68,6.672
2024-02-14 08:00:00+02:00,6.672,6.714
2024-02-14 10:00:00+02:00,6.715,6.852
2024-02-14 12:00:00+02:00,6.851,6.881
2024-02-14 14:00:00+02:00,6.881,6.886
2024-02-14 16:00:00+02:00,6.887,6.826
2024-02-14 18:00:00+02:00,6.826,6.809
2024-02-14 20:00:00+02:00,6.808,6.864
2024-02-14 22:00:00+02:00,6.864,6.896
2024-02-15 00:00:00+02:00,6.896,6.893
2024-02-15 02:00:00+02:00,6.892,6.945
2024-02-15 04:00:00+02:00,6.945,6.974
2024-02-15 06:00:00+02:00,6.974,6.943
2024-02-15 08:00:00+02:00,6.942,7.044
2024-02-15 10:00:00+02:00,7.043,7.081
2024-02-15 12:00:00+02:00,7.082,7.23
2024-02-15 14:00:00+02:00,7.231,7.341
2024-02-15 16:00:00+02:00,7.341,7.275
2024-02-15 18:00:00+02:00,7.275,7.236
2024-02-15 20:00:00+02:00,7.236,7.41
2024-02-15 22:00:00+02:00,7.411,7.336
2024-02-16 00:00:00+02:00,7.336,7.512
2024-02-16 02:00:00+02:00,7.513,7.47
2024-02-16 04:00:00+02:00,7.469,7.625
2024-02-16 06:00:00+02:00,7.624,7.584
2024-02-16 08:00:00+02:00,7.585,7.547
2024-02-16 10:00:00+02:00,7.547,7.493
2024-02-16 12:00:00+02:00,7.493,7.527
2024-02-16 14:00:00+02:00,7.526,7.514
2024-02-16 16:00:00+02:00,7.515,7.406
2024-02-16 18:00:00+02:00,7.407,7.378
2024-02-16 20:00:00+02:00,7.378,7.425
2024-02-16 22:00:00+02:00,7.425,7.424
2024-02-17 00:00:00+02:00,7.425,7.448
2024-02-17 02:00:00+02:00,7.449,7.503
2024-02-17 04:00:00+02:00,7.502,7.488
2024-02-17 06:00:00+02:00,7.487,7.518
2024-02-17 08:00:00+02:00,7.518,7.493
2024-02-17 10:00:00+02:00,7.492,7.404
2024-02-17 12:00:00+02:00,7.405,7.602
2024-02-17 14:00:00+02:00,7.601,7.538
2024-02-17 16:00:00+02:00,7.538,7.607
2024-02-17 18:00:00+02:00,7.607,7.681
2024-02-17 20:00:00+02:00,7.682,7.618
2024-02-17 22:00:00+02:00,7.619,7.757
2024-02-18 00:00:00+02:00,7.758,7.776
2024-02-18 02:00:00+02:00,7.775,7.802
2024-02-18 04:00:00+02:00,7.802,7.71
2024-02-18 06:00:00+02:00,7.71,7.777
2024-02-18 08:00:00+02:00,7.778,7.744
2024-02-18 10:00:00+02:00,7.743,7.706
2024-02-18 12:00:00+02:00,7.705,7.68
2024-02-18 14:00:00+02:00,7.681,7.576
2024-02-18 16:00:00+02:00,7.575,7.638
2024-02-18 18:00:00+02:00,7.639,7.611
2024-02-18 20:00:00+02:00,7.612,7.604
2024-02-18 22:00:00+02:00,7.605,7.657
2024-02-19 00:00:00+02:00,7.658,7.665
2024-02-19 02:00:00+02:00,7.665,7.692
2024-02-19 04:00:00+02:00,7.692,7.72
2024-02-19 06:00:00+02:00,7.721,7.706
2024-02-19 08:00:00+02:00,7.707,7.717
2024-02-19 10:00:00+02:00,7.717,7.623
2024-02-19 12:00:00+02:00,7.624,7.664
2024-02-19 14:00:00+02:00,7.663,7.601
2024-02-19 16:00:00+02:00,7.601,7.615
2024-02-19 18:00:00+02:00,7.616,7.636
2024-02-19 20:00:00+02:00,7.639,7.622
2024-02-19 22:00:00+02:00,7.622,7.693
2024-02-20 00:00:00+02:00,7.692,7.707
2024-02-20 02:00:00+02:00,7.708,7.602
2024-02-20 04:00:00+02:00,7.601,7.502
2024-02-20 06:00:00+02:00,7.503,7.59
2024-02-20 08:00:00+02:00,7.591,7.591
2024-02-20 10:00:00+02:00,7.59,7.49
2024-02-20 12:00:00+02:00,7.489,7.625
2024-02-20 14:00:00+02:00,7.626,7.723
2024-02-20 16:00:00+02:00,7.722,7.331
2024-02-20 18:00:00+02:00,7.332,7.385
2024-02-20 20:00:00+02:00,7.385,7.482
2024-02-20 22:00:00+02:00,7.482,7.541
2024-02-21 00:00:00+02:00,7.54,7.565
2024-02-21 02:00:00+02:00,7.566,7.499
2024-02-21 04:00:00+02:00,7.498,7.466
2024-02-21 06:00:00+02:00,7.466,7.369
2024-02-21 08:00:00+02:00,7.368,7.3
2024-02-21 10:00:00+02:00,7.301,7.187
2024-02-21 12:00:00+02:00,7.186,7.236
2024-02-21 14:00:00+02:00,7.236,7.261
2024-02-21 16:00:00+02:00,7.261,7.226
2024-02-21 18:00:00+02:00,7.227,7.119
2024-02-21 20:00:00+02:00,7.119,7.172
2024-02-21 22:00:00+02:00,7.171,7.301
2024-02-22 00:00:00+02:00,7.301,7.397
2024-02-22 02:00:00+02:00,7.398,7.296
2024-02-22 04:00:00+02:00,7.295,7.35
2024-02-22 06:00:00+02:00,7.351,7.341
2024-02-22 08:00:00+02:00,7.341,7.475
2024-02-22 10:00:00+02:00,7.478,7.512
2024-02-22 12:00:00+02:00,7.512,7.44
2024-02-22 14:00:00+02:00,7.44,7.323
2024-02-22 16:00:00+02:00,7.323,7.446
2024-02-22 18:00:00+02:00,7.446,7.444
2024-02-22 20:00:00+02:00,7.444,7.444
2024-02-22 22:00:00+02:00,7.445,7.429
2024-02-23 00:00:00+02:00,7.43,7.363
2024-02-23 02:00:00+02:00,7.362,7.377
2024-02-23 04:00:00+02:00,7.379,7.149
2024-02-23 06:00:00+02:00,7.15,7.145
2024-02-23 08:00:00+02:00,7.146,7.107
2024-02-23 10:00:00+02:00,7.107,7.132
2024-02-23 12:00:00+02:00,7.133,7.143
2024-02-23 14:00:00+02:00,7.144,7.194
2024-02-23 16:00:00+02:00,7.195,11.405
2024-02-23 18:00:00+02:00,11.403,11.118
2024-02-23 20:00:00+02:00,11.118,11.031
2024-02-23 22:00:00+02:00,11.032,11.266
2024-02-24 00:00:00+02:00,11.267,11.404
2024-02-24 02:00:00+02:00,11.405,11.844
2024-02-24 04:00:00+02:00,11.844,12.242
2024-02-24 06:00:00+02:00,12.241,11.99
2024-02-24 08:00:00+02:00,11.989,12.594
2024-02-24 10:00:00+02:00,12.594,12.405
2024-02-24 12:00:00+02:00,12.405,12.14
2024-02-24 14:00:00+02:00,12.139,11.96
2024-02-24 16:00:00+02:00,11.961,11.142
2024-02-24 18:00:00+02:00,11.143,11.223
2024-02-24 20:00:00+02:00,11.223,11.2
2024-02-24 22:00:00+02:00,11.201,11.19
2024-02-25 00:00:00+02:00,11.19,11.271
2024-02-25 02:00:00+02:00,11.271,11.399
2024-02-25 04:00:00+02:00,11.4,10.461
2024-02-25 06:00:00+02:00,10.461,10.641
2024-02-25 08:00:00+02:00,10.641,10.535
2024-02-25 10:00:00+02:00,10.535,10.643
2024-02-25 12:00:00+02:00,10.644,10.818
2024-02-25 14:00:00+02:00,10.818,10.537
2024-02-25 16:00:00+02:00,10.537,10.485
2024-02-25 18:00:00+02:00,10.486,10.755
2024-02-25 20:00:00+02:00,10.755,10.735
2024-02-25 22:00:00+02:00,10.735,10.724
2024-02-26 00:00:00+02:00,10.724,11.15
2024-02-26 02:00:00+02:00,11.15,10.918
2024-02-26 04:00:00+02:00,10.919,11.102
2024-02-26 06:00:00+02:00,11.101,10.883
2024-02-26 08:00:00+02:00,10.884,10.659
2024-02-26 10:00:00+02:00,10.659,10.677
2024-02-26 12:00:00+02:00,10.677,10.563
2024-02-26 14:00:00+02:00,10.563,10.511
2024-02-26 16:00:00+02:00,10.511,10.773
2024-02-26 18:00:00+02:00,10.774,10.658
2024-02-26 20:00:00+02:00,10.659,10.537
2024-02-26 22:00:00+02:00,10.536,10.577
2024-02-27 00:00:00+02:00,10.577,10.622
2024-02-27 02:00:00+02:00,10.623,10.517
2024-02-27 04:00:00+02:00,10.519,10.593
2024-02-27 06:00:00+02:00,10.593,10.733
2024-02-27 08:00:00+02:00,10.732,10.794
2024-02-27 10:00:00+02:00,10.793,11.053
2024-02-27 12:00:00+02:00,11.052,10.969
2024-02-27 14:00:00+02:00,10.968,10.837
2024-02-27 16:00:00+02:00,10.838,10.606
2024-02-27 18:00:00+02:00,10.606,10.937
2024-02-27 20:00:00+02:00,10.937,10.778
2024-02-27 22:00:00+02:00,10.778,10.782
2024-02-28 00:00:00+02:00,10.782,10.843
2024-02-28 02:00:00+02:00,10.843,11.145
2024-02-28 04:00:00+02:00,11.146,10.893
2024-02-28 06:00:00+02:00,10.893,11.061
2024-02-28 08:00:00+02:00,11.061,11.048
2024-02-28 10:00:00+02:00,11.049,10.884
2024-02-28 12:00:00+02:00,10.885,10.659
2024-02-28 14:00:00+02:00,10.658,10.824
2024-02-28 16:00:00+02:00,10.824,10.763
2024-02-28 18:00:00+02:00,10.763,10.54
2024-02-28 20:00:00+02:00,10.546,10.464
2024-02-28 22:00:00+02:00,10.462,10.869
2024-02-29 00:00:00+02:00,10.869,10.939
2024-02-29 02:00:00+02:00,10.941,10.947
2024-02-29 04:00:00+02:00,10.947,10.855
2024-02-29 06:00:00+02:00,10.854,11.28
2024-02-29 08:00:00+02:00,11.28,10.883
2024-02-29 10:00:00+02:00,10.883,11.006
2024-02-29 12:00:00+02:00,11.004,11.06
2024-02-29 14:00:00+02:00,11.06,10.855
2024-02-29 16:00:00+02:00,10.855,10.929
2024-02-29 18:00:00+02:00,10.929,11.633
2024-02-29 20:00:00+02:00,11.632,11.564
2024-02-29 22:00:00+02:00,11.565,11.368
2024-03-01 00:00:00+02:00,11.367,11.14
2024-03-01 02:00:00+02:00,11.141,11.242
2024-03-01 04:00:00+02:00,11.24,11.064
2024-03-01 06:00:00+02:00,11.064,10.992
2024-03-01 08:00:00+02:00,10.991,10.855
2024-03-01 10:00:00+02:00,10.854,11.058
2024-03-01 12:00:00+02:00,11.057,11.149
2024-03-01 14:00:00+02:00,11.149,11.532
2024-03-01 16:00:00+02:00,11.529,11.717
2024-03-01 18:00:00+02:00,11.718,11.711
2024-03-01 20:00:00+02:00,11.712,11.558
2024-03-01 22:00:00+02:00,11.56,11.552
2024-03-02 00:00:00+02:00,11.551,11.577
2024-03-02 02:00:00+02:00,11.578,11.467
2024-03-02 04:00:00+02:00,11.467,12.578
2024-03-02 06:00:00+02:00,12.578,12.702
2024-03-02 08:00:00+02:00,12.703,12.442
2024-03-02 10:00:00+02:00,12.441,12.02
2024-03-02 12:00:00+02:00,12.02,12.105
2024-03-02 14:00:00+02:00,12.106,12.161
2024-03-02 16:00:00+02:00,12.162,12.332
2024-03-02 18:00:00+02:00,12.332,12.475
2024-03-02 20:00:00+02:00,12.474,12.516
2024-03-02 22:00:00+02:00,12.517,12.597
2024-03-03 00:00:00+02:00,12.597,12.628
2024-03-03 02:00:00+02:00,12.628,12.43
2024-03-03 04:00:00+02:00,12.429,12.438
2024-03-03 06:00:00+02:00,12.438,12.487
2024-03-03 08:00:00+02:00,12.487,12.072
2024-03-03 10:00:00+02:00,12.072,12.334
2024-03-03 12:00:00+02:00,12.335,12.76
2024-03-03 14:00:00+02:00,12.759,12.669
2024-03-03 16:00:00+02:00,12.669,12.817
2024-03-03 18:00:00+02:00,12.816,12.752
2024-03-03 20:00:00+02:00,12.751,12.678
2024-03-03 22:00:00+02:00,12.677,12.685
2024-03-04 00:00:00+02:00,12.684,12.648
2024-03-04 02:00:00+02:00,12.65,12.716
2024-03-04 04:00:00+02:00,12.717,12.352
2024-03-04 06:00:00+02:00,12.351,12.489
2024-03-04 08:00:00+02:00,12.49,12.398
2024-03-04 10:00:00+02:00,12.398,12.536
2024-03-04 12:00:00+02:00,12.537,12.736
2024-03-04 14:00:00+02:00,12.737,12.769
2024-03-04 16:00:00+02:00,12.772,12.79
2024-03-04 18:00:00+02:00,12.791,12.118
2024-03-04 20:00:00+02:00,12.119,12.345
2024-03-04 22:00:00+02:00,12.345,12.42
2024-03-05 00:00:00+02:00,12.42,12.372
2024-03-05 02:00:00+02:00,12.371,12.568
2024-03-05 04:00:00+02:00,12.568,12.61
2024-03-05 06:00:00+02:00,12.611,13.203
2024-03-05 08:00:00+02:00,13.203,12.995
2024-03-05 10:00:00+02:00,12.991,13.401
2024-03-05 12:00:00+02:00,13.402,13.116
2024-03-05 14:00:00+02:00,13.118,13.206
2024-03-05 16:00:00+02:00,13.207,13.395
2024-03-05 18:00:00+02:00,13.396,13.725
2024-03-05 20:00:00+02:00,13.724,12.087
2024-03-05 22:00:00+02:00,12.079,12.705
2024-03-06 00:00:00+02:00,12.707,13.193
2024-03-06 02:00:00+02:00,13.193,12.825
2024-03-06 04:00:00+02:00,12.825,13.337
2024-03-06 06:00:00+02:00,13.337,14.448
2024-03-06 08:00:00+02:00,14.449,14.828
2024-03-06 10:00:00+02:00,14.829,15.521
2024-03-06 12:00:00+02:00,15.523,15.611
2024-03-06 14:00:00+02:00,15.611,15.822
2024-03-06 16:00:00+02:00,15.821,15.754
2024-03-06 18:00:00+02:00,15.755,15.724
2024-03-06 20:00:00+02:00,15.723,15.894
2024-03-06 22:00:00+02:00,15.894,15.856
2024-03-07 00:00:00+02:00,15.856,15.417
2024-03-07 02:00:00+02:00,15.417,15.25
2024-03-07 04:00:00+02:00,15.248,14.899
2024-03-07 06:00:00+02:00,14.899,14.887
2024-03-07 08:00:00+02:00,14.885,14.968
2024-03-07 10:00:00+02:00,14.967,14.933
2024-03-07 12:00:00+02:00,14.937,14.853
2024-03-07 14:00:00+02:00,14.854,14.715
2024-03-07 16:00:00+02:00,14.715,15.121
2024-03-07 18:00:00+02:00,15.122,14.93
2024-03-07 20:00:00+02:00,14.93,14.829
2024-03-07 22:00:00+02:00,14.828,14.838
2024-03-08 00:00:00+02:00,14.844,14.892
2024-03-08 02:00:00+02:00,14.892,15.177
2024-03-08 04:00:00+02:00,15.177,15.415
2024-03-08 06:00:00+02:00,15.415,14.919
2024-03-08 08:00:00+02:00,14.919,14.927
2024-03-08 10:00:00+02:00,14.928,15.247
2024-03-08 12:00:00+02:00,15.248,15.066
2024-03-08 14:00:00+02:00,15.065,14.914
2024-03-08 16:00:00+02:00,14.914,14.528
2024-03-08 18:00:00+02:00,14.526,14.775
2024-03-08 20:00:00+02:00,14.775,14.623
2024-03-08 22:00:00+02:00,14.62,14.572
2024-03-09 00:00:00+02:00,14.573,14.598
2024-03-09 02:00:00+02:00,14.597,14.803
2024-03-09 04:00:00+02:00,14.802,15.018
2024-03-09 06:00:00+02:00,15.018,14.776
2024-03-09 08:00:00+02:00,14.774,14.685
2024-03-09 10:00:00+02:00,14.683,14.332
2024-03-09 12:00:00+02:00,14.332,14.287
2024-03-09 14:00:00+02:00,14.287,14.324
2024-03-09 16:00:00+02:00,14.324,14.245
2024-03-09 18:00:00+02:00,14.245,14.226
2024-03-09 20:00:00+02:00,14.226,14.157
2024-03-09 22:00:00+02:00,14.158,14.242
2024-03-10 00:00:00+02:00,14.243,14.2
2024-03-10 02:00:00+02:00,14.201,14.23
2024-03-10 04:00:00+02:00,14.23,14.318
2024-03-10 06:00:00+02:00,14.319,14.297
2024-03-10 08:00:00+02:00,14.298,14.339
2024-03-10 10:00:00+02:00,14.34,14.149
2024-03-10 12:00:00+02:00,14.148,14.045
2024-03-10 14:00:00+02:00,14.046,13.806
2024-03-10 16:00:00+02:00,13.806,13.908
2024-03-10 18:00:00+02:00,13.909,14.062
2024-03-10 20:00:00+02:00,14.062,13.998
2024-03-10 22:00:00+02:00,13.998,13.979
2024-03-11 00:00:00+02:00,13.978,14.246
2024-03-11 02:00:00+02:00,14.246,14.058
2024-03-11 04:00:00+02:00,14.057,14.168
2024-03-11 06:00:00+02:00,14.167,14.038
2024-03-11 08:00:00+02:00,14.037,14.305
2024-03-11 10:00:00+02:00,14.306,14.398
2024-03-11 12:00:00+02:00,14.397,14.259
2024-03-11 14:00:00+02:00,14.257,14.176
2024-03-11 16:00:00+02:00,14.175,14.159
2024-03-11 18:00:00+02:00,14.159,14.142
2024-03-11 20:00:00+02:00,14.14,14.117
2024-03-11 22:00:00+02:00,14.114,14.344
2024-03-12 00:00:00+02:00,14.344,14.459
2024-03-12 02:00:00+02:00,14.459,14.42
2024-03-12 04:00:00+02:00,14.421,14.317
2024-03-12 06:00:00+02:00,14.317,14.402
2024-03-12 08:00:00+02:00,14.403,14.119
2024-03-12 10:00:00+02:00,14.117,13.982
2024-03-12 12:00:00+02:00,13.982,14.113
2024-03-12 14:00:00+02:00,14.112,14.07
2024-03-12 16:00:00+02:00,14.07,14.185
2024-03-12 18:00:00+02:00,14.186,13.759
2024-03-12 20:00:00+02:00,13.759,14.003
2024-03-12 22:00:00+02:00,14.004,13.889
2024-03-13 00:00:00+02:00,13.889,14.078
2024-03-13 02:00:00+02:00,14.079,14.208
2024-03-13 04:00:00+02:00,14.209,14.351
2024-03-13 06:00:00+02:00,14.351,14.348
2024-03-13 08:00:00+02:00,14.347,14.504
2024-03-13 10:00:00+02:00,14.508,14.364
2024-03-13 12:00:00+02:00,14.364,14.294
2024-03-13 14:00:00+02:00,14.294,13.937
2024-03-13 16:00:00+02:00,13.932,13.972
2024-03-13 18:00:00+02:00,13.972,14.044
2024-03-13 20:00:00+02:00,14.043,14.179
2024-03-13 22:00:00+02:00,14.18,14.169
2024-03-14 00:00:00+02:00,14.17,14.243
2024-03-14 02:00:00+02:00,14.243,14.378
2024-03-14 04:00:00+02:00,14.378,14.226
2024-03-14 06:00:00+02:00,14.224,14.032
2024-03-14 08:00:00+02:00,14.03,14.171
2024-03-14 10:00:00+02:00,14.172,14.342
2024-03-14 12:00:00+02:00,14.342,14.198
2024-03-14 14:00:00+02:00,14.199,13.856
2024-03-14 16:00:00+02:00,13.856,13.764
2024-03-14 18:00:00+02:00,13.764,13.907
2024-03-14 20:00:00+02:00,13.908,13.514
2024-03-14 22:00:00+02:00,13.514,13.94
2024-03-15 00:00:00+02:00,13.94,13.967
2024-03-15 02:00:00+02:00,13.966,13.856
2024-03-15 04:00:00+02:00,13.855,13.15
2024-03-15 06:00:00+02:00,13.152,12.887
2024-03-15 08:00:00+02:00,12.887,13.146
2024-03-15 10:00:00+02:00,13.145,12.825
2024-03-15 12:00:00+02:00,12.823,12.759
2024-03-15 14:00:00+02:00,12.759,12.957
2024-03-15 16:00:00+02:00,12.957,12.791
2024-03-15 18:00:00+02:00,12.79,12.833
2024-03-15 20:00:00+02:00,12.835,12.856
2024-03-15 22:00:00+02:00,12.856,12.789
2024-03-16 00:00:00+02:00,12.79,13.076
2024-03-16 02:00:00+02:00,13.076,13.051
2024-03-16 04:00:00+02:00,13.052,13.109
2024-03-16 06:00:00+02:00,13.108,12.914
2024-03-16 08:00:00+02:00,12.918,13.023
2024-03-16 10:00:00+02:00,13.022,12.946
2024-03-16 12:00:00+02:00,12.946,12.719
2024-03-16 14:00:00+02:00,12.72,12.343
2024-03-16 16:00:00+02:00,12.343,12.616
2024-03-16 18:00:00+02:00,12.617,12.355
2024-03-16 20:00:00+02:00,12.355,12.122
2024-03-16 22:00:00+02:00,12.12,12.057
2024-03-17 00:00:00+02:00,12.056,12.043
2024-03-17 02:00:00+02:00,12.045,12.135
2024-03-17 04:00:00+02:00,12.136,12.283
2024-03-17 06:00:00+02:00,12.282,12.068
2024-03-17 08:00:00+02:00,12.069,11.629
2024-03-17 10:00:00+02:00,11.63,12.041
2024-03-17 12:00:00+02:00,12.041,12.178
2024-03-17 14:00:00+02:00,12.178,12.262
2024-03-17 16:00:00+02:00,12.262,12.561
2024-03-17 18:00:00+02:00,12.56,12.657
2024-03-17 20:00:00+02:00,12.658,12.665
2024-03-17 22:00:00+02:00,12.666,12.563
2024-03-18 00:00:00+02:00,12.564,12.436
2024-03-18 02:00:00+02:00,12.437,12.252
2024-03-18 04:00:00+02:00,12.253,12.369
2024-03-18 06:00:00+02:00,12.368,12.539
2024-03-18 08:00:00+02:00,12.539,12.395
2024-03-18 10:00:00+02:00,12.397,12.153
2024-03-18 12:00:00+02:00,12.153,12.236
2024-03-18 14:00:00+02:00,12.236,11.999
2024-03-18 16:00:00+02:00,11.997,11.942
2024-03-18 18:00:00+02:00,11.942,11.788
2024-03-18 20:00:00+02:00,11.789,11.702
2024-03-18 22:00:00+02:00,11.704,11.866
2024-03-19 00:00:00+02:00,11.865,11.884
2024-03-19 02:00:00+02:00,11.885,11.337
2024-03-19 04:00:00+02:00,11.339,11.347
2024-03-19 06:00:00+02:00,11.347,11.071
2024-03-19 08:00:00+02:00,11.072,11.01
2024-03-19 10:00:00+02:00,11.01,10.809
2024-03-19 12:00:00+02:00,10.809,10.924
2024-03-19 14:00:00+02:00,10.925,10.951
2024-03-19 16:00:00+02:00,10.951,11.137
2024-03-19 18:00:00+02:00,11.137,11.241
2024-03-19 20:00:00+02:00,11.241,11.244
2024-03-19 22:00:00+02:00,11.244,11.027
2024-03-20 00:00:00+02:00,11.028,10.621
2024-03-20 02:00:00+02:00,10.62,10.718
2024-03-20 04:00:00+02:00,10.718,10.726
2024-03-20 06:00:00+02:00,10.728,10.558
2024-03-20 08:00:00+02:00,10.557,11.104
2024-03-20 10:00:00+02:00,11.104,11.053
2024-03-20 12:00:00+02:00,11.052,11.209
2024-03-20 14:00:00+02:00,11.208,11.181
2024-03-20 16:00:00+02:00,11.18,11.046
2024-03-20 18:00:00+02:00,11.046,11.098
2024-03-20 20:00:00+02:00,11.099,11.571
2024-03-20 22:00:00+02:00,11.572,11.847
2024-03-21 00:00:00+02:00,11.848,11.921
2024-03-21 02:00:00+02:00,11.92,11.893
2024-03-21 04:00:00+02:00,11.893,11.873
2024-03-21 06:00:00+02:00,11.874,11.795
2024-03-21 08:00:00+02:00,11.796,11.86
2024-03-21 10:00:00+02:00,11.86,11.992
2024-03-21 12:00:00+02:00,11.992,12.071
2024-03-21 14:00:00+02:00,12.071,12.002
2024-03-21 16:00:00+02:00,12.003,12.059
2024-03-21 18:00:00+02:00,12.058,11.957
2024-03-21 20:00:00+02:00,11.955,11.911
2024-03-21 22:00:00+02:00,11.911,12.136
2024-03-22 00:00:00+02:00,12.137,12.196
2024-03-22 02:00:00+02:00,12.196,11.977
2024-03-22 04:00:00+02:00,11.976,12.169
2024-03-22 06:00:00+02:00,12.168,12.081
2024-03-22 08:00:00+02:00,12.082,12.12
2024-03-22 10:00:00+02:00,12.119,12.014
2024-03-22 12:00:00+02:00,12.014,11.792
2024-03-22 14:00:00+02:00,11.792,11.509
2024-03-22 16:00:00+02:00,11.508,11.693
2024-03-22 18:00:00+02:00,11.694,11.709
2024-03-22 20:00:00+02:00,11.71,11.73
2024-03-22 22:00:00+02:00,11.731,11.561
2024-03-23 00:00:00+02:00,11.561,11.771
2024-03-23 02:00:00+02:00,11.771,11.926
2024-03-23 04:00:00+02:00,11.927,11.687
2024-03-23 06:00:00+02:00,11.686,11.737
2024-03-23 08:00:00+02:00,11.737,11.828
2024-03-23 10:00:00+02:00,11.828,11.784
2024-03-23 12:00:00+02:00,11.784,11.869
2024-03-23 14:00:00+02:00,11.869,11.853
2024-03-23 16:00:00+02:00,11.854,11.96
2024-03-23 18:00:00+02:00,11.96,11.889
2024-03-23 20:00:00+02:00,11.89,11.831
2024-03-23 22:00:00+02:00,11.832,11.825
2024-03-24 00:00:00+02:00,11.825,11.623
2024-03-24 02:00:00+02:00,11.624,11.771
2024-03-24 04:00:00+02:00,11.77,11.63
2024-03-24 06:00:00+02:00,11.632,11.759
2024-03-24 08:00:00+02:00,11.758,11.74
2024-03-24 10:00:00+02:00,11.741,11.893
2024-03-24 12:00:00+02:00,11.893,11.897
2024-03-24 14:00:00+02:00,11.897,11.81
2024-03-24 16:00:00+02:00,11.81,11.864
2024-03-24 18:00:00+02:00,11.863,11.774
2024-03-24 20:00:00+02:00,11.773,11.909
2024-03-24 22:00:00+02:00,11.908,12.017
2024-03-25 00:00:00+02:00,12.017,12.049
2024-03-25 02:00:00+02:00,12.049,12.049
2024-03-25 04:00:00+02:00,12.05,12.126
2024-03-25 06:00:00+02:00,12.124,12.223
2024-03-25 08:00:00+02:00,12.221,12.067
2024-03-25 10:00:00+02:00,12.066,12.145
2024-03-25 12:00:00+02:00,12.144,12.025
2024-03-25 14:00:00+02:00,12.024,12.16
2024-03-25 16:00:00+02:00,12.161,12.564
2024-03-25 18:00:00+02:00,12.565,12.654
2024-03-25 20:00:00+02:00,12.654,12.656
2024-03-25 22:00:00+02:00,12.657,12.437
2024-03-26 00:00:00+02:00,12.437,12.436
2024-03-26 02:00:00+02:00,12.437,12.614
2024-03-26 04:00:00+02:00,12.613,12.679
2024-03-26 06:00:00+02:00,12.677,12.713
2024-03-26 08:00:00+02:00,12.713,12.742
2024-03-26 10:00:00+02:00,12.743,12.868
2024-03-26 12:00:00+02:00,12.868,12.745
2024-03-26 14:00:00+02:00,12.744,12.649
2024-03-26 16:00:00+02:00,12.649,12.577
2024-03-26 18:00:00+02:00,12.577,12.607
2024-03-26 20:00:00+02:00,12.606,12.56
2024-03-26 22:00:00+02:00,12.56,12.702
2024-03-27 00:00:00+02:00,12.701,12.707
2024-03-27 02:00:00+02:00,12.707,12.767
2024-03-27 04:00:00+02:00,12.766,12.644
2024-03-27 06:00:00+02:00,12.644,12.671
2024-03-27 08:00:00+02:00,12.671,12.5
2024-03-27 10:00:00+02:00,12.501,12.6
2024-03-27 12:00:00+02:00,12.601,12.543
2024-03-27 14:00:00+02:00,12.543,12.441
2024-03-27 16:00:00+02:00,12.44,12.373
2024-03-27 18:00:00+02:00,12.372,12.505
2024-03-27 20:00:00+02:00,12.506,12.221
2024-03-27 22:00:00+02:00,12.221,12.308
2024-03-28 00:00:00+02:00,12.308,12.262
2024-03-28 02:00:00+02:00,12.261,12.219
2024-03-28 04:00:00+02:00,12.218,12.245
2024-03-28 06:00:00+02:00,12.245,12.367
2024-03-28 08:00:00+02:00,12.365,12.515
2024-03-28 10:00:00+02:00,12.516,12.498
2024-03-28 12:00:00+02:00,12.498,12.416
2024-03-28 14:00:00+02:00,12.414,12.412
2024-03-28 16:00:00+02:00,12.411,12.441
2024-03-28 18:00:00+02:00,12.444,12.333
2024-03-28 20:00:00+02:00,12.331,12.876
2024-03-28 22:00:00+02:00,12.877,12.842
2024-03-29 00:00:00+02:00,12.842,12.767
2024-03-29 03:00:00+03:00,12.765,12.749
2024-03-29 05:00:00+03:00,12.748,12.798
2024-03-29 07:00:00+03:00,12.798,12.686
2024-03-29 09:00:00+03:00,12.684,12.527
2024-03-29 11:00:00+03:00,12.524,12.626
2024-03-29 13:00:00+03:00,12.624,13.024
2024-03-29 15:00:00+03:00,13.025,12.871
2024-03-29 17:00:00+03:00,12.869,12.661
2024-03-29 19:00:00+03:00,12.661,12.59
2024-03-29 21:00:00+03:00,12.591,12.641
2024-03-29 23:00:00+03:00,12.643,12.508
2024-03-30 01:00:00+03:00,12.509,12.654
2024-03-30 03:00:00+03:00,12.654,12.751
2024-03-30 05:00:00+03:00,12.75,12.658
2024-03-30 07:00:00+03:00,12.658,12.716
2024-03-30 09:00:00+03:00,12.716,12.565
2024-03-30 11:00:00+03:00,12.564,12.626
2024-03-30 13:00:00+03:00,12.627,12.742
2024-03-30 15:00:00+03:00,12.742,12.849
2024-03-30 17:00:00+03:00,12.849,12.783
2024-03-30 19:00:00+03:00,12.783,12.828
2024-03-30 21:00:00+03:00,12.828,12.823
2024-03-30 23:00:00+03:00,12.825,12.665
2024-03-31 01:00:00+03:00,12.665,12.62
2024-03-31 03:00:00+03:00,12.618,12.75
2024-03-31 05:00:00+03:00,12.751,12.785
2024-03-31 07:00:00+03:00,12.785,13.087
2024-03-31 09:00:00+03:00,13.086,13.3
2024-03-31 11:00:00+03:00,13.301,13.146
2024-03-31 13:00:00+03:00,13.145,13.016
2024-03-31 15:00:00+03:00,13.014,13.012
2024-03-31 17:00:00+03:00,13.012,12.957
2024-03-31 19:00:00+03:00,12.958,12.977
2024-03-31 21:00:00+03:00,12.977,13.03
2024-03-31 23:00:00+03:00,13.029,12.958
2024-04-01 01:00:00+03:00,12.959,12.959
2024-04-01 03:00:00+03:00,12.96,12.791
2024-04-01 05:00:00+03:00,12.791,12.764
2024-04-01 07:00:00+03:00,12.764,12.316
2024-04-01 09:00:00+03:00,12.313,12.51
2024-04-01 11:00:00+03:00,12.51,12.488
2024-04-01 13:00:00+03:00,12.489,12.457
2024-04-01 15:00:00+03:00,12.457,12.617
2024-04-01 17:00:00+03:00,12.617,12.308
2024-04-01 19:00:00+03:00,12.305,12.188
2024-04-01 21:00:00+03:00,12.189,12.362
2024-04-01 23:00:00+03:00,12.363,12.396
2024-04-02 01:00:00+03:00,12.397,12.426
2024-04-02 03:00:00+03:00,12.427,12.286
2024-04-02 05:00:00+03:00,12.287,11.708
2024-04-02 07:00:00+03:00,11.707,11.692
2024-04-02 09:00:00+03:00,11.692,11.565
2024-04-02 11:00:00+03:00,11.567,11.424
2024-04-02 13:00:00+03:00,11.424,11.403
2024-04-02 15:00:00+03:00,11.401,11.325
2024-04-02 17:00:00+03:00,11.326,11.233
2024-04-02 19:00:00+03:00,11.234,11.377
2024-04-02 21:00:00+03:00,11.377,11.347
2024-04-02 23:00:00+03:00,11.346,11.305
2024-04-03 01:00:00+03:00,11.305,11.309
2024-04-03 03:00:00+03:00,11.309,11.409
2024-04-03 05:00:00+03:00,11.409,11.035
2024-04-03 07:00:00+03:00,11.034,10.983
2024-04-03 09:00:00+03:00,10.984,11.094
2024-04-03 11:00:00+03:00,11.094,11.237
2024-04-03 13:00:00+03:00,11.238,11.099
2024-04-03 15:00:00+03:00,11.099,10.977
2024-04-03 17:00:00+03:00,10.977,10.962
2024-04-03 19:00:00+03:00,10.961,10.887
2024-04-03 21:00:00+03:00,10.887,10.829
2024-04-03 23:00:00+03:00,10.83,10.884
2024-04-04 01:00:00+03:00,10.884,10.876
2024-04-04 03:00:00+03:00,10.877,11.004
2024-04-04 05:00:00+03:00,11.003,10.831
2024-04-04 07:00:00+03:00,10.831,10.953
2024-04-04 09:00:00+03:00,10.953,11.073
2024-04-04 11:00:00+03:00,11.073,11.108
2024-04-04 13:00:00+03:00,11.108,11.134
2024-04-04 15:00:00+03:00,11.134,11.18
2024-04-04 17:00:00+03:00,11.18,11.13
2024-04-04 19:00:00+03:00,11.131,11.198
2024-04-04 21:00:00+03:00,11.198,11.05
2024-04-04 23:00:00+03:00,11.05,10.887
2024-04-05 01:00:00+03:00,10.889,10.985
2024-04-05 03:00:00+03:00,10.985,10.932
2024-04-05 05:00:00+03:00,10.932,10.876
2024-04-05 07:00:00+03:00,10.876,10.736
2024-04-05 09:00:00+03:00,10.735,10.714
2024-04-05 11:00:00+03:00,10.715,10.676
2024-04-05 13:00:00+03:00,10.677,10.512
2024-04-05 15:00:00+03:00,10.513,10.806
2024-04-05 17:00:00+03:00,10.806,10.918
2024-04-05 19:00:00+03:00,10.918,10.853
2024-04-05 21:00:00+03:00,10.853,10.902
2024-04-05 23:00:00+03:00,10.901,10.932
2024-04-06 01:00:00+03:00,10.931,10.934
2024-04-06 03:00:00+03:00,10.934,10.921
2024-04-06 05:00:00+03:00,10.921,11.008
2024-04-06 07:00:00+03:00,11.007,11.051
2024-04-06 09:00:00+03:00,11.051,11.074
2024-04-06 11:00:00+03:00,11.074,11.052
2024-04-06 13:00:00+03:00,11.052,11.063
2024-04-06 15:00:00+03:00,11.062,11.066
2024-04-06 17:00:00+03:00,11.066,11.152
2024-04-06 19:00:00+03:00,11.151,11.181
2024-04-06 21:00:00+03:00,11.18,11.196
2024-04-06 23:00:00+03:00,11.196,11.186
2024-04-07 01:00:00+03:00,11.186,11.246
2024-04-07 03:00:00+03:00,11.246,11.409
2024-04-07 05:00:00+03:00,11.408,11.423
2024-04-07 07:00:00+03:00,11.423,11.397
2024-04-07 09:00:00+03:00,11.397,11.269
2024-04-07 11:00:00+03:00,11.269,11.274
2024-04-07 13:00:00+03:00,11.274,11.319
2024-04-07 15:00:00+03:00,11.319,11.35
2024-04-07 17:00:00+03:00,11.35,11.328
2024-04-07 19:00:00+03:00,11.328,11.293
2024-04-07 21:00:00+03:00,11.292,11.247
2024-04-07 23:00:00+03:00,11.246,11.269
2024-04-08 01:00:00+03:00,11.269,11.409
2024-04-08 03:00:00+03:00,11.409,11.4
2024-04-08 05:00:00+03:00,11.401,11.421
2024-04-08 07:00:00+03:00,11.42,11.371
2024-04-08 09:00:00+03:00,11.371,11.504
2024-04-08 11:00:00+03:00,11.506,11.79
2024-04-08 13:00:00+03:00,11.79,11.721
2024-04-08 15:00:00+03:00,11.721,11.638
2024-04-08 17:00:00+03:00,11.638,11.623
2024-04-08 19:00:00+03:00,11.623,11.679
2024-04-08 21:00:00+03:00,11.678,11.678
2024-04-08 23:00:00+03:00,11.679,11.701
2024-04-09 01:00:00+03:00,11.7,11.634
2024-04-09 03:00:00+03:00,11.633,11.604
2024-04-09 05:00:00+03:00,11.603,11.543
2024-04-09 07:00:00+03:00,11.544,11.588
2024-04-09 09:00:00+03:00,11.588,11.362
2024-04-09 11:00:00+03:00,11.361,11.43
2024-04-09 13:00:00+03:00,11.431,11.516
2024-04-09 15:00:00+03:00,11.516,11.314
2024-04-09 17:00:00+03:00,11.313,11.21
2024-04-09 19:00:00+03:00,11.209,11.164
2024-04-09 21:00:00+03:00,11.165,11.269
2024-04-09 23:00:00+03:00,11.269,11.208
2024-04-10 01:00:00+03:00,11.209,11.219
2024-04-10 03:00:00+03:00,11.218,11.172
2024-04-10 05:00:00+03:00,11.171,11.142
2024-04-10 07:00:00+03:00,11.142,11.222
2024-04-10 09:00:00+03:00,11.222,11.181
2024-04-10 11:00:00+03:00,11.182,11.196
2024-04-10 13:00:00+03:00,11.196,11.117
2024-04-10 15:00:00+03:00,11.117,10.934
2024-04-10 17:00:00+03:00,10.934,11.123
2024-04-10 19:00:00+03:00,11.124,11.249
2024-04-10 21:00:00+03:00,11.249,10.177
2024-04-10 23:00:00+03:00,10.178,9.913
2024-04-11 01:00:00+03:00,9.913,10.052
2024-04-11 03:00:00+03:00,10.053,9.276
2024-04-11 05:00:00+03:00,9.277,9.502
2024-04-11 07:00:00+03:00,9.501,9.426
2024-04-11 09:00:00+03:00,9.427,9.381
2024-04-11 11:00:00+03:00,9.382,9.28
2024-04-11 13:00:00+03:00,9.28,9.109
2024-04-11 15:00:00+03:00,9.11,9.257
2024-04-11 17:00:00+03:00,9.258,9.034
2024-04-11 19:00:00+03:00,9.034,9.092
2024-04-11 21:00:00+03:00,9.092,9.006
2024-04-11 23:00:00+03:00,9.005,9.038
2024-04-12 01:00:00+03:00,9.037,9.148
2024-04-12 03:00:00+03:00,9.149,8.993
2024-04-12 05:00:00+03:00,8.993,9.017
2024-04-12 07:00:00+03:00,9.018,9.097
2024-04-12 09:00:00+03:00,9.097,9.108
2024-04-12 11:00:00+03:00,9.109,9.117
2024-04-12 13:00:00+03:00,9.118,9.074
2024-04-12 15:00:00+03:00,9.074,8.962
2024-04-12 17:00:00+03:00,8.963,8.842
2024-04-12 19:00:00+03:00,8.843,8.396
2024-04-12 21:00:00+03:00,8.396,7.847
2024-04-12 23:00:00+03:00,7.848,7.934
2024-04-13 01:00:00+03:00,7.934,7.924
2024-04-13 03:00:00+03:00,7.925,7.624
2024-04-13 05:00:00+03:00,7.623,7.711
2024-04-13 07:00:00+03:00,7.712,7.893
2024-04-13 09:00:00+03:00,7.893,7.839
2024-04-13 11:00:00+03:00,7.839,7.879
2024-04-13 13:00:00+03:00,7.88,7.848
2024-04-13 15:00:00+03:00,7.848,7.867
2024-04-13 17:00:00+03:00,7.867,7.809
2024-04-13 19:00:00+03:00,7.808,7.229
2024-04-13 21:00:00+03:00,7.229,6.966
2024-04-13 23:00:00+03:00,6.965,6.481
2024-04-14 01:00:00+03:00,6.48,6.907
2024-04-14 03:00:00+03:00,6.906,6.835
2024-04-14 05:00:00+03:00,6.834,6.829
2024-04-14 07:00:00+03:00,6.83,7.205
2024-04-14 09:00:00+03:00,7.205,7.254
2024-04-14 11:00:00+03:00,7.255,7.176
2024-04-14 13:00:00+03:00,7.175,7.029
2024-04-14 15:00:00+03:00,7.028,7.039
2024-04-14 17:00:00+03:00,7.038,7.114
2024-04-14 19:00:00+03:00,7.114,7.131
2024-04-14 21:00:00+03:00,7.133,7.207
2024-04-14 23:00:00+03:00,7.207,7.145
2024-04-15 01:00:00+03:00,7.146,7.518
2024-04-15 03:00:00+03:00,7.519,7.418
2024-04-15 05:00:00+03:00,7.418,7.429
2024-04-15 07:00:00+03:00,7.429,7.534
2024-04-15 09:00:00+03:00,7.534,7.859
2024-04-15 11:00:00+03:00,7.86,7.786
2024-04-15 13:00:00+03:00,7.786,7.829
2024-04-15 15:00:00+03:00,7.829,7.641
2024-04-15 17:00:00+03:00,7.641,7.507
2024-04-15 19:00:00+03:00,7.508,7.277
2024-04-15 21:00:00+03:00,7.276,7.335
2024-04-15 23:00:00+03:00,7.336,7.313
2024-04-16 01:00:00+03:00,7.314,7.243
2024-04-16 03:00:00+03:00,7.244,7.161
2024-04-16 05:00:00+03:00,7.16,7.078
2024-04-16 07:00:00+03:00,7.078,7.03
2024-04-16 09:00:00+03:00,7.03,7.264
2024-04-16 11:00:00+03:00,7.264,7.23
2024-04-16 13:00:00+03:00,7.229,7.301
2024-04-16 15:00:00+03:00,7.301,7.111
2024-04-16 17:00:00+03:00,7.112,6.867
2024-04-16 19:00:00+03:00,6.867,7.06
2024-04-16 21:00:00+03:00,7.061,7.057
2024-04-16 23:00:00+03:00,7.055,7.212
2024-04-17 01:00:00+03:00,7.212,7.182
2024-04-17 03:00:00+03:00,7.182,7.138
2024-04-17 05:00:00+03:00,7.138,7.11
2024-04-17 07:00:00+03:00,7.111,7.114
2024-04-17 09:00:00+03:00,7.114,7.08
2024-04-17 11:00:00+03:00,7.079,7.061
2024-04-17 13:00:00+03:00,7.061,6.898
2024-04-17 15:00:00+03:00,6.898,6.938
2024-04-17 17:00:00+03:00,6.938,6.704
2024-04-17 19:00:00+03:00,6.704,6.909
2024-04-17 21:00:00+03:00,6.909,6.963
2024-04-17 23:00:00+03:00,6.963,6.947
2024-04-18 01:00:00+03:00,6.947,6.885
2024-04-18 03:00:00+03:00,6.886,6.943
2024-04-18 05:00:00+03:00,6.943,7.076
2024-04-18 07:00:00+03:00,7.075,7.0
2024-04-18 09:00:00+03:00,7.0,6.896
2024-04-18 11:00:00+03:00,6.896,6.975
2024-04-18 13:00:00+03:00,6.976,7.088
2024-04-18 15:00:00+03:00,7.088,7.095
2024-04-18 17:00:00+03:00,7.094,7.219
2024-04-18 19:00:00+03:00,7.218,7.096
2024-04-18 21:00:00+03:00,7.095,7.235
2024-04-18 23:00:00+03:00,7.236,7.268
2024-04-19 01:00:00+03:00,7.267,7.295
2024-04-19 03:00:00+03:00,7.295,6.881
2024-04-19 05:00:00+03:00,6.881,7.071
2024-04-19 07:00:00+03:00,7.071,7.184
2024-04-19 09:00:00+03:00,7.184,7.495
2024-04-19 11:00:00+03:00,7.494,7.583
2024-04-19 13:00:00+03:00,7.585,7.514
2024-04-19 15:00:00+03:00,7.515,7.581
2024-04-19 17:00:00+03:00,7.581,7.574
2024-04-19 19:00:00+03:00,7.574,7.581
2024-04-19 21:00:00+03:00,7.581,7.571
2024-04-19 23:00:00+03:00,7.571,7.573
2024-04-20 01:00:00+03:00,7.573,7.488
2024-04-20 03:00:00+03:00,7.488,7.574
2024-04-20 05:00:00+03:00,7.573,7.572
2024-04-20 07:00:00+03:00,7.573,7.601
2024-04-20 09:00:00+03:00,7.602,7.574
2024-04-20 11:00:00+03:00,7.575,7.493
2024-04-20 13:00:00+03:00,7.492,7.493
2024-04-20 15:00:00+03:00,7.492,7.535
2024-04-20 17:00:00+03:00,7.534,7.698
2024-04-20 19:00:00+03:00,7.697,7.884
2024-04-20 21:00:00+03:00,7.883,7.815
2024-04-20 23:00:00+03:00,7.814,7.868
2024-04-21 01:00:00+03:00,7.868,7.869
2024-04-21 03:00:00+03:00,7.868,7.822
2024-04-21 05:00:00+03:00,7.821,7.836
2024-04-21 07:00:00+03:00,7.835,7.822
2024-04-21 09:00:00+03:00,7.822,7.83
2024-04-21 11:00:00+03:00,7.83,7.791
2024-04-21 13:00:00+03:00,7.791,7.81
2024-04-21 15:00:00+03:00,7.809,7.675
2024-04-21 17:00:00+03:00,7.675,7.728
2024-04-21 19:00:00+03:00,7.729,7.669
2024-04-21 21:00:00+03:00,7.669,7.663
2024-04-21 23:00:00+03:00,7.662,7.701
2024-04-22 01:00:00+03:00,7.701,7.723
2024-04-22 03:00:00+03:00,7.723,7.745
2024-04-22 05:00:00+03:00,7.744,7.922
2024-04-22 07:00:00+03:00,7.922,8.014
2024-04-22 09:00:00+03:00,8.014,7.99
2024-04-22 11:00:00+03:00,7.988,8.073
2024-04-22 13:00:00+03:00,8.074,8.072
2024-04-22 15:00:00+03:00,8.073,7.991
2024-04-22 17:00:00+03:00,7.99,8.041
2024-04-22 19:00:00+03:00,8.041,8.07
2024-04-22 21:00:00+03:00,8.07,8.069
2024-04-22 23:00:00+03:00,8.065,8.145
2024-04-23 01:00:00+03:00,8.145,8.197
2024-04-23 03:00:00+03:00,8.197,8.197
2024-04-23 05:00:00+03:00,8.197,8.114
2024-04-23 07:00:00+03:00,8.115,8.198
2024-04-23 09:00:00+03:00,8.198,8.069
2024-04-23 11:00:00+03:00,8.069,7.978
2024-04-23 13:00:00+03:00,7.981,7.964
2024-04-23 15:00:00+03:00,7.963,8.069
2024-04-23 17:00:00+03:00,8.071,8.039
2024-04-23 19:00:00+03:00,8.039,8.028
2024-04-23 21:00:00+03:00,8.028,8.019
2024-04-23 23:00:00+03:00,8.019,7.991
2024-04-24 01:00:00+03:00,7.991,7.942
2024-04-24 03:00:00+03:00,7.943,8.047
2024-04-24 05:00:00+03:00,8.047,8.015
2024-04-24 07:00:00+03:00,8.015,8.103
2024-04-24 09:00:00+03:00,8.104,8.098
2024-04-24 11:00:00+03:00,8.099,8.074
2024-04-24 13:00:00+03:00,8.074,8.165
2024-04-24 15:00:00+03:00,8.165,7.93
2024-04-24 17:00:00+03:00,7.93,7.72
2024-04-24 19:00:00+03:00,7.72,7.836
2024-04-24 21:00:00+03:00,7.836,7.802
2024-04-24 23:00:00+03:00,7.801,7.783
2024-04-25 01:00:00+03:00,7.782,7.711
2024-04-25 03:00:00+03:00,7.71,7.673
2024-04-25 05:00:00+03:00,7.672,7.683
2024-04-25 07:00:00+03:00,7.684,7.737
2024-04-25 09:00:00+03:00,7.738,7.744
2024-04-25 11:00:00+03:00,7.743,7.755
2024-04-25 13:00:00+03:00,7.754,7.714
2024-04-25 15:00:00+03:00,7.714,7.734
2024-04-25 17:00:00+03:00,7.736,8.031
2024-04-25 19:00:00+03:00,8.031,8.033
2024-04-25 21:00:00+03:00,8.035,7.954
2024-04-25 23:00:00+03:00,7.955,7.945
2024-04-26 01:00:00+03:00,7.945,7.927
2024-04-26 03:00:00+03:00,7.927,7.815
2024-04-26 05:00:00+03:00,7.815,7.801
2024-04-26 07:00:00+03:00,7.801,7.879
2024-04-26 09:00:00+03:00,7.88,7.764
2024-04-26 11:00:00+03:00,7.765,7.699
2024-04-26 13:00:00+03:00,7.7,7.664
2024-04-26 15:00:00+03:00,7.664,7.696
2024-04-26 17:00:00+03:00,7.695,7.583
2024-04-26 19:00:00+03:00,7.583,7.644
2024-04-26 21:00:00+03:00,7.644,7.695
2024-04-26 23:00:00+03:00,7.694,7.738
2024-04-27 01:00:00+03:00,7.738,7.701
2024-04-27 03:00:00+03:00,7.701,7.529
2024-04-27 05:00:00+03:00,7.528,7.653
2024-04-27 07:00:00+03:00,7.651,7.695
2024-04-27 09:00:00+03:00,7.694,7.689
2024-04-27 11:00:00+03:00,7.688,7.652
2024-04-27 13:00:00+03:00,7.652,7.633
2024-04-27 15:00:00+03:00,7.632,7.722
2024-04-27 17:00:00+03:00,7.722,7.709
2024-04-27 19:00:00+03:00,7.708,7.993
2024-04-27 21:00:00+03:00,7.993,7.883
2024-04-27 23:00:00+03:00,7.883,7.95
2024-04-28 01:00:00+03:00,7.949,7.971
2024-04-28 03:00:00+03:00,7.971,8.042
2024-04-28 05:00:00+03:00,8.042,8.074
2024-04-28 07:00:00+03:00,8.074,8.013
2024-04-28 09:00:00+03:00,8.012,8.015
2024-04-28 11:00:00+03:00,8.015,8.008
2024-04-28 13:00:00+03:00,8.008,7.989
2024-04-28 15:00:00+03:00,7.987,8.083
2024-04-28 17:00:00+03:00,8.083,8.165
2024-04-28 19:00:00+03:00,8.165,7.976
2024-04-28 21:00:00+03:00,7.976,7.981
2024-04-28 23:00:00+03:00,7.98,7.987
2024-04-29 01:00:00+03:00,7.986,7.823
2024-04-29 03:00:00+03:00,7.824,7.85
2024-04-29 05:00:00+03:00,7.851,7.62
2024-04-29 07:00:00+03:00,7.619,7.69
2024-04-29 09:00:00+03:00,7.689,7.619
2024-04-29 11:00:00+03:00,7.62,7.622
2024-04-29 13:00:00+03:00,7.621,7.571
2024-04-29 15:00:00+03:00,7.57,7.522
2024-04-29 17:00:00+03:00,7.521,7.682
2024-04-29 19:00:00+03:00,7.683,7.637
2024-04-29 21:00:00+03:00,7.637,7.629
2024-04-29 23:00:00+03:00,7.63,7.587
2024-04-30 01:00:00+03:00,7.587,7.685
2024-04-30 03:00:00+03:00,7.685,7.615
2024-04-30 05:00:00+03:00,7.616,7.686
2024-04-30 07:00:00+03:00,7.686,7.639
2024-04-30 09:00:00+03:00,7.638,7.61
2024-04-30 11:00:00+03:00,7.61,7.341
2024-04-30 13:00:00+03:00,7.342,7.176
2024-04-30 15:00:00+03:00,7.177,7.113
2024-04-30 17:00:00+03:00,7.111,7.119
2024-04-30 19:00:00+03:00,7.12,7.111
2024-04-30 21:00:00+03:00,7.111,6.82
2024-04-30 23:00:00+03:00,6.82,7.008
2024-05-01 01:00:00+03:00,7.007,7.032
2024-05-01 03:00:00+03:00,7.031,7.044
2024-05-01 05:00:00+03:00,7.042,7.068
2024-05-01 07:00:00+03:00,7.068,7.068
2024-05-01 09:00:00+03:00,7.067,6.737
2024-05-01 11:00:00+03:00,6.736,6.691
2024-05-01 13:00:00+03:00,6.692,6.786
2024-05-01 15:00:00+03:00,6.785,6.849
2024-05-01 17:00:00+03:00,6.848,6.794
2024-05-01 19:00:00+03:00,6.795,6.88
2024-05-01 21:00:00+03:00,6.88,6.892
2024-05-01 23:00:00+03:00,6.892,6.989
2024-05-02 01:00:00+03:00,6.988,7.041
2024-05-02 03:00:00+03:00,7.041,6.905
2024-05-02 05:00:00+03:00,6.905,6.965
2024-05-02 07:00:00+03:00,6.964,6.964
2024-05-02 09:00:00+03:00,6.964,6.94
2024-05-02 11:00:00+03:00,6.94,7.025
2024-05-02 13:00:00+03:00,7.025,7.138
2024-05-02 15:00:00+03:00,7.138,7.069
2024-05-02 17:00:00+03:00,7.07,7.169
2024-05-02 19:00:00+03:00,7.168,7.114
2024-05-02 21:00:00+03:00,7.115,7.124
2024-05-02 23:00:00+03:00,7.123,7.128
2024-05-03 01:00:00+03:00,7.127,7.103
2024-05-03 03:00:00+03:00,7.103,7.138
2024-05-03 05:00:00+03:00,7.138,7.129
2024-05-03 07:00:00+03:00,7.128,7.105
2024-05-03 09:00:00+03:00,7.105,6.992
2024-05-03 11:00:00+03:00,6.991,7.023
2024-05-03 13:00:00+03:00,7.023,7.023
2024-05-03 15:00:00+03:00,7.024,7.292
2024-05-03 17:00:00+03:00,7.292,7.437
2024-05-03 19:00:00+03:00,7.438,7.44
2024-05-03 21:00:00+03:00,7.438,7.444
2024-05-03 23:00:00+03:00,7.443,7.547
2024-05-04 01:00:00+03:00,7.547,7.576
2024-05-04 03:00:00+03:00,7.576,7.523
2024-05-04 05:00:00+03:00,7.523,7.563
2024-05-04 07:00:00+03:00,7.563,7.531
2024-05-04 09:00:00+03:00,7.532,7.504
2024-05-04 11:00:00+03:00,7.504,7.519
2024-05-04 13:00:00+03:00,7.519,7.546
2024-05-04 15:00:00+03:00,7.547,7.535
2024-05-04 17:00:00+03:00,7.535,7.536
2024-05-04 19:00:00+03:00,7.537,7.533
2024-05-04 21:00:00+03:00,7.533,7.573
2024-05-04 23:00:00+03:00,7.572,7.534
2024-05-05 01:00:00+03:00,7.534,7.528
2024-05-05 03:00:00+03:00,7.528,7.417
2024-05-05 05:00:00+03:00,7.417,7.441
2024-05-05 07:00:00+03:00,7.442,7.378
2024-05-05 09:00:00+03:00,7.377,7.424
2024-05-05 11:00:00+03:00,7.424,7.439
2024-05-05 13:00:00+03:00,7.44,7.436
2024-05-05 15:00:00+03:00,7.437,7.431
2024-05-05 17:00:00+03:00,7.431,7.528
2024-05-05 19:00:00+03:00,7.528,7.524
2024-05-05 21:00:00+03:00,7.525,7.507
2024-05-05 23:00:00+03:00,7.507,7.536
2024-05-06 01:00:00+03:00,7.537,7.584
2024-05-06 03:00:00+03:00,7.584,7.586
2024-05-06 05:00:00+03:00,7.587,7.546
2024-05-06 07:00:00+03:00,7.547,7.711
2024-05-06 09:00:00+03:00,7.709,7.78
2024-05-06 11:00:00+03:00,7.779,7.943
2024-05-06 13:00:00+03:00,7.943,7.693
2024-05-06 15:00:00+03:00,7.693,7.623
2024-05-06 17:00:00+03:00,7.622,7.564
2024-05-06 19:00:00+03:00,7.564,7.513
2024-05-06 21:00:00+03:00,7.513,7.532
2024-05-06 23:00:00+03:00,7.532,7.567
2024-05-07 01:00:00+03:00,7.568,7.47
2024-05-07 03:00:00+03:00,7.47,7.591
2024-05-07 05:00:00+03:00,7.591,7.465
2024-05-07 07:00:00+03:00,7.465,7.476
2024-05-07 09:00:00+03:00,7.475,7.477
2024-05-07 11:00:00+03:00,7.478,7.576
2024-05-07 13:00:00+03:00,7.576,7.5
2024-05-07 15:00:00+03:00,7.5,7.501
2024-05-07 17:00:00+03:00,7.501,7.575
2024-05-07 19:00:00+03:00,7.573,7.547
2024-05-07 21:00:00+03:00,7.546,7.497
2024-05-07 23:00:00+03:00,7.498,7.494
2024-05-08 01:00:00+03:00,7.494,7.393
2024-05-08 03:00:00+03:00,7.392,7.369
2024-05-08 05:00:00+03:00,7.37,7.408
2024-05-08 07:00:00+03:00,7.408,7.377
2024-05-08 09:00:00+03:00,7.376,7.275
2024-05-08 11:00:00+03:00,7.274,7.289
2024-05-08 13:00:00+03:00,7.29,7.35
2024-05-08 15:00:00+03:00,7.35,7.492
2024-05-08 17:00:00+03:00,7.492,7.446
2024-05-08 19:00:00+03:00,7.447,7.407
2024-05-08 21:00:00+03:00,7.407,7.389
2024-05-08 23:00:00+03:00,7.388,7.305
2024-05-09 01:00:00+03:00,7.304,7.325
2024-05-09 03:00:00+03:00,7.324,7.354
2024-05-09 05:00:00+03:00,7.354,7.362
2024-05-09 07:00:00+03:00,7.362,7.367
2024-05-09 09:00:00+03:00,7.367,7.298
2024-05-09 11:00:00+03:00,7.298,7.287
2024-05-09 13:00:00+03:00,7.287,7.278
2024-05-09 15:00:00+03:00,7.278,7.296
2024-05-09 17:00:00+03:00,7.296,7.364
2024-05-09 19:00:00+03:00,7.365,7.366
2024-05-09 21:00:00+03:00,7.366,7.432
2024-05-09 23:00:00+03:00,7.431,7.455
2024-05-10 01:00:00+03:00,7.456,7.5
2024-05-10 03:00:00+03:00,7.499,7.51
2024-05-10 05:00:00+03:00,7.509,7.472
2024-05-10 07:00:00+03:00,7.472,7.484
2024-05-10 09:00:00+03:00,7.483,7.547
2024-05-10 11:00:00+03:00,7.546,7.508
2024-05-10 13:00:00+03:00,7.508,7.54
2024-05-10 15:00:00+03:00,7.539,7.528
2024-05-10 17:00:00+03:00,7.527,7.223
2024-05-10 19:00:00+03:00,7.221,7.112
2024-05-10 21:00:00+03:00,7.11,7.095
2024-05-10 23:00:00+03:00,7.095,7.084
2024-05-11 01:00:00+03:00,7.085,7.102
2024-05-11 03:00:00+03:00,7.102,7.143
2024-05-11 05:00:00+03:00,7.143,7.115
2024-05-11 07:00:00+03:00,7.115,7.127
2024-05-11 09:00:00+03:00,7.127,7.117
2024-05-11 11:00:00+03:00,7.117,7.112
2024-05-11 13:00:00+03:00,7.111,7.051
2024-05-11 15:00:00+03:00,7.05,7.11
2024-05-11 17:00:00+03:00,7.109,7.102
2024-05-11 19:00:00+03:00,7.102,7.106
2024-05-11 21:00:00+03:00,7.107,7.096
2024-05-11 23:00:00+03:00,7.095,7.061
2024-05-12 01:00:00+03:00,7.061,7.031
2024-05-12 03:00:00+03:00,7.03,7.018
2024-05-12 05:00:00+03:00,7.019,7.057
2024-05-12 07:00:00+03:00,7.057,7.093
2024-05-12 09:00:00+03:00,7.094,7.071
2024-05-12 11:00:00+03:00,7.072,7.101
2024-05-12 13:00:00+03:00,7.102,7.108
2024-05-12 15:00:00+03:00,7.109,7.115
2024-05-12 17:00:00+03:00,7.115,7.181
2024-05-12 19:00:00+03:00,7.182,7.126
2024-05-12 21:00:00+03:00,7.126,7.081
2024-05-12 23:00:00+03:00,7.081,7.041
2024-05-13 01:00:00+03:00,7.04,7.058
2024-05-13 03:00:00+03:00,7.058,7.011
2024-05-13 05:00:00+03:00,7.012,6.912
2024-05-13 07:00:00+03:00,6.911,6.876
2024-05-13 09:00:00+03:00,6.876,7.076
2024-05-13 11:00:00+03:00,7.076,7.17
2024-05-13 13:00:00+03:00,7.171,7.093
2024-05-13 15:00:00+03:00,7.094,7.051
2024-05-13 17:00:00+03:00,7.051,7.112
2024-05-13 19:00:00+03:00,7.112,7.035
2024-05-13 21:00:00+03:00,7.035,7.029
2024-05-13 23:00:00+03:00,7.028,7.009
2024-05-14 01:00:00+03:00,7.009,7.003
2024-05-14 03:00:00+03:00,7.002,6.942
2024-05-14 05:00:00+03:00,6.942,6.952
2024-05-14 07:00:00+03:00,6.951,6.967
2024-05-14 09:00:00+03:00,6.967,6.949
2024-05-14 11:00:00+03:00,6.948,6.932
2024-05-14 13:00:00+03:00,6.932,6.939
2024-05-14 15:00:00+03:00,6.939,6.919
2024-05-14 17:00:00+03:00,6.92,6.912
2024-05-14 19:00:00+03:00,6.913,6.803
2024-05-14 21:00:00+03:00,6.803,6.828
2024-05-14 23:00:00+03:00,6.829,6.828
2024-05-15 01:00:00+03:00,6.828,6.781
2024-05-15 03:00:00+03:00,6.782,6.835
2024-05-15 05:00:00+03:00,6.835,6.866
2024-05-15 07:00:00+03:00,6.865,6.865
2024-05-15 09:00:00+03:00,6.865,6.858
2024-05-15 11:00:00+03:00,6.857,6.903
2024-05-15 13:00:00+03:00,6.903,6.86
2024-05-15 15:00:00+03:00,6.859,7.105
2024-05-15 17:00:00+03:00,7.105,7.259
2024-05-15 19:00:00+03:00,7.26,7.293
2024-05-15 21:00:00+03:00,7.291,7.408
2024-05-15 23:00:00+03:00,7.408,7.369
2024-05-16 01:00:00+03:00,7.37,7.36
2024-05-16 03:00:00+03:00,7.36,7.335
2024-05-16 05:00:00+03:00,7.336,7.396
2024-05-16 07:00:00+03:00,7.396,7.364
2024-05-16 09:00:00+03:00,7.363,7.403
2024-05-16 11:00:00+03:00,7.403,7.387
2024-05-16 13:00:00+03:00,7.387,7.348
2024-05-16 15:00:00+03:00,7.347,7.279
2024-05-16 17:00:00+03:00,7.278,7.191
2024-05-16 19:00:00+03:00,7.191,7.211
2024-05-16 21:00:00+03:00,7.211,7.227
2024-05-16 23:00:00+03:00,7.227,7.268
2024-05-17 01:00:00+03:00,7.268,7.291
2024-05-17 03:00:00+03:00,7.291,7.279
2024-05-17 05:00:00+03:00,7.28,7.293
2024-05-17 07:00:00+03:00,7.294,7.271
2024-05-17 09:00:00+03:00,7.271,7.488
2024-05-17 11:00:00+03:00,7.487,7.412
2024-05-17 13:00:00+03:00,7.412,7.395
2024-05-17 15:00:00+03:00,7.395,7.401
2024-05-17 17:00:00+03:00,7.399,7.571
2024-05-17 19:00:00+03:00,7.571,7.55
2024-05-17 21:00:00+03:00,7.549,7.534
2024-05-17 23:00:00+03:00,7.533,7.506
2024-05-18 01:00:00+03:00,7.505,7.487
2024-05-18 03:00:00+03:00,7.487,7.516
2024-05-18 05:00:00+03:00,7.516,7.543
2024-05-18 07:00:00+03:00,7.543,7.509
2024-05-18 09:00:00+03:00,7.508,7.543
2024-05-18 11:00:00+03:00,7.542,7.651
2024-05-18 13:00:00+03:00,7.652,7.696
2024-05-18 15:00:00+03:00,7.697,7.757
2024-05-18 17:00:00+03:00,7.757,7.972
2024-05-18 19:00:00+03:00,7.973,7.931
2024-05-18 21:00:00+03:00,7.932,7.963
2024-05-18 23:00:00+03:00,7.962,7.909
2024-05-19 01:00:00+03:00,7.909,7.854
2024-05-19 03:00:00+03:00,7.854,7.791
2024-05-19 05:00:00+03:00,7.792,7.917
2024-05-19 07:00:00+03:00,7.918,7.911
2024-05-19 09:00:00+03:00,7.91,7.908
2024-05-19 11:00:00+03:00,7.907,7.842
2024-05-19 13:00:00+03:00,7.843,7.801
2024-05-19 15:00:00+03:00,7.802,7.768
2024-05-19 17:00:00+03:00,7.767,7.694
2024-05-19 19:00:00+03:00,7.694,7.706
2024-05-19 21:00:00+03:00,7.706,7.697
2024-05-19 23:00:00+03:00,7.697,7.638
2024-05-20 01:00:00+03:00,7.638,7.636
2024-05-20 03:00:00+03:00,7.637,7.858
2024-05-20 05:00:00+03:00,7.857,7.733
2024-05-20 07:00:00+03:00,7.732,7.809
2024-05-20 09:00:00+03:00,7.809,7.731
2024-05-20 11:00:00+03:00,7.731,7.763
2024-05-20 13:00:00+03:00,7.763,7.711
2024-05-20 15:00:00+03:00,7.709,7.698
2024-05-20 17:00:00+03:00,7.698,7.719
2024-05-20 19:00:00+03:00,7.719,7.808
2024-05-20 21:00:00+03:00,7.808,8.472
2024-05-20 23:00:00+03:00,8.474,9.433
2024-05-21 01:00:00+03:00,9.433,9.328
2024-05-21 03:00:00+03:00,9.33,9.248
2024-05-21 05:00:00+03:00,9.247,9.254
2024-05-21 07:00:00+03:00,9.254,9.182
2024-05-21 09:00:00+03:00,9.181,9.281
2024-05-21 11:00:00+03:00,9.281,9.298
2024-05-21 13:00:00+03:00,9.297,9.387
2024-05-21 15:00:00+03:00,9.389,9.387
2024-05-21 17:00:00+03:00,9.388,9.346
2024-05-21 19:00:00+03:00,9.345,9.406
2024-05-21 21:00:00+03:00,9.405,9.431
2024-05-21 23:00:00+03:00,9.431,9.541
2024-05-22 01:00:00+03:00,9.54,9.661
2024-05-22 03:00:00+03:00,9.661,9.516
2024-05-22 05:00:00+03:00,9.516,9.586
2024-05-22 07:00:00+03:00,9.586,9.563
2024-05-22 09:00:00+03:00,9.564,9.474
2024-05-22 11:00:00+03:00,9.475,9.419
2024-05-22 13:00:00+03:00,9.419,9.203
2024-05-22 15:00:00+03:00,9.203,9.173
2024-05-22 17:00:00+03:00,9.172,9.279
2024-05-22 19:00:00+03:00,9.275,9.193
2024-05-22 21:00:00+03:00,9.194,9.148
2024-05-22 23:00:00+03:00,9.148,9.39
2024-05-23 01:00:00+03:00,9.393,9.311
2024-05-23 03:00:00+03:00,9.311,9.399
2024-05-23 05:00:00+03:00,9.4,9.425
2024-05-23 07:00:00+03:00,9.424,9.501
2024-05-23 09:00:00+03:00,9.501,9.718
2024-05-23 11:00:00+03:00,9.719,9.514
2024-05-23 13:00:00+03:00,9.514,9.73
2024-05-23 15:00:00+03:00,9.729,9.414
2024-05-23 17:00:00+03:00,9.413,9.288
2024-05-23 19:00:00+03:00,9.288,9.146
2024-05-23 21:00:00+03:00,9.145,9.128
2024-05-23 23:00:00+03:00,9.129,9.185
2024-05-24 01:00:00+03:00,9.186,9.09
2024-05-24 03:00:00+03:00,9.09,9.294
2024-05-24 05:00:00+03:00,9.294,9.233
2024-05-24 07:00:00+03:00,9.234,9.194
2024-05-24 09:00:00+03:00,9.194,9.104
2024-05-24 11:00:00+03:00,9.104,9.134
2024-05-24 13:00:00+03:00,9.135,9.362
2024-05-24 15:00:00+03:00,9.361,9.206
2024-05-24 17:00:00+03:00,9.207,9.156
2024-05-24 19:00:00+03:00,9.157,9.233
2024-05-24 21:00:00+03:00,9.232,10.077
2024-05-24 23:00:00+03:00,10.078,10.02
2024-05-25 01:00:00+03:00,10.019,10.215
2024-05-25 03:00:00+03:00,10.215,10.466
2024-05-25 05:00:00+03:00,10.467,10.766
2024-05-25 07:00:00+03:00,10.767,10.76
2024-05-25 09:00:00+03:00,10.76,10.879
2024-05-25 11:00:00+03:00,10.878,10.931
2024-05-25 13:00:00+03:00,10.929,10.975
2024-05-25 15:00:00+03:00,10.976,10.718
2024-05-25 17:00:00+03:00,10.719,10.917
2024-05-25 19:00:00+03:00,10.916,11.043
2024-05-25 21:00:00+03:00,11.045,11.055
2024-05-25 23:00:00+03:00,11.056,11.215
2024-05-26 01:00:00+03:00,11.215,11.332
2024-05-26 03:00:00+03:00,11.333,11.256
2024-05-26 05:00:00+03:00,11.256,11.389
2024-05-26 07:00:00+03:00,11.39,11.177
2024-05-26 09:00:00+03:00,11.177,11.331
2024-05-26 11:00:00+03:00,11.331,11.285
2024-05-26 13:00:00+03:00,11.285,11.549
2024-05-26 15:00:00+03:00,11.548,11.374
2024-05-26 17:00:00+03:00,11.374,11.452
2024-05-26 19:00:00+03:00,11.451,11.419
2024-05-26 21:00:00+03:00,11.418,11.354
2024-05-26 23:00:00+03:00,11.354,11.328
2024-05-27 01:00:00+03:00,11.328,11.178
2024-05-27 03:00:00+03:00,11.177,11.254
2024-05-27 05:00:00+03:00,11.254,11.108
2024-05-27 07:00:00+03:00,11.109,11.166
2024-05-27 09:00:00+03:00,11.165,11.158
2024-05-27 11:00:00+03:00,11.158,11.007
2024-05-27 13:00:00+03:00,11.005,11.126
2024-05-27 15:00:00+03:00,11.127,11.026
2024-05-27 17:00:00+03:00,11.026,11.121
2024-05-27 19:00:00+03:00,11.12,11.14
2024-05-27 21:00:00+03:00,11.143,11.125
2024-05-27 23:00:00+03:00,11.125,11.145
2024-05-28 01:00:00+03:00,11.146,11.065
2024-05-28 03:00:00+03:00,11.066,10.793
2024-05-28 05:00:00+03:00,10.795,10.789
2024-05-28 07:00:00+03:00,10.788,10.781
2024-05-28 09:00:00+03:00,10.781,10.92
2024-05-28 11:00:00+03:00,10.92,10.839
2024-05-28 13:00:00+03:00,10.839,10.827
2024-05-28 15:00:00+03:00,10.828,10.839
2024-05-28 17:00:00+03:00,10.839,10.837
2024-05-28 19:00:00+03:00,10.838,11.083
2024-05-28 21:00:00+03:00,11.082,11.157
2024-05-28 23:00:00+03:00,11.157,11.096
2024-05-29 01:00:00+03:00,11.096,11.117
2024-05-29 03:00:00+03:00,11.118,11.072
2024-05-29 05:00:00+03:00,11.071,11.234
2024-05-29 07:00:00+03:00,11.234,11.005
2024-05-29 09:00:00+03:00,11.005,10.843
2024-05-29 11:00:00+03:00,10.843,10.866
2024-05-29 13:00:00+03:00,10.865,10.792
2024-05-29 15:00:00+03:00,10.791,10.602
2024-05-29 17:00:00+03:00,10.602,10.521
2024-05-29 19:00:00+03:00,10.522,10.605
2024-05-29 21:00:00+03:00,10.605,10.493
2024-05-29 23:00:00+03:00,10.494,10.578
2024-05-30 01:00:00+03:00,10.577,10.451
2024-05-30 03:00:00+03:00,10.45,10.597
2024-05-30 05:00:00+03:00,10.597,10.624
2024-05-30 07:00:00+03:00,10.625,10.568
2024-05-30 09:00:00+03:00,10.568,10.46
2024-05-30 11:00:00+03:00,10.46,10.72
2024-05-30 13:00:00+03:00,10.721,10.776
2024-05-30 15:00:00+03:00,10.776,10.892
2024-05-30 17:00:00+03:00,10.893,10.92
2024-05-30 19:00:00+03:00,10.92,11.191
2024-05-30 21:00:00+03:00,11.191,10.852
2024-05-30 23:00:00+03:00,10.852,10.7
2024-05-31 01:00:00+03:00,10.7,10.768
2024-05-31 03:00:00+03:00,10.767,10.76
2024-05-31 05:00:00+03:00,10.759,10.756
2024-05-31 07:00:00+03:00,10.757,10.659
2024-05-31 09:00:00+03:00,10.659,10.645
2024-05-31 11:00:00+03:00,10.645,10.655
2024-05-31 13:00:00+03:00,10.655,10.992
2024-05-31 15:00:00+03:00,10.992,10.652
2024-05-31 17:00:00+03:00,10.652,10.422
2024-05-31 19:00:00+03:00,10.422,10.216
2024-05-31 21:00:00+03:00,10.216,10.258
2024-05-31 23:00:00+03:00,10.26,10.128
2024-06-01 01:00:00+03:00,10.127,9.966
2024-06-01 03:00:00+03:00,9.967,9.998
2024-06-01 05:00:00+03:00,9.997,10.011
2024-06-01 07:00:00+03:00,10.01,10.028
2024-06-01 09:00:00+03:00,10.027,10.006
2024-06-01 11:00:00+03:00,10.007,9.974
2024-06-01 13:00:00+03:00,9.974,9.983
2024-06-01 15:00:00+03:00,9.982,9.912
2024-06-01 17:00:00+03:00,9.912,9.951
2024-06-01 19:00:00+03:00,9.952,9.939
2024-06-01 21:00:00+03:00,9.939,9.902
2024-06-01 23:00:00+03:00,9.901,9.922
2024-06-02 01:00:00+03:00,9.922,9.89
2024-06-02 03:00:00+03:00,9.89,9.918
2024-06-02 05:00:00+03:00,9.918,9.888
2024-06-02 07:00:00+03:00,9.887,9.848
2024-06-02 09:00:00+03:00,9.849,9.755
2024-06-02 11:00:00+03:00,9.754,9.756
2024-06-02 13:00:00+03:00,9.756,9.79
2024-06-02 15:00:00+03:00,9.789,9.727
2024-06-02 17:00:00+03:00,9.726,9.707
2024-06-02 19:00:00+03:00,9.707,9.547
2024-06-02 21:00:00+03:00,9.548,9.454
2024-06-02 23:00:00+03:00,9.454,9.428
2024-06-03 01:00:00+03:00,9.428,9.426
2024-06-03 03:00:00+03:00,9.426,9.63
2024-06-03 05:00:00+03:00,9.63,9.583
2024-06-03 07:00:00+03:00,9.582,9.652
2024-06-03 09:00:00+03:00,9.651,9.682
2024-06-03 11:00:00+03:00,9.682,9.661
2024-06-03 13:00:00+03:00,9.662,9.634
2024-06-03 15:00:00+03:00,9.635,9.757
2024-06-03 17:00:00+03:00,9.757,9.669
2024-06-03 19:00:00+03:00,9.669,9.632
2024-06-03 21:00:00+03:00,9.633,9.615
2024-06-03 23:00:00+03:00,9.615,9.586
2024-06-04 01:00:00+03:00,9.586,9.501
2024-06-04 03:00:00+03:00,9.501,9.595
2024-06-04 05:00:00+03:00,9.595,9.563
2024-06-04 07:00:00+03:00,9.56,9.49
2024-06-04 09:00:00+03:00,9.49,9.514
2024-06-04 11:00:00+03:00,9.515,9.432
2024-06-04 13:00:00+03:00,9.433,9.568
2024-06-04 15:00:00+03:00,9.567,9.624
2024-06-04 17:00:00+03:00,9.624,10.388
2024-06-04 19:00:00+03:00,10.389,10.929
2024-06-04 21:00:00+03:00,10.93,11.521
2024-06-04 23:00:00+03:00,11.52,11.547
2024-06-05 01:00:00+03:00,11.546,11.473
2024-06-05 03:00:00+03:00,11.472,11.454
2024-06-05 05:00:00+03:00,11.454,11.387
2024-06-05 07:00:00+03:00,11.386,11.246
2024-06-05 09:00:00+03:00,11.245,11.249
2024-06-05 11:00:00+03:00,11.249,11.112
2024-06-05 13:00:00+03:00,11.111,11.16
2024-06-05 15:00:00+03:00,11.161,11.173
2024-06-05 17:00:00+03:00,11.173,10.956
2024-06-05 19:00:00+03:00,10.956,11.201
2024-06-05 21:00:00+03:00,11.201,11.107
2024-06-05 23:00:00+03:00,11.108,11.191
2024-06-06 01:00:00+03:00,11.19,11.172
2024-06-06 03:00:00+03:00,11.173,11.239
2024-06-06 05:00:00+03:00,11.238,10.812
2024-06-06 07:00:00+03:00,10.812,10.692
2024-06-06 09:00:00+03:00,10.692,10.771
2024-06-06 11:00:00+03:00,10.772,10.621
2024-06-06 13:00:00+03:00,10.62,10.646
2024-06-06 15:00:00+03:00,10.647,10.701
2024-06-06 17:00:00+03:00,10.702,10.743
2024-06-06 19:00:00+03:00,10.742,10.692
2024-06-06 21:00:00+03:00,10.692,10.5
2024-06-06 23:00:00+03:00,10.501,10.614
2024-06-07 01:00:00+03:00,10.614,10.628
2024-06-07 03:00:00+03:00,10.629,10.66
2024-06-07 05:00:00+03:00,10.66,10.675
2024-06-07 07:00:00+03:00,10.676,10.712
2024-06-07 09:00:00+03:00,10.712,10.701
2024-06-07 11:00:00+03:00,10.702,10.633
2024-06-07 13:00:00+03:00,10.633,10.562
2024-06-07 15:00:00+03:00,10.563,10.496
2024-06-07 17:00:00+03:00,10.496,10.469
2024-06-07 19:00:00+03:00,10.47,10.15
2024-06-07 21:00:00+03:00,10.149,9.792
2024-06-07 23:00:00+03:00,9.793,9.821
2024-06-08 01:00:00+03:00,9.821,9.821
2024-06-08 03:00:00+03:00,9.821,9.919
2024-06-08 05:00:00+03:00,9.919,9.908
2024-06-08 07:00:00+03:00,9.907,9.965
2024-06-08 09:00:00+03:00,9.965,10.071
2024-06-08 11:00:00+03:00,10.071,10.004
2024-06-08 13:00:00+03:00,10.003,9.848
2024-06-08 15:00:00+03:00,9.848,9.909
2024-06-08 17:00:00+03:00,9.909,9.99
2024-06-08 19:00:00+03:00,9.99,10.042
2024-06-08 21:00:00+03:00,10.043,9.941
2024-06-08 23:00:00+03:00,9.94,9.955
2024-06-09 01:00:00+03:00,9.955,10.052
2024-06-09 03:00:00+03:00,10.051,9.987
2024-06-09 05:00:00+03:00,9.986,9.966
2024-06-09 07:00:00+03:00,9.965,9.972
2024-06-09 09:00:00+03:00,9.973,9.979
2024-06-09 11:00:00+03:00,9.98,9.933
2024-06-09 13:00:00+03:00,9.934,9.882
2024-06-09 15:00:00+03:00,9.882,9.849
2024-06-09 17:00:00+03:00,9.849,9.772
2024-06-09 19:00:00+03:00,9.772,9.808
2024-06-09 21:00:00+03:00,9.809,9.827
2024-06-09 23:00:00+03:00,9.827,9.844
2024-06-10 01:00:00+03:00,9.844,9.821
2024-06-10 03:00:00+03:00,9.821,9.783
2024-06-10 05:00:00+03:00,9.782,9.735
2024-06-10 07:00:00+03:00,9.734,9.735
2024-06-10 09:00:00+03:00,9.735,9.628
2024-06-10 11:00:00+03:00,9.628,9.89
2024-06-10 13:00:00+03:00,9.89,9.887
2024-06-10 15:00:00+03:00,9.887,10.011
2024-06-10 17:00:00+03:00,10.012,10.66
2024-06-10 19:00:00+03:00,10.661,10.409
2024-06-10 21:00:00+03:00,10.408,10.3
2024-06-10 23:00:00+03:00,10.3,10.346
2024-06-11 01:00:00+03:00,10.345,10.351
2024-06-11 03:00:00+03:00,10.351,10.129
2024-06-11 05:00:00+03:00,10.128,9.827
2024-06-11 07:00:00+03:00,9.826,9.625
2024-06-11 09:00:00+03:00,9.625,9.428
2024-06-11 11:00:00+03:00,9.428,9.358
2024-06-11 13:00:00+03:00,9.357,9.285
2024-06-11 15:00:00+03:00,9.285,9.158
2024-06-11 17:00:00+03:00,9.158,8.907
2024-06-11 19:00:00+03:00,8.907,8.978
2024-06-11 21:00:00+03:00,8.977,9.031
2024-06-11 23:00:00+03:00,9.031,9.017
2024-06-12 01:00:00+03:00,9.017,8.97
2024-06-12 03:00:00+03:00,8.97,8.904
2024-06-12 05:00:00+03:00,8.903,9.201
2024-06-12 07:00:00+03:00,9.201,9.247
2024-06-12 09:00:00+03:00,9.247,9.487
2024-06-12 11:00:00+03:00,9.488,9.591
2024-06-12 13:00:00+03:00,9.591,9.69
2024-06-12 15:00:00+03:00,9.691,10.062
2024-06-12 17:00:00+03:00,10.062,10.241
2024-06-12 19:00:00+03:00,10.241,10.271
2024-06-12 21:00:00+03:00,10.27,9.836
2024-06-12 23:00:00+03:00,9.837,9.994
2024-06-13 01:00:00+03:00,9.995,10.081
2024-06-13 03:00:00+03:00,10.081,9.974
2024-06-13 05:00:00+03:00,9.975,9.829
2024-06-13 07:00:00+03:00,9.829,9.917
2024-06-13 09:00:00+03:00,9.918,9.87
2024-06-13 11:00:00+03:00,9.869,9.917
2024-06-13 13:00:00+03:00,9.918,9.939
2024-06-13 15:00:00+03:00,9.94,9.893
2024-06-13 17:00:00+03:00,9.894,9.819
2024-06-13 19:00:00+03:00,9.818,10.068
2024-06-13 21:00:00+03:00,10.068,10.114
2024-06-13 23:00:00+03:00,10.113,10.05
2024-06-14 01:00:00+03:00,10.05,10.156
2024-06-14 03:00:00+03:00,10.156,10.245
2024-06-14 05:00:00+03:00,10.246,10.435
2024-06-14 07:00:00+03:00,10.435,10.744
2024-06-14 09:00:00+03:00,10.743,10.658
2024-06-14 11:00:00+03:00,10.658,10.637
2024-06-14 13:00:00+03:00,10.637,10.827
2024-06-14 15:00:00+03:00,10.826,10.894
2024-06-14 17:00:00+03:00,10.895,10.62
2024-06-14 19:00:00+03:00,10.618,10.357
2024-06-14 21:00:00+03:00,10.356,10.308
2024-06-14 23:00:00+03:00,10.309,10.536
2024-06-15 01:00:00+03:00,10.537,10.424
2024-06-15 03:00:00+03:00,10.423,10.621
2024-06-15 05:00:00+03:00,10.622,10.707
2024-06-15 07:00:00+03:00,10.707,10.729
2024-06-15 09:00:00+03:00,10.731,10.958
2024-06-15 11:00:00+03:00,10.959,10.913
2024-06-15 13:00:00+03:00,10.913,10.932
2024-06-15 15:00:00+03:00,10.932,11.372
2024-06-15 17:00:00+03:00,11.373,11.543
2024-06-15 19:00:00+03:00,11.543,11.523
2024-06-15 21:00:00+03:00,11.524,11.356
2024-06-15 23:00:00+03:00,11.355,11.406
2024-06-16 01:00:00+03:00,11.405,11.516
2024-06-16 03:00:00+03:00,11.515,11.549
2024-06-16 05:00:00+03:00,11.549,11.385
2024-06-16 07:00:00+03:00,11.385,11.441
2024-06-16 09:00:00+03:00,11.442,11.486
2024-06-16 11:00:00+03:00,11.486,11.533
2024-06-16 13:00:00+03:00,11.533,11.489
2024-06-16 15:00:00+03:00,11.49,11.425
2024-06-16 17:00:00+03:00,11.425,11.48
2024-06-16 19:00:00+03:00,11.479,11.5
2024-06-16 21:00:00+03:00,11.499,11.509
2024-06-16 23:00:00+03:00,11.51,11.584
2024-06-17 01:00:00+03:00,11.585,11.98
2024-06-17 03:00:00+03:00,11.98,11.134
2024-06-17 05:00:00+03:00,11.134,11.001
2024-06-17 07:00:00+03:00,11.004,10.961
2024-06-17 09:00:00+03:00,10.962,11.013
2024-06-17 11:00:00+03:00,11.014,10.967
2024-06-17 13:00:00+03:00,10.967,10.893
2024-06-17 15:00:00+03:00,10.892,10.966
2024-06-17 17:00:00+03:00,10.965,10.727
2024-06-17 19:00:00+03:00,10.728,11.111
2024-06-17 21:00:00+03:00,11.112,10.933
2024-06-17 23:00:00+03:00,10.934,10.775
2024-06-18 01:00:00+03:00,10.775,10.602
2024-06-18 03:00:00+03:00,10.601,10.006
2024-06-18 05:00:00+03:00,10.005,10.027
2024-06-18 07:00:00+03:00,10.028,9.869
2024-06-18 09:00:00+03:00,9.868,9.877
2024-06-18 11:00:00+03:00,9.877,9.877
2024-06-18 13:00:00+03:00,9.878,9.69
2024-06-18 15:00:00+03:00,9.69,9.436
2024-06-18 17:00:00+03:00,9.435,9.523
2024-06-18 19:00:00+03:00,9.523,9.388
2024-06-18 21:00:00+03:00,9.387,9.548
2024-06-18 23:00:00+03:00,9.548,9.751
2024-06-19 01:00:00+03:00,9.751,9.76
2024-06-19 03:00:00+03:00,9.761,10.053
2024-06-19 05:00:00+03:00,10.051,10.437
2024-06-19 07:00:00+03:00,10.438,10.194
2024-06-19 09:00:00+03:00,10.195,10.37
2024-06-19 11:00:00+03:00,10.371,10.334
2024-06-19 13:00:00+03:00,10.334,10.1
2024-06-19 15:00:00+03:00,10.1,10.112
2024-06-19 17:00:00+03:00,10.113,10.0
2024-06-19 19:00:00+03:00,10.0,10.135
2024-06-19 21:00:00+03:00,10.136,10.027
2024-06-19 23:00:00+03:00,10.028,10.095
2024-06-20 01:00:00+03:00,10.094,9.948
2024-06-20 03:00:00+03:00,9.947,9.968
2024-06-20 05:00:00+03:00,9.968,9.932
2024-06-20 07:00:00+03:00,9.932,10.131
2024-06-20 09:00:00+03:00,10.131,10.115
2024-06-20 11:00:00+03:00,10.116,10.005
2024-06-20 13:00:00+03:00,10.005,10.134
2024-06-20 15:00:00+03:00,10.134,9.775
2024-06-20 17:00:00+03:00,9.775,9.942
2024-06-20 19:00:00+03:00,9.943,10.023
2024-06-20 21:00:00+03:00,10.023,10.211
2024-06-20 23:00:00+03:00,10.211,10.103
2024-06-21 01:00:00+03:00,10.103,10.023
2024-06-21 03:00:00+03:00,10.023,10.109
2024-06-21 05:00:00+03:00,10.108,9.983
2024-06-21 07:00:00+03:00,9.984,9.959
2024-06-21 09:00:00+03:00,9.958,9.844
2024-06-21 11:00:00+03:00,9.844,9.975
2024-06-21 13:00:00+03:00,9.974,10.094
2024-06-21 15:00:00+03:00,10.094,9.996
2024-06-21 17:00:00+03:00,9.994,9.994
2024-06-21 19:00:00+03:00,9.995,9.777
2024-06-21 21:00:00+03:00,9.777,9.832
2024-06-21 23:00:00+03:00,9.831,9.807
2024-06-22 01:00:00+03:00,9.808,9.8
2024-06-22 03:00:00+03:00,9.8,9.729
2024-06-22 05:00:00+03:00,9.728,9.741
2024-06-22 07:00:00+03:00,9.741,9.822
2024-06-22 09:00:00+03:00,9.823,9.99
2024-06-22 11:00:00+03:00,9.99,10.045
2024-06-22 13:00:00+03:00,10.044,9.864
2024-06-22 15:00:00+03:00,9.864,9.907
2024-06-22 17:00:00+03:00,9.907,9.93
2024-06-22 19:00:00+03:00,9.931,9.895
2024-06-22 21:00:00+03:00,9.895,9.895
2024-06-22 23:00:00+03:00,9.895,9.864
2024-06-23 01:00:00+03:00,9.864,9.832
2024-06-23 03:00:00+03:00,9.832,9.953
2024-06-23 05:00:00+03:00,9.952,9.952
2024-06-23 07:00:00+03:00,9.952,9.979
2024-06-23 09:00:00+03:00,9.98,10.007
2024-06-23 11:00:00+03:00,10.006,10.058
2024-06-23 13:00:00+03:00,10.059,10.074
2024-06-23 15:00:00+03:00,10.075,9.997
2024-06-23 17:00:00+03:00,9.997,9.985
2024-06-23 19:00:00+03:00,9.986,9.961
2024-06-23 21:00:00+03:00,9.961,9.974
2024-06-23 23:00:00+03:00,9.974,9.9
2024-06-24 01:00:00+03:00,9.9,9.767
2024-06-24 03:00:00+03:00,9.766,9.766
2024-06-24 05:00:00+03:00,9.765,9.541
2024-06-24 07:00:00+03:00,9.54,9.205
2024-06-24 09:00:00+03:00,9.206,9.209
2024-06-24 11:00:00+03:00,9.21,9.119
2024-06-24 13:00:00+03:00,9.12,9.017
2024-06-24 15:00:00+03:00,9.016,9.08
2024-06-24 17:00:00+03:00,9.082,8.835
2024-06-24 19:00:00+03:00,8.835,9.006
2024-06-24 21:00:00+03:00,9.006,8.846
2024-06-24 23:00:00+03:00,8.846,9.034
2024-06-25 01:00:00+03:00,9.034,9.32
2024-06-25 03:00:00+03:00,9.321,9.315
2024-06-25 05:00:00+03:00,9.315,9.328
2024-06-25 07:00:00+03:00,9.328,9.414
2024-06-25 09:00:00+03:00,9.412,9.421
2024-06-25 11:00:00+03:00,9.422,9.41
2024-06-25 13:00:00+03:00,9.41,9.447
2024-06-25 15:00:00+03:00,9.446,9.338
2024-06-25 17:00:00+03:00,9.338,9.425
2024-06-25 19:00:00+03:00,9.425,9.362
2024-06-25 21:00:00+03:00,9.362,9.538
2024-06-25 23:00:00+03:00,9.539,9.482
2024-06-26 01:00:00+03:00,9.482,9.5
2024-06-26 03:00:00+03:00,9.501,9.574
2024-06-26 05:00:00+03:00,9.574,9.495
2024-06-26 07:00:00+03:00,9.495,9.478
2024-06-26 09:00:00+03:00,9.478,9.469
2024-06-26 11:00:00+03:00,9.47,9.373
2024-06-26 13:00:00+03:00,9.372,9.361
2024-06-26 15:00:00+03:00,9.36,9.437
2024-06-26 17:00:00+03:00,9.437,9.319
2024-06-26 19:00:00+03:00,9.32,9.268
2024-06-26 21:00:00+03:00,9.269,9.468
2024-06-26 23:00:00+03:00,9.467,9.463
2024-06-27 01:00:00+03:00,9.463,9.389
2024-06-27 03:00:00+03:00,9.388,9.317
2024-06-27 05:00:00+03:00,9.316,9.292
2024-06-27 07:00:00+03:00,9.293,9.294
2024-06-27 09:00:00+03:00,9.295,9.206
2024-06-27 11:00:00+03:00,9.207,9.347
2024-06-27 13:00:00+03:00,9.347,9.315
2024-06-27 15:00:00+03:00,9.316,9.557
2024-06-27 17:00:00+03:00,9.558,9.448
2024-06-27 19:00:00+03:00,9.448,9.456
2024-06-27 21:00:00+03:00,9.457,9.442
2024-06-27 23:00:00+03:00,9.441,9.492
2024-06-28 01:00:00+03:00,9.492,9.501
2024-06-28 03:00:00+03:00,9.501,9.609
2024-06-28 05:00:00+03:00,9.609,9.585
2024-06-28 07:00:00+03:00,9.585,9.508
2024-06-28 09:00:00+03:00,9.507,9.513
2024-06-28 11:00:00+03:00,9.511,9.432
2024-06-28 13:00:00+03:00,9.432,9.408
2024-06-28 15:00:00+03:00,9.408,9.421
2024-06-28 17:00:00+03:00,9.422,9.367
2024-06-28 19:00:00+03:00,9.368,9.005
2024-06-28 21:00:00+03:00,9.005,9.223
2024-06-28 23:00:00+03:00,9.224,9.017
2024-06-29 01:00:00+03:00,9.018,8.997
2024-06-29 03:00:00+03:00,8.998,9.017
2024-06-29 05:00:00+03:00,9.018,9.037
2024-06-29 07:00:00+03:00,9.037,8.97
2024-06-29 09:00:00+03:00,8.969,9.051
2024-06-29 11:00:00+03:00,9.05,8.977
2024-06-29 13:00:00+03:00,8.977,8.949
2024-06-29 15:00:00+03:00,8.949,8.894
2024-06-29 17:00:00+03:00,8.894,8.996
2024-06-29 19:00:00+03:00,8.996,8.918
2024-06-29 21:00:00+03:00,8.917,8.928
2024-06-29 23:00:00+03:00,8.929,8.882
2024-06-30 01:00:00+03:00,8.881,8.852
2024-06-30 03:00:00+03:00,8.852,8.841
2024-06-30 05:00:00+03:00,8.842,8.869
2024-06-30 07:00:00+03:00,8.868,8.873
2024-06-30 09:00:00+03:00,8.872,8.971
2024-06-30 11:00:00+03:00,8.972,8.964
2024-06-30 13:00:00+03:00,8.963,8.986
2024-06-30 15:00:00+03:00,8.986,9.046
2024-06-30 17:00:00+03:00,9.045,9.172
2024-06-30 19:00:00+03:00,9.173,9.161
2024-06-30 21:00:00+03:00,9.161,9.202
2024-06-30 23:00:00+03:00,9.202,9.162
2024-07-01 01:00:00+03:00,9.161,9.291
2024-07-01 03:00:00+03:00,9.291,9.495
2024-07-01 05:00:00+03:00,9.496,9.502
2024-07-01 07:00:00+03:00,9.503,9.409
2024-07-01 09:00:00+03:00,9.409,9.372
2024-07-01 11:00:00+03:00,9.372,9.353
2024-07-01 13:00:00+03:00,9.353,9.218
2024-07-01 15:00:00+03:00,9.218,9.159
2024-07-01 17:00:00+03:00,9.158,9.259
2024-07-01 19:00:00+03:00,9.259,9.4
2024-07-01 21:00:00+03:00,9.402,9.369
2024-07-01 23:00:00+03:00,9.367,9.266
2024-07-02 01:00:00+03:00,9.267,9.143
2024-07-02 03:00:00+03:00,9.143,9.106
2024-07-02 05:00:00+03:00,9.106,9.147
2024-07-02 07:00:00+03:00,9.147,9.193
2024-07-02 09:00:00+03:00,9.193,9.053
2024-07-02 11:00:00+03:00,9.053,8.988
2024-07-02 13:00:00+03:00,8.987,9.003
2024-07-02 15:00:00+03:00,9.003,8.963
2024-07-02 17:00:00+03:00,8.962,9.003
2024-07-02 19:00:00+03:00,9.003,8.94
2024-07-02 21:00:00+03:00,8.939,8.962
2024-07-02 23:00:00+03:00,8.962,8.945
2024-07-03 01:00:00+03:00,8.945,8.994
2024-07-03 03:00:00+03:00,8.995,9.009
2024-07-03 05:00:00+03:00,9.008,8.862
2024-07-03 07:00:00+03:00,8.863,8.845
2024-07-03 09:00:00+03:00,8.845,8.866
2024-07-03 11:00:00+03:00,8.866,8.879
2024-07-03 13:00:00+03:00,8.879,8.6
2024-07-03 15:00:00+03:00,8.599,8.662
2024-07-03 17:00:00+03:00,8.662,8.634
2024-07-03 19:00:00+03:00,8.634,8.636
2024-07-03 21:00:00+03:00,8.637,8.467
2024-07-03 23:00:00+03:00,8.465,8.542
2024-07-04 01:00:00+03:00,8.541,8.517
2024-07-04 03:00:00+03:00,8.517,8.129
2024-07-04 05:00:00+03:00,8.128,8.287
2024-07-04 07:00:00+03:00,8.287,8.219
2024-07-04 09:00:00+03:00,8.22,8.077
2024-07-04 11:00:00+03:00,8.078,8.062
2024-07-04 13:00:00+03:00,8.061,8.055
2024-07-04 15:00:00+03:00,8.056,7.929
2024-07-04 17:00:00+03:00,7.929,8.031
2024-07-04 19:00:00+03:00,8.031,7.97
2024-07-04 21:00:00+03:00,7.97,7.854
2024-07-04 23:00:00+03:00,7.854,7.975
2024-07-05 01:00:00+03:00,7.974,7.626
2024-07-05 03:00:00+03:00,7.625,7.522
2024-07-05 05:00:00+03:00,7.522,6.964
2024-07-05 07:00:00+03:00,6.963,7.113
2024-07-05 09:00:00+03:00,7.112,7.081
2024-07-05 11:00:00+03:00,7.079,7.052
2024-07-05 13:00:00+03:00,7.051,7.407
2024-07-05 15:00:00+03:00,7.407,7.525
2024-07-05 17:00:00+03:00,7.525,7.726
2024-07-05 19:00:00+03:00,7.727,7.752
2024-07-05 21:00:00+03:00,7.751,7.757
2024-07-05 23:00:00+03:00,7.756,7.754
2024-07-06 01:00:00+03:00,7.754,7.771
2024-07-06 03:00:00+03:00,7.77,7.718
2024-07-06 05:00:00+03:00,7.719,7.725
2024-07-06 07:00:00+03:00,7.727,7.713
2024-07-06 09:00:00+03:00,7.714,7.836
2024-07-06 11:00:00+03:00,7.835,7.865
2024-07-06 13:00:00+03:00,7.865,7.854
2024-07-06 15:00:00+03:00,7.855,7.86
2024-07-06 17:00:00+03:00,7.859,7.955
2024-07-06 19:00:00+03:00,7.955,8.204
2024-07-06 21:00:00+03:00,8.204,8.096
2024-07-06 23:00:00+03:00,8.096,8.204
2024-07-07 01:00:00+03:00,8.205,8.184
2024-07-07 03:00:00+03:00,8.183,8.092
2024-07-07 05:00:00+03:00,8.091,8.09
2024-07-07 07:00:00+03:00,8.09,8.006
2024-07-07 09:00:00+03:00,8.007,7.943
2024-07-07 11:00:00+03:00,7.942,7.966
2024-07-07 13:00:00+03:00,7.966,7.961
2024-07-07 15:00:00+03:00,7.961,7.772
2024-07-07 17:00:00+03:00,7.772,7.808
2024-07-07 19:00:00+03:00,7.808,7.917
2024-07-07 21:00:00+03:00,7.917,7.85
2024-07-07 23:00:00+03:00,7.85,7.747
2024-07-08 01:00:00+03:00,7.748,7.643
2024-07-08 03:00:00+03:00,7.643,7.438
2024-07-08 05:00:00+03:00,7.438,7.508
2024-07-08 07:00:00+03:00,7.507,7.658
2024-07-08 09:00:00+03:00,7.658,7.703
2024-07-08 11:00:00+03:00,7.704,8.129
2024-07-08 13:00:00+03:00,8.128,8.125
2024-07-08 15:00:00+03:00,8.125,8.049
2024-07-08 17:00:00+03:00,8.05,7.901
2024-07-08 19:00:00+03:00,7.9,7.961
2024-07-08 21:00:00+03:00,7.962,8.015
2024-07-08 23:00:00+03:00,8.017,8.016
2024-07-09 01:00:00+03:00,8.014,8.029
2024-07-09 03:00:00+03:00,8.029,8.037
2024-07-09 05:00:00+03:00,8.038,8.129
2024-07-09 07:00:00+03:00,8.13,8.144
2024-07-09 09:00:00+03:00,8.144,8.149
2024-07-09 11:00:00+03:00,8.15,8.153
2024-07-09 13:00:00+03:00,8.154,8.138
2024-07-09 15:00:00+03:00,8.136,8.064
2024-07-09 17:00:00+03:00,8.065,8.076
2024-07-09 19:00:00+03:00,8.076,8.107
2024-07-09 21:00:00+03:00,8.107,8.128
2024-07-09 23:00:00+03:00,8.128,8.056
2024-07-10 01:00:00+03:00,8.057,8.168
2024-07-10 03:00:00+03:00,8.168,8.061
2024-07-10 05:00:00+03:00,8.061,8.122
2024-07-10 07:00:00+03:00,8.123,8.231
2024-07-10 09:00:00+03:00,8.23,8.119
2024-07-10 11:00:00+03:00,8.119,8.105
2024-07-10 13:00:00+03:00,8.106,8.085
2024-07-10 15:00:00+03:00,8.086,8.06
2024-07-10 17:00:00+03:00,8.061,8.093
2024-07-10 19:00:00+03:00,8.092,8.072
2024-07-10 21:00:00+03:00,8.072,8.062
2024-07-10 23:00:00+03:00,8.063,8.022
2024-07-11 01:00:00+03:00,8.021,8.022
2024-07-11 03:00:00+03:00,8.023,8.065
2024-07-11 05:00:00+03:00,8.065,7.916
2024-07-11 07:00:00+03:00,7.916,7.966
2024-07-11 09:00:00+03:00,7.967,7.983
2024-07-11 11:00:00+03:00,7.984,7.996
2024-07-11 13:00:00+03:00,7.996,7.999
2024-07-11 15:00:00+03:00,8.0,8.115
2024-07-11 17:00:00+03:00,8.116,7.829
2024-07-11 19:00:00+03:00,7.828,7.944
2024-07-11 21:00:00+03:00,7.946,7.901
2024-07-11 23:00:00+03:00,7.901,7.867
2024-07-12 01:00:00+03:00,7.866,7.824
2024-07-12 03:00:00+03:00,7.825,7.88
2024-07-12 05:00:00+03:00,7.879,7.857
2024-07-12 07:00:00+03:00,7.857,7.826
2024-07-12 09:00:00+03:00,7.828,7.811
2024-07-12 11:00:00+03:00,7.811,7.751
2024-07-12 13:00:00+03:00,7.751,7.797
2024-07-12 15:00:00+03:00,7.797,7.984
2024-07-12 17:00:00+03:00,7.985,8.123
2024-07-12 19:00:00+03:00,8.124,8.178
2024-07-12 21:00:00+03:00,8.178,8.087
2024-07-12 23:00:00+03:00,8.086,8.056
2024-07-13 01:00:00+03:00,8.055,8.112
2024-07-13 03:00:00+03:00,8.113,8.114
2024-07-13 05:00:00+03:00,8.115,8.116
2024-07-13 07:00:00+03:00,8.117,8.133
2024-07-13 09:00:00+03:00,8.133,8.194
2024-07-13 11:00:00+03:00,8.195,8.221
2024-07-13 13:00:00+03:00,8.221,8.236
2024-07-13 15:00:00+03:00,8.237,8.141
2024-07-13 17:00:00+03:00,8.14,8.173
2024-07-13 19:00:00+03:00,8.173,8.129
2024-07-13 21:00:00+03:00,8.13,8.122
2024-07-13 23:00:00+03:00,8.122,8.112
2024-07-14 01:00:00+03:00,8.111,8.152
2024-07-14 03:00:00+03:00,8.151,8.204
2024-07-14 05:00:00+03:00,8.203,8.171
2024-07-14 07:00:00+03:00,8.171,8.389
2024-07-14 09:00:00+03:00,8.387,8.33
2024-07-14 11:00:00+03:00,8.329,8.391
2024-07-14 13:00:00+03:00,8.391,8.286
2024-07-14 15:00:00+03:00,8.287,8.165
2024-07-14 17:00:00+03:00,8.165,8.217
2024-07-14 19:00:00+03:00,8.216,8.171
2024-07-14 21:00:00+03:00,8.171,8.178
2024-07-14 23:00:00+03:00,8.178,8.395
2024-07-15 01:00:00+03:00,8.395,8.417
2024-07-15 03:00:00+03:00,8.417,8.434
2024-07-15 05:00:00+03:00,8.432,8.494
2024-07-15 07:00:00+03:00,8.494,8.432
2024-07-15 09:00:00+03:00,8.433,8.435
2024-07-15 11:00:00+03:00,8.434,8.313
2024-07-15 13:00:00+03:00,8.313,8.395
2024-07-15 15:00:00+03:00,8.394,8.404
2024-07-15 17:00:00+03:00,8.403,8.375
2024-07-15 19:00:00+03:00,8.375,8.374
2024-07-15 21:00:00+03:00,8.376,8.413
2024-07-15 23:00:00+03:00,8.413,8.463
2024-07-16 01:00:00+03:00,8.463,8.585
2024-07-16 03:00:00+03:00,8.586,8.631
2024-07-16 05:00:00+03:00,8.629,8.585
2024-07-16 07:00:00+03:00,8.586,8.237
2024-07-16 09:00:00+03:00,8.237,8.032
2024-07-16 11:00:00+03:00,8.032,8.037
2024-07-16 13:00:00+03:00,8.036,8.076
2024-07-16 15:00:00+03:00,8.076,8.008
2024-07-16 17:00:00+03:00,8.008,8.334
2024-07-16 19:00:00+03:00,8.334,8.248
2024-07-16 21:00:00+03:00,8.249,8.214
2024-07-16 23:00:00+03:00,8.213,8.14
2024-07-17 01:00:00+03:00,8.14,8.165
2024-07-17 03:00:00+03:00,8.165,8.273
2024-07-17 05:00:00+03:00,8.273,8.232
2024-07-17 07:00:00+03:00,8.233,8.268
2024-07-17 09:00:00+03:00,8.268,8.277
2024-07-17 11:00:00+03:00,8.278,8.253
2024-07-17 13:00:00+03:00,8.253,8.097
2024-07-17 15:00:00+03:00,8.097,8.17
2024-07-17 17:00:00+03:00,8.17,8.065
2024-07-17 19:00:00+03:00,8.064,7.94
2024-07-17 21:00:00+03:00,7.941,8.031
2024-07-17 23:00:00+03:00,8.03,7.993
2024-07-18 01:00:00+03:00,7.995,7.917
2024-07-18 03:00:00+03:00,7.917,8.009
2024-07-18 05:00:00+03:00,8.008,8.017
2024-07-18 07:00:00+03:00,8.018,7.968
2024-07-18 09:00:00+03:00,7.967,7.927
2024-07-18 11:00:00+03:00,7.927,7.937
2024-07-18 13:00:00+03:00,7.937,8.002
2024-07-18 15:00:00+03:00,8.002,7.946
2024-07-18 17:00:00+03:00,7.946,7.687
2024-07-18 19:00:00+03:00,7.686,7.729
2024-07-18 21:00:00+03:00,7.729,7.742
2024-07-18 23:00:00+03:00,7.742,7.805
2024-07-19 01:00:00+03:00,7.805,7.833
2024-07-19 03:00:00+03:00,7.833,7.806
2024-07-19 05:00:00+03:00,7.805,7.88
2024-07-19 07:00:00+03:00,7.88,7.83
2024-07-19 09:00:00+03:00,7.829,7.73
2024-07-19 11:00:00+03:00,7.73,7.71
2024-07-19 13:00:00+03:00,7.709,7.79
2024-07-19 15:00:00+03:00,7.791,7.891
2024-07-19 17:00:00+03:00,7.891,7.929
2024-07-19 19:00:00+03:00,7.928,7.967
2024-07-19 21:00:00+03:00,7.966,7.908
2024-07-19 23:00:00+03:00,7.907,7.943
2024-07-20 01:00:00+03:00,7.943,7.99
2024-07-20 03:00:00+03:00,7.989,7.901
2024-07-20 05:00:00+03:00,7.9,7.955
2024-07-20 07:00:00+03:00,7.955,7.982
2024-07-20 09:00:00+03:00,7.983,7.957
2024-07-20 11:00:00+03:00,7.957,7.888
2024-07-20 13:00:00+03:00,7.888,7.879
2024-07-20 15:00:00+03:00,7.88,7.876
2024-07-20 17:00:00+03:00,7.878,7.993
2024-07-20 19:00:00+03:00,7.994,8.013
2024-07-20 21:00:00+03:00,8.012,7.974
2024-07-20 23:00:00+03:00,7.974,7.972
2024-07-21 01:00:00+03:00,7.972,8.007
2024-07-21 03:00:00+03:00,8.007,7.996
2024-07-21 05:00:00+03:00,7.996,8.074
2024-07-21 07:00:00+03:00,8.074,8.022
2024-07-21 09:00:00+03:00,8.021,7.887
2024-07-21 11:00:00+03:00,7.887,7.975
2024-07-21 13:00:00+03:00,7.975,7.916
2024-07-21 15:00:00+03:00,7.917,7.885
2024-07-21 17:00:00+03:00,7.885,7.97
2024-07-21 19:00:00+03:00,7.97,7.88
2024-07-21 21:00:00+03:00,7.881,7.939
2024-07-21 23:00:00+03:00,7.938,8.088
2024-07-22 01:00:00+03:00,8.087,8.123
2024-07-22 03:00:00+03:00,8.123,8.047
2024-07-22 05:00:00+03:00,8.047,7.993
2024-07-22 07:00:00+03:00,7.992,7.901
2024-07-22 09:00:00+03:00,7.9,7.924
2024-07-22 11:00:00+03:00,7.924,7.964
2024-07-22 13:00:00+03:00,7.964,7.977
2024-07-22 15:00:00+03:00,7.978,7.894
2024-07-22 17:00:00+03:00,7.894,7.909
2024-07-22 19:00:00+03:00,7.909,7.938
2024-07-22 21:00:00+03:00,7.937,7.992
2024-07-22 23:00:00+03:00,7.991,7.886
2024-07-23 01:00:00+03:00,7.887,7.808
2024-07-23 03:00:00+03:00,7.808,7.966
2024-07-23 05:00:00+03:00,7.967,7.884
2024-07-23 07:00:00+03:00,7.882,7.731
2024-07-23 09:00:00+03:00,7.73,7.696
2024-07-23 11:00:00+03:00,7.697,7.853
2024-07-23 13:00:00+03:00,7.853,7.922
2024-07-23 15:00:00+03:00,7.921,7.757
2024-07-23 17:00:00+03:00,7.756,7.836
2024-07-23 19:00:00+03:00,7.836,7.707
2024-07-23 21:00:00+03:00,7.707,7.75
2024-07-23 23:00:00+03:00,7.748,7.709
2024-07-24 01:00:00+03:00,7.708,7.705
2024-07-24 03:00:00+03:00,7.704,7.633
2024-07-24 05:00:00+03:00,7.634,7.681
2024-07-24 07:00:00+03:00,7.681,7.567
2024-07-24 09:00:00+03:00,7.568,7.608
2024-07-24 11:00:00+03:00,7.608,7.619
2024-07-24 13:00:00+03:00,7.62,7.662
2024-07-24 15:00:00+03:00,7.663,7.617
2024-07-24 17:00:00+03:00,7.616,7.545
2024-07-24 19:00:00+03:00,7.545,7.602
2024-07-24 21:00:00+03:00,7.601,7.467
2024-07-24 23:00:00+03:00,7.468,7.416
2024-07-25 01:00:00+03:00,7.417,7.418
2024-07-25 03:00:00+03:00,7.417,7.229
2024-07-25 05:00:00+03:00,7.228,7.182
2024-07-25 07:00:00+03:00,7.182,7.182
2024-07-25 09:00:00+03:00,7.181,7.168
2024-07-25 11:00:00+03:00,7.169,7.187
2024-07-25 13:00:00+03:00,7.188,7.17
2024-07-25 15:00:00+03:00,7.171,7.164
2024-07-25 17:00:00+03:00,7.164,7.227
2024-07-25 19:00:00+03:00,7.228,7.299
2024-07-25 21:00:00+03:00,7.299,7.148
2024-07-25 23:00:00+03:00,7.149,7.274
2024-07-26 01:00:00+03:00,7.273,7.285
2024-07-26 03:00:00+03:00,7.285,7.327
2024-07-26 05:00:00+03:00,7.327,7.433
2024-07-26 07:00:00+03:00,7.432,7.61
2024-07-26 09:00:00+03:00,7.61,7.606
2024-07-26 11:00:00+03:00,7.607,7.636
2024-07-26 13:00:00+03:00,7.635,7.581
2024-07-26 15:00:00+03:00,7.581,7.615
2024-07-26 17:00:00+03:00,7.615,7.61
2024-07-26 19:00:00+03:00,7.609,7.605
2024-07-26 21:00:00+03:00,7.604,7.659
2024-07-26 23:00:00+03:00,7.66,7.652
2024-07-27 01:00:00+03:00,7.652,7.672
2024-07-27 03:00:00+03:00,7.671,7.598
2024-07-27 05:00:00+03:00,7.598,7.663
2024-07-27 07:00:00+03:00,7.663,7.661
2024-07-27 09:00:00+03:00,7.66,7.715
2024-07-27 11:00:00+03:00,7.715,7.743
2024-07-27 13:00:00+03:00,7.743,7.775
2024-07-27 15:00:00+03:00,7.774,7.841
2024-07-27 17:00:00+03:00,7.841,7.74
2024-07-27 19:00:00+03:00,7.741,7.661
2024-07-27 21:00:00+03:00,7.662,7.687
2024-07-27 23:00:00+03:00,7.687,7.743
2024-07-28 01:00:00+03:00,7.744,7.667
2024-07-28 03:00:00+03:00,7.666,7.607
2024-07-28 05:00:00+03:00,7.608,7.556
2024-07-28 07:00:00+03:00,7.556,7.506
2024-07-28 09:00:00+03:00,7.506,7.552
2024-07-28 11:00:00+03:00,7.553,7.547
2024-07-28 13:00:00+03:00,7.548,7.584
2024-07-28 15:00:00+03:00,7.583,7.63
2024-07-28 17:00:00+03:00,7.631,7.558
2024-07-28 19:00:00+03:00,7.558,7.544
2024-07-28 21:00:00+03:00,7.545,7.539
2024-07-28 23:00:00+03:00,7.539,7.514
2024-07-29 01:00:00+03:00,7.515,7.529
2024-07-29 03:00:00+03:00,7.529,7.572
2024-07-29 05:00:00+03:00,7.572,7.713
2024-07-29 07:00:00+03:00,7.713,7.785
2024-07-29 09:00:00+03:00,7.786,7.829
2024-07-29 11:00:00+03:00,7.83,7.841
2024-07-29 13:00:00+03:00,7.84,7.763
2024-07-29 15:00:00+03:00,7.763,7.799
2024-07-29 17:00:00+03:00,7.799,7.777
2024-07-29 19:00:00+03:00,7.777,7.767
2024-07-29 21:00:00+03:00,7.765,7.73
2024-07-29 23:00:00+03:00,7.73,7.715
2024-07-30 01:00:00+03:00,7.717,7.676
2024-07-30 03:00:00+03:00,7.677,7.627
2024-07-30 05:00:00+03:00,7.627,7.649
2024-07-30 07:00:00+03:00,7.648,7.595
2024-07-30 09:00:00+03:00,7.595,7.656
2024-07-30 11:00:00+03:00,7.656,7.581
2024-07-30 13:00:00+03:00,7.58,7.582
2024-07-30 15:00:00+03:00,7.581,7.546
2024-07-30 17:00:00+03:00,7.545,7.542
2024-07-30 19:00:00+03:00,7.54,7.42
2024-07-30 21:00:00+03:00,7.419,7.388
2024-07-30 23:00:00+03:00,7.388,7.384
2024-07-31 01:00:00+03:00,7.384,7.387
2024-07-31 03:00:00+03:00,7.387,7.428
2024-07-31 05:00:00+03:00,7.428,7.402
2024-07-31 07:00:00+03:00,7.401,7.387
2024-07-31 09:00:00+03:00,7.387,7.408
2024-07-31 11:00:00+03:00,7.407,7.386
2024-07-31 13:00:00+03:00,7.385,7.375
2024-07-31 15:00:00+03:00,7.374,7.397
2024-07-31 17:00:00+03:00,7.397,7.311
2024-07-31 19:00:00+03:00,7.312,7.311
2024-07-31 21:00:00+03:00,7.311,7.185
2024-07-31 23:00:00+03:00,7.184,7.206
2024-08-01 01:00:00+03:00,7.207,7.166
2024-08-01 03:00:00+03:00,7.166,7.216
2024-08-01 05:00:00+03:00,7.216,7.148
2024-08-01 07:00:00+03:00,7.148,7.081
2024-08-01 09:00:00+03:00,7.081,7.047
2024-08-01 11:00:00+03:00,7.046,7.094
2024-08-01 13:00:00+03:00,7.093,7.178
2024-08-01 15:00:00+03:00,7.178,7.154
2024-08-01 17:00:00+03:00,7.154,7.077
2024-08-01 19:00:00+03:00,7.077,7.053
2024-08-01 21:00:00+03:00,7.054,7.001
2024-08-01 23:00:00+03:00,7.001,7.108
2024-08-02 01:00:00+03:00,7.109,7.178
2024-08-02 03:00:00+03:00,7.178,7.137
2024-08-02 05:00:00+03:00,7.138,7.109
2024-08-02 07:00:00+03:00,7.11,7.059
2024-08-02 09:00:00+03:00,7.06,7.104
2024-08-02 11:00:00+03:00,7.103,7.063
2024-08-02 13:00:00+03:00,7.064,7.063
2024-08-02 15:00:00+03:00,7.062,7.074
2024-08-02 17:00:00+03:00,7.072,6.714
2024-08-02 19:00:00+03:00,6.715,6.639
2024-08-02 21:00:00+03:00,6.638,6.617
2024-08-02 23:00:00+03:00,6.617,6.645
2024-08-03 01:00:00+03:00,6.644,6.608
2024-08-03 03:00:00+03:00,6.608,6.593
2024-08-03 05:00:00+03:00,6.592,6.648
2024-08-03 07:00:00+03:00,6.648,6.684
2024-08-03 09:00:00+03:00,6.683,6.669
2024-08-03 11:00:00+03:00,6.668,6.681
2024-08-03 13:00:00+03:00,6.68,6.713
2024-08-03 15:00:00+03:00,6.713,6.69
2024-08-03 17:00:00+03:00,6.69,6.573
2024-08-03 19:00:00+03:00,6.573,6.507
2024-08-03 21:00:00+03:00,6.507,6.501
2024-08-03 23:00:00+03:00,6.502,6.542
2024-08-04 01:00:00+03:00,6.542,6.623
2024-08-04 03:00:00+03:00,6.623,6.61
2024-08-04 05:00:00+03:00,6.609,6.627
2024-08-04 07:00:00+03:00,6.626,6.647
2024-08-04 09:00:00+03:00,6.646,6.598
2024-08-04 11:00:00+03:00,6.598,6.521
2024-08-04 13:00:00+03:00,6.521,6.53
2024-08-04 15:00:00+03:00,6.529,6.515
2024-08-04 17:00:00+03:00,6.515,6.216
2024-08-04 19:00:00+03:00,6.217,6.097
2024-08-04 21:00:00+03:00,6.098,6.281
2024-08-04 23:00:00+03:00,6.28,6.25
2024-08-05 01:00:00+03:00,6.25,6.145
2024-08-05 03:00:00+03:00,6.144,5.316
2024-08-05 05:00:00+03:00,5.315,5.301
2024-08-05 07:00:00+03:00,5.301,5.284
2024-08-05 09:00:00+03:00,5.285,5.195
2024-08-05 11:00:00+03:00,5.195,5.112
2024-08-05 13:00:00+03:00,5.112,4.937
2024-08-05 15:00:00+03:00,4.937,5.199
2024-08-05 17:00:00+03:00,5.2,5.383
2024-08-05 19:00:00+03:00,5.382,5.354
2024-08-05 21:00:00+03:00,5.355,5.267
2024-08-05 23:00:00+03:00,5.267,5.351
2024-08-06 01:00:00+03:00,5.351,5.361
2024-08-06 03:00:00+03:00,5.361,5.698
2024-08-06 05:00:00+03:00,5.699,5.647
2024-08-06 07:00:00+03:00,5.648,5.756
2024-08-06 09:00:00+03:00,5.755,5.799
2024-08-06 11:00:00+03:00,5.798,5.626
2024-08-06 13:00:00+03:00,5.627,5.632
2024-08-06 15:00:00+03:00,5.632,5.652
2024-08-06 17:00:00+03:00,5.652,5.812
2024-08-06 19:00:00+03:00,5.813,5.791
2024-08-06 21:00:00+03:00,5.791,5.813
2024-08-06 23:00:00+03:00,5.812,5.8
2024-08-07 01:00:00+03:00,5.8,5.782
2024-08-07 03:00:00+03:00,5.783,5.92
2024-08-07 05:00:00+03:00,5.919,5.907
2024-08-07 07:00:00+03:00,5.904,5.887
2024-08-07 09:00:00+03:00,5.887,5.899
2024-08-07 11:00:00+03:00,5.898,5.925
2024-08-07 13:00:00+03:00,5.925,5.837
2024-08-07 15:00:00+03:00,5.838,5.8
2024-08-07 17:00:00+03:00,5.8,5.695
2024-08-07 19:00:00+03:00,5.695,5.639
2024-08-07 21:00:00+03:00,5.64,5.609
2024-08-07 23:00:00+03:00,5.61,5.642
2024-08-08 01:00:00+03:00,5.641,5.657
2024-08-08 03:00:00+03:00,5.658,5.864
2024-08-08 05:00:00+03:00,5.863,5.872
2024-08-08 07:00:00+03:00,5.872,5.976
2024-08-08 09:00:00+03:00,5.976,5.901
2024-08-08 11:00:00+03:00,5.902,5.919
2024-08-08 13:00:00+03:00,5.92,5.873
2024-08-08 15:00:00+03:00,5.873,5.894
2024-08-08 17:00:00+03:00,5.893,5.991
2024-08-08 19:00:00+03:00,5.992,6.061
2024-08-08 21:00:00+03:00,6.061,6.029
2024-08-08 23:00:00+03:00,6.029,6.171
2024-08-09 01:00:00+03:00,6.172,6.278
2024-08-09 03:00:00+03:00,6.279,6.215
2024-08-09 05:00:00+03:00,6.215,6.215
2024-08-09 07:00:00+03:00,6.214,6.176
2024-08-09 09:00:00+03:00,6.176,6.199
2024-08-09 11:00:00+03:00,6.198,6.182
2024-08-09 13:00:00+03:00,6.182,6.168
2024-08-09 15:00:00+03:00,6.168,6.086
2024-08-09 17:00:00+03:00,6.086,5.982
2024-08-09 19:00:00+03:00,5.981,6.118
2024-08-09 21:00:00+03:00,6.117,6.125
2024-08-09 23:00:00+03:00,6.125,6.115
2024-08-10 01:00:00+03:00,6.115,6.139
2024-08-10 03:00:00+03:00,6.14,6.108
2024-08-10 05:00:00+03:00,6.108,6.119
2024-08-10 07:00:00+03:00,6.119,6.114
2024-08-10 09:00:00+03:00,6.115,6.174
2024-08-10 11:00:00+03:00,6.174,6.176
2024-08-10 13:00:00+03:00,6.176,6.223
2024-08-10 15:00:00+03:00,6.223,6.172
2024-08-10 17:00:00+03:00,6.171,6.197
2024-08-10 19:00:00+03:00,6.197,6.215
2024-08-10 21:00:00+03:00,6.216,6.216
2024-08-10 23:00:00+03:00,6.217,6.211
2024-08-11 01:00:00+03:00,6.211,6.184
2024-08-11 03:00:00+03:00,6.185,6.233
2024-08-11 05:00:00+03:00,6.234,6.243
2024-08-11 07:00:00+03:00,6.244,6.236
2024-08-11 09:00:00+03:00,6.236,6.283
2024-08-11 11:00:00+03:00,6.283,6.334
2024-08-11 13:00:00+03:00,6.335,6.236
2024-08-11 15:00:00+03:00,6.235,6.179
2024-08-11 17:00:00+03:00,6.178,6.069
2024-08-11 19:00:00+03:00,6.07,6.119
2024-08-11 21:00:00+03:00,6.118,5.998
2024-08-11 23:00:00+03:00,5.998,5.954
2024-08-12 01:00:00+03:00,5.953,5.902
2024-08-12 03:00:00+03:00,5.901,5.938
2024-08-12 05:00:00+03:00,5.939,5.933
2024-08-12 07:00:00+03:00,5.933,5.952
2024-08-12 09:00:00+03:00,5.951,5.982
2024-08-12 11:00:00+03:00,5.982,6.067
2024-08-12 13:00:00+03:00,6.067,6.231
2024-08-12 15:00:00+03:00,6.231,6.043
2024-08-12 17:00:00+03:00,6.044,6.2
2024-08-12 19:00:00+03:00,6.2,6.133
2024-08-12 21:00:00+03:00,6.134,6.083
2024-08-12 23:00:00+03:00,6.084,6.106
2024-08-13 01:00:00+03:00,6.106,6.235
2024-08-13 03:00:00+03:00,6.234,6.271
2024-08-13 05:00:00+03:00,6.27,6.145
2024-08-13 07:00:00+03:00,6.146,6.178
2024-08-13 09:00:00+03:00,6.179,6.144
2024-08-13 11:00:00+03:00,6.143,6.129
2024-08-13 13:00:00+03:00,6.128,6.139
2024-08-13 15:00:00+03:00,6.138,6.227
2024-08-13 17:00:00+03:00,6.228,6.22
2024-08-13 19:00:00+03:00,6.219,6.375
2024-08-13 21:00:00+03:00,6.374,6.317
2024-08-13 23:00:00+03:00,6.317,6.377
2024-08-14 01:00:00+03:00,6.376,6.34
2024-08-14 03:00:00+03:00,6.341,6.26
2024-08-14 05:00:00+03:00,6.261,6.334
2024-08-14 07:00:00+03:00,6.334,6.39
2024-08-14 09:00:00+03:00,6.389,6.47
2024-08-14 11:00:00+03:00,6.47,6.432
2024-08-14 13:00:00+03:00,6.431,6.431
2024-08-14 15:00:00+03:00,6.43,6.291
2024-08-14 17:00:00+03:00,6.291,6.369
2024-08-14 19:00:00+03:00,6.369,6.378
2024-08-14 21:00:00+03:00,6.378,6.366
2024-08-14 23:00:00+03:00,6.366,6.346
2024-08-15 01:00:00+03:00,6.346,6.433
2024-08-15 03:00:00+03:00,6.433,6.312
2024-08-15 05:00:00+03:00,6.314,6.303
2024-08-15 07:00:00+03:00,6.303,6.254
2024-08-15 09:00:00+03:00,6.255,6.251
2024-08-15 11:00:00+03:00,6.251,6.277
2024-08-15 13:00:00+03:00,6.277,6.315
2024-08-15 15:00:00+03:00,6.315,6.35
2024-08-15 17:00:00+03:00,6.349,6.391
2024-08-15 19:00:00+03:00,6.39,6.23
2024-08-15 21:00:00+03:00,6.231,6.118
2024-08-15 23:00:00+03:00,6.118,6.174
2024-08-16 01:00:00+03:00,6.174,6.204
2024-08-16 03:00:00+03:00,6.204,6.274
2024-08-16 05:00:00+03:00,6.275,6.292
2024-08-16 07:00:00+03:00,6.292,6.341
2024-08-16 09:00:00+03:00,6.341,6.387
2024-08-16 11:00:00+03:00,6.387,6.458
2024-08-16 13:00:00+03:00,6.458,6.427
2024-08-16 15:00:00+03:00,6.427,6.373
2024-08-16 17:00:00+03:00,6.372,6.306
2024-08-16 19:00:00+03:00,6.305,6.45
2024-08-16 21:00:00+03:00,6.45,6.548
2024-08-16 23:00:00+03:00,6.549,6.496
2024-08-17 01:00:00+03:00,6.497,6.493
2024-08-17 03:00:00+03:00,6.492,6.452
2024-08-17 05:00:00+03:00,6.452,6.529
2024-08-17 07:00:00+03:00,6.53,6.477
2024-08-17 09:00:00+03:00,6.478,6.447
2024-08-17 11:00:00+03:00,6.447,6.429
2024-08-17 13:00:00+03:00,6.428,6.406
2024-08-17 15:00:00+03:00,6.405,6.398
2024-08-17 17:00:00+03:00,6.399,6.332
2024-08-17 19:00:00+03:00,6.332,6.371
2024-08-17 21:00:00+03:00,6.371,6.417
2024-08-17 23:00:00+03:00,6.417,6.385
2024-08-18 01:00:00+03:00,6.385,6.414
2024-08-18 03:00:00+03:00,6.413,6.368
2024-08-18 05:00:00+03:00,6.367,6.353
2024-08-18 07:00:00+03:00,6.353,6.351
2024-08-18 09:00:00+03:00,6.351,6.304
2024-08-18 11:00:00+03:00,6.303,6.374
2024-08-18 13:00:00+03:00,6.373,6.39
2024-08-18 15:00:00+03:00,6.391,6.341
2024-08-18 17:00:00+03:00,6.34,6.339
2024-08-18 19:00:00+03:00,6.34,6.293
2024-08-18 21:00:00+03:00,6.291,6.218
2024-08-18 23:00:00+03:00,6.217,6.202
2024-08-19 01:00:00+03:00,6.202,6.165
2024-08-19 03:00:00+03:00,6.167,6.201
2024-08-19 05:00:00+03:00,6.201,6.244
2024-08-19 07:00:00+03:00,6.244,6.219
2024-08-19 09:00:00+03:00,6.219,6.179
2024-08-19 11:00:00+03:00,6.178,6.147
2024-08-19 13:00:00+03:00,6.147,6.156
2024-08-19 15:00:00+03:00,6.155,6.095
2024-08-19 17:00:00+03:00,6.096,6.07
2024-08-19 19:00:00+03:00,6.07,6.13
2024-08-19 21:00:00+03:00,6.13,6.166
2024-08-19 23:00:00+03:00,6.166,6.173
2024-08-20 01:00:00+03:00,6.174,6.191
2024-08-20 03:00:00+03:00,6.19,6.268
2024-08-20 05:00:00+03:00,6.268,6.413
2024-08-20 07:00:00+03:00,6.414,6.441
2024-08-20 09:00:00+03:00,6.441,6.381
2024-08-20 11:00:00+03:00,6.383,6.395
2024-08-20 13:00:00+03:00,6.396,6.37
2024-08-20 15:00:00+03:00,6.371,6.386
2024-08-20 17:00:00+03:00,6.386,6.156
2024-08-20 19:00:00+03:00,6.155,6.185
2024-08-20 21:00:00+03:00,6.184,6.217
2024-08-20 23:00:00+03:00,6.219,6.254
2024-08-21 01:00:00+03:00,6.254,6.254
2024-08-21 03:00:00+03:00,6.254,6.314
2024-08-21 05:00:00+03:00,6.314,6.394
2024-08-21 07:00:00+03:00,6.394,6.414
2024-08-21 09:00:00+03:00,6.414,6.502
2024-08-21 11:00:00+03:00,6.502,6.394
2024-08-21 13:00:00+03:00,6.394,6.454
2024-08-21 15:00:00+03:00,6.453,6.492
2024-08-21 17:00:00+03:00,6.492,6.593
2024-08-21 19:00:00+03:00,6.593,6.874
2024-08-21 21:00:00+03:00,6.874,7.093
2024-08-21 23:00:00+03:00,7.092,7.158
2024-08-22 01:00:00+03:00,7.157,7.098
2024-08-22 03:00:00+03:00,7.098,7.054
2024-08-22 05:00:00+03:00,7.055,6.967
2024-08-22 07:00:00+03:00,6.966,6.995
2024-08-22 09:00:00+03:00,6.996,6.947
2024-08-22 11:00:00+03:00,6.947,6.898
2024-08-22 13:00:00+03:00,6.899,6.982
2024-08-22 15:00:00+03:00,6.98,6.951
2024-08-22 17:00:00+03:00,6.952,6.898
2024-08-22 19:00:00+03:00,6.898,6.885
2024-08-22 21:00:00+03:00,6.885,6.894
2024-08-22 23:00:00+03:00,6.895,6.913
2024-08-23 01:00:00+03:00,6.913,6.915
2024-08-23 03:00:00+03:00,6.914,6.914
2024-08-23 05:00:00+03:00,6.914,6.879
2024-08-23 07:00:00+03:00,6.878,6.957
2024-08-23 09:00:00+03:00,6.957,6.913
2024-08-23 11:00:00+03:00,6.914,6.928
2024-08-23 13:00:00+03:00,6.928,6.848
2024-08-23 15:00:00+03:00,6.847,6.861
2024-08-23 17:00:00+03:00,6.861,6.882
2024-08-23 19:00:00+03:00,6.882,7.04
2024-08-23 21:00:00+03:00,7.04,6.977
2024-08-23 23:00:00+03:00,6.977,7.07
2024-08-24 01:00:00+03:00,7.068,6.995
2024-08-24 03:00:00+03:00,6.995,6.979
2024-08-24 05:00:00+03:00,6.98,6.965
2024-08-24 07:00:00+03:00,6.965,6.963
2024-08-24 09:00:00+03:00,6.962,6.982
2024-08-24 11:00:00+03:00,6.981,7.03
2024-08-24 13:00:00+03:00,7.03,6.964
2024-08-24 15:00:00+03:00,6.965,6.999
2024-08-24 17:00:00+03:00,6.999,7.001
2024-08-24 19:00:00+03:00,7.002,7.035
2024-08-24 21:00:00+03:00,7.034,7.064
2024-08-24 23:00:00+03:00,7.064,6.846
2024-08-25 01:00:00+03:00,6.843,6.913
2024-08-25 03:00:00+03:00,6.912,6.746
2024-08-25 05:00:00+03:00,6.746,6.802
2024-08-25 07:00:00+03:00,6.801,6.845
2024-08-25 09:00:00+03:00,6.844,6.709
2024-08-25 11:00:00+03:00,6.709,6.726
2024-08-25 13:00:00+03:00,6.725,6.687
2024-08-25 15:00:00+03:00,6.686,6.725
2024-08-25 17:00:00+03:00,6.724,6.729
2024-08-25 19:00:00+03:00,6.729,6.669
2024-08-25 21:00:00+03:00,6.667,6.639
2024-08-25 23:00:00+03:00,6.639,6.702
2024-08-26 01:00:00+03:00,6.702,6.622
2024-08-26 03:00:00+03:00,6.622,6.57
2024-08-26 05:00:00+03:00,6.569,6.608
2024-08-26 07:00:00+03:00,6.608,6.599
2024-08-26 09:00:00+03:00,6.599,6.545
2024-08-26 11:00:00+03:00,6.547,6.593
2024-08-26 13:00:00+03:00,6.593,6.591
2024-08-26 15:00:00+03:00,6.591,6.483
2024-08-26 17:00:00+03:00,6.483,6.415
2024-08-26 19:00:00+03:00,6.415,6.325
2024-08-26 21:00:00+03:00,6.325,6.288
2024-08-26 23:00:00+03:00,6.287,6.289
2024-08-27 01:00:00+03:00,6.289,6.286
2024-08-27 03:00:00+03:00,6.287,6.307
2024-08-27 05:00:00+03:00,6.306,6.288
2024-08-27 07:00:00+03:00,6.288,6.321
2024-08-27 09:00:00+03:00,6.321,6.216
2024-08-27 11:00:00+03:00,6.217,6.149
2024-08-27 13:00:00+03:00,6.148,6.088
2024-08-27 15:00:00+03:00,6.088,6.062
2024-08-27 17:00:00+03:00,6.062,6.029
2024-08-27 19:00:00+03:00,6.028,6.057
2024-08-27 21:00:00+03:00,6.057,6.002
2024-08-27 23:00:00+03:00,6.002,5.811
2024-08-28 01:00:00+03:00,5.811,5.71
2024-08-28 03:00:00+03:00,5.71,5.682
2024-08-28 05:00:00+03:00,5.682,5.729
2024-08-28 07:00:00+03:00,5.728,5.725
2024-08-28 09:00:00+03:00,5.725,5.625
2024-08-28 11:00:00+03:00,5.626,5.908
2024-08-28 13:00:00+03:00,5.907,5.81
2024-08-28 15:00:00+03:00,5.81,5.73
2024-08-28 17:00:00+03:00,5.73,5.725
2024-08-28 19:00:00+03:00,5.725,5.685
2024-08-28 21:00:00+03:00,5.684,5.718
2024-08-28 23:00:00+03:00,5.717,5.759
2024-08-29 01:00:00+03:00,5.76,5.766
2024-08-29 03:00:00+03:00,5.767,5.758
2024-08-29 05:00:00+03:00,5.758,5.774
2024-08-29 07:00:00+03:00,5.775,5.811
2024-08-29 09:00:00+03:00,5.811,5.84
2024-08-29 11:00:00+03:00,5.84,5.845
2024-08-29 13:00:00+03:00,5.844,5.926
2024-08-29 15:00:00+03:00,5.926,5.95
2024-08-29 17:00:00+03:00,5.951,5.967
2024-08-29 19:00:00+03:00,5.968,5.966
2024-08-29 21:00:00+03:00,5.967,5.795
2024-08-29 23:00:00+03:00,5.795,5.795
2024-08-30 01:00:00+03:00,5.795,5.832
2024-08-30 03:00:00+03:00,5.833,5.847
2024-08-30 05:00:00+03:00,5.846,5.799
2024-08-30 07:00:00+03:00,5.799,5.776
2024-08-30 09:00:00+03:00,5.777,5.792
2024-08-30 11:00:00+03:00,5.793,5.84
2024-08-30 13:00:00+03:00,5.839,5.841
2024-08-30 15:00:00+03:00,5.841,5.869
2024-08-30 17:00:00+03:00,5.869,5.619
2024-08-30 19:00:00+03:00,5.62,5.731
2024-08-30 21:00:00+03:00,5.732,5.819
2024-08-30 23:00:00+03:00,5.819,5.852
2024-08-31 01:00:00+03:00,5.852,5.89
2024-08-31 03:00:00+03:00,5.89,5.86
2024-08-31 05:00:00+03:00,5.861,5.883
2024-08-31 07:00:00+03:00,5.884,5.951
2024-08-31 09:00:00+03:00,5.951,5.975
2024-08-31 11:00:00+03:00,5.976,5.944
2024-08-31 13:00:00+03:00,5.943,5.946
2024-08-31 15:00:00+03:00,5.946,5.913
2024-08-31 17:00:00+03:00,5.913,5.978
2024-08-31 19:00:00+03:00,5.979,5.97
2024-08-31 21:00:00+03:00,5.969,5.924
2024-08-31 23:00:00+03:00,5.924,5.933
2024-09-01 01:00:00+03:00,5.932,5.939
2024-09-01 03:00:00+03:00,5.938,5.829
2024-09-01 05:00:00+03:00,5.829,5.837
2024-09-01 07:00:00+03:00,5.837,5.726
2024-09-01 09:00:00+03:00,5.724,5.779
2024-09-01 11:00:00+03:00,5.78,5.767
2024-09-01 13:00:00+03:00,5.767,5.747
2024-09-01 15:00:00+03:00,5.746,5.718
2024-09-01 17:00:00+03:00,5.719,5.745
2024-09-01 19:00:00+03:00,5.744,5.677
2024-09-01 21:00:00+03:00,5.677,5.748
2024-09-01 23:00:00+03:00,5.748,5.727
2024-09-02 01:00:00+03:00,5.727,5.608
2024-09-02 03:00:00+03:00,5.607,5.651
2024-09-02 05:00:00+03:00,5.651,5.655
2024-09-02 07:00:00+03:00,5.654,5.656
2024-09-02 09:00:00+03:00,5.656,5.697
2024-09-02 11:00:00+03:00,5.697,5.986
2024-09-02 13:00:00+03:00,5.986,6.01
2024-09-02 15:00:00+03:00,6.01,5.977
2024-09-02 17:00:00+03:00,5.976,6.142
2024-09-02 19:00:00+03:00,6.142,6.147
2024-09-02 21:00:00+03:00,6.145,6.139
2024-09-02 23:00:00+03:00,6.14,6.141
2024-09-03 01:00:00+03:00,6.141,6.101
2024-09-03 03:00:00+03:00,6.101,6.129
2024-09-03 05:00:00+03:00,6.129,6.157
2024-09-03 07:00:00+03:00,6.157,6.199
2024-09-03 09:00:00+03:00,6.199,6.25
2024-09-03 11:00:00+03:00,6.25,6.197
2024-09-03 13:00:00+03:00,6.197,6.258
2024-09-03 15:00:00+03:00,6.257,6.134
2024-09-03 17:00:00+03:00,6.133,6.057
2024-09-03 19:00:00+03:00,6.057,6.079
2024-09-03 21:00:00+03:00,6.079,6.1
2024-09-03 23:00:00+03:00,6.101,6.128
2024-09-04 01:00:00+03:00,6.128,6.037
2024-09-04 03:00:00+03:00,6.037,6.029
2024-09-04 05:00:00+03:00,6.029,6.095
2024-09-04 07:00:00+03:00,6.095,6.148
2024-09-04 09:00:00+03:00,6.148,6.271
2024-09-04 11:00:00+03:00,6.272,6.215
2024-09-04 13:00:00+03:00,6.216,6.176
2024-09-04 15:00:00+03:00,6.176,6.275
2024-09-04 17:00:00+03:00,6.276,6.397
2024-09-04 19:00:00+03:00,6.397,6.363
2024-09-04 21:00:00+03:00,6.363,6.433
2024-09-04 23:00:00+03:00,6.433,6.477
2024-09-05 01:00:00+03:00,6.476,6.427
2024-09-05 03:00:00+03:00,6.426,6.439
2024-09-05 05:00:00+03:00,6.439,6.325
2024-09-05 07:00:00+03:00,6.325,6.338
2024-09-05 09:00:00+03:00,6.338,6.256
2024-09-05 11:00:00+03:00,6.256,6.271
2024-09-05 13:00:00+03:00,6.27,6.279
2024-09-05 15:00:00+03:00,6.279,6.232
2024-09-05 17:00:00+03:00,6.232,6.234
2024-09-05 19:00:00+03:00,6.234,6.266
2024-09-05 21:00:00+03:00,6.267,6.249
2024-09-05 23:00:00+03:00,6.249,6.271
2024-09-06 01:00:00+03:00,6.27,6.305
2024-09-06 03:00:00+03:00,6.304,6.281
2024-09-06 05:00:00+03:00,6.282,6.31
2024-09-06 07:00:00+03:00,6.309,6.291
2024-09-06 09:00:00+03:00,6.293,6.175
2024-09-06 11:00:00+03:00,6.177,6.216
2024-09-06 13:00:00+03:00,6.215,6.212
2024-09-06 15:00:00+03:00,6.213,6.21
2024-09-06 17:00:00+03:00,6.209,6.162
2024-09-06 19:00:00+03:00,6.162,6.106
2024-09-06 21:00:00+03:00,6.107,6.074
2024-09-06 23:00:00+03:00,6.074,6.044
2024-09-07 01:00:00+03:00,6.042,6.172
2024-09-07 03:00:00+03:00,6.172,6.127
2024-09-07 05:00:00+03:00,6.128,6.154
2024-09-07 07:00:00+03:00,6.154,6.246
2024-09-07 09:00:00+03:00,6.246,6.289
2024-09-07 11:00:00+03:00,6.29,6.399
2024-09-07 13:00:00+03:00,6.398,6.459
2024-09-07 15:00:00+03:00,6.459,6.447
2024-09-07 17:00:00+03:00,6.447,6.46
2024-09-07 19:00:00+03:00,6.459,6.442
2024-09-07 21:00:00+03:00,6.441,6.443
2024-09-07 23:00:00+03:00,6.443,6.397
2024-09-08 01:00:00+03:00,6.397,6.428
2024-09-08 03:00:00+03:00,6.429,6.486
2024-09-08 05:00:00+03:00,6.486,6.447
2024-09-08 07:00:00+03:00,6.448,6.42
2024-09-08 09:00:00+03:00,6.421,6.418
2024-09-08 11:00:00+03:00,6.419,6.377
2024-09-08 13:00:00+03:00,6.378,6.353
2024-09-08 15:00:00+03:00,6.352,6.328
2024-09-08 17:00:00+03:00,6.328,6.256
2024-09-08 19:00:00+03:00,6.254,6.314
2024-09-08 21:00:00+03:00,6.314,6.327
2024-09-08 23:00:00+03:00,6.327,6.303
2024-09-09 01:00:00+03:00,6.303,6.345
2024-09-09 03:00:00+03:00,6.344,6.39
2024-09-09 05:00:00+03:00,6.39,6.447
2024-09-09 07:00:00+03:00,6.447,6.423
2024-09-09 09:00:00+03:00,6.422,6.673
2024-09-09 11:00:00+03:00,6.673,6.653
2024-09-09 13:00:00+03:00,6.652,6.644
2024-09-09 15:00:00+03:00,6.643,6.654
2024-09-09 17:00:00+03:00,6.653,6.544
2024-09-09 19:00:00+03:00,6.543,6.675
2024-09-09 21:00:00+03:00,6.675,6.672
2024-09-09 23:00:00+03:00,6.673,6.704
2024-09-10 01:00:00+03:00,6.703,6.728
2024-09-10 03:00:00+03:00,6.728,6.667
2024-09-10 05:00:00+03:00,6.667,6.58
2024-09-10 07:00:00+03:00,6.58,6.569
2024-09-10 09:00:00+03:00,6.569,6.555
2024-09-10 11:00:00+03:00,6.555,6.555
2024-09-10 13:00:00+03:00,6.556,6.613
2024-09-10 15:00:00+03:00,6.612,6.534
2024-09-10 17:00:00+03:00,6.531,6.547
2024-09-10 19:00:00+03:00,6.548,6.743
2024-09-10 21:00:00+03:00,6.743,6.727
2024-09-10 23:00:00+03:00,6.727,6.704
2024-09-11 01:00:00+03:00,6.705,6.699
2024-09-11 03:00:00+03:00,6.7,6.664
2024-09-11 05:00:00+03:00,6.665,6.676
2024-09-11 07:00:00+03:00,6.676,6.552
2024-09-11 09:00:00+03:00,6.552,6.722
2024-09-11 11:00:00+03:00,6.723,6.681
2024-09-11 13:00:00+03:00,6.681,6.721
2024-09-11 15:00:00+03:00,6.72,6.606
2024-09-11 17:00:00+03:00,6.605,6.743
2024-09-11 19:00:00+03:00,6.742,6.889
2024-09-11 21:00:00+03:00,6.889,6.9
2024-09-11 23:00:00+03:00,6.901,6.829
2024-09-12 01:00:00+03:00,6.829,6.746
2024-09-12 03:00:00+03:00,6.746,6.756
2024-09-12 05:00:00+03:00,6.756,6.906
2024-09-12 07:00:00+03:00,6.905,6.813
2024-09-12 09:00:00+03:00,6.813,6.73
2024-09-12 11:00:00+03:00,6.73,6.714
2024-09-12 13:00:00+03:00,6.715,6.692
2024-09-12 15:00:00+03:00,6.692,6.696
2024-09-12 17:00:00+03:00,6.696,6.653
2024-09-12 19:00:00+03:00,6.652,6.663
2024-09-12 21:00:00+03:00,6.663,6.817
2024-09-12 23:00:00+03:00,6.817,6.766
2024-09-13 01:00:00+03:00,6.766,6.786
2024-09-13 03:00:00+03:00,6.786,6.76
2024-09-13 05:00:00+03:00,6.761,6.695
2024-09-13 07:00:00+03:00,6.695,6.727
2024-09-13 09:00:00+03:00,6.727,6.745
2024-09-13 11:00:00+03:00,6.745,6.744
2024-09-13 13:00:00+03:00,6.744,6.884
2024-09-13 15:00:00+03:00,6.885,6.87
2024-09-13 17:00:00+03:00,6.871,7.033
2024-09-13 19:00:00+03:00,7.033,6.937
2024-09-13 21:00:00+03:00,6.938,6.914
2024-09-13 23:00:00+03:00,6.915,6.916
2024-09-14 01:00:00+03:00,6.917,6.933
2024-09-14 03:00:00+03:00,6.933,6.827
2024-09-14 05:00:00+03:00,6.826,6.775
2024-09-14 07:00:00+03:00,6.774,6.777
2024-09-14 09:00:00+03:00,6.777,6.723
2024-09-14 11:00:00+03:00,6.723,6.724
2024-09-14 13:00:00+03:00,6.723,6.674
2024-09-14 15:00:00+03:00,6.674,6.657
2024-09-14 17:00:00+03:00,6.657,6.697
2024-09-14 19:00:00+03:00,6.697,6.645
2024-09-14 21:00:00+03:00,6.644,6.649
2024-09-14 23:00:00+03:00,6.649,6.653
2024-09-15 01:00:00+03:00,6.652,6.661
2024-09-15 03:00:00+03:00,6.66,6.698
2024-09-15 05:00:00+03:00,6.698,6.74
2024-09-15 07:00:00+03:00,6.739,6.739
2024-09-15 09:00:00+03:00,6.739,6.785
2024-09-15 11:00:00+03:00,6.785,6.786
2024-09-15 13:00:00+03:00,6.787,6.769
2024-09-15 15:00:00+03:00,6.77,6.762
2024-09-15 17:00:00+03:00,6.762,6.802
2024-09-15 19:00:00+03:00,6.801,6.695
2024-09-15 21:00:00+03:00,6.695,6.647
2024-09-15 23:00:00+03:00,6.647,6.601
2024-09-16 01:00:00+03:00,6.602,6.529
2024-09-16 03:00:00+03:00,6.53,6.452
2024-09-16 05:00:00+03:00,6.452,6.426
2024-09-16 07:00:00+03:00,6.425,6.472
2024-09-16 09:00:00+03:00,6.472,6.51
2024-09-16 11:00:00+03:00,6.51,6.422
2024-09-16 13:00:00+03:00,6.423,6.461
2024-09-16 15:00:00+03:00,6.461,6.45
2024-09-16 17:00:00+03:00,6.451,6.377
2024-09-16 19:00:00+03:00,6.378,6.379
2024-09-16 21:00:00+03:00,6.38,6.354
2024-09-16 23:00:00+03:00,6.354,6.392
2024-09-17 01:00:00+03:00,6.391,6.408
2024-09-17 03:00:00+03:00,6.408,6.369
2024-09-17 05:00:00+03:00,6.368,6.435
2024-09-17 07:00:00+03:00,6.435,6.605
2024-09-17 09:00:00+03:00,6.606,6.623
2024-09-17 11:00:00+03:00,6.624,6.599
2024-09-17 13:00:00+03:00,6.599,6.583
2024-09-17 15:00:00+03:00,6.583,6.589
2024-09-17 17:00:00+03:00,6.589,6.959
2024-09-17 19:00:00+03:00,6.959,6.941
2024-09-17 21:00:00+03:00,6.941,6.815
2024-09-17 23:00:00+03:00,6.816,6.826
2024-09-18 01:00:00+03:00,6.827,6.784
2024-09-18 03:00:00+03:00,6.784,6.702
2024-09-18 05:00:00+03:00,6.702,6.661
2024-09-18 07:00:00+03:00,6.662,6.628
2024-09-18 09:00:00+03:00,6.628,6.648
2024-09-18 11:00:00+03:00,6.649,6.509
2024-09-18 13:00:00+03:00,6.508,6.526
2024-09-18 15:00:00+03:00,6.526,6.497
2024-09-18 17:00:00+03:00,6.496,6.431
2024-09-18 19:00:00+03:00,6.431,6.49
2024-09-18 21:00:00+03:00,6.489,6.558
2024-09-18 23:00:00+03:00,6.558,6.581
2024-09-19 01:00:00+03:00,6.581,6.77
2024-09-19 03:00:00+03:00,6.77,6.792
2024-09-19 05:00:00+03:00,6.791,6.878
2024-09-19 07:00:00+03:00,6.878,6.836
2024-09-19 09:00:00+03:00,6.836,6.866
2024-09-19 11:00:00+03:00,6.867,6.782
2024-09-19 13:00:00+03:00,6.782,6.821
2024-09-19 15:00:00+03:00,6.821,6.804
2024-09-19 17:00:00+03:00,6.804,6.752
2024-09-19 19:00:00+03:00,6.751,6.83
2024-09-19 21:00:00+03:00,6.828,6.787
2024-09-19 23:00:00+03:00,6.786,6.774
2024-09-20 01:00:00+03:00,6.773,6.793
2024-09-20 03:00:00+03:00,6.793,6.709
2024-09-20 05:00:00+03:00,6.708,6.849
2024-09-20 07:00:00+03:00,6.848,6.888
2024-09-20 09:00:00+03:00,6.889,6.941
2024-09-20 11:00:00+03:00,6.941,6.834
2024-09-20 13:00:00+03:00,6.835,6.795
2024-09-20 15:00:00+03:00,6.794,6.733
2024-09-20 17:00:00+03:00,6.732,6.763
2024-09-20 19:00:00+03:00,6.764,6.738
2024-09-20 21:00:00+03:00,6.738,6.734
2024-09-20 23:00:00+03:00,6.733,6.767
2024-09-21 01:00:00+03:00,6.767,6.825
2024-09-21 03:00:00+03:00,6.824,6.79
2024-09-21 05:00:00+03:00,6.791,6.746
2024-09-21 07:00:00+03:00,6.746,6.728
2024-09-21 09:00:00+03:00,6.728,6.766
2024-09-21 11:00:00+03:00,6.766,6.771
2024-09-21 13:00:00+03:00,6.771,6.772
2024-09-21 15:00:00+03:00,6.772,6.849
2024-09-21 17:00:00+03:00,6.849,6.805
2024-09-21 19:00:00+03:00,6.804,6.86
2024-09-21 21:00:00+03:00,6.861,6.874
2024-09-21 23:00:00+03:00,6.875,6.863
2024-09-22 01:00:00+03:00,6.862,6.899
2024-09-22 03:00:00+03:00,6.899,6.814
2024-09-22 05:00:00+03:00,6.814,6.785
2024-09-22 07:00:00+03:00,6.785,6.67
2024-09-22 09:00:00+03:00,6.671,6.698
2024-09-22 11:00:00+03:00,6.699,6.652
2024-09-22 13:00:00+03:00,6.652,6.651
2024-09-22 15:00:00+03:00,6.652,6.625
2024-09-22 17:00:00+03:00,6.626,6.613
2024-09-22 19:00:00+03:00,6.613,6.644
2024-09-22 21:00:00+03:00,6.644,6.65
2024-09-22 23:00:00+03:00,6.651,6.535
2024-09-23 01:00:00+03:00,6.535,6.631
2024-09-23 03:00:00+03:00,6.631,6.722
2024-09-23 05:00:00+03:00,6.721,6.883
2024-09-23 07:00:00+03:00,6.884,6.769
2024-09-23 09:00:00+03:00,6.769,6.704
2024-09-23 11:00:00+03:00,6.703,6.748
2024-09-23 13:00:00+03:00,6.749,6.734
2024-09-23 15:00:00+03:00,6.735,6.719
2024-09-23 17:00:00+03:00,6.718,6.865
2024-09-23 19:00:00+03:00,6.865,6.851
2024-09-23 21:00:00+03:00,6.851,6.854
2024-09-23 23:00:00+03:00,6.855,6.858
2024-09-24 01:00:00+03:00,6.857,6.819
2024-09-24 03:00:00+03:00,6.82,6.781
2024-09-24 05:00:00+03:00,6.78,6.872
2024-09-24 07:00:00+03:00,6.871,6.861
2024-09-24 09:00:00+03:00,6.861,6.958
2024-09-24 11:00:00+03:00,6.958,6.905
2024-09-24 13:00:00+03:00,6.904,6.924
2024-09-24 15:00:00+03:00,6.925,6.865
2024-09-24 17:00:00+03:00,6.865,6.85
2024-09-24 19:00:00+03:00,6.85,6.898
2024-09-24 21:00:00+03:00,6.897,6.924
2024-09-24 23:00:00+03:00,6.923,6.918
2024-09-25 01:00:00+03:00,6.917,6.924
2024-09-25 03:00:00+03:00,6.924,6.946
2024-09-25 05:00:00+03:00,6.947,6.998
2024-09-25 07:00:00+03:00,6.999,6.936
2024-09-25 09:00:00+03:00,6.936,6.88
2024-09-25 11:00:00+03:00,6.878,6.838
2024-09-25 13:00:00+03:00,6.838,6.897
2024-09-25 15:00:00+03:00,6.898,6.873
2024-09-25 17:00:00+03:00,6.874,6.859
2024-09-25 19:00:00+03:00,6.859,6.856
2024-09-25 21:00:00+03:00,6.855,6.812
2024-09-25 23:00:00+03:00,6.811,6.85
2024-09-26 01:00:00+03:00,6.849,6.772
2024-09-26 03:00:00+03:00,6.773,6.756
2024-09-26 05:00:00+03:00,6.757,6.829
2024-09-26 07:00:00+03:00,6.83,6.903
2024-09-26 09:00:00+03:00,6.904,7.01
2024-09-26 11:00:00+03:00,7.011,7.001
2024-09-26 13:00:00+03:00,7.0,7.104
2024-09-26 15:00:00+03:00,7.103,7.161
2024-09-26 17:00:00+03:00,7.162,7.295
2024-09-26 19:00:00+03:00,7.295,7.223
2024-09-26 21:00:00+03:00,7.223,7.276
2024-09-26 23:00:00+03:00,7.277,7.338
2024-09-27 01:00:00+03:00,7.338,7.352
2024-09-27 03:00:00+03:00,7.352,7.343
2024-09-27 05:00:00+03:00,7.343,7.393
2024-09-27 07:00:00+03:00,7.392,7.43
2024-09-27 09:00:00+03:00,7.431,7.351
2024-09-27 11:00:00+03:00,7.351,7.459
2024-09-27 13:00:00+03:00,7.458,7.449
2024-09-27 15:00:00+03:00,7.447,7.451
2024-09-27 17:00:00+03:00,7.452,7.508
2024-09-27 19:00:00+03:00,7.508,7.598
2024-09-27 21:00:00+03:00,7.598,7.501
2024-09-27 23:00:00+03:00,7.503,7.554
2024-09-28 01:00:00+03:00,7.555,7.615
2024-09-28 03:00:00+03:00,7.615,7.769
2024-09-28 05:00:00+03:00,7.769,7.821
2024-09-28 07:00:00+03:00,7.82,7.65
2024-09-28 09:00:00+03:00,7.651,7.529
2024-09-28 11:00:00+03:00,7.529,7.552
2024-09-28 13:00:00+03:00,7.552,7.585
2024-09-28 15:00:00+03:00,7.586,7.589
2024-09-28 17:00:00+03:00,7.589,7.672
2024-09-28 19:00:00+03:00,7.672,7.558
2024-09-28 21:00:00+03:00,7.558,7.62
2024-09-28 23:00:00+03:00,7.619,7.565
2024-09-29 01:00:00+03:00,7.565,7.599
2024-09-29 03:00:00+03:00,7.599,7.557
2024-09-29 05:00:00+03:00,7.557,7.528
2024-09-29 07:00:00+03:00,7.528,7.477
2024-09-29 09:00:00+03:00,7.477,7.415
2024-09-29 11:00:00+03:00,7.415,7.434
2024-09-29 13:00:00+03:00,7.433,7.451
2024-09-29 15:00:00+03:00,7.451,7.478
2024-09-29 17:00:00+03:00,7.478,7.445
2024-09-29 19:00:00+03:00,7.444,7.496
2024-09-29 21:00:00+03:00,7.495,7.534
2024-09-29 23:00:00+03:00,7.533,7.497
2024-09-30 01:00:00+03:00,7.496,7.449
2024-09-30 03:00:00+03:00,7.45,7.308
2024-09-30 05:00:00+03:00,7.307,7.379
2024-09-30 07:00:00+03:00,7.38,7.429
2024-09-30 09:00:00+03:00,7.429,7.549
2024-09-30 11:00:00+03:00,7.549,7.475
2024-09-30 13:00:00+03:00,7.475,7.546
2024-09-30 15:00:00+03:00,7.546,7.692
2024-09-30 17:00:00+03:00,7.692,7.521
2024-09-30 19:00:00+03:00,7.521,7.583
2024-09-30 21:00:00+03:00,7.584,7.452
2024-09-30 23:00:00+03:00,7.452,7.52
2024-10-01 01:00:00+03:00,7.52,7.388
2024-10-01 03:00:00+03:00,7.388,7.517
2024-10-01 05:00:00+03:00,7.517,7.635
2024-10-01 07:00:00+03:00,7.635,7.667
2024-10-01 09:00:00+03:00,7.668,7.753
2024-10-01 11:00:00+03:00,7.754,7.728
2024-10-01 13:00:00+03:00,7.727,7.683
2024-10-01 15:00:00+03:00,7.683,7.419
2024-10-01 17:00:00+03:00,7.419,7.188
2024-10-01 19:00:00+03:00,7.187,7.063
2024-10-01 21:00:00+03:00,7.063,6.977
2024-10-01 23:00:00+03:00,6.979,6.977
2024-10-02 01:00:00+03:00,6.977,6.863
2024-10-02 03:00:00+03:00,6.864,6.972
2024-10-02 05:00:00+03:00,6.971,7.008
2024-10-02 07:00:00+03:00,7.008,7.053
2024-10-02 09:00:00+03:00,7.052,7.192
2024-10-02 11:00:00+03:00,7.192,7.14
2024-10-02 13:00:00+03:00,7.139,7.011
2024-10-02 15:00:00+03:00,7.012,6.968
2024-10-02 17:00:00+03:00,6.968,7.015
2024-10-02 19:00:00+03:00,7.015,6.884
2024-10-02 21:00:00+03:00,6.885,6.666
2024-10-02 23:00:00+03:00,6.665,6.686
2024-10-03 01:00:00+03:00,6.685,6.664
2024-10-03 03:00:00+03:00,6.665,6.745
2024-10-03 05:00:00+03:00,6.745,6.76
2024-10-03 07:00:00+03:00,6.76,6.686
2024-10-03 09:00:00+03:00,6.685,6.598
2024-10-03 11:00:00+03:00,6.599,6.563
2024-10-03 13:00:00+03:00,6.563,6.531
2024-10-03 15:00:00+03:00,6.532,6.549
2024-10-03 17:00:00+03:00,6.55,6.514
2024-10-03 19:00:00+03:00,6.514,6.529
2024-10-03 21:00:00+03:00,6.528,6.546
2024-10-03 23:00:00+03:00,6.543,6.553
2024-10-04 01:00:00+03:00,6.552,6.562
2024-10-04 03:00:00+03:00,6.563,6.654
2024-10-04 05:00:00+03:00,6.654,6.629
2024-10-04 07:00:00+03:00,6.628,6.744
2024-10-04 09:00:00+03:00,6.745,6.77
2024-10-04 11:00:00+03:00,6.769,6.694
2024-10-04 13:00:00+03:00,6.693,6.697
2024-10-04 15:00:00+03:00,6.696,6.648
2024-10-04 17:00:00+03:00,6.649,6.72
2024-10-04 19:00:00+03:00,6.72,6.723
2024-10-04 21:00:00+03:00,6.724,6.758
2024-10-04 23:00:00+03:00,6.758,6.723
2024-10-05 01:00:00+03:00,6.722,6.715
2024-10-05 03:00:00+03:00,6.714,6.719
2024-10-05 05:00:00+03:00,6.719,6.68
2024-10-05 07:00:00+03:00,6.679,6.776
2024-10-05 09:00:00+03:00,6.777,6.739
2024-10-05 11:00:00+03:00,6.739,6.773
2024-10-05 13:00:00+03:00,6.773,6.753
2024-10-05 15:00:00+03:00,6.752,6.787
2024-10-05 17:00:00+03:00,6.787,6.868
2024-10-05 19:00:00+03:00,6.869,6.885
2024-10-05 21:00:00+03:00,6.885,6.774
2024-10-05 23:00:00+03:00,6.775,6.782
2024-10-06 01:00:00+03:00,6.782,6.82
2024-10-06 03:00:00+03:00,6.821,6.846
2024-10-06 05:00:00+03:00,6.846,6.81
2024-10-06 07:00:00+03:00,6.81,6.806
2024-10-06 09:00:00+03:00,6.807,6.821
2024-10-06 11:00:00+03:00,6.822,6.823
2024-10-06 13:00:00+03:00,6.824,6.838
2024-10-06 15:00:00+03:00,6.837,6.852
2024-10-06 17:00:00+03:00,6.852,6.952
2024-10-06 19:00:00+03:00,6.952,6.91
2024-10-06 21:00:00+03:00,6.909,6.917
2024-10-06 23:00:00+03:00,6.916,6.916
2024-10-07 01:00:00+03:00,6.916,7.074
2024-10-07 03:00:00+03:00,7.074,7.356
2024-10-07 05:00:00+03:00,7.356,7.249
2024-10-07 07:00:00+03:00,7.249,7.253
2024-10-07 09:00:00+03:00,7.254,7.308
2024-10-07 11:00:00+03:00,7.308,7.26
2024-10-07 13:00:00+03:00,7.26,7.338
2024-10-07 15:00:00+03:00,7.338,7.365
2024-10-07 17:00:00+03:00,7.364,7.37
2024-10-07 19:00:00+03:00,7.37,7.443
2024-10-07 21:00:00+03:00,7.443,7.311
2024-10-07 23:00:00+03:00,7.312,7.328
2024-10-08 01:00:00+03:00,7.327,7.227
2024-10-08 03:00:00+03:00,7.227,7.229
2024-10-08 05:00:00+03:00,7.229,7.227
2024-10-08 07:00:00+03:00,7.227,7.151
2024-10-08 09:00:00+03:00,7.152,7.092
2024-10-08 11:00:00+03:00,7.091,7.165
2024-10-08 13:00:00+03:00,7.165,7.146
2024-10-08 15:00:00+03:00,7.145,7.182
2024-10-08 17:00:00+03:00,7.182,7.077
2024-10-08 19:00:00+03:00,7.077,7.103
2024-10-08 21:00:00+03:00,7.104,7.11
2024-10-08 23:00:00+03:00,7.11,7.19
2024-10-09 01:00:00+03:00,7.191,7.172
2024-10-09 03:00:00+03:00,7.172,7.2
2024-10-09 05:00:00+03:00,7.2,7.133
2024-10-09 07:00:00+03:00,7.132,7.172
2024-10-09 09:00:00+03:00,7.171,7.113
2024-10-09 11:00:00+03:00,7.113,7.239
2024-10-09 13:00:00+03:00,7.239,7.243
2024-10-09 15:00:00+03:00,7.244,7.156
2024-10-09 17:00:00+03:00,7.157,7.359
2024-10-09 19:00:00+03:00,7.359,7.295
2024-10-09 21:00:00+03:00,7.294,7.287
2024-10-09 23:00:00+03:00,7.286,7.18
2024-10-10 01:00:00+03:00,7.179,7.287
2024-10-10 03:00:00+03:00,7.287,7.355
2024-10-10 05:00:00+03:00,7.355,7.412
2024-10-10 07:00:00+03:00,7.411,7.603
2024-10-10 09:00:00+03:00,7.602,7.574
2024-10-10 11:00:00+03:00,7.574,7.762
2024-10-10 13:00:00+03:00,7.762,7.76
2024-10-10 15:00:00+03:00,7.759,7.911
2024-10-10 17:00:00+03:00,7.912,8.312
2024-10-10 19:00:00+03:00,8.313,8.319
2024-10-10 21:00:00+03:00,8.319,8.052
2024-10-10 23:00:00+03:00,8.051,8.145
2024-10-11 01:00:00+03:00,8.144,8.126
2024-10-11 03:00:00+03:00,8.126,8.038
2024-10-11 05:00:00+03:00,8.037,8.051
2024-10-11 07:00:00+03:00,8.052,8.003
2024-10-11 09:00:00+03:00,8.003,8.135
2024-10-11 11:00:00+03:00,8.135,8.066
2024-10-11 13:00:00+03:00,8.065,8.055
2024-10-11 15:00:00+03:00,8.055,8.026
2024-10-11 17:00:00+03:00,8.025,7.949
2024-10-11 19:00:00+03:00,7.947,8.007
2024-10-11 21:00:00+03:00,8.007,7.901
2024-10-11 23:00:00+03:00,7.901,7.928
2024-10-12 01:00:00+03:00,7.928,7.891
2024-10-12 03:00:00+03:00,7.89,7.833
2024-10-12 05:00:00+03:00,7.833,7.777
2024-10-12 07:00:00+03:00,7.777,7.783
2024-10-12 09:00:00+03:00,7.783,7.85
2024-10-12 11:00:00+03:00,7.849,7.92
2024-10-12 13:00:00+03:00,7.919,7.92
2024-10-12 15:00:00+03:00,7.92,8.012
2024-10-12 17:00:00+03:00,8.013,7.924
2024-10-12 19:00:00+03:00,7.924,8.123
2024-10-12 21:00:00+03:00,8.122,8.193
2024-10-12 23:00:00+03:00,8.192,8.285
2024-10-13 01:00:00+03:00,8.284,8.123
2024-10-13 03:00:00+03:00,8.124,8.0
2024-10-13 05:00:00+03:00,8.0,7.986
2024-10-13 07:00:00+03:00,7.987,8.023
2024-10-13 09:00:00+03:00,8.023,7.966
2024-10-13 11:00:00+03:00,7.967,7.941
2024-10-13 13:00:00+03:00,7.94,7.895
2024-10-13 15:00:00+03:00,7.895,7.912
2024-10-13 17:00:00+03:00,7.912,7.639
2024-10-13 19:00:00+03:00,7.638,7.69
2024-10-13 21:00:00+03:00,7.69,7.676
2024-10-13 23:00:00+03:00,7.677,7.658
2024-10-14 01:00:00+03:00,7.657,7.678
2024-10-14 03:00:00+03:00,7.678,7.637
2024-10-14 05:00:00+03:00,7.637,7.783
2024-10-14 07:00:00+03:00,7.783,7.797
2024-10-14 09:00:00+03:00,7.796,7.857
2024-10-14 11:00:00+03:00,7.857,7.945
2024-10-14 13:00:00+03:00,7.945,8.024
2024-10-14 15:00:00+03:00,8.024,8.064
2024-10-14 17:00:00+03:00,8.065,8.227
2024-10-14 19:00:00+03:00,8.227,8.245
2024-10-14 21:00:00+03:00,8.244,8.149
2024-10-14 23:00:00+03:00,8.149,8.119
2024-10-15 01:00:00+03:00,8.119,8.132
2024-10-15 03:00:00+03:00,8.133,8.266
2024-10-15 05:00:00+03:00,8.265,8.105
2024-10-15 07:00:00+03:00,8.105,8.01
2024-10-15 09:00:00+03:00,8.011,8.046
2024-10-15 11:00:00+03:00,8.046,7.976
2024-10-15 13:00:00+03:00,7.975,7.86
2024-10-15 15:00:00+03:00,7.86,8.121
2024-10-15 17:00:00+03:00,8.122,7.793
2024-10-15 19:00:00+03:00,7.794,7.821
2024-10-15 21:00:00+03:00,7.821,7.784
2024-10-15 23:00:00+03:00,7.784,7.822
2024-10-16 01:00:00+03:00,7.821,7.845
2024-10-16 03:00:00+03:00,7.845,7.813
2024-10-16 05:00:00+03:00,7.812,7.959
2024-10-16 07:00:00+03:00,7.959,7.843
2024-10-16 09:00:00+03:00,7.844,7.729
2024-10-16 11:00:00+03:00,7.729,7.785
2024-10-16 13:00:00+03:00,7.785,7.755
2024-10-16 15:00:00+03:00,7.756,7.737
2024-10-16 17:00:00+03:00,7.739,7.603
2024-10-16 19:00:00+03:00,7.603,7.649
2024-10-16 21:00:00+03:00,7.648,7.623
2024-10-16 23:00:00+03:00,7.622,7.6
2024-10-17 01:00:00+03:00,7.601,7.57
2024-10-17 03:00:00+03:00,7.569,7.639
2024-10-17 05:00:00+03:00,7.64,7.648
2024-10-17 07:00:00+03:00,7.647,7.518
2024-10-17 09:00:00+03:00,7.519,7.499
2024-10-17 11:00:00+03:00,7.5,7.442
2024-10-17 13:00:00+03:00,7.441,7.324
2024-10-17 15:00:00+03:00,7.324,7.356
2024-10-17 17:00:00+03:00,7.357,7.418
2024-10-17 19:00:00+03:00,7.418,7.307
2024-10-17 21:00:00+03:00,7.306,7.304
2024-10-17 23:00:00+03:00,7.305,7.354
2024-10-18 01:00:00+03:00,7.355,7.345
2024-10-18 03:00:00+03:00,7.344,7.473
2024-10-18 05:00:00+03:00,7.474,7.393
2024-10-18 07:00:00+03:00,7.393,7.47
2024-10-18 09:00:00+03:00,7.469,7.485
2024-10-18 11:00:00+03:00,7.484,7.442
2024-10-18 13:00:00+03:00,7.442,7.397
2024-10-18 15:00:00+03:00,7.396,7.419
2024-10-18 17:00:00+03:00,7.418,7.486
2024-10-18 19:00:00+03:00,7.486,7.449
2024-10-18 21:00:00+03:00,7.449,7.437
2024-10-18 23:00:00+03:00,7.437,7.386
2024-10-19 01:00:00+03:00,7.386,7.464
2024-10-19 03:00:00+03:00,7.466,7.473
2024-10-19 05:00:00+03:00,7.473,7.503
2024-10-19 07:00:00+03:00,7.504,7.539
2024-10-19 09:00:00+03:00,7.539,7.496
2024-10-19 11:00:00+03:00,7.496,7.488
2024-10-19 13:00:00+03:00,7.488,7.369
2024-10-19 15:00:00+03:00,7.37,7.416
2024-10-19 17:00:00+03:00,7.416,7.438
2024-10-19 19:00:00+03:00,7.438,7.366
2024-10-19 21:00:00+03:00,7.366,7.318
2024-10-19 23:00:00+03:00,7.318,7.333
2024-10-20 01:00:00+03:00,7.332,7.318
2024-10-20 03:00:00+03:00,7.317,7.314
2024-10-20 05:00:00+03:00,7.315,7.33
2024-10-20 07:00:00+03:00,7.33,7.332
2024-10-20 09:00:00+03:00,7.332,7.408
2024-10-20 11:00:00+03:00,7.408,7.45
2024-10-20 13:00:00+03:00,7.45,7.492
2024-10-20 15:00:00+03:00,7.491,7.596
2024-10-20 17:00:00+03:00,7.595,7.626
2024-10-20 19:00:00+03:00,7.625,7.621
2024-10-20 21:00:00+03:00,7.622,7.638
2024-10-20 23:00:00+03:00,7.639,7.685
2024-10-21 01:00:00+03:00,7.686,7.759
2024-10-21 03:00:00+03:00,7.761,7.766
2024-10-21 05:00:00+03:00,7.767,7.685
2024-10-21 07:00:00+03:00,7.686,7.723
2024-10-21 09:00:00+03:00,7.722,7.657
2024-10-21 11:00:00+03:00,7.657,7.626
2024-10-21 13:00:00+03:00,7.626,7.626
2024-10-21 15:00:00+03:00,7.626,7.486
2024-10-21 17:00:00+03:00,7.486,7.52
2024-10-21 19:00:00+03:00,7.52,7.625
2024-10-21 21:00:00+03:00,7.625,7.707
2024-10-21 23:00:00+03:00,7.709,7.839
2024-10-22 01:00:00+03:00,7.84,7.791
2024-10-22 03:00:00+03:00,7.791,7.878
2024-10-22 05:00:00+03:00,7.877,7.894
2024-10-22 07:00:00+03:00,7.893,7.939
2024-10-22 09:00:00+03:00,7.939,8.13
2024-10-22 11:00:00+03:00,8.13,8.037
2024-10-22 13:00:00+03:00,8.037,8.116
2024-10-22 15:00:00+03:00,8.115,8.003
2024-10-22 17:00:00+03:00,8.002,8.044
2024-10-22 19:00:00+03:00,8.045,7.968
2024-10-22 21:00:00+03:00,7.968,8.05
2024-10-22 23:00:00+03:00,8.049,8.061
2024-10-23 01:00:00+03:00,8.061,7.995
2024-10-23 03:00:00+03:00,7.996,7.894
2024-10-23 05:00:00+03:00,7.894,7.81
2024-10-23 07:00:00+03:00,7.809,7.765
2024-10-23 09:00:00+03:00,7.765,7.774
2024-10-23 11:00:00+03:00,7.773,7.733
2024-10-23 13:00:00+03:00,7.734,7.685
2024-10-23 15:00:00+03:00,7.685,7.763
2024-10-23 17:00:00+03:00,7.764,7.686
2024-10-23 19:00:00+03:00,7.687,7.575
2024-10-23 21:00:00+03:00,7.575,7.704
2024-10-23 23:00:00+03:00,7.704,7.72
2024-10-24 01:00:00+03:00,7.72,7.854
2024-10-24 03:00:00+03:00,7.854,8.062
2024-10-24 05:00:00+03:00,8.062,8.036
2024-10-24 07:00:00+03:00,8.037,8.033
2024-10-24 09:00:00+03:00,8.033,8.023
2024-10-24 11:00:00+03:00,8.023,8.058
2024-10-24 13:00:00+03:00,8.057,8.083
2024-10-24 15:00:00+03:00,8.083,8.153
2024-10-24 17:00:00+03:00,8.153,8.003
2024-10-24 19:00:00+03:00,8.004,7.961
2024-10-24 21:00:00+03:00,7.962,8.039
2024-10-24 23:00:00+03:00,8.04,8.042
2024-10-25 01:00:00+03:00,8.042,8.041
2024-10-25 03:00:00+03:00,8.041,8.151
2024-10-25 05:00:00+03:00,8.152,8.074
2024-10-25 07:00:00+03:00,8.075,7.987
2024-10-25 09:00:00+03:00,7.987,7.873
2024-10-25 11:00:00+03:00,7.873,7.883
2024-10-25 13:00:00+03:00,7.882,8.045
2024-10-25 15:00:00+03:00,8.045,8.091
2024-10-25 17:00:00+03:00,8.092,8.023
2024-10-25 19:00:00+03:00,8.024,7.931
2024-10-25 21:00:00+03:00,7.931,7.884
2024-10-25 23:00:00+03:00,7.883,7.8
2024-10-26 01:00:00+03:00,7.799,7.427
2024-10-26 03:00:00+03:00,7.426,7.471
2024-10-26 05:00:00+03:00,7.471,7.719
2024-10-26 07:00:00+03:00,7.719,7.634
2024-10-26 09:00:00+03:00,7.633,7.544
2024-10-26 11:00:00+03:00,7.543,7.616
2024-10-26 13:00:00+03:00,7.615,7.544
2024-10-26 15:00:00+03:00,7.545,7.447
2024-10-26 17:00:00+03:00,7.446,7.304
2024-10-26 19:00:00+03:00,7.304,7.423
2024-10-26 21:00:00+03:00,7.424,7.409
2024-10-26 23:00:00+03:00,7.41,7.405
2024-10-27 01:00:00+03:00,7.405,7.441
2024-10-27 02:00:00+02:00,7.442,7.447
2024-10-27 04:00:00+02:00,7.446,7.656
2024-10-27 06:00:00+02:00,7.657,7.568
2024-10-27 08:00:00+02:00,7.569,7.603
2024-10-27 10:00:00+02:00,7.603,7.452
2024-10-27 12:00:00+02:00,7.452,7.442
2024-10-27 14:00:00+02:00,7.442,7.401
2024-10-27 16:00:00+02:00,7.402,7.488
2024-10-27 18:00:00+02:00,7.488,7.536
2024-10-27 20:00:00+02:00,7.537,7.558
2024-10-27 22:00:00+02:00,7.558,7.545
2024-10-28 00:00:00+02:00,7.545,7.533
2024-10-28 02:00:00+02:00,7.533,7.512
2024-10-28 04:00:00+02:00,7.511,7.381
2024-10-28 06:00:00+02:00,7.38,7.399
2024-10-28 08:00:00+02:00,7.399,7.514
2024-10-28 10:00:00+02:00,7.513,7.537
2024-10-28 12:00:00+02:00,7.536,7.516
2024-10-28 14:00:00+02:00,7.516,7.475
2024-10-28 16:00:00+02:00,7.476,7.491
2024-10-28 18:00:00+02:00,7.49,7.484
2024-10-28 20:00:00+02:00,7.485,7.612
2024-10-28 22:00:00+02:00,7.642,7.658
2024-10-29 00:00:00+02:00,7.658,7.783
2024-10-29 02:00:00+02:00,7.783,7.851
2024-10-29 04:00:00+02:00,7.85,7.929
2024-10-29 06:00:00+02:00,7.929,7.85
2024-10-29 08:00:00+02:00,7.85,7.902
2024-10-29 10:00:00+02:00,7.902,7.905
2024-10-29 12:00:00+02:00,7.904,7.886
2024-10-29 14:00:00+02:00,7.885,7.866
2024-10-29 16:00:00+02:00,7.865,7.852
2024-10-29 18:00:00+02:00,7.853,7.923
2024-10-29 20:00:00+02:00,7.923,7.904
2024-10-29 22:00:00+02:00,7.905,7.951
2024-10-30 00:00:00+02:00,7.951,7.935
2024-10-30 02:00:00+02:00,7.936,7.887
2024-10-30 04:00:00+02:00,7.887,7.959
2024-10-30 06:00:00+02:00,7.959,7.98
2024-10-30 08:00:00+02:00,7.98,8.011
2024-10-30 10:00:00+02:00,8.012,8.051
2024-10-30 12:00:00+02:00,8.051,8.015
2024-10-30 14:00:00+02:00,8.015,8.048
2024-10-30 16:00:00+02:00,8.046,8.148
2024-10-30 18:00:00+02:00,8.149,8.237
2024-10-30 20:00:00+02:00,8.238,8.192
2024-10-30 22:00:00+02:00,8.191,8.298
2024-10-31 00:00:00+02:00,8.298,8.117
2024-10-31 02:00:00+02:00,8.117,8.071
2024-10-31 04:00:00+02:00,8.072,8.013
2024-10-31 06:00:00+02:00,8.013,8.008
2024-10-31 08:00:00+02:00,8.007,7.972
2024-10-31 10:00:00+02:00,7.972,7.901
2024-10-31 12:00:00+02:00,7.901,7.863
2024-10-31 14:00:00+02:00,7.863,7.787
2024-10-31 16:00:00+02:00,7.788,7.706
2024-10-31 18:00:00+02:00,7.705,7.697
2024-10-31 20:00:00+02:00,7.618,7.502
2024-10-31 22:00:00+02:00,7.502,7.638
2024-11-01 00:00:00+02:00,7.639,7.614
2024-11-01 02:00:00+02:00,7.614,7.65
2024-11-01 04:00:00+02:00,7.65,7.715
2024-11-01 06:00:00+02:00,7.715,7.765
2024-11-01 08:00:00+02:00,7.766,7.737
2024-11-01 10:00:00+02:00,7.738,7.811
2024-11-01 12:00:00+02:00,7.812,7.792
2024-11-01 14:00:00+02:00,7.792,7.975
2024-11-01 16:00:00+02:00,7.975,7.812
2024-11-01 18:00:00+02:00,7.813,7.708
2024-11-01 20:00:00+02:00,7.709,7.596
2024-11-01 22:00:00+02:00,7.597,7.607
2024-11-02 00:00:00+02:00,7.607,7.55
2024-11-02 02:00:00+02:00,7.549,7.689
2024-11-02 04:00:00+02:00,7.689,7.577
2024-11-02 06:00:00+02:00,7.577,7.522
2024-11-02 08:00:00+02:00,7.522,7.487
2024-11-02 10:00:00+02:00,7.487,7.455
2024-11-02 12:00:00+02:00,7.455,7.41
2024-11-02 14:00:00+02:00,7.41,7.33
2024-11-02 16:00:00+02:00,7.33,7.331
2024-11-02 18:00:00+02:00,7.331,7.35
2024-11-02 20:00:00+02:00,7.35,7.39
2024-11-02 22:00:00+02:00,7.39,7.382
2024-11-03 00:00:00+02:00,7.381,7.39
2024-11-03 02:00:00+02:00,7.39,7.337
2024-11-03 04:00:00+02:00,7.338,7.189
2024-11-03 06:00:00+02:00,7.19,7.15
2024-11-03 08:00:00+02:00,7.151,7.149
2024-11-03 10:00:00+02:00,7.148,7.155
2024-11-03 12:00:00+02:00,7.156,7.133
2024-11-03 14:00:00+02:00,7.132,7.015
2024-11-03 16:00:00+02:00,7.016,6.969
2024-11-03 18:00:00+02:00,6.969,6.958
2024-11-03 20:00:00+02:00,6.958,6.971
2024-11-03 22:00:00+02:00,6.97,7.087
2024-11-04 00:00:00+02:00,7.087,7.042
2024-11-04 02:00:00+02:00,7.041,7.07
2024-11-04 04:00:00+02:00,7.071,7.026
2024-11-04 06:00:00+02:00,7.026,6.917
2024-11-04 08:00:00+02:00,6.917,6.883
2024-11-04 10:00:00+02:00,6.883,6.892
2024-11-04 12:00:00+02:00,6.893,6.943
2024-11-04 14:00:00+02:00,6.943,6.887
2024-11-04 16:00:00+02:00,6.887,6.875
2024-11-04 18:00:00+02:00,6.874,6.811
2024-11-04 20:00:00+02:00,6.811,6.838
2024-11-04 22:00:00+02:00,6.838,6.634
2024-11-05 00:00:00+02:00,6.633,6.779
2024-11-05 02:00:00+02:00,6.78,6.868
2024-11-05 04:00:00+02:00,6.869,6.853
2024-11-05 06:00:00+02:00,6.852,6.904
2024-11-05 08:00:00+02:00,6.904,6.939
2024-11-05 10:00:00+02:00,6.939,6.916
2024-11-05 12:00:00+02:00,6.915,6.974
2024-11-05 14:00:00+02:00,6.974,7.031
2024-11-05 16:00:00+02:00,7.03,7.078
2024-11-05 18:00:00+02:00,7.079,7.166
2024-11-05 20:00:00+02:00,7.166,7.009
2024-11-05 22:00:00+02:00,7.009,7.107
2024-11-06 00:00:00+02:00,7.108,7.193
2024-11-06 02:00:00+02:00,7.194,7.643
2024-11-06 04:00:00+02:00,7.642,8.245
2024-11-06 06:00:00+02:00,8.245,8.947
2024-11-06 08:00:00+02:00,8.947,8.861
2024-11-06 10:00:00+02:00,8.86,9.12
2024-11-06 12:00:00+02:00,9.121,9.059
2024-11-06 14:00:00+02:00,9.058,9.075
2024-11-06 16:00:00+02:00,9.075,9.289
2024-11-06 18:00:00+02:00,9.29,9.29
2024-11-06 20:00:00+02:00,9.291,9.313
2024-11-06 22:00:00+02:00,9.314,9.45
2024-11-07 00:00:00+02:00,9.451,9.292
2024-11-07 02:00:00+02:00,9.292,9.351
2024-11-07 04:00:00+02:00,9.349,9.241
2024-11-07 06:00:00+02:00,9.24,9.1
2024-11-07 08:00:00+02:00,9.101,8.932
2024-11-07 10:00:00+02:00,8.932,8.939
2024-11-07 12:00:00+02:00,8.939,8.928
2024-11-07 14:00:00+02:00,8.929,8.94
2024-11-07 16:00:00+02:00,8.94,9.118
2024-11-07 18:00:00+02:00,9.117,9.078
2024-11-07 20:00:00+02:00,9.078,9.088
2024-11-07 22:00:00+02:00,9.087,9.014
2024-11-08 00:00:00+02:00,9.013,8.905
2024-11-08 02:00:00+02:00,8.904,8.922
2024-11-08 04:00:00+02:00,8.922,8.883
2024-11-08 06:00:00+02:00,8.883,8.893
2024-11-08 08:00:00+02:00,8.893,8.742
2024-11-08 10:00:00+02:00,8.741,8.747
2024-11-08 12:00:00+02:00,8.746,8.753
2024-11-08 14:00:00+02:00,8.752,8.908
2024-11-08 16:00:00+02:00,8.909,8.792
2024-11-08 18:00:00+02:00,8.793,8.628
2024-11-08 20:00:00+02:00,8.628,8.718
2024-11-08 22:00:00+02:00,8.718,8.767
2024-11-09 00:00:00+02:00,8.766,8.861
2024-11-09 02:00:00+02:00,8.862,8.763
2024-11-09 04:00:00+02:00,8.763,8.685
2024-11-09 06:00:00+02:00,8.684,9.088
2024-11-09 08:00:00+02:00,9.087,9.045
2024-11-09 10:00:00+02:00,9.044,9.074
2024-11-09 12:00:00+02:00,9.074,9.102
2024-11-09 14:00:00+02:00,9.102,9.043
2024-11-09 16:00:00+02:00,9.043,8.951
2024-11-09 18:00:00+02:00,8.95,8.932
2024-11-09 20:00:00+02:00,8.933,9.084
2024-11-09 22:00:00+02:00,9.084,9.014
2024-11-10 00:00:00+02:00,9.013,9.253
2024-11-10 02:00:00+02:00,9.253,9.147
2024-11-10 04:00:00+02:00,9.146,9.217
2024-11-10 06:00:00+02:00,9.217,9.423
2024-11-10 08:00:00+02:00,9.423,9.235
2024-11-10 10:00:00+02:00,9.236,9.211
2024-11-10 12:00:00+02:00,9.209,9.315
2024-11-10 14:00:00+02:00,9.316,9.461
2024-11-10 16:00:00+02:00,9.462,9.392
2024-11-10 18:00:00+02:00,9.391,9.415
2024-11-10 20:00:00+02:00,9.414,9.194
2024-11-10 22:00:00+02:00,9.194,9.095
2024-11-11 00:00:00+02:00,9.092,9.223
2024-11-11 02:00:00+02:00,9.223,9.306
2024-11-11 04:00:00+02:00,9.307,9.336
2024-11-11 06:00:00+02:00,9.336,8.857
2024-11-11 08:00:00+02:00,8.856,8.952
2024-11-11 10:00:00+02:00,8.952,8.915
2024-11-11 12:00:00+02:00,8.916,9.07
2024-11-11 14:00:00+02:00,9.069,8.87
2024-11-11 16:00:00+02:00,8.871,9.067
2024-11-11 18:00:00+02:00,9.066,9.234
2024-11-11 20:00:00+02:00,9.234,9.124
2024-11-11 22:00:00+02:00,9.123,9.116
2024-11-12 00:00:00+02:00,9.116,9.339
2024-11-12 02:00:00+02:00,9.34,9.189
2024-11-12 04:00:00+02:00,9.188,9.865
2024-11-12 06:00:00+02:00,9.865,9.621
2024-11-12 08:00:00+02:00,9.62,9.714
2024-11-12 10:00:00+02:00,9.716,9.458
2024-11-12 12:00:00+02:00,9.459,9.165
2024-11-12 14:00:00+02:00,9.165,8.988
2024-11-12 16:00:00+02:00,8.986,8.829
2024-11-12 18:00:00+02:00,8.83,8.798
2024-11-12 20:00:00+02:00,8.799,8.932
2024-11-12 22:00:00+02:00,8.933,8.96
2024-11-13 00:00:00+02:00,8.959,8.947
2024-11-13 02:00:00+02:00,8.948,8.904
2024-11-13 04:00:00+02:00,8.903,8.513
2024-11-13 06:00:00+02:00,8.514,8.363
2024-11-13 08:00:00+02:00,8.364,8.479
2024-11-13 10:00:00+02:00,8.478,8.409
2024-11-13 12:00:00+02:00,8.41,8.477
2024-11-13 14:00:00+02:00,8.476,8.696
2024-11-13 16:00:00+02:00,8.696,9.08
2024-11-13 18:00:00+02:00,9.08,8.898
2024-11-13 20:00:00+02:00,8.898,8.474
2024-11-13 22:00:00+02:00,8.473,8.5
2024-11-14 00:00:00+02:00,8.502,8.636
2024-11-14 02:00:00+02:00,8.637,8.621
2024-11-14 04:00:00+02:00,8.622,8.597
2024-11-14 06:00:00+02:00,8.596,8.708
2024-11-14 08:00:00+02:00,8.709,8.734
2024-11-14 10:00:00+02:00,8.735,8.654
2024-11-14 12:00:00+02:00,8.654,8.482
2024-11-14 14:00:00+02:00,8.481,8.417
2024-11-14 16:00:00+02:00,8.416,8.246
2024-11-14 18:00:00+02:00,8.246,8.371
2024-11-14 20:00:00+02:00,8.372,8.529
2024-11-14 22:00:00+02:00,8.528,8.483
2024-11-15 00:00:00+02:00,8.483,8.183
2024-11-15 02:00:00+02:00,8.184,8.187
2024-11-15 04:00:00+02:00,8.187,8.168
2024-11-15 06:00:00+02:00,8.168,8.051
2024-11-15 08:00:00+02:00,8.052,8.076
2024-11-15 10:00:00+02:00,8.076,8.298
2024-11-15 12:00:00+02:00,8.299,8.31
2024-11-15 14:00:00+02:00,8.31,8.282
2024-11-15 16:00:00+02:00,8.283,7.989
2024-11-15 18:00:00+02:00,7.989,8.202
2024-11-15 20:00:00+02:00,8.201,8.298
2024-11-15 22:00:00+02:00,8.298,8.474
2024-11-16 00:00:00+02:00,8.474,8.571
2024-11-16 02:00:00+02:00,8.571,8.626
2024-11-16 04:00:00+02:00,8.626,8.82
2024-11-16 06:00:00+02:00,8.82,8.828
2024-11-16 08:00:00+02:00,8.827,8.788
2024-11-16 10:00:00+02:00,8.788,8.846
2024-11-16 12:00:00+02:00,8.846,9.084
2024-11-16 14:00:00+02:00,9.084,8.951
2024-11-16 16:00:00+02:00,8.952,8.941
2024-11-16 18:00:00+02:00,8.939,9.122
2024-11-16 20:00:00+02:00,9.121,9.158
2024-11-16 22:00:00+02:00,9.158,9.2
2024-11-17 00:00:00+02:00,9.201,9.087
2024-11-17 02:00:00+02:00,9.089,8.906
2024-11-17 04:00:00+02:00,8.907,8.859
2024-11-17 06:00:00+02:00,8.858,8.871
2024-11-17 08:00:00+02:00,8.87,9.051
2024-11-17 10:00:00+02:00,9.051,9.073
2024-11-17 12:00:00+02:00,9.074,8.853
2024-11-17 14:00:00+02:00,8.854,8.924
2024-11-17 16:00:00+02:00,8.924,8.887
2024-11-17 18:00:00+02:00,8.887,8.964
2024-11-17 20:00:00+02:00,8.964,8.803
2024-11-17 22:00:00+02:00,8.804,8.657
2024-11-18 00:00:00+02:00,8.657,8.756
2024-11-18 02:00:00+02:00,8.757,9.103
2024-11-18 04:00:00+02:00,9.104,9.04
2024-11-18 06:00:00+02:00,9.04,9.085
2024-11-18 08:00:00+02:00,9.084,9.237
2024-11-18 10:00:00+02:00,9.238,9.149
2024-11-18 12:00:00+02:00,9.148,8.982
2024-11-18 14:00:00+02:00,8.983,8.884
2024-11-18 16:00:00+02:00,8.884,9.236
2024-11-18 18:00:00+02:00,9.235,9.228
2024-11-18 20:00:00+02:00,9.229,9.018
2024-11-18 22:00:00+02:00,9.017,9.176
2024-11-19 00:00:00+02:00,9.176,9.248
2024-11-19 02:00:00+02:00,9.249,9.159
2024-11-19 04:00:00+02:00,9.16,9.157
2024-11-19 06:00:00+02:00,9.157,9.308
2024-11-19 08:00:00+02:00,9.308,9.157
2024-11-19 10:00:00+02:00,9.156,9.308
2024-11-19 12:00:00+02:00,9.309,9.518
2024-11-19 14:00:00+02:00,9.519,9.196
2024-11-19 16:00:00+02:00,9.196,9.401
2024-11-19 18:00:00+02:00,9.401,9.45
2024-11-19 20:00:00+02:00,9.45,9.403
2024-11-19 22:00:00+02:00,9.403,9.357
2024-11-20 00:00:00+02:00,9.357,9.406
2024-11-20 02:00:00+02:00,9.406,9.167
2024-11-20 04:00:00+02:00,9.166,9.041
2024-11-20 06:00:00+02:00,9.041,9.243
2024-11-20 08:00:00+02:00,9.244,9.108
2024-11-20 10:00:00+02:00,9.108,9.154
2024-11-20 12:00:00+02:00,9.154,9.019
2024-11-20 14:00:00+02:00,9.017,9.067
2024-11-20 16:00:00+02:00,9.068,9.038
2024-11-20 18:00:00+02:00,9.038,8.716
2024-11-20 20:00:00+02:00,8.715,8.671
2024-11-20 22:00:00+02:00,8.671,8.819
2024-11-21 00:00:00+02:00,8.82,8.813
2024-11-21 02:00:00+02:00,8.814,8.858
2024-11-21 04:00:00+02:00,8.858,8.576
2024-11-21 06:00:00+02:00,8.576,8.836
2024-11-21 08:00:00+02:00,8.838,8.864
2024-11-21 10:00:00+02:00,8.864,8.746
2024-11-21 12:00:00+02:00,8.747,8.825
2024-11-21 14:00:00+02:00,8.824,9.326
2024-11-21 16:00:00+02:00,9.327,9.158
2024-11-21 18:00:00+02:00,9.159,9.478
2024-11-21 20:00:00+02:00,9.479,9.104
2024-11-21 22:00:00+02:00,9.105,9.109
2024-11-22 00:00:00+02:00,9.109,9.255
2024-11-22 02:00:00+02:00,9.256,9.299
2024-11-22 04:00:00+02:00,9.299,9.337
2024-11-22 06:00:00+02:00,9.337,9.401
2024-11-22 08:00:00+02:00,9.401,9.303
2024-11-22 10:00:00+02:00,9.304,9.457
2024-11-22 12:00:00+02:00,9.457,9.488
2024-11-22 14:00:00+02:00,9.487,9.26
2024-11-22 16:00:00+02:00,9.261,9.499
2024-11-22 18:00:00+02:00,9.499,9.372
2024-11-22 20:00:00+02:00,9.373,9.292
2024-11-22 22:00:00+02:00,9.291,9.512
2024-11-23 00:00:00+02:00,9.512,9.941
2024-11-23 02:00:00+02:00,9.941,10.13
2024-11-23 04:00:00+02:00,10.131,10.155
2024-11-23 06:00:00+02:00,10.155,10.293
2024-11-23 08:00:00+02:00,10.294,10.52
2024-11-23 10:00:00+02:00,10.52,10.51
2024-11-23 12:00:00+02:00,10.511,10.486
2024-11-23 14:00:00+02:00,10.487,10.669
2024-11-23 16:00:00+02:00,10.668,11.273
2024-11-23 18:00:00+02:00,11.273,11.094
2024-11-23 20:00:00+02:00,11.095,10.871
2024-11-23 22:00:00+02:00,10.872,10.806
2024-11-24 00:00:00+02:00,10.804,10.743
2024-11-24 02:00:00+02:00,10.742,10.97
2024-11-24 04:00:00+02:00,10.971,10.988
2024-11-24 06:00:00+02:00,10.988,11.052
2024-11-24 08:00:00+02:00,11.053,11.132
2024-11-24 10:00:00+02:00,11.13,11.076
2024-11-24 12:00:00+02:00,11.076,10.617
2024-11-24 14:00:00+02:00,10.617,10.518
2024-11-24 16:00:00+02:00,10.517,10.178
2024-11-24 18:00:00+02:00,10.176,10.364
2024-11-24 20:00:00+02:00,10.363,10.446
2024-11-24 22:00:00+02:00,10.446,10.785
2024-11-25 00:00:00+02:00,10.785,10.91
2024-11-25 02:00:00+02:00,10.908,10.705
2024-11-25 04:00:00+02:00,10.704,10.896
2024-11-25 06:00:00+02:00,10.895,10.971
2024-11-25 08:00:00+02:00,10.971,11.494
2024-11-25 10:00:00+02:00,11.494,11.725
2024-11-25 12:00:00+02:00,11.724,11.836
2024-11-25 14:00:00+02:00,11.836,12.004
2024-11-25 16:00:00+02:00,12.004,12.282
2024-11-25 18:00:00+02:00,12.282,11.648
2024-11-25 20:00:00+02:00,11.65,11.401
2024-11-25 22:00:00+02:00,11.402,11.321
2024-11-26 00:00:00+02:00,11.32,11.137
2024-11-26 02:00:00+02:00,11.137,11.636
2024-11-26 04:00:00+02:00,11.635,11.455
2024-11-26 06:00:00+02:00,11.455,11.747
2024-11-26 08:00:00+02:00,11.745,11.378
2024-11-26 10:00:00+02:00,11.377,10.947
2024-11-26 12:00:00+02:00,10.948,10.715
2024-11-26 14:00:00+02:00,10.714,10.831
2024-11-26 16:00:00+02:00,10.832,10.762
2024-11-26 18:00:00+02:00,10.763,10.858
2024-11-26 20:00:00+02:00,10.858,10.648
2024-11-26 22:00:00+02:00,10.648,10.878
2024-11-27 00:00:00+02:00,10.878,10.884
2024-11-27 02:00:00+02:00,10.883,11.192
2024-11-27 04:00:00+02:00,11.191,11.277
2024-11-27 06:00:00+02:00,11.276,11.418
2024-11-27 08:00:00+02:00,11.421,11.699
2024-11-27 10:00:00+02:00,11.699,11.685
2024-11-27 12:00:00+02:00,11.686,11.852
2024-11-27 14:00:00+02:00,11.851,12.821
2024-11-27 16:00:00+02:00,12.82,12.879
2024-11-27 18:00:00+02:00,12.877,13.095
2024-11-27 20:00:00+02:00,13.095,13.359
2024-11-27 22:00:00+02:00,13.36,13.342
2024-11-28 00:00:00+02:00,13.342,13.542
2024-11-28 02:00:00+02:00,13.54,12.783
2024-11-28 04:00:00+02:00,12.782,12.517
2024-11-28 06:00:00+02:00,12.518,12.538
2024-11-28 08:00:00+02:00,12.539,12.701
2024-11-28 10:00:00+02:00,12.7,12.824
2024-11-28 12:00:00+02:00,12.824,12.859
2024-11-28 14:00:00+02:00,12.858,12.694
2024-11-28 16:00:00+02:00,12.695,12.61
2024-11-28 18:00:00+02:00,12.609,12.502
2024-11-28 20:00:00+02:00,12.501,12.68
2024-11-28 22:00:00+02:00,12.681,12.668
2024-11-29 00:00:00+02:00,12.668,12.77
2024-11-29 02:00:00+02:00,12.769,12.606
2024-11-29 04:00:00+02:00,12.605,12.602
2024-11-29 06:00:00+02:00,12.603,12.482
2024-11-29 08:00:00+02:00,12.482,12.43
2024-11-29 10:00:00+02:00,12.43,12.682
2024-11-29 12:00:00+02:00,12.683,12.766
2024-11-29 14:00:00+02:00,12.767,12.733
2024-11-29 16:00:00+02:00,12.734,12.812
2024-11-29 18:00:00+02:00,12.813,12.702
2024-11-29 20:00:00+02:00,12.703,12.68
2024-11-29 22:00:00+02:00,12.681,12.652
2024-11-30 00:00:00+02:00,12.652,12.595
2024-11-30 02:00:00+02:00,12.594,12.771
2024-11-30 04:00:00+02:00,12.771,13.225
2024-11-30 06:00:00+02:00,13.226,13.045
2024-11-30 08:00:00+02:00,13.046,12.992
2024-11-30 10:00:00+02:00,12.993,12.846
2024-11-30 12:00:00+02:00,12.845,12.699
2024-11-30 14:00:00+02:00,12.7,12.819
2024-11-30 16:00:00+02:00,12.822,12.739
2024-11-30 18:00:00+02:00,12.739,12.833
2024-11-30 20:00:00+02:00,12.835,12.933
2024-11-30 22:00:00+02:00,12.931,12.98
2024-12-01 00:00:00+02:00,12.98,12.789
2024-12-01 02:00:00+02:00,12.791,12.982
2024-12-01 04:00:00+02:00,12.983,12.988
2024-12-01 06:00:00+02:00,12.989,12.92
2024-12-01 08:00:00+02:00,12.92,13.125
2024-12-01 10:00:00+02:00,13.124,13.027
2024-12-01 12:00:00+02:00,13.027,12.982
2024-12-01 14:00:00+02:00,12.982,12.992
2024-12-01 16:00:00+02:00,12.991,13.167
2024-12-01 18:00:00+02:00,13.167,13.049
2024-12-01 20:00:00+02:00,13.048,13.064
2024-12-01 22:00:00+02:00,13.062,13.021
2024-12-02 00:00:00+02:00,13.022,13.075
2024-12-02 02:00:00+02:00,13.072,13.409
2024-12-02 04:00:00+02:00,13.407,12.808
2024-12-02 06:00:00+02:00,12.807,12.882
2024-12-02 08:00:00+02:00,12.881,13.053
2024-12-02 10:00:00+02:00,13.054,13.111
2024-12-02 12:00:00+02:00,13.11,13.088
2024-12-02 14:00:00+02:00,13.088,14.331
2024-12-02 16:00:00+02:00,14.331,14.283
2024-12-02 18:00:00+02:00,14.283,13.654
2024-12-02 20:00:00+02:00,13.653,13.784
2024-12-02 22:00:00+02:00,13.785,13.787
2024-12-03 00:00:00+02:00,13.788,14.021
2024-12-03 02:00:00+02:00,14.022,13.879
2024-12-03 04:00:00+02:00,13.879,14.025
2024-12-03 06:00:00+02:00,14.025,14.488
2024-12-03 08:00:00+02:00,14.488,14.057
2024-12-03 10:00:00+02:00,14.057,14.284
2024-12-03 12:00:00+02:00,14.28,14.185
2024-12-03 14:00:00+02:00,14.183,13.649
2024-12-03 16:00:00+02:00,13.648,14.256
2024-12-03 18:00:00+02:00,14.257,14.309
2024-12-03 20:00:00+02:00,14.31,14.154
2024-12-03 22:00:00+02:00,14.155,14.611
2024-12-04 00:00:00+02:00,14.61,15.134
2024-12-04 02:00:00+02:00,15.134,15.105
2024-12-04 04:00:00+02:00,15.105,14.879
2024-12-04 06:00:00+02:00,14.876,15.031
2024-12-04 08:00:00+02:00,15.031,15.328
2024-12-04 10:00:00+02:00,15.332,15.425
2024-12-04 12:00:00+02:00,15.423,15.959
2024-12-04 14:00:00+02:00,15.957,15.608
2024-12-04 16:00:00+02:00,15.611,16.062
2024-12-04 18:00:00+02:00,16.062,16.041
2024-12-04 20:00:00+02:00,16.039,16.305
2024-12-04 22:00:00+02:00,16.306,15.797
2024-12-05 00:00:00+02:00,15.797,15.683
2024-12-05 02:00:00+02:00,15.682,15.036
2024-12-05 04:00:00+02:00,15.035,15.074
2024-12-05 06:00:00+02:00,15.074,15.22
2024-12-05 08:00:00+02:00,15.222,15.411
2024-12-05 10:00:00+02:00,15.413,15.745
2024-12-05 12:00:00+02:00,15.746,15.769
2024-12-05 14:00:00+02:00,15.769,15.648
2024-12-05 16:00:00+02:00,15.649,15.44
2024-12-05 18:00:00+02:00,15.441,15.624
2024-12-05 20:00:00+02:00,15.624,15.288
2024-12-05 22:00:00+02:00,15.287,15.315
2024-12-06 00:00:00+02:00,15.314,15.036
2024-12-06 02:00:00+02:00,15.035,15.783
2024-12-06 04:00:00+02:00,15.784,16.228
2024-12-06 06:00:00+02:00,16.229,16.42
2024-12-06 08:00:00+02:00,16.419,16.158
2024-12-06 10:00:00+02:00,16.159,16.29
2024-12-06 12:00:00+02:00,16.289,16.179
2024-12-06 14:00:00+02:00,16.178,16.454
2024-12-06 16:00:00+02:00,16.455,16.679
2024-12-06 18:00:00+02:00,16.679,17.15
2024-12-06 20:00:00+02:00,17.149,18.138
2024-12-06 22:00:00+02:00,18.138,17.825
2024-12-07 00:00:00+02:00,17.826,17.579
2024-12-07 02:00:00+02:00,17.579,17.423
2024-12-07 04:00:00+02:00,17.421,18.008
2024-12-07 06:00:00+02:00,18.009,18.106
2024-12-07 08:00:00+02:00,18.105,18.263
2024-12-07 10:00:00+02:00,18.264,17.848
2024-12-07 12:00:00+02:00,17.848,17.456
2024-12-07 14:00:00+02:00,17.457,17.443
2024-12-07 16:00:00+02:00,17.441,17.574
2024-12-07 18:00:00+02:00,17.573,17.254
2024-12-07 20:00:00+02:00,17.254,17.733
2024-12-07 22:00:00+02:00,17.732,17.864
2024-12-08 00:00:00+02:00,17.864,18.086
2024-12-08 02:00:00+02:00,18.087,17.919
2024-12-08 04:00:00+02:00,17.917,17.669
2024-12-08 06:00:00+02:00,17.669,17.652
2024-12-08 08:00:00+02:00,17.652,18.392
2024-12-08 10:00:00+02:00,18.393,18.094
2024-12-08 12:00:00+02:00,18.095,18.646
2024-12-08 14:00:00+02:00,18.648,19.125
2024-12-08 16:00:00+02:00,19.125,18.652
2024-12-08 18:00:00+02:00,18.653,18.363
2024-12-08 20:00:00+02:00,18.363,18.425
2024-12-08 22:00:00+02:00,18.425,18.357
2024-12-09 00:00:00+02:00,18.357,18.613
2024-12-09 02:00:00+02:00,18.614,18.244
2024-12-09 04:00:00+02:00,18.244,18.176
2024-12-09 06:00:00+02:00,18.175,18.076
2024-12-09 08:00:00+02:00,18.076,17.819
2024-12-09 10:00:00+02:00,17.819,17.424
2024-12-09 12:00:00+02:00,17.424,17.018
2024-12-09 14:00:00+02:00,17.014,17.4
2024-12-09 16:00:00+02:00,17.401,17.142
2024-12-09 18:00:00+02:00,17.142,16.834
2024-12-09 20:00:00+02:00,16.835,16.714
2024-12-09 22:00:00+02:00,16.713,15.591
2024-12-10 00:00:00+02:00,15.59,16.024
2024-12-10 02:00:00+02:00,16.024,16.499
2024-12-10 04:00:00+02:00,16.499,15.761
2024-12-10 06:00:00+02:00,15.759,15.509
2024-12-10 08:00:00+02:00,15.508,15.687
2024-12-10 10:00:00+02:00,15.686,15.85
2024-12-10 12:00:00+02:00,15.85,16.114
2024-12-10 14:00:00+02:00,16.114,15.701
2024-12-10 16:00:00+02:00,15.701,14.692
2024-12-10 18:00:00+02:00,14.694,14.074
2024-12-10 20:00:00+02:00,14.074,14.876
2024-12-10 22:00:00+02:00,14.875,15.064
2024-12-11 00:00:00+02:00,15.064,15.253
2024-12-11 02:00:00+02:00,15.253,14.792
2024-12-11 04:00:00+02:00,14.793,15.663
2024-12-11 06:00:00+02:00,15.663,15.497
2024-12-11 08:00:00+02:00,15.497,15.239
2024-12-11 10:00:00+02:00,15.24,15.564
2024-12-11 12:00:00+02:00,15.563,15.768
2024-12-11 14:00:00+02:00,15.769,16.491
2024-12-11 16:00:00+02:00,16.49,16.987
2024-12-11 18:00:00+02:00,16.988,16.876
2024-12-11 20:00:00+02:00,16.878,17.011
2024-12-11 22:00:00+02:00,17.01,16.94
2024-12-12 00:00:00+02:00,16.939,17.161
2024-12-12 02:00:00+02:00,17.161,16.957
2024-12-12 04:00:00+02:00,16.959,17.972
2024-12-12 06:00:00+02:00,17.97,18.701
2024-12-12 08:00:00+02:00,18.702,18.352
2024-12-12 10:00:00+02:00,18.353,18.435
2024-12-12 12:00:00+02:00,18.436,18.468
2024-12-12 14:00:00+02:00,18.47,18.393
2024-12-12 16:00:00+02:00,18.392,18.119
2024-12-12 18:00:00+02:00,18.12,18.182
2024-12-12 20:00:00+02:00,18.181,17.544
2024-12-12 22:00:00+02:00,17.545,17.622
2024-12-13 00:00:00+02:00,17.622,17.717
2024-12-13 02:00:00+02:00,17.717,17.491
2024-12-13 04:00:00+02:00,17.491,17.903
2024-12-13 06:00:00+02:00,17.903,17.514
2024-12-13 08:00:00+02:00,17.514,17.286
2024-12-13 10:00:00+02:00,17.287,17.355
2024-12-13 12:00:00+02:00,17.354,17.326
2024-12-13 14:00:00+02:00,17.327,17.276
2024-12-13 16:00:00+02:00,17.274,16.94
2024-12-13 18:00:00+02:00,16.939,17.266
2024-12-13 20:00:00+02:00,17.267,17.294
2024-12-13 22:00:00+02:00,17.295,17.31
2024-12-14 00:00:00+02:00,17.308,17.489
2024-12-14 02:00:00+02:00,17.49,17.628
2024-12-14 04:00:00+02:00,17.627,17.221
2024-12-14 06:00:00+02:00,17.223,17.262
2024-12-14 08:00:00+02:00,17.263,17.173
2024-12-14 10:00:00+02:00,17.171,17.205
2024-12-14 12:00:00+02:00,17.205,17.127
2024-12-14 14:00:00+02:00,17.126,16.496
2024-12-14 16:00:00+02:00,16.497,16.787
2024-12-14 18:00:00+02:00,16.786,16.69
2024-12-14 20:00:00+02:00,16.69,16.793
2024-12-14 22:00:00+02:00,16.793,16.801
2024-12-15 00:00:00+02:00,16.801,16.746
2024-12-15 02:00:00+02:00,16.746,17.008
2024-12-15 04:00:00+02:00,17.008,16.572
2024-12-15 06:00:00+02:00,16.572,16.703
2024-12-15 08:00:00+02:00,16.704,16.313
2024-12-15 10:00:00+02:00,16.313,16.568
2024-12-15 12:00:00+02:00,16.569,16.625
2024-12-15 14:00:00+02:00,16.625,16.71
2024-12-15 16:00:00+02:00,16.711,17.004
2024-12-15 18:00:00+02:00,17.004,16.707
2024-12-15 20:00:00+02:00,16.708,16.794
2024-12-15 22:00:00+02:00,16.794,16.349
2024-12-16 00:00:00+02:00,16.348,17.071
2024-12-16 02:00:00+02:00,17.07,17.202
2024-12-16 04:00:00+02:00,17.202,16.634
2024-12-16 06:00:00+02:00,16.632,16.727
2024-12-16 08:00:00+02:00,16.726,16.767
2024-12-16 10:00:00+02:00,16.768,16.453
2024-12-16 12:00:00+02:00,16.455,16.339
2024-12-16 14:00:00+02:00,16.341,16.304
2024-12-16 16:00:00+02:00,16.305,16.506
2024-12-16 18:00:00+02:00,16.505,16.957
2024-12-16 20:00:00+02:00,16.959,16.788
2024-12-16 22:00:00+02:00,16.788,16.56
2024-12-17 00:00:00+02:00,16.56,16.229
2024-12-17 02:00:00+02:00,16.229,15.969
2024-12-17 04:00:00+02:00,15.969,16.081
2024-12-17 06:00:00+02:00,16.081,15.992
2024-12-17 08:00:00+02:00,15.992,15.859
2024-12-17 10:00:00+02:00,15.858,16.181
2024-12-17 12:00:00+02:00,16.181,16.299
2024-12-17 14:00:00+02:00,16.298,16.325
2024-12-17 16:00:00+02:00,16.325,15.701
2024-12-17 18:00:00+02:00,15.701,16.199
2024-12-17 20:00:00+02:00,16.199,16.121
2024-12-17 22:00:00+02:00,16.12,16.461
2024-12-18 00:00:00+02:00,16.462,16.248
2024-12-18 02:00:00+02:00,16.249,16.038
2024-12-18 04:00:00+02:00,16.039,16.369
2024-12-18 06:00:00+02:00,16.368,16.432
2024-12-18 08:00:00+02:00,16.433,16.326
2024-12-18 10:00:00+02:00,16.327,16.43
2024-12-18 12:00:00+02:00,16.43,16.434
2024-12-18 14:00:00+02:00,16.433,15.761
2024-12-18 16:00:00+02:00,15.76,15.599
2024-12-18 18:00:00+02:00,15.6,15.709
2024-12-18 20:00:00+02:00,15.712,15.405
2024-12-18 22:00:00+02:00,15.405,14.987
2024-12-19 00:00:00+02:00,14.986,14.793
2024-12-19 02:00:00+02:00,14.794,14.289
2024-12-19 04:00:00+02:00,14.288,14.613
2024-12-19 06:00:00+02:00,14.613,14.548
2024-12-19 08:00:00+02:00,14.548,14.651
2024-12-19 10:00:00+02:00,14.651,14.568
2024-12-19 12:00:00+02:00,14.568,15.036
2024-12-19 14:00:00+02:00,15.035,14.884
2024-12-19 16:00:00+02:00,14.885,14.624
2024-12-19 18:00:00+02:00,14.624,13.842
2024-12-19 20:00:00+02:00,13.843,13.155
2024-12-19 22:00:00+02:00,13.156,13.257
2024-12-20 00:00:00+02:00,13.256,12.722
2024-12-20 02:00:00+02:00,12.722,12.85
2024-12-20 04:00:00+02:00,12.851,13.133
2024-12-20 06:00:00+02:00,13.134,12.764
2024-12-20 08:00:00+02:00,12.765,12.739
2024-12-20 10:00:00+02:00,12.738,11.82
2024-12-20 12:00:00+02:00,11.82,11.225
2024-12-20 14:00:00+02:00,11.223,11.985
2024-12-20 16:00:00+02:00,11.984,12.51
2024-12-20 18:00:00+02:00,12.51,12.85
2024-12-20 20:00:00+02:00,12.849,13.265
2024-12-20 22:00:00+02:00,13.265,13.478
2024-12-21 00:00:00+02:00,13.477,13.672
2024-12-21 02:00:00+02:00,13.672,13.613
2024-12-21 04:00:00+02:00,13.613,13.827
2024-12-21 06:00:00+02:00,13.827,14.708
2024-12-21 08:00:00+02:00,14.709,14.474
2024-12-21 10:00:00+02:00,14.475,14.094
2024-12-21 12:00:00+02:00,14.093,13.873
2024-12-21 14:00:00+02:00,13.874,13.38
2024-12-21 16:00:00+02:00,13.38,13.567
2024-12-21 18:00:00+02:00,13.566,13.442
2024-12-21 20:00:00+02:00,13.442,13.428
2024-12-21 22:00:00+02:00,13.427,13.314
2024-12-22 00:00:00+02:00,13.313,13.378
2024-12-22 02:00:00+02:00,13.378,13.779
2024-12-22 04:00:00+02:00,13.779,13.848
2024-12-22 06:00:00+02:00,13.847,13.54
2024-12-22 08:00:00+02:00,13.54,13.544
2024-12-22 10:00:00+02:00,13.544,13.989
2024-12-22 12:00:00+02:00,13.988,14.141
2024-12-22 14:00:00+02:00,14.14,14.027
2024-12-22 16:00:00+02:00,14.028,13.71
2024-12-22 18:00:00+02:00,13.71,14.156
2024-12-22 20:00:00+02:00,14.156,13.66
2024-12-22 22:00:00+02:00,13.661,13.883
2024-12-23 00:00:00+02:00,13.882,13.89
2024-12-23 02:00:00+02:00,13.89,13.644
2024-12-23 04:00:00+02:00,13.645,14.215
2024-12-23 06:00:00+02:00,14.215,14.038
2024-12-23 08:00:00+02:00,14.036,13.822
2024-12-23 10:00:00+02:00,13.821,14.054
2024-12-23 12:00:00+02:00,14.054,13.769
2024-12-23 14:00:00+02:00,13.77,13.553
2024-12-23 16:00:00+02:00,13.553,13.514
2024-12-23 18:00:00+02:00,13.514,13.53
2024-12-23 20:00:00+02:00,13.529,13.702
2024-12-23 22:00:00+02:00,13.701,14.253
2024-12-24 00:00:00+02:00,14.253,14.283
2024-12-24 02:00:00+02:00,14.283,13.973
2024-12-24 04:00:00+02:00,13.972,14.019
2024-12-24 06:00:00+02:00,14.018,14.127
2024-12-24 08:00:00+02:00,14.127,13.887
2024-12-24 10:00:00+02:00,13.888,13.84
2024-12-24 12:00:00+02:00,13.839,13.963
2024-12-24 14:00:00+02:00,13.962,14.41
2024-12-24 16:00:00+02:00,14.41,14.6
2024-12-24 18:00:00+02:00,14.6,14.56
2024-12-24 20:00:00+02:00,14.561,14.472
2024-12-24 22:00:00+02:00,14.473,14.658
2024-12-25 00:00:00+02:00,14.659,14.586
2024-12-25 02:00:00+02:00,14.585,14.343
2024-12-25 04:00:00+02:00,14.344,14.224
2024-12-25 06:00:00+02:00,14.224,14.188
2024-12-25 08:00:00+02:00,14.188,14.13
2024-12-25 10:00:00+02:00,14.129,14.185
2024-12-25 12:00:00+02:00,14.184,13.886
2024-12-25 14:00:00+02:00,13.887,14.014
2024-12-25 16:00:00+02:00,14.014,13.858
2024-12-25 18:00:00+02:00,13.858,13.854
2024-12-25 20:00:00+02:00,13.854,13.864
2024-12-25 22:00:00+02:00,13.864,13.742
2024-12-26 00:00:00+02:00,13.742,13.9
2024-12-26 02:00:00+02:00,13.9,13.705
2024-12-26 04:00:00+02:00,13.705,13.495
2024-12-26 06:00:00+02:00,13.496,13.321
2024-12-26 08:00:00+02:00,13.322,13.237
2024-12-26 10:00:00+02:00,13.237,12.989
2024-12-26 12:00:00+02:00,12.988,13.049
2024-12-26 14:00:00+02:00,13.048,12.974
2024-12-26 16:00:00+02:00,12.973,12.882
2024-12-26 18:00:00+02:00,12.881,12.977
2024-12-26 20:00:00+02:00,12.975,13.18
2024-12-26 22:00:00+02:00,13.179,13.272
2024-12-27 00:00:00+02:00,13.271,13.258
2024-12-27 02:00:00+02:00,13.259,13.722
2024-12-27 04:00:00+02:00,13.723,13.752
2024-12-27 06:00:00+02:00,13.752,13.892
2024-12-27 08:00:00+02:00,13.891,13.535
2024-12-27 10:00:00+02:00,13.535,14.092
2024-12-27 12:00:00+02:00,14.091,14.088
2024-12-27 14:00:00+02:00,14.088,13.818
2024-12-27 16:00:00+02:00,13.817,13.493
2024-12-27 18:00:00+02:00,13.492,13.478
2024-12-27 20:00:00+02:00,13.477,13.411
2024-12-27 22:00:00+02:00,13.411,13.245
2024-12-28 00:00:00+02:00,13.244,13.346
2024-12-28 02:00:00+02:00,13.345,13.173
2024-12-28 04:00:00+02:00,13.174,13.207
2024-12-28 06:00:00+02:00,13.206,13.215
2024-12-28 08:00:00+02:00,13.216,13.059
2024-12-28 10:00:00+02:00,13.059,13.27
2024-12-28 12:00:00+02:00,13.271,13.25
2024-12-28 14:00:00+02:00,13.249,13.407
2024-12-28 16:00:00+02:00,13.405,13.293
2024-12-28 18:00:00+02:00,13.294,13.411
2024-12-28 20:00:00+02:00,13.412,13.411
2024-12-28 22:00:00+02:00,13.411,13.599
2024-12-29 00:00:00+02:00,13.599,13.569
2024-12-29 02:00:00+02:00,13.57,13.382
2024-12-29 04:00:00+02:00,13.383,13.483
2024-12-29 06:00:00+02:00,13.483,13.389
2024-12-29 08:00:00+02:00,13.39,13.474
2024-12-29 10:00:00+02:00,13.473,13.387
2024-12-29 12:00:00+02:00,13.385,13.328
2024-12-29 14:00:00+02:00,13.329,13.36
2024-12-29 16:00:00+02:00,13.36,13.227
2024-12-29 18:00:00+02:00,13.229,13.123
2024-12-29 20:00:00+02:00,13.122,13.104
2024-12-29 22:00:00+02:00,13.103,12.972
2024-12-30 00:00:00+02:00,12.971,12.999
2024-12-30 02:00:00+02:00,13.0,13.468
2024-12-30 04:00:00+02:00,13.467,13.288
2024-12-30 06:00:00+02:00,13.287,13.305
2024-12-30 08:00:00+02:00,13.303,13.424
2024-12-30 10:00:00+02:00,13.424,13.406
2024-12-30 12:00:00+02:00,13.407,13.476
2024-12-30 14:00:00+02:00,13.475,12.916
2024-12-30 16:00:00+02:00,12.917,12.891
2024-12-30 18:00:00+02:00,12.891,13.487
2024-12-30 20:00:00+02:00,13.486,13.534
2024-12-30 22:00:00+02:00,13.534,13.066
2024-12-31 00:00:00+02:00,13.064,13.315
2024-12-31 02:00:00+02:00,13.316,13.283
2024-12-31 04:00:00+02:00,13.284,13.233
2024-12-31 06:00:00+02:00,13.233,13.271
2024-12-31 08:00:00+02:00,13.272,13.28
2024-12-31 10:00:00+02:00,13.28,13.534
2024-12-31 12:00:00+02:00,13.534,13.656
2024-12-31 14:00:00+02:00,13.657,13.716
2024-12-31 16:00:00+02:00,13.715,13.596
2024-12-31 18:00:00+02:00,13.594,13.346
2024-12-31 20:00:00+02:00,13.347,13.215
2024-12-31 22:00:00+02:00,13.214,13.432
2025-01-01 00:00:00+02:00,13.431,13.238
2025-01-01 02:00:00+02:00,13.24,13.248
2025-01-01 04:00:00+02:00,13.249,13.236
2025-01-01 06:00:00+02:00,13.236,13.199
2025-01-01 08:00:00+02:00,13.198,13.248
2025-01-01 10:00:00+02:00,13.247,13.106
2025-01-01 12:00:00+02:00,13.108,13.207
2025-01-01 14:00:00+02:00,13.208,13.332
2025-01-01 16:00:00+02:00,13.333,13.479
2025-01-01 18:00:00+02:00,13.479,13.454
2025-01-01 20:00:00+02:00,13.454,13.606
2025-01-01 22:00:00+02:00,13.606,13.578
2025-01-02 00:00:00+02:00,13.578,13.622
2025-01-02 02:00:00+02:00,13.621,13.806
2025-01-02 04:00:00+02:00,13.807,13.834
2025-01-02 06:00:00+02:00,13.835,14.077
2025-01-02 08:00:00+02:00,14.077,14.126
2025-01-02 10:00:00+02:00,14.126,14.337
2025-01-02 12:00:00+02:00,14.338,14.326
2025-01-02 14:00:00+02:00,14.327,14.407
2025-01-02 16:00:00+02:00,14.408,14.308
2025-01-02 18:00:00+02:00,14.308,14.279
2025-01-02 20:00:00+02:00,14.279,14.328
2025-01-02 22:00:00+02:00,14.329,14.304
2025-01-03 00:00:00+02:00,14.304,14.376
2025-01-03 02:00:00+02:00,14.377,14.246
2025-01-03 04:00:00+02:00,14.248,14.369
2025-01-03 06:00:00+02:00,14.37,14.217
2025-01-03 08:00:00+02:00,14.218,14.068
2025-01-03 10:00:00+02:00,14.068,14.272
2025-01-03 12:00:00+02:00,14.273,14.498
2025-01-03 14:00:00+02:00,14.498,14.461
2025-01-03 16:00:00+02:00,14.461,14.926
2025-01-03 18:00:00+02:00,14.927,15.033
2025-01-03 20:00:00+02:00,15.032,15.16
2025-01-03 22:00:00+02:00,15.16,15.219
2025-01-04 00:00:00+02:00,15.221,15.21
2025-01-04 02:00:00+02:00,15.209,14.966
2025-01-04 04:00:00+02:00,14.966,15.026
2025-01-04 06:00:00+02:00,15.025,14.967
2025-01-04 08:00:00+02:00,14.966,14.96
2025-01-04 10:00:00+02:00,14.959,14.855
2025-01-04 12:00:00+02:00,14.856,14.958
2025-01-04 14:00:00+02:00,14.96,15.303
2025-01-04 16:00:00+02:00,15.304,15.126
2025-01-04 18:00:00+02:00,15.122,15.204
2025-01-04 20:00:00+02:00,15.204,15.307
2025-01-04 22:00:00+02:00,15.307,15.311
2025-01-05 00:00:00+02:00,15.311,15.274
2025-01-05 02:00:00+02:00,15.274,15.098
2025-01-05 04:00:00+02:00,15.098,15.114
2025-01-05 06:00:00+02:00,15.114,15.068
2025-01-05 08:00:00+02:00,15.068,15.088
2025-01-05 10:00:00+02:00,15.088,14.904
2025-01-05 12:00:00+02:00,14.905,15.048
2025-01-05 14:00:00+02:00,15.048,14.938
2025-01-05 16:00:00+02:00,14.939,15.037
2025-01-05 18:00:00+02:00,15.037,15.065
2025-01-05 20:00:00+02:00,15.064,15.189
2025-01-05 22:00:00+02:00,15.19,15.226
2025-01-06 00:00:00+02:00,15.226,15.159
2025-01-06 02:00:00+02:00,15.158,15.117
2025-01-06 04:00:00+02:00,15.118,15.385
2025-01-06 06:00:00+02:00,15.385,15.484
2025-01-06 08:00:00+02:00,15.485,15.17
2025-01-06 10:00:00+02:00,15.17,15.004
2025-01-06 12:00:00+02:00,15.004,15.038
2025-01-06 14:00:00+02:00,15.037,15.037
2025-01-06 16:00:00+02:00,15.038,15.316
2025-01-06 18:00:00+02:00,15.317,14.996
2025-01-06 20:00:00+02:00,14.996,15.148
2025-01-06 22:00:00+02:00,15.149,15.041
2025-01-07 00:00:00+02:00,15.041,15.068
2025-01-07 02:00:00+02:00,15.07,15.081
2025-01-07 04:00:00+02:00,15.08,14.997
2025-01-07 06:00:00+02:00,14.997,14.89
2025-01-07 08:00:00+02:00,14.89,14.894
2025-01-07 10:00:00+02:00,14.895,14.91
2025-01-07 12:00:00+02:00,14.911,14.782
2025-01-07 14:00:00+02:00,14.783,14.843
2025-01-07 16:00:00+02:00,14.844,14.083
2025-01-07 18:00:00+02:00,14.082,13.947
2025-01-07 20:00:00+02:00,13.946,13.644
2025-01-07 22:00:00+02:00,13.644,13.533
2025-01-08 00:00:00+02:00,13.533,13.52
2025-01-08 02:00:00+02:00,13.521,13.645
2025-01-08 04:00:00+02:00,13.647,13.481
2025-01-08 06:00:00+02:00,13.481,13.36
2025-01-08 08:00:00+02:00,13.361,13.28
2025-01-08 10:00:00+02:00,13.279,13.267
2025-01-08 12:00:00+02:00,13.267,13.289
2025-01-08 14:00:00+02:00,13.289,13.252
2025-01-08 16:00:00+02:00,13.252,13.236
2025-01-08 18:00:00+02:00,13.237,12.856
2025-01-08 20:00:00+02:00,12.855,12.912
2025-01-08 22:00:00+02:00,12.912,12.926
2025-01-09 00:00:00+02:00,12.925,13.108
2025-01-09 02:00:00+02:00,13.107,13.239
2025-01-09 04:00:00+02:00,13.239,13.06
2025-01-09 06:00:00+02:00,13.059,13.055
2025-01-09 08:00:00+02:00,13.056,12.764
2025-01-09 10:00:00+02:00,12.764,12.864
2025-01-09 12:00:00+02:00,12.864,12.83
2025-01-09 14:00:00+02:00,12.829,12.455
2025-01-09 16:00:00+02:00,12.455,12.894
2025-01-09 18:00:00+02:00,12.894,12.623
2025-01-09 20:00:00+02:00,12.625,12.581
2025-01-09 22:00:00+02:00,12.582,12.68
2025-01-10 00:00:00+02:00,12.68,12.856
2025-01-10 02:00:00+02:00,12.857,13.158
2025-01-10 04:00:00+02:00,13.159,13.364
2025-01-10 06:00:00+02:00,13.365,13.284
2025-01-10 08:00:00+02:00,13.284,13.387
2025-01-10 10:00:00+02:00,13.387,13.338
2025-01-10 12:00:00+02:00,13.337,13.302
2025-01-10 14:00:00+02:00,13.302,13.012
2025-01-10 16:00:00+02:00,13.011,13.116
2025-01-10 18:00:00+02:00,13.116,13.67
2025-01-10 20:00:00+02:00,13.669,13.864
2025-01-10 22:00:00+02:00,13.865,13.922
2025-01-11 00:00:00+02:00,13.923,13.938
2025-01-11 02:00:00+02:00,13.938,13.687
2025-01-11 04:00:00+02:00,13.688,13.586
2025-01-11 06:00:00+02:00,13.586,13.661
2025-01-11 08:00:00+02:00,13.66,13.515
2025-01-11 10:00:00+02:00,13.514,13.632
2025-01-11 12:00:00+02:00,13.631,13.784
2025-01-11 14:00:00+02:00,13.784,13.696
2025-01-11 16:00:00+02:00,13.696,13.647
2025-01-11 18:00:00+02:00,13.648,13.626
2025-01-11 20:00:00+02:00,13.626,13.741
2025-01-11 22:00:00+02:00,13.74,13.837
2025-01-12 00:00:00+02:00,13.837,13.639
2025-01-12 02:00:00+02:00,13.639,13.778
2025-01-12 04:00:00+02:00,13.778,13.835
2025-01-12 06:00:00+02:00,13.835,13.75
2025-01-12 08:00:00+02:00,13.75,13.709
2025-01-12 10:00:00+02:00,13.709,13.59
2025-01-12 12:00:00+02:00,13.589,13.694
2025-01-12 14:00:00+02:00,13.695,13.732
2025-01-12 16:00:00+02:00,13.732,13.763
2025-01-12 18:00:00+02:00,13.763,13.818
2025-01-12 20:00:00+02:00,13.817,13.78
2025-01-12 22:00:00+02:00,13.782,13.662
2025-01-13 00:00:00+02:00,13.662,13.624
2025-01-13 02:00:00+02:00,13.625,13.558
2025-01-13 04:00:00+02:00,13.559,13.208
2025-01-13 06:00:00+02:00,13.208,13.163
2025-01-13 08:00:00+02:00,13.164,13.113
2025-01-13 10:00:00+02:00,13.114,12.838
2025-01-13 12:00:00+02:00,12.838,12.279
2025-01-13 14:00:00+02:00,12.279,12.462
2025-01-13 16:00:00+02:00,12.463,12.575
2025-01-13 18:00:00+02:00,12.577,12.269
2025-01-13 20:00:00+02:00,12.267,12.372
2025-01-13 22:00:00+02:00,12.371,12.83
2025-01-14 00:00:00+02:00,12.831,12.883
2025-01-14 02:00:00+02:00,12.883,12.891
2025-01-14 04:00:00+02:00,12.89,13.013
2025-01-14 06:00:00+02:00,13.013,13.015
2025-01-14 08:00:00+02:00,13.015,12.947
2025-01-14 10:00:00+02:00,12.947,13.363
2025-01-14 12:00:00+02:00,13.363,13.148
2025-01-14 14:00:00+02:00,13.151,13.216
2025-01-14 16:00:00+02:00,13.217,13.205
2025-01-14 18:00:00+02:00,13.205,13.283
2025-01-14 20:00:00+02:00,13.284,13.283
2025-01-14 22:00:00+02:00,13.282,13.307
2025-01-15 00:00:00+02:00,13.308,13.308
2025-01-15 02:00:00+02:00,13.309,13.284
2025-01-15 04:00:00+02:00,13.285,13.282
2025-01-15 06:00:00+02:00,13.281,13.262
2025-01-15 08:00:00+02:00,13.261,13.329
2025-01-15 10:00:00+02:00,13.331,13.067
2025-01-15 12:00:00+02:00,13.066,13.059
2025-01-15 14:00:00+02:00,13.058,13.7
2025-01-15 16:00:00+02:00,13.699,14.205
2025-01-15 18:00:00+02:00,14.205,14.197
2025-01-15 20:00:00+02:00,14.197,14.582
2025-01-15 22:00:00+02:00,14.582,14.417
2025-01-16 00:00:00+02:00,14.416,14.536
2025-01-16 02:00:00+02:00,14.536,14.385
2025-01-16 04:00:00+02:00,14.384,14.267
2025-01-16 06:00:00+02:00,14.266,14.274
2025-01-16 08:00:00+02:00,14.274,14.354
2025-01-16 10:00:00+02:00,14.353,14.136
2025-01-16 12:00:00+02:00,14.136,14.314
2025-01-16 14:00:00+02:00,14.313,14.347
2025-01-16 16:00:00+02:00,14.346,14.434
2025-01-16 18:00:00+02:00,14.435,14.382
2025-01-16 20:00:00+02:00,14.382,14.388
2025-01-16 22:00:00+02:00,14.389,14.216
2025-01-17 00:00:00+02:00,14.216,14.089
2025-01-17 02:00:00+02:00,14.088,14.729
2025-01-17 04:00:00+02:00,14.729,14.558
2025-01-17 06:00:00+02:00,14.558,14.738
2025-01-17 08:00:00+02:00,14.738,14.764
2025-01-17 10:00:00+02:00,14.765,14.946
2025-01-17 12:00:00+02:00,14.946,14.935
2025-01-17 14:00:00+02:00,14.934,14.747
2025-01-17 16:00:00+02:00,14.747,14.929
2025-01-17 18:00:00+02:00,14.93,14.736
2025-01-17 20:00:00+02:00,14.736,14.892
2025-01-17 22:00:00+02:00,14.892,15.002
2025-01-18 00:00:00+02:00,15.002,14.979
2025-01-18 02:00:00+02:00,14.977,14.92
2025-01-18 04:00:00+02:00,14.92,14.449
2025-01-18 06:00:00+02:00,14.449,14.101
2025-01-18 08:00:00+02:00,14.101,14.052
2025-01-18 10:00:00+02:00,14.052,14.04
2025-01-18 12:00:00+02:00,14.041,14.31
2025-01-18 14:00:00+02:00,14.308,14.463
2025-01-18 16:00:00+02:00,14.463,14.151
2025-01-18 18:00:00+02:00,14.157,13.945
2025-01-18 20:00:00+02:00,13.944,14.117
2025-01-18 22:00:00+02:00,14.116,13.993
2025-01-19 00:00:00+02:00,13.992,14.163
2025-01-19 02:00:00+02:00,14.163,14.429
2025-01-19 04:00:00+02:00,14.43,14.215
2025-01-19 06:00:00+02:00,14.215,14.151
2025-01-19 08:00:00+02:00,14.151,13.894
2025-01-19 10:00:00+02:00,13.894,13.619
2025-01-19 12:00:00+02:00,13.62,13.202
2025-01-19 14:00:00+02:00,13.203,13.67
2025-01-19 16:00:00+02:00,13.67,14.207
2025-01-19 18:00:00+02:00,14.208,14.531
2025-01-19 20:00:00+02:00,14.53,14.492
2025-01-19 22:00:00+02:00,14.493,13.561
2025-01-20 00:00:00+02:00,13.556,13.284
2025-01-20 02:00:00+02:00,13.284,13.087
2025-01-20 04:00:00+02:00,13.084,13.368
2025-01-20 06:00:00+02:00,13.367,13.458
2025-01-20 08:00:00+02:00,13.458,14.217
2025-01-20 10:00:00+02:00,14.215,14.261
2025-01-20 12:00:00+02:00,14.262,14.224
2025-01-20 14:00:00+02:00,14.225,14.122
2025-01-20 16:00:00+02:00,14.121,13.936
2025-01-20 18:00:00+02:00,13.937,13.43
2025-01-20 20:00:00+02:00,13.43,13.771
2025-01-20 22:00:00+02:00,13.77,13.47
2025-01-21 00:00:00+02:00,13.47,13.519
2025-01-21 02:00:00+02:00,13.518,13.287
2025-01-21 04:00:00+02:00,13.285,13.313
2025-01-21 06:00:00+02:00,13.314,13.031
2025-01-21 08:00:00+02:00,13.032,13.216
2025-01-21 10:00:00+02:00,13.216,13.324
2025-01-21 12:00:00+02:00,13.324,13.531
2025-01-21 14:00:00+02:00,13.531,13.563
2025-01-21 16:00:00+02:00,13.564,13.458
2025-01-21 18:00:00+02:00,13.459,13.774
2025-01-21 20:00:00+02:00,13.772,13.563
2025-01-21 22:00:00+02:00,13.562,13.547
2025-01-22 00:00:00+02:00,13.546,13.501
2025-01-22 02:00:00+02:00,13.501,13.444
2025-01-22 04:00:00+02:00,13.443,13.512
2025-01-22 06:00:00+02:00,13.513,13.438
2025-01-22 08:00:00+02:00,13.439,13.304
2025-01-22 10:00:00+02:00,13.304,13.351
2025-01-22 12:00:00+02:00,13.352,13.419
2025-01-22 14:00:00+02:00,13.419,13.217
2025-01-22 16:00:00+02:00,13.218,13.24
2025-01-22 18:00:00+02:00,13.239,13.252
2025-01-22 20:00:00+02:00,13.252,13.061
2025-01-22 22:00:00+02:00,13.06,12.992
2025-01-23 00:00:00+02:00,12.992,12.887
2025-01-23 02:00:00+02:00,12.887,12.742
2025-01-23 04:00:00+02:00,12.743,12.756
2025-01-23 06:00:00+02:00,12.756,12.682
2025-01-23 08:00:00+02:00,12.683,12.705
2025-01-23 10:00:00+02:00,12.704,12.491
2025-01-23 12:00:00+02:00,12.492,12.477
2025-01-23 14:00:00+02:00,12.476,12.64
2025-01-23 16:00:00+02:00,12.64,12.792
2025-01-23 18:00:00+02:00,12.794,12.78
2025-01-23 20:00:00+02:00,12.78,12.501
2025-01-23 22:00:00+02:00,12.501,12.518
2025-01-24 00:00:00+02:00,12.518,12.799
2025-01-24 02:00:00+02:00,12.801,12.609
2025-01-24 04:00:00+02:00,12.609,12.632
2025-01-24 06:00:00+02:00,12.634,13.112
2025-01-24 08:00:00+02:00,13.113,12.905
2025-01-24 10:00:00+02:00,12.906,12.932
2025-01-24 12:00:00+02:00,12.931,13.025
2025-01-24 14:00:00+02:00,13.026,13.024
2025-01-24 16:00:00+02:00,13.025,12.88
2025-01-24 18:00:00+02:00,12.878,12.857
2025-01-24 20:00:00+02:00,12.857,12.699
2025-01-24 22:00:00+02:00,12.699,12.579
2025-01-25 00:00:00+02:00,12.579,12.455
2025-01-25 02:00:00+02:00,12.456,12.348
2025-01-25 04:00:00+02:00,12.348,12.447
2025-01-25 06:00:00+02:00,12.447,12.255
2025-01-25 08:00:00+02:00,12.255,12.159
2025-01-25 10:00:00+02:00,12.159,12.093
2025-01-25 12:00:00+02:00,12.093,12.153
2025-01-25 14:00:00+02:00,12.153,12.18
2025-01-25 16:00:00+02:00,12.182,12.279
2025-01-25 18:00:00+02:00,12.279,12.2
2025-01-25 20:00:00+02:00,12.199,12.155
2025-01-25 22:00:00+02:00,12.154,12.154
2025-01-26 00:00:00+02:00,12.154,12.085
2025-01-26 02:00:00+02:00,12.085,12.108
2025-01-26 04:00:00+02:00,12.108,12.21
2025-01-26 06:00:00+02:00,12.209,12.302
2025-01-26 08:00:00+02:00,12.302,12.18
2025-01-26 10:00:00+02:00,12.18,11.968
2025-01-26 12:00:00+02:00,11.966,12.026
2025-01-26 14:00:00+02:00,12.025,11.943
2025-01-26 16:00:00+02:00,11.943,11.958
2025-01-26 18:00:00+02:00,11.957,12.051
2025-01-26 20:00:00+02:00,12.051,12.028
2025-01-26 22:00:00+02:00,12.029,11.773
2025-01-27 00:00:00+02:00,11.772,11.42
2025-01-27 02:00:00+02:00,11.42,11.235
2025-01-27 04:00:00+02:00,11.234,11.016
2025-01-27 06:00:00+02:00,11.015,10.706
2025-01-27 08:00:00+02:00,10.705,10.634
2025-01-27 10:00:00+02:00,10.633,10.598
2025-01-27 12:00:00+02:00,10.597,10.492
2025-01-27 14:00:00+02:00,10.493,10.725
2025-01-27 16:00:00+02:00,10.724,10.867
2025-01-27 18:00:00+02:00,10.865,10.549
2025-01-27 20:00:00+02:00,10.55,10.572
2025-01-27 22:00:00+02:00,10.572,10.918
2025-01-28 00:00:00+02:00,10.918,10.997
2025-01-28 02:00:00+02:00,10.997,10.846
2025-01-28 04:00:00+02:00,10.846,10.993
2025-01-28 06:00:00+02:00,10.991,11.259
2025-01-28 08:00:00+02:00,11.259,11.154
2025-01-28 10:00:00+02:00,11.156,11.172
2025-01-28 12:00:00+02:00,11.171,11.185
2025-01-28 14:00:00+02:00,11.185,11.115
2025-01-28 16:00:00+02:00,11.116,11.102
2025-01-28 18:00:00+02:00,11.103,11.26
2025-01-28 20:00:00+02:00,11.259,11.25
2025-01-28 22:00:00+02:00,11.251,10.942
2025-01-29 00:00:00+02:00,10.943,11.127
2025-01-29 02:00:00+02:00,11.127,11.4
2025-01-29 04:00:00+02:00,11.4,11.592
2025-01-29 06:00:00+02:00,11.592,11.726
2025-01-29 08:00:00+02:00,11.727,11.894
2025-01-29 10:00:00+02:00,11.895,11.839
2025-01-29 12:00:00+02:00,11.84,12.009
2025-01-29 14:00:00+02:00,12.01,11.813
2025-01-29 16:00:00+02:00,11.813,11.661
2025-01-29 18:00:00+02:00,11.663,11.66
2025-01-29 20:00:00+02:00,11.661,11.803
2025-01-29 22:00:00+02:00,11.801,11.927
2025-01-30 00:00:00+02:00,11.928,11.721
2025-01-30 02:00:00+02:00,11.721,11.875
2025-01-30 04:00:00+02:00,11.875,12.002
2025-01-30 06:00:00+02:00,12.001,12.08
2025-01-30 08:00:00+02:00,12.081,11.901
2025-01-30 10:00:00+02:00,11.901,12.084
2025-01-30 12:00:00+02:00,12.084,12.123
2025-01-30 14:00:00+02:00,12.123,12.103
2025-01-30 16:00:00+02:00,12.101,12.08
2025-01-30 18:00:00+02:00,12.081,12.141
2025-01-30 20:00:00+02:00,12.14,12.171
2025-01-30 22:00:00+02:00,12.171,12.011
2025-01-31 00:00:00+02:00,12.012,11.961
2025-01-31 02:00:00+02:00,11.962,12.033
2025-01-31 04:00:00+02:00,12.033,11.834
2025-01-31 06:00:00+02:00,11.835,11.896
2025-01-31 08:00:00+02:00,11.897,11.858
2025-01-31 10:00:00+02:00,11.857,11.876
2025-01-31 12:00:00+02:00,11.876,12.012
2025-01-31 14:00:00+02:00,12.012,12.208
2025-01-31 16:00:00+02:00,12.21,12.677
2025-01-31 18:00:00+02:00,12.676,12.279
2025-01-31 20:00:00+02:00,12.28,12.002
2025-01-31 22:00:00+02:00,12.001,11.887
2025-02-01 00:00:00+02:00,11.887,11.767
2025-02-01 02:00:00+02:00,11.768,11.781
2025-02-01 04:00:00+02:00,11.781,11.673
2025-02-01 06:00:00+02:00,11.675,11.715
2025-02-01 08:00:00+02:00,11.712,11.609
2025-02-01 10:00:00+02:00,11.609,11.373
2025-02-01 12:00:00+02:00,11.372,11.378
2025-02-01 14:00:00+02:00,11.379,11.318
2025-02-01 16:00:00+02:00,11.319,11.44
2025-02-01 18:00:00+02:00,11.441,11.61
2025-02-01 20:00:00+02:00,11.61,11.246
2025-02-01 22:00:00+02:00,11.248,11.006
2025-02-02 00:00:00+02:00,11.006,10.851
2025-02-02 02:00:00+02:00,10.852,11.014
2025-02-02 04:00:00+02:00,11.015,10.63
2025-02-02 06:00:00+02:00,10.63,10.83
2025-02-02 08:00:00+02:00,10.83,10.681
2025-02-02 10:00:00+02:00,10.68,10.709
2025-02-02 12:00:00+02:00,10.71,10.42
2025-02-02 14:00:00+02:00,10.42,10.535
2025-02-02 16:00:00+02:00,10.536,10.489
2025-02-02 18:00:00+02:00,10.489,9.645
2025-02-02 20:00:00+02:00,9.646,9.575
2025-02-02 22:00:00+02:00,9.576,9.309
2025-02-03 00:00:00+02:00,9.309,9.179
2025-02-03 02:00:00+02:00,9.181,7.786
2025-02-03 04:00:00+02:00,7.786,8.125
2025-02-03 06:00:00+02:00,8.126,8.388
2025-02-03 08:00:00+02:00,8.388,9.307
2025-02-03 10:00:00+02:00,9.307,8.997
2025-02-03 12:00:00+02:00,8.998,9.11
2025-02-03 14:00:00+02:00,9.111,9.135
2025-02-03 16:00:00+02:00,9.136,9.885
2025-02-03 18:00:00+02:00,9.885,9.715
2025-02-03 20:00:00+02:00,9.714,9.95
2025-02-03 22:00:00+02:00,9.949,10.037
2025-02-04 00:00:00+02:00,10.037,9.951
2025-02-04 02:00:00+02:00,9.951,9.771
2025-02-04 04:00:00+02:00,9.771,9.519
2025-02-04 06:00:00+02:00,9.519,9.097
2025-02-04 08:00:00+02:00,9.098,9.028
2025-02-04 10:00:00+02:00,9.028,8.927
2025-02-04 12:00:00+02:00,8.927,9.124
2025-02-04 14:00:00+02:00,9.125,9.222
2025-02-04 16:00:00+02:00,9.223,9.296
2025-02-04 18:00:00+02:00,9.296,9.388
2025-02-04 20:00:00+02:00,9.386,9.197
2025-02-04 22:00:00+02:00,9.197,8.777
2025-02-05 00:00:00+02:00,8.776,9.064
2025-02-05 02:00:00+02:00,9.065,9.058
2025-02-05 04:00:00+02:00,9.059,9.178
2025-02-05 06:00:00+02:00,9.179,9.441
2025-02-05 08:00:00+02:00,9.44,9.33
2025-02-05 10:00:00+02:00,9.329,9.21
2025-02-05 12:00:00+02:00,9.21,9.474
2025-02-05 14:00:00+02:00,9.474,9.35
2025-02-05 16:00:00+02:00,9.35,9.383
2025-02-05 18:00:00+02:00,9.383,9.151
2025-02-05 20:00:00+02:00,9.152,9.399
2025-02-05 22:00:00+02:00,9.4,9.287
2025-02-06 00:00:00+02:00,9.286,9.266
2025-02-06 02:00:00+02:00,9.266,9.348
2025-02-06 04:00:00+02:00,9.347,9.302
2025-02-06 06:00:00+02:00,9.302,9.377
2025-02-06 08:00:00+02:00,9.376,9.342
2025-02-06 10:00:00+02:00,9.342,9.383
2025-02-06 12:00:00+02:00,9.382,9.319
2025-02-06 14:00:00+02:00,9.32,9.277
2025-02-06 16:00:00+02:00,9.278,8.978
2025-02-06 18:00:00+02:00,8.978,9.001
2025-02-06 20:00:00+02:00,9.002,8.939
2025-02-06 22:00:00+02:00,8.94,9.024
2025-02-07 00:00:00+02:00,9.025,8.975
2025-02-07 02:00:00+02:00,8.975,9.1
2025-02-07 04:00:00+02:00,9.099,9.057
2025-02-07 06:00:00+02:00,9.058,9.035
2025-02-07 08:00:00+02:00,9.036,8.963
2025-02-07 10:00:00+02:00,8.962,9.119
2025-02-07 12:00:00+02:00,9.12,9.228
2025-02-07 14:00:00+02:00,9.228,9.395
2025-02-07 16:00:00+02:00,9.394,9.115
2025-02-07 18:00:00+02:00,9.116,8.988
2025-02-07 20:00:00+02:00,8.989,9.207
2025-02-07 22:00:00+02:00,9.206,8.88
2025-02-08 00:00:00+02:00,8.881,9.002
2025-02-08 02:00:00+02:00,9.002,8.97
2025-02-08 04:00:00+02:00,8.971,8.944
2025-02-08 06:00:00+02:00,8.944,8.841
2025-02-08 08:00:00+02:00,8.842,8.855
2025-02-08 10:00:00+02:00,8.854,8.81
2025-02-08 12:00:00+02:00,8.81,8.797
2025-02-08 14:00:00+02:00,8.797,8.897
2025-02-08 16:00:00+02:00,8.896,8.886
2025-02-08 18:00:00+02:00,8.887,9.094
2025-02-08 20:00:00+02:00,9.095,9.058
2025-02-08 22:00:00+02:00,9.058,9.112
2025-02-09 00:00:00+02:00,9.112,9.133
2025-02-09 02:00:00+02:00,9.133,9.066
2025-02-09 04:00:00+02:00,9.066,9.252
2025-02-09 06:00:00+02:00,9.252,9.193
2025-02-09 08:00:00+02:00,9.193,9.259
2025-02-09 10:00:00+02:00,9.258,9.231
2025-02-09 12:00:00+02:00,9.23,9.19
2025-02-09 14:00:00+02:00,9.191,9.004
2025-02-09 16:00:00+02:00,9.005,9.253
2025-02-09 18:00:00+02:00,9.254,9.232
2025-02-09 20:00:00+02:00,9.233,9.05
2025-02-09 22:00:00+02:00,9.051,8.777
2025-02-10 00:00:00+02:00,8.776,9.125
2025-02-10 02:00:00+02:00,9.124,8.863
2025-02-10 04:00:00+02:00,8.863,9.123
2025-02-10 06:00:00+02:00,9.122,9.132
2025-02-10 08:00:00+02:00,9.133,9.136
2025-02-10 10:00:00+02:00,9.136,9.205
2025-02-10 12:00:00+02:00,9.206,9.177
2025-02-10 14:00:00+02:00,9.177,9.335
2025-02-10 16:00:00+02:00,9.335,9.211
2025-02-10 18:00:00+02:00,9.212,9.44
2025-02-10 20:00:00+02:00,9.438,9.462
2025-02-10 22:00:00+02:00,9.462,9.538
2025-02-11 00:00:00+02:00,9.537,9.453
2025-02-11 02:00:00+02:00,9.453,9.675
2025-02-11 04:00:00+02:00,9.676,9.659
2025-02-11 06:00:00+02:00,9.659,9.996
2025-02-11 08:00:00+02:00,9.997,9.981
2025-02-11 10:00:00+02:00,9.98,9.935
2025-02-11 12:00:00+02:00,9.934,9.953
2025-02-11 14:00:00+02:00,9.953,9.56
2025-02-11 16:00:00+02:00,9.559,9.636
2025-02-11 18:00:00+02:00,9.635,9.52
2025-02-11 20:00:00+02:00,9.519,9.285
2025-02-11 22:00:00+02:00,9.284,9.374
2025-02-12 00:00:00+02:00,9.374,9.374
2025-02-12 02:00:00+02:00,9.373,9.421
2025-02-12 04:00:00+02:00,9.421,9.3
2025-02-12 06:00:00+02:00,9.299,9.404
2025-02-12 08:00:00+02:00,9.405,9.481
2025-02-12 10:00:00+02:00,9.48,9.437
2025-02-12 12:00:00+02:00,9.437,9.476
2025-02-12 14:00:00+02:00,9.477,9.265
2025-02-12 16:00:00+02:00,9.266,9.448
2025-02-12 18:00:00+02:00,9.451,9.65
2025-02-12 20:00:00+02:00,9.651,9.782
2025-02-12 22:00:00+02:00,9.783,9.81
2025-02-13 00:00:00+02:00,9.811,9.948
2025-02-13 02:00:00+02:00,9.949,10.036
2025-02-13 04:00:00+02:00,10.035,9.961
2025-02-13 06:00:00+02:00,9.962,9.849
2025-02-13 08:00:00+02:00,9.851,9.677
2025-02-13 10:00:00+02:00,9.677,9.721
2025-02-13 12:00:00+02:00,9.721,9.63
2025-02-13 14:00:00+02:00,9.631,9.635
2025-02-13 16:00:00+02:00,9.635,9.574
2025-02-13 18:00:00+02:00,9.574,9.563
2025-02-13 20:00:00+02:00,9.563,9.591
2025-02-13 22:00:00+02:00,9.592,9.762
2025-02-14 00:00:00+02:00,9.761,9.884
2025-02-14 02:00:00+02:00,9.884,9.873
2025-02-14 04:00:00+02:00,9.874,10.04
2025-02-14 06:00:00+02:00,10.042,9.875
2025-02-14 08:00:00+02:00,9.874,9.876
2025-02-14 10:00:00+02:00,9.875,10.065
2025-02-14 12:00:00+02:00,10.064,9.952
2025-02-14 14:00:00+02:00,9.952,10.054
2025-02-14 16:00:00+02:00,10.054,10.106
2025-02-14 18:00:00+02:00,10.104,10.263
2025-02-14 20:00:00+02:00,10.263,10.101
2025-02-14 22:00:00+02:00,10.101,10.123
2025-02-15 00:00:00+02:00,10.122,10.051
2025-02-15 02:00:00+02:00,10.051,10.077
2025-02-15 04:00:00+02:00,10.077,10.095
2025-02-15 06:00:00+02:00,10.094,10.099
2025-02-15 08:00:00+02:00,10.101,9.898
2025-02-15 10:00:00+02:00,9.898,9.889
2025-02-15 12:00:00+02:00,9.888,9.865
2025-02-15 14:00:00+02:00,9.865,9.887
2025-02-15 16:00:00+02:00,9.888,9.848
2025-02-15 18:00:00+02:00,9.848,9.781
2025-02-15 20:00:00+02:00,9.78,9.777
2025-02-15 22:00:00+02:00,9.778,9.799
2025-02-16 00:00:00+02:00,9.8,9.806
2025-02-16 02:00:00+02:00,9.805,9.84
2025-02-16 04:00:00+02:00,9.841,9.786
2025-02-16 06:00:00+02:00,9.785,9.808
2025-02-16 08:00:00+02:00,9.808,9.74
2025-02-16 10:00:00+02:00,9.739,9.898
2025-02-16 12:00:00+02:00,9.898,9.931
2025-02-16 14:00:00+02:00,9.932,9.748
2025-02-16 16:00:00+02:00,9.747,9.71
2025-02-16 18:00:00+02:00,9.709,9.659
2025-02-16 20:00:00+02:00,9.658,9.67
2025-02-16 22:00:00+02:00,9.669,9.664
2025-02-17 00:00:00+02:00,9.663,9.578
2025-02-17 02:00:00+02:00,9.578,9.711
2025-02-17 04:00:00+02:00,9.711,9.675
2025-02-17 06:00:00+02:00,9.675,9.632
2025-02-17 08:00:00+02:00,9.633,9.678
2025-02-17 10:00:00+02:00,9.678,9.846
2025-02-17 12:00:00+02:00,9.846,10.013
2025-02-17 14:00:00+02:00,10.013,9.928
2025-02-17 16:00:00+02:00,9.929,9.855
2025-02-17 18:00:00+02:00,9.855,9.731
2025-02-17 20:00:00+02:00,9.73,9.821
2025-02-17 22:00:00+02:00,9.822,10.051
2025-02-18 00:00:00+02:00,10.052,9.939
2025-02-18 02:00:00+02:00,9.939,9.884
2025-02-18 04:00:00+02:00,9.884,9.822
2025-02-18 06:00:00+02:00,9.821,9.618
2025-02-18 08:00:00+02:00,9.618,9.548
2025-02-18 10:00:00+02:00,9.548,9.71
2025-02-18 12:00:00+02:00,9.709,9.576
2025-02-18 14:00:00+02:00,9.576,9.65
2025-02-18 16:00:00+02:00,9.649,9.349
2025-02-18 18:00:00+02:00,9.35,9.196
2025-02-18 20:00:00+02:00,9.197,9.251
2025-02-18 22:00:00+02:00,9.251,9.354
2025-02-19 00:00:00+02:00,9.355,9.624
2025-02-19 02:00:00+02:00,9.625,9.5
2025-02-19 04:00:00+02:00,9.501,9.533
2025-02-19 06:00:00+02:00,9.532,9.47
2025-02-19 08:00:00+02:00,9.471,9.67
2025-02-19 10:00:00+02:00,9.67,9.652
2025-02-19 12:00:00+02:00,9.653,9.639
2025-02-19 14:00:00+02:00,9.64,9.612
2025-02-19 16:00:00+02:00,9.612,9.476
2025-02-19 18:00:00+02:00,9.476,9.495
2025-02-19 20:00:00+02:00,9.495,9.531
2025-02-19 22:00:00+02:00,9.531,9.407
2025-02-20 00:00:00+02:00,9.407,9.428
2025-02-20 02:00:00+02:00,9.429,9.345
2025-02-20 04:00:00+02:00,9.345,9.417
2025-02-20 06:00:00+02:00,9.417,9.316
2025-02-20 08:00:00+02:00,9.315,9.237
2025-02-20 10:00:00+02:00,9.237,9.188
2025-02-20 12:00:00+02:00,9.187,9.199
2025-02-20 14:00:00+02:00,9.198,9.204
2025-02-20 16:00:00+02:00,9.205,9.001
2025-02-20 18:00:00+02:00,9.001,9.377
2025-02-20 20:00:00+02:00,9.377,9.324
2025-02-20 22:00:00+02:00,9.323,9.25
2025-02-21 00:00:00+02:00,9.25,9.338
2025-02-21 02:00:00+02:00,9.338,9.31
2025-02-21 04:00:00+02:00,9.31,9.285
2025-02-21 06:00:00+02:00,9.285,9.302
2025-02-21 08:00:00+02:00,9.301,9.26
2025-02-21 10:00:00+02:00,9.26,9.371
2025-02-21 12:00:00+02:00,9.371,9.408
2025-02-21 14:00:00+02:00,9.408,9.612
2025-02-21 16:00:00+02:00,9.611,9.17
2025-02-21 18:00:00+02:00,9.171,8.927
2025-02-21 20:00:00+02:00,8.926,8.633
2025-02-21 22:00:00+02:00,8.633,8.659
2025-02-22 00:00:00+02:00,8.659,8.733
2025-02-22 02:00:00+02:00,8.733,8.82
2025-02-22 04:00:00+02:00,8.821,8.719
2025-02-22 06:00:00+02:00,8.719,8.782
2025-02-22 08:00:00+02:00,8.782,8.804
2025-02-22 10:00:00+02:00,8.804,8.885
2025-02-22 12:00:00+02:00,8.886,8.906
2025-02-22 14:00:00+02:00,8.906,8.862
2025-02-22 16:00:00+02:00,8.862,9.003
2025-02-22 18:00:00+02:00,9.002,9.04
2025-02-22 20:00:00+02:00,9.039,8.98
2025-02-22 22:00:00+02:00,8.981,9.013
2025-02-23 00:00:00+02:00,9.013,9.031
2025-02-23 02:00:00+02:00,9.031,9.023
2025-02-23 04:00:00+02:00,9.023,9.01
2025-02-23 06:00:00+02:00,9.01,9.039
2025-02-23 08:00:00+02:00,9.039,9.2
2025-02-23 10:00:00+02:00,9.2,9.178
2025-02-23 12:00:00+02:00,9.177,9.088
2025-02-23 14:00:00+02:00,9.089,9.07
2025-02-23 16:00:00+02:00,9.071,8.94
2025-02-23 18:00:00+02:00,8.94,9.031
2025-02-23 20:00:00+02:00,9.03,8.98
2025-02-23 22:00:00+02:00,8.981,8.978
2025-02-24 00:00:00+02:00,8.978,9.015
2025-02-24 02:00:00+02:00,9.015,8.893
2025-02-24 04:00:00+02:00,8.893,8.715
2025-02-24 06:00:00+02:00,8.715,8.756
2025-02-24 08:00:00+02:00,8.757,8.675
2025-02-24 10:00:00+02:00,8.675,8.594
2025-02-24 12:00:00+02:00,8.594,8.549
2025-02-24 14:00:00+02:00,8.549,8.462
2025-02-24 16:00:00+02:00,8.462,8.33
2025-02-24 18:00:00+02:00,8.33,8.347
2025-02-24 20:00:00+02:00,8.348,8.2
2025-02-24 22:00:00+02:00,8.201,8.245
2025-02-25 00:00:00+02:00,8.245,7.973
2025-02-25 02:00:00+02:00,7.972,7.956
2025-02-25 04:00:00+02:00,7.957,7.918
2025-02-25 06:00:00+02:00,7.919,7.884
2025-02-25 08:00:00+02:00,7.883,7.682
2025-02-25 10:00:00+02:00,7.682,7.691
2025-02-25 12:00:00+02:00,7.69,7.877
2025-02-25 14:00:00+02:00,7.878,7.85
2025-02-25 16:00:00+02:00,7.851,7.81
2025-02-25 18:00:00+02:00,7.811,7.86
2025-02-25 20:00:00+02:00,7.861,8.253
2025-02-25 22:00:00+02:00,8.253,8.448
2025-02-26 00:00:00+02:00,8.449,8.307
2025-02-26 02:00:00+02:00,8.306,8.293
2025-02-26 04:00:00+02:00,8.292,8.387
2025-02-26 06:00:00+02:00,8.387,8.278
2025-02-26 08:00:00+02:00,8.28,8.255
2025-02-26 10:00:00+02:00,8.255,8.319
2025-02-26 12:00:00+02:00,8.318,8.181
2025-02-26 14:00:00+02:00,8.182,7.998
2025-02-26 16:00:00+02:00,7.999,8.12
2025-02-26 18:00:00+02:00,8.122,7.852
2025-02-26 20:00:00+02:00,7.852,7.727
2025-02-26 22:00:00+02:00,7.729,7.904
2025-02-27 00:00:00+02:00,7.905,7.904
2025-02-27 02:00:00+02:00,7.905,8.036
2025-02-27 04:00:00+02:00,8.035,8.031
2025-02-27 06:00:00+02:00,8.03,8.066
2025-02-27 08:00:00+02:00,8.065,8.128
2025-02-27 10:00:00+02:00,8.128,8.208
2025-02-27 12:00:00+02:00,8.209,8.169
2025-02-27 14:00:00+02:00,8.169,8.141
2025-02-27 16:00:00+02:00,8.141,8.076
2025-02-27 18:00:00+02:00,8.078,8.036
2025-02-27 20:00:00+02:00,8.037,7.866
2025-02-27 22:00:00+02:00,7.867,7.822
2025-02-28 00:00:00+02:00,7.822,7.862
2025-02-28 02:00:00+02:00,7.862,7.519
2025-02-28 04:00:00+02:00,7.519,7.297
2025-02-28 06:00:00+02:00,7.299,7.282
2025-02-28 08:00:00+02:00,7.284,7.151
2025-02-28 10:00:00+02:00,7.151,7.304
2025-02-28 12:00:00+02:00,7.304,7.192
2025-02-28 14:00:00+02:00,7.191,7.261
2025-02-28 16:00:00+02:00,7.262,7.47
2025-02-28 18:00:00+02:00,7.469,7.376
2025-02-28 20:00:00+02:00,7.375,7.489
2025-02-28 22:00:00+02:00,7.488,7.485
2025-03-01 00:00:00+02:00,7.485,7.493
2025-03-01 02:00:00+02:00,7.494,7.533
2025-03-01 04:00:00+02:00,7.532,7.582
2025-03-01 06:00:00+02:00,7.582,7.543
2025-03-01 08:00:00+02:00,7.544,7.429
2025-03-01 10:00:00+02:00,7.429,7.47
2025-03-01 12:00:00+02:00,7.471,7.327
2025-03-01 14:00:00+02:00,7.327,7.235
2025-03-01 16:00:00+02:00,7.235,7.332
2025-03-01 18:00:00+02:00,7.333,7.382
2025-03-01 20:00:00+02:00,7.382,7.512
2025-03-01 22:00:00+02:00,7.511,7.556
2025-03-02 00:00:00+02:00,7.555,7.494
2025-03-02 02:00:00+02:00,7.495,7.497
2025-03-02 04:00:00+02:00,7.497,7.479
2025-03-02 06:00:00+02:00,7.479,7.493
2025-03-02 08:00:00+02:00,7.493,7.449
2025-03-02 10:00:00+02:00,7.449,7.5
2025-03-02 12:00:00+02:00,7.5,7.527
2025-03-02 14:00:00+02:00,7.527,7.417
2025-03-02 16:00:00+02:00,7.417,7.576
2025-03-02 18:00:00+02:00,7.577,8.225
2025-03-02 20:00:00+02:00,8.226,8.188
2025-03-02 22:00:00+02:00,8.187,8.296
2025-03-03 00:00:00+02:00,8.296,8.265
2025-03-03 02:00:00+02:00,8.265,8.029
2025-03-03 04:00:00+02:00,8.028,8.021
2025-03-03 06:00:00+02:00,8.022,8.051
2025-03-03 08:00:00+02:00,8.049,7.972
2025-03-03 10:00:00+02:00,7.971,7.835
2025-03-03 12:00:00+02:00,7.834,7.885
2025-03-03 14:00:00+02:00,7.885,7.981
2025-03-03 16:00:00+02:00,7.98,7.715
2025-03-03 18:00:00+02:00,7.716,7.677
2025-03-03 20:00:00+02:00,7.677,7.201
2025-03-03 22:00:00+02:00,7.2,7.077
2025-03-04 00:00:00+02:00,7.078,7.122
2025-03-04 02:00:00+02:00,7.121,6.742
2025-03-04 04:00:00+02:00,6.743,6.784
2025-03-04 06:00:00+02:00,6.784,6.862
2025-03-04 08:00:00+02:00,6.861,6.766
2025-03-04 10:00:00+02:00,6.765,6.747
2025-03-04 12:00:00+02:00,6.748,6.735
2025-03-04 14:00:00+02:00,6.735,6.672
2025-03-04 16:00:00+02:00,6.673,6.815
2025-03-04 18:00:00+02:00,6.815,6.95
2025-03-04 20:00:00+02:00,6.95,7.054
2025-03-04 22:00:00+02:00,7.053,7.055
2025-03-05 00:00:00+02:00,7.055,7.065
2025-03-05 02:00:00+02:00,7.066,7.136
2025-03-05 04:00:00+02:00,7.137,7.042
2025-03-05 06:00:00+02:00,7.043,7.207
2025-03-05 08:00:00+02:00,7.207,7.374
2025-03-05 10:00:00+02:00,7.375,7.459
2025-03-05 12:00:00+02:00,7.459,7.342
2025-03-05 14:00:00+02:00,7.343,7.348
2025-03-05 16:00:00+02:00,7.349,7.317
2025-03-05 18:00:00+02:00,7.317,7.346
2025-03-05 20:00:00+02:00,7.345,7.387
2025-03-05 22:00:00+02:00,7.388,7.494
2025-03-06 00:00:00+02:00,7.494,7.514
2025-03-06 02:00:00+02:00,7.516,7.575
2025-03-06 04:00:00+02:00,7.574,7.571
2025-03-06 06:00:00+02:00,7.572,7.624
2025-03-06 08:00:00+02:00,7.623,7.518
2025-03-06 10:00:00+02:00,7.518,7.467
2025-03-06 12:00:00+02:00,7.467,7.496
2025-03-06 14:00:00+02:00,7.496,7.284
2025-03-06 16:00:00+02:00,7.284,7.329
2025-03-06 18:00:00+02:00,7.33,7.086
2025-03-06 20:00:00+02:00,7.086,7.182
2025-03-06 22:00:00+02:00,7.183,7.145
2025-03-07 00:00:00+02:00,7.145,7.099
2025-03-07 02:00:00+02:00,7.099,7.089
2025-03-07 04:00:00+02:00,7.088,7.054
2025-03-07 06:00:00+02:00,7.054,7.13
2025-03-07 08:00:00+02:00,7.129,7.187
2025-03-07 10:00:00+02:00,7.188,7.228
2025-03-07 12:00:00+02:00,7.228,7.224
2025-03-07 14:00:00+02:00,7.224,7.184
2025-03-07 16:00:00+02:00,7.183,7.253
2025-03-07 18:00:00+02:00,7.252,7.176
2025-03-07 20:00:00+02:00,7.177,7.218
2025-03-07 22:00:00+02:00,7.217,7.111
2025-03-08 00:00:00+02:00,7.112,7.066
2025-03-08 02:00:00+02:00,7.065,7.03
2025-03-08 04:00:00+02:00,7.031,7.035
2025-03-08 06:00:00+02:00,7.035,7.004
2025-03-08 08:00:00+02:00,7.005,6.952
2025-03-08 10:00:00+02:00,6.953,6.899
2025-03-08 12:00:00+02:00,6.899,6.942
2025-03-08 14:00:00+02:00,6.942,7.116
2025-03-08 16:00:00+02:00,7.116,7.044
2025-03-08 18:00:00+02:00,7.044,7.105
2025-03-08 20:00:00+02:00,7.104,7.209
2025-03-08 22:00:00+02:00,7.209,7.192
2025-03-09 00:00:00+02:00,7.192,7.158
2025-03-09 02:00:00+02:00,7.158,7.096
2025-03-09 04:00:00+02:00,7.096,7.053
2025-03-09 06:00:00+02:00,7.052,7.073
2025-03-09 08:00:00+02:00,7.074,7.056
2025-03-09 10:00:00+02:00,7.056,6.972
2025-03-09 12:00:00+02:00,6.972,6.891
2025-03-09 14:00:00+02:00,6.891,6.728
2025-03-09 16:00:00+02:00,6.728,6.739
2025-03-09 18:00:00+02:00,6.739,6.429
2025-03-09 20:00:00+02:00,6.428,6.508
2025-03-09 22:00:00+02:00,6.508,6.363
2025-03-10 00:00:00+02:00,6.363,6.392
2025-03-10 02:00:00+02:00,6.393,6.486
2025-03-10 04:00:00+02:00,6.486,6.582
2025-03-10 06:00:00+02:00,6.583,6.629
2025-03-10 08:00:00+02:00,6.63,6.746
2025-03-10 10:00:00+02:00,6.746,6.744
2025-03-10 12:00:00+02:00,6.744,6.78
2025-03-10 14:00:00+02:00,6.779,6.615
2025-03-10 16:00:00+02:00,6.614,6.37
2025-03-10 18:00:00+02:00,6.37,5.995
2025-03-10 20:00:00+02:00,5.994,5.999
2025-03-10 22:00:00+02:00,6.001,5.998
2025-03-11 00:00:00+02:00,5.998,5.902
2025-03-11 02:00:00+02:00,5.903,5.825
2025-03-11 04:00:00+02:00,5.824,5.709
2025-03-11 06:00:00+02:00,5.709,5.861
2025-03-11 08:00:00+02:00,5.86,5.877
2025-03-11 10:00:00+02:00,5.876,5.96
2025-03-11 12:00:00+02:00,5.96,5.996
2025-03-11 14:00:00+02:00,5.997,5.958
2025-03-11 16:00:00+02:00,5.958,5.99
2025-03-11 18:00:00+02:00,5.991,5.949
2025-03-11 20:00:00+02:00,5.949,6.202
2025-03-11 22:00:00+02:00,6.201,6.198
2025-03-12 00:00:00+02:00,6.197,6.094
2025-03-12 02:00:00+02:00,6.094,6.086
2025-03-12 04:00:00+02:00,6.087,5.887
2025-03-12 06:00:00+02:00,5.887,5.875
2025-03-12 08:00:00+02:00,5.875,6.003
2025-03-12 10:00:00+02:00,6.003,6.022
2025-03-12 12:00:00+02:00,6.022,6.062
2025-03-12 14:00:00+02:00,6.062,5.929
2025-03-12 16:00:00+02:00,5.928,5.82
2025-03-12 18:00:00+02:00,5.82,5.78
2025-03-12 20:00:00+02:00,5.78,5.813
2025-03-12 22:00:00+02:00,5.812,5.846
2025-03-13 00:00:00+02:00,5.845,5.908
2025-03-13 02:00:00+02:00,5.907,5.935
2025-03-13 04:00:00+02:00,5.935,5.89
2025-03-13 06:00:00+02:00,5.89,5.772
2025-03-13 08:00:00+02:00,5.773,5.814
2025-03-13 10:00:00+02:00,5.814,5.955
2025-03-13 12:00:00+02:00,5.954,6.019
2025-03-13 14:00:00+02:00,6.019,5.854
2025-03-13 16:00:00+02:00,5.853,5.891
2025-03-13 18:00:00+02:00,5.892,5.699
2025-03-13 20:00:00+02:00,5.7,5.793
2025-03-13 22:00:00+02:00,5.793,5.834
2025-03-14 00:00:00+02:00,5.834,5.885
2025-03-14 02:00:00+02:00,5.885,5.903
2025-03-14 04:00:00+02:00,5.903,5.928
2025-03-14 06:00:00+02:00,5.929,5.902
2025-03-14 08:00:00+02:00,5.901,5.879
2025-03-14 10:00:00+02:00,5.878,5.874
2025-03-14 12:00:00+02:00,5.874,5.899
2025-03-14 14:00:00+02:00,5.898,5.922
2025-03-14 16:00:00+02:00,5.922,5.98
2025-03-14 18:00:00+02:00,5.98,6.114
2025-03-14 20:00:00+02:00,6.113,6.068
2025-03-14 22:00:00+02:00,6.069,6.079
2025-03-15 00:00:00+02:00,6.079,6.023
2025-03-15 02:00:00+02:00,6.023,6.027
2025-03-15 04:00:00+02:00,6.026,6.079
2025-03-15 06:00:00+02:00,6.079,6.152
2025-03-15 08:00:00+02:00,6.151,6.09
2025-03-15 10:00:00+02:00,6.09,6.133
2025-03-15 12:00:00+02:00,6.132,6.141
2025-03-15 14:00:00+02:00,6.141,6.115
2025-03-15 16:00:00+02:00,6.114,6.126
2025-03-15 18:00:00+02:00,6.127,6.175
2025-03-15 20:00:00+02:00,6.175,6.136
2025-03-15 22:00:00+02:00,6.137,6.282
2025-03-16 00:00:00+02:00,6.283,6.266
2025-03-16 02:00:00+02:00,6.266,6.17
2025-03-16 04:00:00+02:00,6.17,6.231
2025-03-16 06:00:00+02:00,6.232,6.286
2025-03-16 08:00:00+02:00,6.287,6.269
2025-03-16 10:00:00+02:00,6.269,6.185
2025-03-16 12:00:00+02:00,6.187,6.02
2025-03-16 14:00:00+02:00,6.021,5.982
2025-03-16 16:00:00+02:00,5.981,6.043
2025-03-16 18:00:00+02:00,6.042,6.146
2025-03-16 20:00:00+02:00,6.147,6.065
2025-03-16 22:00:00+02:00,6.066,6.168
2025-03-17 00:00:00+02:00,6.167,6.135
2025-03-17 02:00:00+02:00,6.136,6.222
2025-03-17 04:00:00+02:00,6.223,6.226
2025-03-17 06:00:00+02:00,6.226,6.148
2025-03-17 08:00:00+02:00,6.148,6.176
2025-03-17 10:00:00+02:00,6.177,6.249
2025-03-17 12:00:00+02:00,6.25,6.214
2025-03-17 14:00:00+02:00,6.215,6.146
2025-03-17 16:00:00+02:00,6.145,6.189
2025-03-17 18:00:00+02:00,6.189,6.299
2025-03-17 20:00:00+02:00,6.299,6.369
2025-03-17 22:00:00+02:00,6.368,6.341
2025-03-18 00:00:00+02:00,6.342,6.292
2025-03-18 02:00:00+02:00,6.292,6.175
2025-03-18 04:00:00+02:00,6.176,6.187
2025-03-18 06:00:00+02:00,6.186,6.248
2025-03-18 08:00:00+02:00,6.247,6.263
2025-03-18 10:00:00+02:00,6.263,6.254
2025-03-18 12:00:00+02:00,6.254,6.207
2025-03-18 14:00:00+02:00,6.206,6.122
2025-03-18 16:00:00+02:00,6.121,6.135
2025-03-18 18:00:00+02:00,6.134,6.119
2025-03-18 20:00:00+02:00,6.118,6.288
2025-03-18 22:00:00+02:00,6.287,6.295
2025-03-19 00:00:00+02:00,6.294,6.371
2025-03-19 02:00:00+02:00,6.37,6.384
2025-03-19 04:00:00+02:00,6.385,6.402
2025-03-19 06:00:00+02:00,6.401,6.35
2025-03-19 08:00:00+02:00,6.35,6.324
2025-03-19 10:00:00+02:00,6.323,6.342
2025-03-19 12:00:00+02:00,6.343,6.642
2025-03-19 14:00:00+02:00,6.642,6.56
2025-03-19 16:00:00+02:00,6.561,6.937
2025-03-19 18:00:00+02:00,6.936,6.848
2025-03-19 20:00:00+02:00,6.848,6.946
2025-03-19 22:00:00+02:00,6.946,6.904
2025-03-20 00:00:00+02:00,6.905,6.98
2025-03-20 02:00:00+02:00,6.98,6.872
2025-03-20 04:00:00+02:00,6.873,6.857
2025-03-20 06:00:00+02:00,6.857,6.836
2025-03-20 08:00:00+02:00,6.836,6.859
2025-03-20 10:00:00+02:00,6.859,6.868
2025-03-20 12:00:00+02:00,6.869,6.759
2025-03-20 14:00:00+02:00,6.759,6.755
2025-03-20 16:00:00+02:00,6.754,6.711
2025-03-20 18:00:00+02:00,6.71,6.749
2025-03-20 20:00:00+02:00,6.75,6.845
2025-03-20 22:00:00+02:00,6.844,6.872
2025-03-21 00:00:00+02:00,6.871,6.908
2025-03-21 02:00:00+02:00,6.908,6.891
2025-03-21 04:00:00+02:00,6.891,6.843
2025-03-21 06:00:00+02:00,6.843,6.852
2025-03-21 08:00:00+02:00,6.852,6.873
2025-03-21 10:00:00+02:00,6.872,6.851
2025-03-21 12:00:00+02:00,6.85,6.825
2025-03-21 14:00:00+02:00,6.824,6.799
2025-03-21 16:00:00+02:00,6.799,6.744
2025-03-21 18:00:00+02:00,6.743,6.803
2025-03-21 20:00:00+02:00,6.802,6.771
2025-03-21 22:00:00+02:00,6.77,6.777
2025-03-22 00:00:00+02:00,6.778,6.776
2025-03-22 02:00:00+02:00,6.777,6.786
2025-03-22 04:00:00+02:00,6.786,6.87
2025-03-22 06:00:00+02:00,6.87,6.895
2025-03-22 08:00:00+02:00,6.895,6.81
2025-03-22 10:00:00+02:00,6.81,6.864
2025-03-22 12:00:00+02:00,6.864,6.801
2025-03-22 14:00:00+02:00,6.8,6.765
2025-03-22 16:00:00+02:00,6.764,6.733
2025-03-22 18:00:00+02:00,6.734,6.828
2025-03-22 20:00:00+02:00,6.827,6.853
2025-03-22 22:00:00+02:00,6.853,6.781
2025-03-23 00:00:00+02:00,6.781,6.73
2025-03-23 02:00:00+02:00,6.73,6.787
2025-03-23 04:00:00+02:00,6.786,6.817
2025-03-23 06:00:00+02:00,6.818,6.76
2025-03-23 08:00:00+02:00,6.761,6.775
2025-03-23 10:00:00+02:00,6.775,6.763
2025-03-23 12:00:00+02:00,6.762,6.733
2025-03-23 14:00:00+02:00,6.733,6.755
2025-03-23 16:00:00+02:00,6.755,6.684
2025-03-23 18:00:00+02:00,6.685,6.633
2025-03-23 20:00:00+02:00,6.633,6.657
2025-03-23 22:00:00+02:00,6.656,6.648
2025-03-24 00:00:00+02:00,6.649,6.685
2025-03-24 02:00:00+02:00,6.686,6.584
2025-03-24 04:00:00+02:00,6.585,6.78
2025-03-24 06:00:00+02:00,6.78,6.848
2025-03-24 08:00:00+02:00,6.849,6.885
2025-03-24 10:00:00+02:00,6.885,6.968
2025-03-24 12:00:00+02:00,6.966,7.067
2025-03-24 14:00:00+02:00,7.067,7.045
2025-03-24 16:00:00+02:00,7.046,7.039
2025-03-24 18:00:00+02:00,7.039,7.059
2025-03-24 20:00:00+02:00,7.058,7.075
2025-03-24 22:00:00+02:00,7.075,7.097
2025-03-25 00:00:00+02:00,7.098,7.082
2025-03-25 02:00:00+02:00,7.081,7.016
2025-03-25 04:00:00+02:00,7.015,6.946
2025-03-25 06:00:00+02:00,6.946,6.995
2025-03-25 08:00:00+02:00,6.995,7.013
2025-03-25 10:00:00+02:00,7.013,7.095
2025-03-25 12:00:00+02:00,7.095,7.025
2025-03-25 14:00:00+02:00,7.025,6.981
2025-03-25 16:00:00+02:00,6.982,6.979
2025-03-25 18:00:00+02:00,6.978,7.013
2025-03-25 20:00:00+02:00,7.013,6.987
2025-03-25 22:00:00+02:00,6.986,6.949
2025-03-26 00:00:00+02:00,6.949,6.96
2025-03-26 02:00:00+02:00,6.961,7.053
2025-03-26 04:00:00+02:00,7.054,6.919
2025-03-26 06:00:00+02:00,6.92,6.95
2025-03-26 08:00:00+02:00,6.95,7.078
2025-03-26 10:00:00+02:00,7.078,7.02
2025-03-26 12:00:00+02:00,7.019,7.093
2025-03-26 14:00:00+02:00,7.094,6.884
2025-03-26 16:00:00+02:00,6.884,6.831
2025-03-26 18:00:00+02:00,6.83,6.744
2025-03-26 20:00:00+02:00,6.745,6.772
2025-03-26 22:00:00+02:00,6.772,6.725
2025-03-27 00:00:00+02:00,6.725,6.72
2025-03-27 02:00:00+02:00,6.72,6.787
2025-03-27 04:00:00+02:00,6.787,6.862
2025-03-27 06:00:00+02:00,6.863,6.794
2025-03-27 08:00:00+02:00,6.794,6.857
2025-03-27 10:00:00+02:00,6.857,6.775
2025-03-27 12:00:00+02:00,6.775,6.712
2025-03-27 14:00:00+02:00,6.712,6.705
2025-03-27 16:00:00+02:00,6.705,6.772
2025-03-27 18:00:00+02:00,6.772,6.697
2025-03-27 20:00:00+02:00,6.697,6.775
2025-03-27 22:00:00+02:00,6.775,6.803
2025-03-28 00:00:00+02:00,6.803,6.722
2025-03-28 03:00:00+03:00,6.722,6.78
2025-03-28 05:00:00+03:00,6.78,6.762
2025-03-28 07:00:00+03:00,6.763,6.506
2025-03-28 09:00:00+03:00,6.505,6.386
2025-03-28 11:00:00+03:00,6.386,6.348
2025-03-28 13:00:00+03:00,6.348,6.295
2025-03-28 15:00:00+03:00,6.294,6.208
2025-03-28 17:00:00+03:00,6.209,6.103
2025-03-28 19:00:00+03:00,6.103,6.113
2025-03-28 21:00:00+03:00,6.114,6.109
2025-03-28 23:00:00+03:00,6.108,6.13
2025-03-29 01:00:00+03:00,6.129,6.17
2025-03-29 03:00:00+03:00,6.17,6.191
2025-03-29 05:00:00+03:00,6.192,6.188
2025-03-29 07:00:00+03:00,6.187,6.147
2025-03-29 09:00:00+03:00,6.146,6.12
2025-03-29 11:00:00+03:00,6.12,6.12
2025-03-29 13:00:00+03:00,6.12,6.045
2025-03-29 15:00:00+03:00,6.046,6.09
2025-03-29 17:00:00+03:00,6.09,5.977
2025-03-29 19:00:00+03:00,5.978,5.952
2025-03-29 21:00:00+03:00,5.951,5.945
2025-03-29 23:00:00+03:00,5.946,5.916
2025-03-30 01:00:00+03:00,5.915,5.955
2025-03-30 03:00:00+03:00,5.955,6.003
2025-03-30 05:00:00+03:00,6.004,5.998
2025-03-30 07:00:00+03:00,5.998,6.014
2025-03-30 09:00:00+03:00,6.014,5.99
2025-03-30 11:00:00+03:00,5.989,6.001
2025-03-30 13:00:00+03:00,6.0,5.976
2025-03-30 15:00:00+03:00,5.976,5.914
2025-03-30 17:00:00+03:00,5.913,5.95
2025-03-30 19:00:00+03:00,5.949,5.901
2025-03-30 21:00:00+03:00,5.901,5.95
2025-03-30 23:00:00+03:00,5.951,5.897
2025-03-31 01:00:00+03:00,5.896,5.868
2025-03-31 03:00:00+03:00,5.868,5.914
2025-03-31 05:00:00+03:00,5.915,5.831
2025-03-31 07:00:00+03:00,5.831,5.898
2025-03-31 09:00:00+03:00,5.899,5.874
2025-03-31 11:00:00+03:00,5.874,5.765
2025-03-31 13:00:00+03:00,5.765,5.881
2025-03-31 15:00:00+03:00,5.881,5.898
2025-03-31 17:00:00+03:00,5.899,6.002
2025-03-31 19:00:00+03:00,6.002,5.925
2025-03-31 21:00:00+03:00,5.925,5.975
2025-03-31 23:00:00+03:00,5.976,5.974
2025-04-01 01:00:00+03:00,5.973,5.966
2025-04-01 03:00:00+03:00,5.966,5.97
2025-04-01 05:00:00+03:00,5.971,6.021
2025-04-01 07:00:00+03:00,6.022,6.034
2025-04-01 09:00:00+03:00,6.034,6.1
2025-04-01 11:00:00+03:00,6.099,6.215
2025-04-01 13:00:00+03:00,6.215,6.109
2025-04-01 15:00:00+03:00,6.109,6.151
2025-04-01 17:00:00+03:00,6.15,6.274
2025-04-01 19:00:00+03:00,6.275,6.268
2025-04-01 21:00:00+03:00,6.27,6.255
2025-04-01 23:00:00+03:00,6.254,6.301
2025-04-02 01:00:00+03:00,6.302,6.261
2025-04-02 03:00:00+03:00,6.262,6.194
2025-04-02 05:00:00+03:00,6.194,6.136
2025-04-02 07:00:00+03:00,6.135,6.028
2025-04-02 09:00:00+03:00,6.028,6.08
2025-04-02 11:00:00+03:00,6.08,6.111
2025-04-02 13:00:00+03:00,6.11,6.08
2025-04-02 15:00:00+03:00,6.08,6.06
2025-04-02 17:00:00+03:00,6.059,6.241
2025-04-02 19:00:00+03:00,6.242,6.158
2025-04-02 21:00:00+03:00,6.157,6.231
2025-04-02 23:00:00+03:00,6.231,6.115
2025-04-03 01:00:00+03:00,6.113,5.831
2025-04-03 03:00:00+03:00,5.831,5.978
2025-04-03 05:00:00+03:00,5.978,6.017
2025-04-03 07:00:00+03:00,6.018,5.984
2025-04-03 09:00:00+03:00,5.985,5.961
2025-04-03 11:00:00+03:00,5.96,5.98
2025-04-03 13:00:00+03:00,5.979,5.866
2025-04-03 15:00:00+03:00,5.866,5.777
2025-04-03 17:00:00+03:00,5.777,5.763
2025-04-03 19:00:00+03:00,5.762,5.705
2025-04-03 21:00:00+03:00,5.705,5.745
2025-04-03 23:00:00+03:00,5.745,5.847
2025-04-04 01:00:00+03:00,5.847,5.867
2025-04-04 03:00:00+03:00,5.867,5.788
2025-04-04 05:00:00+03:00,5.788,5.845
2025-04-04 07:00:00+03:00,5.846,5.914
2025-04-04 09:00:00+03:00,5.915,5.975
2025-04-04 11:00:00+03:00,5.976,6.011
2025-04-04 13:00:00+03:00,6.011,5.754
2025-04-04 15:00:00+03:00,5.754,5.838
2025-04-04 17:00:00+03:00,5.839,5.837
2025-04-04 19:00:00+03:00,5.838,5.922
2025-04-04 21:00:00+03:00,5.922,5.899
2025-04-04 23:00:00+03:00,5.898,5.941
2025-04-05 01:00:00+03:00,5.942,5.905
2025-04-05 03:00:00+03:00,5.904,5.904
2025-04-05 05:00:00+03:00,5.904,5.871
2025-04-05 07:00:00+03:00,5.872,5.861
2025-04-05 09:00:00+03:00,5.861,5.895
2025-04-05 11:00:00+03:00,5.896,5.925
2025-04-05 13:00:00+03:00,5.925,5.888
2025-04-05 15:00:00+03:00,5.888,5.815
2025-04-05 17:00:00+03:00,5.814,5.794
2025-04-05 19:00:00+03:00,5.793,5.776
2025-04-05 21:00:00+03:00,5.776,5.781
2025-04-05 23:00:00+03:00,5.781,5.778
2025-04-06 01:00:00+03:00,5.778,5.861
2025-04-06 03:00:00+03:00,5.862,5.847
2025-04-06 05:00:00+03:00,5.847,5.829
2025-04-06 07:00:00+03:00,5.829,5.849
2025-04-06 09:00:00+03:00,5.849,5.828
2025-04-06 11:00:00+03:00,5.828,5.764
2025-04-06 13:00:00+03:00,5.763,5.72
2025-04-06 15:00:00+03:00,5.72,5.572
2025-04-06 17:00:00+03:00,5.572,5.621
2025-04-06 19:00:00+03:00,5.62,5.374
2025-04-06 21:00:00+03:00,5.374,5.208
2025-04-06 23:00:00+03:00,5.207,5.063
2025-04-07 01:00:00+03:00,5.063,5.096
2025-04-07 03:00:00+03:00,5.096,5.173
2025-04-07 05:00:00+03:00,5.172,4.993
2025-04-07 07:00:00+03:00,4.993,4.977
2025-04-07 09:00:00+03:00,4.977,4.702
2025-04-07 11:00:00+03:00,4.701,4.873
2025-04-07 13:00:00+03:00,4.873,4.893
2025-04-07 15:00:00+03:00,4.894,5.116
2025-04-07 17:00:00+03:00,5.114,5.114
2025-04-07 19:00:00+03:00,5.112,5.14
2025-04-07 21:00:00+03:00,5.141,5.071
2025-04-07 23:00:00+03:00,5.072,5.173
2025-04-08 01:00:00+03:00,5.174,5.119
2025-04-08 03:00:00+03:00,5.12,5.244
2025-04-08 05:00:00+03:00,5.244,5.19
2025-04-08 07:00:00+03:00,5.19,5.227
2025-04-08 09:00:00+03:00,5.226,5.163
2025-04-08 11:00:00+03:00,5.164,5.154
2025-04-08 13:00:00+03:00,5.154,5.239
2025-04-08 15:00:00+03:00,5.24,5.196
2025-04-08 17:00:00+03:00,5.195,5.098
2025-04-08 19:00:00+03:00,5.097,4.963
2025-04-08 21:00:00+03:00,4.964,4.803
2025-04-08 23:00:00+03:00,4.803,4.815
2025-04-09 01:00:00+03:00,4.814,4.772
2025-04-09 03:00:00+03:00,4.773,4.736
2025-04-09 05:00:00+03:00,4.736,4.667
2025-04-09 07:00:00+03:00,4.667,4.814
2025-04-09 09:00:00+03:00,4.813,4.887
2025-04-09 11:00:00+03:00,4.887,4.828
2025-04-09 13:00:00+03:00,4.828,4.745
2025-04-09 15:00:00+03:00,4.745,4.861
2025-04-09 17:00:00+03:00,4.861,4.864
2025-04-09 19:00:00+03:00,4.865,5.334
2025-04-09 21:00:00+03:00,5.334,5.365
2025-04-09 23:00:00+03:00,5.366,5.46
2025-04-10 01:00:00+03:00,5.46,5.41
2025-04-10 03:00:00+03:00,5.409,5.288
2025-04-10 05:00:00+03:00,5.288,5.263
2025-04-10 07:00:00+03:00,5.263,5.276
2025-04-10 09:00:00+03:00,5.276,5.208
2025-04-10 11:00:00+03:00,5.209,5.19
2025-04-10 13:00:00+03:00,5.191,5.166
2025-04-10 15:00:00+03:00,5.166,5.092
2025-04-10 17:00:00+03:00,5.091,4.9
2025-04-10 19:00:00+03:00,4.899,4.948
2025-04-10 21:00:00+03:00,4.948,4.981
2025-04-10 23:00:00+03:00,4.98,5.021
2025-04-11 01:00:00+03:00,5.022,5.018
2025-04-11 03:00:00+03:00,5.018,5.103
2025-04-11 05:00:00+03:00,5.104,5.11
2025-04-11 07:00:00+03:00,5.111,5.155
2025-04-11 09:00:00+03:00,5.155,5.146
2025-04-11 11:00:00+03:00,5.147,5.199
2025-04-11 13:00:00+03:00,5.198,5.208
2025-04-11 15:00:00+03:00,5.209,5.221
2025-04-11 17:00:00+03:00,5.22,5.212
2025-04-11 19:00:00+03:00,5.212,5.298
2025-04-11 21:00:00+03:00,5.3,5.263
2025-04-11 23:00:00+03:00,5.263,5.261
2025-04-12 01:00:00+03:00,5.261,5.23
2025-04-12 03:00:00+03:00,5.23,5.182
2025-04-12 05:00:00+03:00,5.181,5.169
2025-04-12 07:00:00+03:00,5.169,5.205
2025-04-12 09:00:00+03:00,5.205,5.283
2025-04-12 11:00:00+03:00,5.282,5.307
2025-04-12 13:00:00+03:00,5.308,5.318
2025-04-12 15:00:00+03:00,5.318,5.456
2025-04-12 17:00:00+03:00,5.456,5.513
2025-04-12 19:00:00+03:00,5.513,5.509
2025-04-12 21:00:00+03:00,5.509,5.5
2025-04-12 23:00:00+03:00,5.5,5.524
2025-04-13 01:00:00+03:00,5.525,5.499
2025-04-13 03:00:00+03:00,5.498,5.43
2025-04-13 05:00:00+03:00,5.43,5.425
2025-04-13 07:00:00+03:00,5.425,5.368
2025-04-13 09:00:00+03:00,5.368,5.384
2025-04-13 11:00:00+03:00,5.383,5.484
2025-04-13 13:00:00+03:00,5.484,5.425
2025-04-13 15:00:00+03:00,5.424,5.322
2025-04-13 17:00:00+03:00,5.323,5.351
2025-04-13 19:00:00+03:00,5.351,5.51
2025-04-13 21:00:00+03:00,5.509,5.349
2025-04-13 23:00:00+03:00,5.349,5.324
2025-04-14 01:00:00+03:00,5.325,5.328
2025-04-14 03:00:00+03:00,5.328,5.396
2025-04-14 05:00:00+03:00,5.396,5.44
2025-04-14 07:00:00+03:00,5.439,5.422
2025-04-14 09:00:00+03:00,5.423,5.439
2025-04-14 11:00:00+03:00,5.439,5.457
2025-04-14 13:00:00+03:00,5.457,5.592
2025-04-14 15:00:00+03:00,5.592,5.501
2025-04-14 17:00:00+03:00,5.502,5.384
2025-04-14 19:00:00+03:00,5.383,5.456
2025-04-14 21:00:00+03:00,5.457,5.42
2025-04-14 23:00:00+03:00,5.42,5.378
2025-04-15 01:00:00+03:00,5.379,5.345
2025-04-15 03:00:00+03:00,5.344,5.381
2025-04-15 05:00:00+03:00,5.382,5.404
2025-04-15 07:00:00+03:00,5.403,5.389
2025-04-15 09:00:00+03:00,5.388,5.412
2025-04-15 11:00:00+03:00,5.411,5.424
2025-04-15 13:00:00+03:00,5.424,5.36
2025-04-15 15:00:00+03:00,5.36,5.359
2025-04-15 17:00:00+03:00,5.359,5.284
2025-04-15 19:00:00+03:00,5.283,5.256
2025-04-15 21:00:00+03:00,5.256,5.229
2025-04-15 23:00:00+03:00,5.228,5.232
2025-04-16 01:00:00+03:00,5.232,5.178
2025-04-16 03:00:00+03:00,5.179,5.23
2025-04-16 05:00:00+03:00,5.231,5.215
2025-04-16 07:00:00+03:00,5.214,5.153
2025-04-16 09:00:00+03:00,5.153,5.117
2025-04-16 11:00:00+03:00,5.117,5.124
2025-04-16 13:00:00+03:00,5.124,5.174
2025-04-16 15:00:00+03:00,5.173,5.119
2025-04-16 17:00:00+03:00,5.119,5.169
2025-04-16 19:00:00+03:00,5.17,5.039
2025-04-16 21:00:00+03:00,5.039,5.182
2025-04-16 23:00:00+03:00,5.181,5.197
2025-04-17 01:00:00+03:00,5.198,5.146
2025-04-17 03:00:00+03:00,5.146,5.205
2025-04-17 05:00:00+03:00,5.204,5.178
2025-04-17 07:00:00+03:00,5.178,5.244
2025-04-17 09:00:00+03:00,5.244,5.264
2025-04-17 11:00:00+03:00,5.265,5.214
2025-04-17 13:00:00+03:00,5.214,5.204
2025-04-17 15:00:00+03:00,5.205,5.179
2025-04-17 17:00:00+03:00,5.178,5.171
2025-04-17 19:00:00+03:00,5.171,5.26
2025-04-17 21:00:00+03:00,5.26,5.181
2025-04-17 23:00:00+03:00,5.181,5.2
2025-04-18 01:00:00+03:00,5.199,5.179
2025-04-18 03:00:00+03:00,5.179,5.15
2025-04-18 05:00:00+03:00,5.151,5.163
2025-04-18 07:00:00+03:00,5.163,5.187
2025-04-18 09:00:00+03:00,5.186,5.204
2025-04-18 11:00:00+03:00,5.204,5.199
2025-04-18 13:00:00+03:00,5.198,5.202
2025-04-18 15:00:00+03:00,5.202,5.205
2025-04-18 17:00:00+03:00,5.205,5.155
2025-04-18 19:00:00+03:00,5.155,5.202
2025-04-18 21:00:00+03:00,5.202,5.185
2025-04-18 23:00:00+03:00,5.185,5.212
2025-04-19 01:00:00+03:00,5.212,5.169
2025-04-19 03:00:00+03:00,5.17,5.209
2025-04-19 05:00:00+03:00,5.208,5.251
2025-04-19 07:00:00+03:00,5.251,5.248
2025-04-19 09:00:00+03:00,5.247,5.266
2025-04-19 11:00:00+03:00,5.266,5.259
2025-04-19 13:00:00+03:00,5.259,5.243
2025-04-19 15:00:00+03:00,5.244,5.242
2025-04-19 17:00:00+03:00,5.243,5.241
2025-04-19 19:00:00+03:00,5.241,5.3
2025-04-19 21:00:00+03:00,5.3,5.302
2025-04-19 23:00:00+03:00,5.302,5.344
2025-04-20 01:00:00+03:00,5.345,5.316
2025-04-20 03:00:00+03:00,5.316,5.351
2025-04-20 05:00:00+03:00,5.35,5.33
2025-04-20 07:00:00+03:00,5.331,5.313
2025-04-20 09:00:00+03:00,5.313,5.272
2025-04-20 11:00:00+03:00,5.272,5.242
2025-04-20 13:00:00+03:00,5.242,5.177
2025-04-20 15:00:00+03:00,5.176,5.188
2025-04-20 17:00:00+03:00,5.188,5.206
2025-04-20 19:00:00+03:00,5.205,5.236
2025-04-20 21:00:00+03:00,5.235,5.276
2025-04-20 23:00:00+03:00,5.276,5.265
2025-04-21 01:00:00+03:00,5.265,5.247
2025-04-21 03:00:00+03:00,5.248,5.416
2025-04-21 05:00:00+03:00,5.416,5.407
2025-04-21 07:00:00+03:00,5.407,5.453
2025-04-21 09:00:00+03:00,5.453,5.465
2025-04-21 11:00:00+03:00,5.466,5.442
2025-04-21 13:00:00+03:00,5.443,5.413
2025-04-21 15:00:00+03:00,5.412,5.39
2025-04-21 17:00:00+03:00,5.389,5.406
2025-04-21 19:00:00+03:00,5.406,5.283
2025-04-21 21:00:00+03:00,5.283,5.277
2025-04-21 23:00:00+03:00,5.276,5.279
2025-04-22 01:00:00+03:00,5.279,5.269
2025-04-22 03:00:00+03:00,5.27,5.313
2025-04-22 05:00:00+03:00,5.313,5.261
2025-04-22 07:00:00+03:00,5.261,5.245
2025-04-22 09:00:00+03:00,5.246,5.369
2025-04-22 11:00:00+03:00,5.369,5.353
2025-04-22 13:00:00+03:00,5.352,5.421
2025-04-22 15:00:00+03:00,5.421,5.471
2025-04-22 17:00:00+03:00,5.471,5.605
2025-04-22 19:00:00+03:00,5.605,5.61
2025-04-22 21:00:00+03:00,5.61,5.624
2025-04-22 23:00:00+03:00,5.624,5.794
2025-04-23 01:00:00+03:00,5.795,5.808
2025-04-23 03:00:00+03:00,5.808,5.844
2025-04-23 05:00:00+03:00,5.843,5.95
2025-04-23 07:00:00+03:00,5.95,5.942
2025-04-23 09:00:00+03:00,5.943,5.937
2025-04-23 11:00:00+03:00,5.937,5.962
2025-04-23 13:00:00+03:00,5.962,6.008
2025-04-23 15:00:00+03:00,6.008,5.953
2025-04-23 17:00:00+03:00,5.954,5.988
2025-04-23 19:00:00+03:00,5.987,6.036
2025-04-23 21:00:00+03:00,6.036,5.982
2025-04-23 23:00:00+03:00,5.981,6.008
2025-04-24 01:00:00+03:00,6.009,6.032
2025-04-24 03:00:00+03:00,6.031,5.975
2025-04-24 05:00:00+03:00,5.976,5.858
2025-04-24 07:00:00+03:00,5.857,5.822
2025-04-24 09:00:00+03:00,5.822,5.755
2025-04-24 11:00:00+03:00,5.756,5.733
2025-04-24 13:00:00+03:00,5.733,5.767
2025-04-24 15:00:00+03:00,5.767,5.774
2025-04-24 17:00:00+03:00,5.773,5.85
2025-04-24 19:00:00+03:00,5.851,5.802
2025-04-24 21:00:00+03:00,5.801,5.799
2025-04-24 23:00:00+03:00,5.8,5.781
2025-04-25 01:00:00+03:00,5.781,5.81
2025-04-25 03:00:00+03:00,5.81,5.773
2025-04-25 05:00:00+03:00,5.774,5.746
2025-04-25 07:00:00+03:00,5.745,5.775
2025-04-25 09:00:00+03:00,5.776,5.899
2025-04-25 11:00:00+03:00,5.898,5.913
2025-04-25 13:00:00+03:00,5.913,5.871
2025-04-25 15:00:00+03:00,5.871,5.79
2025-04-25 17:00:00+03:00,5.79,5.926
2025-04-25 19:00:00+03:00,5.926,5.846
2025-04-25 21:00:00+03:00,5.846,5.861
2025-04-25 23:00:00+03:00,5.861,5.818
2025-04-26 01:00:00+03:00,5.818,5.826
2025-04-26 03:00:00+03:00,5.826,5.993
2025-04-26 05:00:00+03:00,5.992,5.948
2025-04-26 07:00:00+03:00,5.948,5.898
2025-04-26 09:00:00+03:00,5.898,5.912
2025-04-26 11:00:00+03:00,5.911,5.881
2025-04-26 13:00:00+03:00,5.882,5.786
2025-04-26 15:00:00+03:00,5.786,5.797
2025-04-26 17:00:00+03:00,5.797,5.826
2025-04-26 19:00:00+03:00,5.826,5.81
2025-04-26 21:00:00+03:00,5.81,5.809
2025-04-26 23:00:00+03:00,5.809,5.784
2025-04-27 01:00:00+03:00,5.785,5.812
2025-04-27 03:00:00+03:00,5.811,5.763
2025-04-27 05:00:00+03:00,5.764,5.766
2025-04-27 07:00:00+03:00,5.766,5.705
2025-04-27 09:00:00+03:00,5.705,5.734
2025-04-27 11:00:00+03:00,5.735,5.746
2025-04-27 13:00:00+03:00,5.746,5.702
2025-04-27 15:00:00+03:00,5.703,5.643
2025-04-27 17:00:00+03:00,5.642,5.566
2025-04-27 19:00:00+03:00,5.567,5.549
2025-04-27 21:00:00+03:00,5.549,5.618
2025-04-27 23:00:00+03:00,5.619,5.576
2025-04-28 01:00:00+03:00,5.576,5.497
2025-04-28 03:00:00+03:00,5.498,5.377
2025-04-28 05:00:00+03:00,5.378,5.43
2025-04-28 07:00:00+03:00,5.43,5.454
2025-04-28 09:00:00+03:00,5.455,5.546
2025-04-28 11:00:00+03:00,5.547,5.56
2025-04-28 13:00:00+03:00,5.56,5.608
2025-04-28 15:00:00+03:00,5.607,5.463
2025-04-28 17:00:00+03:00,5.463,5.407
2025-04-28 19:00:00+03:00,5.406,5.44
2025-04-28 21:00:00+03:00,5.439,5.458
2025-04-28 23:00:00+03:00,5.457,5.412
2025-04-29 01:00:00+03:00,5.412,5.433
2025-04-29 03:00:00+03:00,5.434,5.429
2025-04-29 05:00:00+03:00,5.429,5.434
2025-04-29 07:00:00+03:00,5.435,5.382
2025-04-29 09:00:00+03:00,5.381,5.495
2025-04-29 11:00:00+03:00,5.495,5.508
2025-04-29 13:00:00+03:00,5.507,5.443
2025-04-29 15:00:00+03:00,5.443,5.397
2025-04-29 17:00:00+03:00,5.396,5.364
2025-04-29 19:00:00+03:00,5.364,5.372
2025-04-29 21:00:00+03:00,5.372,5.337
2025-04-29 23:00:00+03:00,5.338,5.269
2025-04-30 01:00:00+03:00,5.268,5.266
2025-04-30 03:00:00+03:00,5.266,5.286
2025-04-30 05:00:00+03:00,5.285,5.332
2025-04-30 07:00:00+03:00,5.332,5.315
2025-04-30 09:00:00+03:00,5.314,5.286
2025-04-30 11:00:00+03:00,5.285,5.353
2025-04-30 13:00:00+03:00,5.354,5.375
2025-04-30 15:00:00+03:00,5.375,5.081
2025-04-30 17:00:00+03:00,5.081,5.187
2025-04-30 19:00:00+03:00,5.186,5.247
2025-04-30 21:00:00+03:00,5.246,5.263
2025-04-30 23:00:00+03:00,5.263,5.292
2025-05-01 01:00:00+03:00,5.293,5.265
2025-05-01 03:00:00+03:00,5.266,5.338
2025-05-01 05:00:00+03:00,5.338,5.275
2025-05-01 07:00:00+03:00,5.276,5.287
2025-05-01 09:00:00+03:00,5.286,5.256
2025-05-01 11:00:00+03:00,5.256,5.278
2025-05-01 13:00:00+03:00,5.277,5.354
2025-05-01 15:00:00+03:00,5.355,5.287
2025-05-01 17:00:00+03:00,5.288,5.341
2025-05-01 19:00:00+03:00,5.342,5.401
2025-05-01 21:00:00+03:00,5.4,5.348
2025-05-01 23:00:00+03:00,5.348,5.359
2025-05-02 01:00:00+03:00,5.36,5.314
2025-05-02 03:00:00+03:00,5.313,5.335
2025-05-02 05:00:00+03:00,5.335,5.322
2025-05-02 07:00:00+03:00,5.323,5.259
2025-05-02 09:00:00+03:00,5.258,5.26
2025-05-02 11:00:00+03:00,5.26,5.266
2025-05-02 13:00:00+03:00,5.266,5.255
2025-05-02 15:00:00+03:00,5.255,5.245
2025-05-02 17:00:00+03:00,5.245,5.252
2025-05-02 19:00:00+03:00,5.253,5.269
2025-05-02 21:00:00+03:00,5.269,5.207
2025-05-02 23:00:00+03:00,5.206,5.205
2025-05-03 01:00:00+03:00,5.206,5.247
2025-05-03 03:00:00+03:00,5.246,5.172
2025-05-03 05:00:00+03:00,5.172,5.199
2025-05-03 07:00:00+03:00,5.2,5.206
2025-05-03 09:00:00+03:00,5.206,5.169
2025-05-03 11:00:00+03:00,5.169,5.164
2025-05-03 13:00:00+03:00,5.163,5.115
2025-05-03 15:00:00+03:00,5.114,5.177
2025-05-03 17:00:00+03:00,5.176,5.156
2025-05-03 19:00:00+03:00,5.157,5.094
2025-05-03 21:00:00+03:00,5.093,5.125
2025-05-03 23:00:00+03:00,5.125,5.143
2025-05-04 01:00:00+03:00,5.144,5.086
2025-05-04 03:00:00+03:00,5.085,5.093
2025-05-04 05:00:00+03:00,5.093,5.066
2025-05-04 07:00:00+03:00,5.066,5.1
2025-05-04 09:00:00+03:00,5.1,5.092
2025-05-04 11:00:00+03:00,5.092,5.034
2025-05-04 13:00:00+03:00,5.035,5.071
2025-05-04 15:00:00+03:00,5.071,5.052
2025-05-04 17:00:00+03:00,5.052,5.067
2025-05-04 19:00:00+03:00,5.066,5.044
2025-05-04 21:00:00+03:00,5.044,5.042
2025-05-04 23:00:00+03:00,5.042,5.095
2025-05-05 01:00:00+03:00,5.095,4.981
2025-05-05 03:00:00+03:00,4.981,4.983
2025-05-05 05:00:00+03:00,4.982,5.02
2025-05-05 07:00:00+03:00,5.02,5.101
2025-05-05 09:00:00+03:00,5.101,5.098
2025-05-05 11:00:00+03:00,5.098,5.046
2025-05-05 13:00:00+03:00,5.046,4.98
2025-05-05 15:00:00+03:00,4.98,5.005
2025-05-05 17:00:00+03:00,5.005,4.942
2025-05-05 19:00:00+03:00,4.943,4.99
2025-05-05 21:00:00+03:00,4.99,4.964
2025-05-05 23:00:00+03:00,4.963,4.977
2025-05-06 01:00:00+03:00,4.976,4.973
2025-05-06 03:00:00+03:00,4.973,4.912
2025-05-06 05:00:00+03:00,4.912,4.946
2025-05-06 07:00:00+03:00,4.946,4.902
2025-05-06 09:00:00+03:00,4.902,4.923
2025-05-06 11:00:00+03:00,4.922,4.925
2025-05-06 13:00:00+03:00,4.924,4.849
2025-05-06 15:00:00+03:00,4.849,4.856
2025-05-06 17:00:00+03:00,4.855,4.875
2025-05-06 19:00:00+03:00,4.876,4.855
2025-05-06 21:00:00+03:00,4.855,4.877
2025-05-06 23:00:00+03:00,4.879,4.814
2025-05-07 01:00:00+03:00,4.814,4.964
2025-05-07 03:00:00+03:00,4.964,5.008
2025-05-07 05:00:00+03:00,5.008,4.933
2025-05-07 07:00:00+03:00,4.934,4.889
2025-05-07 09:00:00+03:00,4.89,4.958
2025-05-07 11:00:00+03:00,4.958,4.922
2025-05-07 13:00:00+03:00,4.922,4.874
2025-05-07 15:00:00+03:00,4.874,4.829
2025-05-07 17:00:00+03:00,4.829,4.808
2025-05-07 19:00:00+03:00,4.807,4.784
2025-05-07 21:00:00+03:00,4.784,4.782
2025-05-07 23:00:00+03:00,4.782,4.838
2025-05-08 01:00:00+03:00,4.839,4.874
2025-05-08 03:00:00+03:00,4.874,4.917
2025-05-08 05:00:00+03:00,4.917,5.172
2025-05-08 07:00:00+03:00,5.173,5.135
2025-05-08 09:00:00+03:00,5.134,5.189
2025-05-08 11:00:00+03:00,5.189,5.211
2025-05-08 13:00:00+03:00,5.21,5.228
2025-05-08 15:00:00+03:00,5.228,5.222
2025-05-08 17:00:00+03:00,5.223,5.542
2025-05-08 19:00:00+03:00,5.543,5.521
2025-05-08 21:00:00+03:00,5.521,5.617
2025-05-08 23:00:00+03:00,5.617,5.852
2025-05-09 01:00:00+03:00,5.853,6.15
2025-05-09 03:00:00+03:00,6.149,6.181
2025-05-09 05:00:00+03:00,6.181,6.178
2025-05-09 07:00:00+03:00,6.178,6.195
2025-05-09 09:00:00+03:00,6.195,6.48
2025-05-09 11:00:00+03:00,6.479,6.295
2025-05-09 13:00:00+03:00,6.296,6.353
2025-05-09 15:00:00+03:00,6.352,6.422
2025-05-09 17:00:00+03:00,6.422,6.256
2025-05-09 19:00:00+03:00,6.258,6.361
2025-05-09 21:00:00+03:00,6.361,6.297
2025-05-09 23:00:00+03:00,6.298,6.324
2025-05-10 01:00:00+03:00,6.324,6.353
2025-05-10 03:00:00+03:00,6.354,6.445
2025-05-10 05:00:00+03:00,6.446,6.437
2025-05-10 07:00:00+03:00,6.437,6.461
2025-05-10 09:00:00+03:00,6.461,6.602
2025-05-10 11:00:00+03:00,6.603,6.672
2025-05-10 13:00:00+03:00,6.673,6.543
2025-05-10 15:00:00+03:00,6.543,6.701
2025-05-10 17:00:00+03:00,6.701,6.747
2025-05-10 19:00:00+03:00,6.747,6.833
2025-05-10 21:00:00+03:00,6.833,6.868
2025-05-10 23:00:00+03:00,6.867,6.957
2025-05-11 01:00:00+03:00,6.957,7.555
2025-05-11 03:00:00+03:00,7.553,7.229
2025-05-11 05:00:00+03:00,7.229,7.26
2025-05-11 07:00:00+03:00,7.26,7.226
2025-05-11 09:00:00+03:00,7.226,7.038
2025-05-11 11:00:00+03:00,7.038,7.097
2025-05-11 13:00:00+03:00,7.096,7.086
2025-05-11 15:00:00+03:00,7.086,6.799
2025-05-11 17:00:00+03:00,6.801,6.797
2025-05-11 19:00:00+03:00,6.797,6.874
2025-05-11 21:00:00+03:00,6.875,6.914
2025-05-11 23:00:00+03:00,6.915,6.951
2025-05-12 01:00:00+03:00,6.951,6.926
2025-05-12 03:00:00+03:00,6.927,6.944
2025-05-12 05:00:00+03:00,6.946,7.026
2025-05-12 07:00:00+03:00,7.025,6.98
2025-05-12 09:00:00+03:00,6.98,7.136
2025-05-12 11:00:00+03:00,7.136,7.092
2025-05-12 13:00:00+03:00,7.092,7.007
2025-05-12 15:00:00+03:00,7.006,7.115
2025-05-12 17:00:00+03:00,7.116,6.903
2025-05-12 19:00:00+03:00,6.902,6.845
2025-05-12 21:00:00+03:00,6.847,6.84
2025-05-12 23:00:00+03:00,6.841,6.862
2025-05-13 01:00:00+03:00,6.861,6.884
2025-05-13 03:00:00+03:00,6.885,6.681
2025-05-13 05:00:00+03:00,6.681,6.54
2025-05-13 07:00:00+03:00,6.54,6.666
2025-05-13 09:00:00+03:00,6.667,6.64
2025-05-13 11:00:00+03:00,6.641,6.751
2025-05-13 13:00:00+03:00,6.751,6.761
2025-05-13 15:00:00+03:00,6.761,6.809
2025-05-13 17:00:00+03:00,6.81,6.849
2025-05-13 19:00:00+03:00,6.85,7.004
2025-05-13 21:00:00+03:00,7.005,7.197
2025-05-13 23:00:00+03:00,7.196,7.139
2025-05-14 01:00:00+03:00,7.139,7.089
2025-05-14 03:00:00+03:00,7.089,7.013
2025-05-14 05:00:00+03:00,7.014,6.902
2025-05-14 07:00:00+03:00,6.902,6.923
2025-05-14 09:00:00+03:00,6.923,6.79
2025-05-14 11:00:00+03:00,6.789,6.7
2025-05-14 13:00:00+03:00,6.699,6.746
2025-05-14 15:00:00+03:00,6.746,6.713
2025-05-14 17:00:00+03:00,6.713,6.646
2025-05-14 19:00:00+03:00,6.646,6.598
2025-05-14 21:00:00+03:00,6.598,6.6
2025-05-14 23:00:00+03:00,6.6,6.625
2025-05-15 01:00:00+03:00,6.625,6.604
2025-05-15 03:00:00+03:00,6.604,6.571
2025-05-15 05:00:00+03:00,6.571,6.607
2025-05-15 07:00:00+03:00,6.608,6.512
2025-05-15 09:00:00+03:00,6.512,6.352
2025-05-15 11:00:00+03:00,6.352,6.368
2025-05-15 13:00:00+03:00,6.367,6.354
2025-05-15 15:00:00+03:00,6.352,6.288
2025-05-15 17:00:00+03:00,6.289,6.409
2025-05-15 19:00:00+03:00,6.409,6.398
2025-05-15 21:00:00+03:00,6.398,6.238
2025-05-15 23:00:00+03:00,6.239,6.207
2025-05-16 01:00:00+03:00,6.207,6.227
2025-05-16 03:00:00+03:00,6.226,6.247
2025-05-16 05:00:00+03:00,6.248,6.325
2025-05-16 07:00:00+03:00,6.325,6.368
2025-05-16 09:00:00+03:00,6.367,6.333
2025-05-16 11:00:00+03:00,6.333,6.362
2025-05-16 13:00:00+03:00,6.362,6.366
2025-05-16 15:00:00+03:00,6.367,6.341
2025-05-16 17:00:00+03:00,6.34,6.302
2025-05-16 19:00:00+03:00,6.303,6.221
2025-05-16 21:00:00+03:00,6.22,6.25
2025-05-16 23:00:00+03:00,6.249,6.166
2025-05-17 01:00:00+03:00,6.166,6.075
2025-05-17 03:00:00+03:00,6.074,5.883
2025-05-17 05:00:00+03:00,5.884,5.941
2025-05-17 07:00:00+03:00,5.942,5.889
2025-05-17 09:00:00+03:00,5.89,5.902
2025-05-17 11:00:00+03:00,5.901,5.866
2025-05-17 13:00:00+03:00,5.866,5.847
2025-05-17 15:00:00+03:00,5.847,5.765
2025-05-17 17:00:00+03:00,5.764,5.826
2025-05-17 19:00:00+03:00,5.825,5.736
2025-05-17 21:00:00+03:00,5.736,5.708
2025-05-17 23:00:00+03:00,5.708,5.742
2025-05-18 01:00:00+03:00,5.742,5.735
2025-05-18 03:00:00+03:00,5.736,5.754
2025-05-18 05:00:00+03:00,5.754,5.732
2025-05-18 07:00:00+03:00,5.733,5.919
2025-05-18 09:00:00+03:00,5.918,5.97
2025-05-18 11:00:00+03:00,5.971,5.961
2025-05-18 13:00:00+03:00,5.96,5.887
2025-05-18 15:00:00+03:00,5.886,6.031
2025-05-18 17:00:00+03:00,6.031,6.321
2025-05-18 19:00:00+03:00,6.321,6.064
2025-05-18 21:00:00+03:00,6.064,5.81
2025-05-18 23:00:00+03:00,5.81,5.861
2025-05-19 01:00:00+03:00,5.86,6.126
2025-05-19 03:00:00+03:00,6.127,5.874
2025-05-19 05:00:00+03:00,5.873,5.755
2025-05-19 07:00:00+03:00,5.756,5.729
2025-05-19 09:00:00+03:00,5.728,5.752
2025-05-19 11:00:00+03:00,5.752,5.731
2025-05-19 13:00:00+03:00,5.73,5.757
2025-05-19 15:00:00+03:00,5.756,5.778
2025-05-19 17:00:00+03:00,5.777,5.845
2025-05-19 19:00:00+03:00,5.845,5.951
2025-05-19 21:00:00+03:00,5.95,5.972
2025-05-19 23:00:00+03:00,5.971,5.965
2025-05-20 01:00:00+03:00,5.965,5.928
2025-05-20 03:00:00+03:00,5.928,6.012
2025-05-20 05:00:00+03:00,6.013,5.984
2025-05-20 07:00:00+03:00,5.985,6.054
2025-05-20 09:00:00+03:00,6.053,5.953
2025-05-20 11:00:00+03:00,5.952,5.888
2025-05-20 13:00:00+03:00,5.889,5.826
2025-05-20 15:00:00+03:00,5.825,5.751
2025-05-20 17:00:00+03:00,5.751,5.787
2025-05-20 19:00:00+03:00,5.786,5.82
2025-05-20 21:00:00+03:00,5.821,5.876
2025-05-20 23:00:00+03:00,5.876,5.949
2025-05-21 01:00:00+03:00,5.949,6.021
2025-05-21 03:00:00+03:00,6.021,6.025
2025-05-21 05:00:00+03:00,6.024,6.389
2025-05-21 07:00:00+03:00,6.39,6.364
2025-05-21 09:00:00+03:00,6.363,6.315
2025-05-21 11:00:00+03:00,6.315,6.169
2025-05-21 13:00:00+03:00,6.169,6.229
2025-05-21 15:00:00+03:00,6.229,6.225
2025-05-21 17:00:00+03:00,6.225,6.327
2025-05-21 19:00:00+03:00,6.326,6.033
2025-05-21 21:00:00+03:00,6.034,6.163
2025-05-21 23:00:00+03:00,6.162,6.093
2025-05-22 01:00:00+03:00,6.093,6.206
2025-05-22 03:00:00+03:00,6.207,6.336
2025-05-22 05:00:00+03:00,6.337,6.423
2025-05-22 07:00:00+03:00,6.424,6.334
2025-05-22 09:00:00+03:00,6.335,6.37
2025-05-22 11:00:00+03:00,6.37,6.449
2025-05-22 13:00:00+03:00,6.449,6.406
2025-05-22 15:00:00+03:00,6.405,6.4
2025-05-22 17:00:00+03:00,6.4,6.464
2025-05-22 19:00:00+03:00,6.465,6.415
2025-05-22 21:00:00+03:00,6.415,6.381
2025-05-22 23:00:00+03:00,6.382,6.312
2025-05-23 01:00:00+03:00,6.313,6.431
2025-05-23 03:00:00+03:00,6.432,6.502
2025-05-23 05:00:00+03:00,6.502,6.707
2025-05-23 07:00:00+03:00,6.706,6.596
2025-05-23 09:00:00+03:00,6.595,6.427
2025-05-23 11:00:00+03:00,6.428,6.61
2025-05-23 13:00:00+03:00,6.61,6.164
2025-05-23 15:00:00+03:00,6.165,6.235
2025-05-23 17:00:00+03:00,6.235,6.131
2025-05-23 19:00:00+03:00,6.131,6.2
2025-05-23 21:00:00+03:00,6.2,6.15
2025-05-23 23:00:00+03:00,6.15,6.082
2025-05-24 01:00:00+03:00,6.083,5.976
2025-05-24 03:00:00+03:00,5.977,6.043
2025-05-24 05:00:00+03:00,6.043,6.084
2025-05-24 07:00:00+03:00,6.085,6.099
2025-05-24 09:00:00+03:00,6.098,6.106
2025-05-24 11:00:00+03:00,6.107,6.132
2025-05-24 13:00:00+03:00,6.133,6.204
2025-05-24 15:00:00+03:00,6.204,6.162
2025-05-24 17:00:00+03:00,6.161,6.213
2025-05-24 19:00:00+03:00,6.214,6.21
2025-05-24 21:00:00+03:00,6.209,6.189
2025-05-24 23:00:00+03:00,6.189,6.169
2025-05-25 01:00:00+03:00,6.169,6.114
2025-05-25 03:00:00+03:00,6.114,6.012
2025-05-25 05:00:00+03:00,6.013,6.085
2025-05-25 07:00:00+03:00,6.084,6.079
2025-05-25 09:00:00+03:00,6.079,6.006
2025-05-25 11:00:00+03:00,6.006,5.963
2025-05-25 13:00:00+03:00,5.963,5.988
2025-05-25 15:00:00+03:00,5.988,6.061
2025-05-25 17:00:00+03:00,6.061,6.027
2025-05-25 19:00:00+03:00,6.027,6.025
2025-05-25 21:00:00+03:00,6.024,6.06
2025-05-25 23:00:00+03:00,6.06,6.006
2025-05-26 01:00:00+03:00,6.006,6.156
2025-05-26 03:00:00+03:00,6.157,6.193
2025-05-26 05:00:00+03:00,6.193,6.159
2025-05-26 07:00:00+03:00,6.158,6.333
2025-05-26 09:00:00+03:00,6.333,6.52
2025-05-26 11:00:00+03:00,6.52,6.576
2025-05-26 13:00:00+03:00,6.575,6.596
2025-05-26 15:00:00+03:00,6.595,6.517
2025-05-26 17:00:00+03:00,6.516,6.533
2025-05-26 19:00:00+03:00,6.533,6.392
2025-05-26 21:00:00+03:00,6.393,6.398
2025-05-26 23:00:00+03:00,6.398,6.467
2025-05-27 01:00:00+03:00,6.467,6.498
2025-05-27 03:00:00+03:00,6.498,6.353
2025-05-27 05:00:00+03:00,6.352,6.459
2025-05-27 07:00:00+03:00,6.459,6.606
2025-05-27 09:00:00+03:00,6.607,6.656
2025-05-27 11:00:00+03:00,6.657,6.684
2025-05-27 13:00:00+03:00,6.684,6.674
2025-05-27 15:00:00+03:00,6.673,6.543
2025-05-27 17:00:00+03:00,6.542,6.509
2025-05-27 19:00:00+03:00,6.509,6.599
2025-05-27 21:00:00+03:00,6.6,6.533
2025-05-27 23:00:00+03:00,6.533,6.449
2025-05-28 01:00:00+03:00,6.45,6.321
2025-05-28 03:00:00+03:00,6.32,6.308
2025-05-28 05:00:00+03:00,6.308,6.384
2025-05-28 07:00:00+03:00,6.383,6.658
2025-05-28 09:00:00+03:00,6.658,6.696
2025-05-28 11:00:00+03:00,6.697,6.838
2025-05-28 13:00:00+03:00,6.838,6.879
2025-05-28 15:00:00+03:00,6.879,6.775
2025-05-28 17:00:00+03:00,6.775,6.731
2025-05-28 19:00:00+03:00,6.731,6.714
2025-05-28 21:00:00+03:00,6.714,6.609
2025-05-28 23:00:00+03:00,6.61,6.673
2025-05-29 01:00:00+03:00,6.673,6.844
2025-05-29 03:00:00+03:00,6.843,7.222
2025-05-29 05:00:00+03:00,7.223,7.495
2025-05-29 07:00:00+03:00,7.494,7.132
2025-05-29 09:00:00+03:00,7.132,7.159
2025-05-29 11:00:00+03:00,7.159,7.141
2025-05-29 13:00:00+03:00,7.142,7.118
2025-05-29 15:00:00+03:00,7.117,6.837
2025-05-29 17:00:00+03:00,6.836,6.783
2025-05-29 19:00:00+03:00,6.784,6.746
2025-05-29 21:00:00+03:00,6.747,6.699
2025-05-29 23:00:00+03:00,6.699,6.688
2025-05-30 01:00:00+03:00,6.689,6.556
2025-05-30 03:00:00+03:00,6.555,6.427
2025-05-30 05:00:00+03:00,6.426,6.487
2025-05-30 07:00:00+03:00,6.487,6.592
2025-05-30 09:00:00+03:00,6.592,6.515
2025-05-30 11:00:00+03:00,6.515,6.555
2025-05-30 13:00:00+03:00,6.555,6.579
2025-05-30 15:00:00+03:00,6.579,6.505
2025-05-30 17:00:00+03:00,6.507,6.498
2025-05-30 19:00:00+03:00,6.499,6.378
2025-05-30 21:00:00+03:00,6.378,6.476
2025-05-30 23:00:00+03:00,6.475,6.406
2025-05-31 01:00:00+03:00,6.407,6.2
2025-05-31 03:00:00+03:00,6.201,5.941
2025-05-31 05:00:00+03:00,5.94,5.994
2025-05-31 07:00:00+03:00,5.994,5.995
2025-05-31 09:00:00+03:00,5.995,6.055
2025-05-31 11:00:00+03:00,6.056,6.012
2025-05-31 13:00:00+03:00,6.012,6.011
2025-05-31 15:00:00+03:00,6.011,6.023
2025-05-31 17:00:00+03:00,6.022,6.075
2025-05-31 19:00:00+03:00,6.074,6.09
2025-05-31 21:00:00+03:00,6.09,6.149
2025-05-31 23:00:00+03:00,6.148,6.163
2025-06-01 01:00:00+03:00,6.164,6.047
2025-06-01 03:00:00+03:00,6.048,5.974
2025-06-01 05:00:00+03:00,5.973,5.966
2025-06-01 07:00:00+03:00,5.967,6.224
2025-06-01 09:00:00+03:00,6.225,6.177
2025-06-01 11:00:00+03:00,6.178,6.141
2025-06-01 13:00:00+03:00,6.14,6.177
2025-06-01 15:00:00+03:00,6.178,6.137
2025-06-01 17:00:00+03:00,6.136,6.207
2025-06-01 19:00:00+03:00,6.207,6.24
2025-06-01 21:00:00+03:00,6.24,6.201
2025-06-01 23:00:00+03:00,6.201,6.263
2025-06-02 01:00:00+03:00,6.263,6.308
2025-06-02 03:00:00+03:00,6.308,6.164
2025-06-02 05:00:00+03:00,6.163,6.08
2025-06-02 07:00:00+03:00,6.079,6.068
2025-06-02 09:00:00+03:00,6.067,6.155
2025-06-02 11:00:00+03:00,6.154,6.084
2025-06-02 13:00:00+03:00,6.085,6.109
2025-06-02 15:00:00+03:00,6.108,6.231
2025-06-02 17:00:00+03:00,6.23,6.315
2025-06-02 19:00:00+03:00,6.315,6.317
2025-06-02 21:00:00+03:00,6.317,6.252
2025-06-02 23:00:00+03:00,6.252,6.347
2025-06-03 01:00:00+03:00,6.347,6.442
2025-06-03 03:00:00+03:00,6.442,6.549
2025-06-03 05:00:00+03:00,6.548,6.357
2025-06-03 07:00:00+03:00,6.356,6.365
2025-06-03 09:00:00+03:00,6.365,6.398
2025-06-03 11:00:00+03:00,6.398,6.404
2025-06-03 13:00:00+03:00,6.404,6.462
2025-06-03 15:00:00+03:00,6.463,6.873
2025-06-03 17:00:00+03:00,6.873,6.777
2025-06-03 19:00:00+03:00,6.777,6.672
2025-06-03 21:00:00+03:00,6.672,6.72
2025-06-03 23:00:00+03:00,6.721,6.61
2025-06-04 01:00:00+03:00,6.611,6.63
2025-06-04 03:00:00+03:00,6.63,6.643
2025-06-04 05:00:00+03:00,6.644,6.705
2025-06-04 07:00:00+03:00,6.705,6.727
2025-06-04 09:00:00+03:00,6.727,6.698
2025-06-04 11:00:00+03:00,6.698,6.813
2025-06-04 13:00:00+03:00,6.812,6.762
2025-06-04 15:00:00+03:00,6.762,6.332
2025-06-04 17:00:00+03:00,6.331,6.477
2025-06-04 19:00:00+03:00,6.478,6.361
2025-06-04 21:00:00+03:00,6.361,6.33
2025-06-04 23:00:00+03:00,6.329,6.345
2025-06-05 01:00:00+03:00,6.345,6.306
2025-06-05 03:00:00+03:00,6.306,6.28
2025-06-05 05:00:00+03:00,6.28,6.332
2025-06-05 07:00:00+03:00,6.332,6.338
2025-06-05 09:00:00+03:00,6.339,6.256
2025-06-05 11:00:00+03:00,6.256,6.293
2025-06-05 13:00:00+03:00,6.293,6.278
2025-06-05 15:00:00+03:00,6.277,6.27
2025-06-05 17:00:00+03:00,6.27,6.348
2025-06-05 19:00:00+03:00,6.349,6.213
2025-06-05 21:00:00+03:00,6.212,6.099
2025-06-05 23:00:00+03:00,6.099,5.928
2025-06-06 01:00:00+03:00,5.927,5.892
2025-06-06 03:00:00+03:00,5.893,5.916
2025-06-06 05:00:00+03:00,5.917,6.035
2025-06-06 07:00:00+03:00,6.036,5.998
2025-06-06 09:00:00+03:00,5.998,5.984
2025-06-06 11:00:00+03:00,5.983,5.993
2025-06-06 13:00:00+03:00,5.992,6.022
2025-06-06 15:00:00+03:00,6.023,6.033
2025-06-06 17:00:00+03:00,6.034,6.087
2025-06-06 19:00:00+03:00,6.088,6.081
2025-06-06 21:00:00+03:00,6.081,6.055
2025-06-06 23:00:00+03:00,6.055,6.017
2025-06-07 01:00:00+03:00,6.017,5.986
2025-06-07 03:00:00+03:00,5.986,6.0
2025-06-07 05:00:00+03:00,6.0,6.142
2025-06-07 07:00:00+03:00,6.143,6.145
2025-06-07 09:00:00+03:00,6.145,6.174
2025-06-07 11:00:00+03:00,6.173,6.119
2025-06-07 13:00:00+03:00,6.12,6.169
2025-06-07 15:00:00+03:00,6.169,6.336
2025-06-07 17:00:00+03:00,6.336,6.313
2025-06-07 19:00:00+03:00,6.312,6.239
2025-06-07 21:00:00+03:00,6.238,6.316
2025-06-07 23:00:00+03:00,6.316,6.345
2025-06-08 01:00:00+03:00,6.344,6.344
2025-06-08 03:00:00+03:00,6.345,6.351
2025-06-08 05:00:00+03:00,6.351,6.301
2025-06-08 07:00:00+03:00,6.302,6.244
2025-06-08 09:00:00+03:00,6.245,6.281
2025-06-08 11:00:00+03:00,6.281,6.221
2025-06-08 13:00:00+03:00,6.221,6.339
2025-06-08 15:00:00+03:00,6.338,6.342
2025-06-08 17:00:00+03:00,6.343,6.358
2025-06-08 19:00:00+03:00,6.359,6.386
2025-06-08 21:00:00+03:00,6.387,6.377
2025-06-08 23:00:00+03:00,6.377,6.402
2025-06-09 01:00:00+03:00,6.402,6.322
2025-06-09 03:00:00+03:00,6.322,6.303
2025-06-09 05:00:00+03:00,6.303,6.292
2025-06-09 07:00:00+03:00,6.291,6.214
2025-06-09 09:00:00+03:00,6.214,6.276
2025-06-09 11:00:00+03:00,6.276,6.372
2025-06-09 13:00:00+03:00,6.372,6.534
2025-06-09 15:00:00+03:00,6.534,6.444
2025-06-09 17:00:00+03:00,6.444,6.491
2025-06-09 19:00:00+03:00,6.492,6.603
2025-06-09 21:00:00+03:00,6.603,6.593
2025-06-09 23:00:00+03:00,6.594,6.755
2025-06-10 01:00:00+03:00,6.756,6.842
2025-06-10 03:00:00+03:00,6.843,7.158
2025-06-10 05:00:00+03:00,7.159,7.092
2025-06-10 07:00:00+03:00,7.093,7.088
2025-06-10 09:00:00+03:00,7.088,7.129
2025-06-10 11:00:00+03:00,7.128,7.274
2025-06-10 13:00:00+03:00,7.275,7.995
2025-06-10 15:00:00+03:00,7.994,8.16
2025-06-10 17:00:00+03:00,8.161,8.202
2025-06-10 19:00:00+03:00,8.201,8.248
2025-06-10 21:00:00+03:00,8.249,8.272
2025-06-10 23:00:00+03:00,8.272,8.389
2025-06-11 01:00:00+03:00,8.388,8.667
2025-06-11 03:00:00+03:00,8.666,8.267
2025-06-11 05:00:00+03:00,8.267,8.255
2025-06-11 07:00:00+03:00,8.255,8.412
2025-06-11 09:00:00+03:00,8.412,8.38
2025-06-11 11:00:00+03:00,8.379,8.182
2025-06-11 13:00:00+03:00,8.183,8.173
2025-06-11 15:00:00+03:00,8.173,8.317
2025-06-11 17:00:00+03:00,8.317,8.348
2025-06-11 19:00:00+03:00,8.348,8.181
2025-06-11 21:00:00+03:00,8.181,8.027
2025-06-11 23:00:00+03:00,8.026,8.006
2025-06-12 01:00:00+03:00,8.006,8.159
2025-06-12 03:00:00+03:00,8.159,8.193
2025-06-12 05:00:00+03:00,8.193,8.09
2025-06-12 07:00:00+03:00,8.091,8.072
2025-06-12 09:00:00+03:00,8.072,7.952
2025-06-12 11:00:00+03:00,7.953,7.949
2025-06-12 13:00:00+03:00,7.949,7.787
2025-06-12 15:00:00+03:00,7.788,7.979
2025-06-12 17:00:00+03:00,7.978,7.752
2025-06-12 19:00:00+03:00,7.752,7.961
2025-06-12 21:00:00+03:00,7.96,7.785
2025-06-12 23:00:00+03:00,7.785,7.633
2025-06-13 01:00:00+03:00,7.632,7.484
2025-06-13 03:00:00+03:00,7.485,6.883
2025-06-13 05:00:00+03:00,6.884,7.128
2025-06-13 07:00:00+03:00,7.128,7.276
2025-06-13 09:00:00+03:00,7.277,7.397
2025-06-13 11:00:00+03:00,7.397,7.306
2025-06-13 13:00:00+03:00,7.305,7.345
2025-06-13 15:00:00+03:00,7.346,7.26
2025-06-13 17:00:00+03:00,7.261,7.481
2025-06-13 19:00:00+03:00,7.481,7.426
2025-06-13 21:00:00+03:00,7.424,7.496
2025-06-13 23:00:00+03:00,7.496,7.494
2025-06-14 01:00:00+03:00,7.495,7.753
2025-06-14 03:00:00+03:00,7.752,7.562
2025-06-14 05:00:00+03:00,7.563,7.48
2025-06-14 07:00:00+03:00,7.48,7.46
2025-06-14 09:00:00+03:00,7.461,7.331
2025-06-14 11:00:00+03:00,7.33,7.301
2025-06-14 13:00:00+03:00,7.302,7.323
2025-06-14 15:00:00+03:00,7.322,7.301
2025-06-14 17:00:00+03:00,7.302,7.19
2025-06-14 19:00:00+03:00,7.19,7.222
2025-06-14 21:00:00+03:00,7.222,7.216
2025-06-14 23:00:00+03:00,7.216,7.247
2025-06-15 01:00:00+03:00,7.248,7.298
2025-06-15 03:00:00+03:00,7.298,7.352
2025-06-15 05:00:00+03:00,7.352,7.328
2025-06-15 07:00:00+03:00,7.328,7.333
2025-06-15 09:00:00+03:00,7.333,7.215
2025-06-15 11:00:00+03:00,7.215,7.146
2025-06-15 13:00:00+03:00,7.147,7.198
2025-06-15 15:00:00+03:00,7.198,7.243
2025-06-15 17:00:00+03:00,7.243,7.14
2025-06-15 19:00:00+03:00,7.14,7.15
2025-06-15 21:00:00+03:00,7.15,7.062
2025-06-15 23:00:00+03:00,7.062,7.034
2025-06-16 01:00:00+03:00,7.033,7.176
2025-06-16 03:00:00+03:00,7.176,7.211
2025-06-16 05:00:00+03:00,7.21,7.307
2025-06-16 07:00:00+03:00,7.308,7.573
2025-06-16 09:00:00+03:00,7.573,7.635
2025-06-16 11:00:00+03:00,7.635,7.64
2025-06-16 13:00:00+03:00,7.641,7.736
2025-06-16 15:00:00+03:00,7.736,7.947
2025-06-16 17:00:00+03:00,7.946,7.834
2025-06-16 19:00:00+03:00,7.834,7.748
2025-06-16 21:00:00+03:00,7.747,7.846
2025-06-16 23:00:00+03:00,7.847,7.798
2025-06-17 01:00:00+03:00,7.797,7.442
2025-06-17 03:00:00+03:00,7.442,7.54
2025-06-17 05:00:00+03:00,7.541,7.806
2025-06-17 07:00:00+03:00,7.806,7.711
2025-06-17 09:00:00+03:00,7.711,7.635
2025-06-17 11:00:00+03:00,7.634,7.696
2025-06-17 13:00:00+03:00,7.696,7.63
2025-06-17 15:00:00+03:00,7.63,7.427
2025-06-17 17:00:00+03:00,7.428,7.317
2025-06-17 19:00:00+03:00,7.316,7.337
2025-06-17 21:00:00+03:00,7.337,7.444
2025-06-17 23:00:00+03:00,7.444,7.406
2025-06-18 01:00:00+03:00,7.407,7.433
2025-06-18 03:00:00+03:00,7.434,7.38
2025-06-18 05:00:00+03:00,7.381,7.541
2025-06-18 07:00:00+03:00,7.54,7.583
2025-06-18 09:00:00+03:00,7.584,7.467
2025-06-18 11:00:00+03:00,7.467,7.402
2025-06-18 13:00:00+03:00,7.403,7.344
2025-06-18 15:00:00+03:00,7.345,7.275
2025-06-18 17:00:00+03:00,7.275,7.484
2025-06-18 19:00:00+03:00,7.484,7.453
2025-06-18 21:00:00+03:00,7.452,7.331
2025-06-18 23:00:00+03:00,7.331,7.603
2025-06-19 01:00:00+03:00,7.602,7.583
2025-06-19 03:00:00+03:00,7.583,7.564
2025-06-19 05:00:00+03:00,7.563,7.669
2025-06-19 07:00:00+03:00,7.668,7.688
2025-06-19 09:00:00+03:00,7.687,7.734
2025-06-19 11:00:00+03:00,7.733,7.886
2025-06-19 13:00:00+03:00,7.887,7.684
2025-06-19 15:00:00+03:00,7.684,7.581
2025-06-19 17:00:00+03:00,7.58,7.511
2025-06-19 19:00:00+03:00,7.511,7.562
2025-06-19 21:00:00+03:00,7.561,7.536
2025-06-19 23:00:00+03:00,7.537,7.577
2025-06-20 01:00:00+03:00,7.577,7.675
2025-06-20 03:00:00+03:00,7.675,7.855
2025-06-20 05:00:00+03:00,7.855,7.571
2025-06-20 07:00:00+03:00,7.571,7.553
2025-06-20 09:00:00+03:00,7.554,7.825
2025-06-20 11:00:00+03:00,7.824,7.801
2025-06-20 13:00:00+03:00,7.8,7.709
2025-06-20 15:00:00+03:00,7.71,7.701
2025-06-20 17:00:00+03:00,7.7,7.526
2025-06-20 19:00:00+03:00,7.527,7.069
2025-06-20 21:00:00+03:00,7.068,7.079
2025-06-20 23:00:00+03:00,7.078,7.066
2025-06-21 01:00:00+03:00,7.066,7.062
2025-06-21 03:00:00+03:00,7.062,7.09
2025-06-21 05:00:00+03:00,7.089,7.077
2025-06-21 07:00:00+03:00,7.077,7.055
2025-06-21 09:00:00+03:00,7.056,6.944
2025-06-21 11:00:00+03:00,6.943,7.042
2025-06-21 13:00:00+03:00,7.041,6.919
2025-06-21 15:00:00+03:00,6.919,6.741
2025-06-21 17:00:00+03:00,6.741,6.809
2025-06-21 19:00:00+03:00,6.809,6.843
2025-06-21 21:00:00+03:00,6.843,6.79
2025-06-21 23:00:00+03:00,6.789,6.712
2025-06-22 01:00:00+03:00,6.712,6.461
2025-06-22 03:00:00+03:00,6.461,6.436
2025-06-22 05:00:00+03:00,6.436,6.43
2025-06-22 07:00:00+03:00,6.431,6.462
2025-06-22 09:00:00+03:00,6.463,6.423
2025-06-22 11:00:00+03:00,6.424,6.323
2025-06-22 13:00:00+03:00,6.324,6.433
2025-06-22 15:00:00+03:00,6.432,6.256
2025-06-22 17:00:00+03:00,6.256,6.191
2025-06-22 19:00:00+03:00,6.19,6.167
2025-06-22 21:00:00+03:00,6.168,6.051
2025-06-22 23:00:00+03:00,6.052,6.099
2025-06-23 01:00:00+03:00,6.099,6.254
2025-06-23 03:00:00+03:00,6.254,6.321
2025-06-23 05:00:00+03:00,6.322,6.28
2025-06-23 07:00:00+03:00,6.28,6.299
2025-06-23 09:00:00+03:00,6.299,6.34
2025-06-23 11:00:00+03:00,6.339,6.274
2025-06-23 13:00:00+03:00,6.274,6.24
2025-06-23 15:00:00+03:00,6.241,6.328
2025-06-23 17:00:00+03:00,6.33,6.169
2025-06-23 19:00:00+03:00,6.168,6.326
2025-06-23 21:00:00+03:00,6.327,6.597
2025-06-23 23:00:00+03:00,6.597,6.671
2025-06-24 01:00:00+03:00,6.671,6.793
2025-06-24 03:00:00+03:00,6.794,6.841
2025-06-24 05:00:00+03:00,6.84,6.787
2025-06-24 07:00:00+03:00,6.787,6.948
2025-06-24 09:00:00+03:00,6.947,6.876
2025-06-24 11:00:00+03:00,6.875,6.899
2025-06-24 13:00:00+03:00,6.898,6.917
2025-06-24 15:00:00+03:00,6.917,6.938
2025-06-24 17:00:00+03:00,6.937,6.964
2025-06-24 19:00:00+03:00,6.965,7.099
2025-06-24 21:00:00+03:00,7.099,7.009
2025-06-24 23:00:00+03:00,7.008,7.049
2025-06-25 01:00:00+03:00,7.048,7.056
2025-06-25 03:00:00+03:00,7.057,7.272
2025-06-25 05:00:00+03:00,7.274,7.174
2025-06-25 07:00:00+03:00,7.173,7.131
2025-06-25 09:00:00+03:00,7.131,7.245
2025-06-25 11:00:00+03:00,7.245,7.118
2025-06-25 13:00:00+03:00,7.118,7.09
2025-06-25 15:00:00+03:00,7.091,7.091
2025-06-25 17:00:00+03:00,7.091,6.889
2025-06-25 19:00:00+03:00,6.89,6.953
2025-06-25 21:00:00+03:00,6.953,6.99
2025-06-25 23:00:00+03:00,6.99,6.997
2025-06-26 01:00:00+03:00,6.997,6.97
2025-06-26 03:00:00+03:00,6.97,7.048
2025-06-26 05:00:00+03:00,7.048,7.217
2025-06-26 07:00:00+03:00,7.217,7.196
2025-06-26 09:00:00+03:00,7.196,7.195
2025-06-26 11:00:00+03:00,7.195,7.029
2025-06-26 13:00:00+03:00,7.03,6.944
2025-06-26 15:00:00+03:00,6.944,6.814
2025-06-26 17:00:00+03:00,6.814,6.845
2025-06-26 19:00:00+03:00,6.845,6.775
2025-06-26 21:00:00+03:00,6.776,6.857
2025-06-26 23:00:00+03:00,6.857,6.81
2025-06-27 01:00:00+03:00,6.809,6.804
2025-06-27 03:00:00+03:00,6.803,6.884
2025-06-27 05:00:00+03:00,6.885,6.91
2025-06-27 07:00:00+03:00,6.911,6.873
2025-06-27 09:00:00+03:00,6.874,6.867
2025-06-27 11:00:00+03:00,6.868,6.963
2025-06-27 13:00:00+03:00,6.963,6.878
2025-06-27 15:00:00+03:00,6.878,6.838
2025-06-27 17:00:00+03:00,6.837,6.924
2025-06-27 19:00:00+03:00,6.925,6.837
2025-06-27 21:00:00+03:00,6.836,6.9
2025-06-27 23:00:00+03:00,6.9,6.914
2025-06-28 01:00:00+03:00,6.913,6.906
2025-06-28 03:00:00+03:00,6.906,6.895
2025-06-28 05:00:00+03:00,6.895,6.868
2025-06-28 07:00:00+03:00,6.869,6.864
2025-06-28 09:00:00+03:00,6.864,6.952
2025-06-28 11:00:00+03:00,6.952,7.049
2025-06-28 13:00:00+03:00,7.05,6.993
2025-06-28 15:00:00+03:00,6.992,6.995
2025-06-28 17:00:00+03:00,6.995,7.067
2025-06-28 19:00:00+03:00,7.067,7.152
2025-06-28 21:00:00+03:00,7.152,7.094
2025-06-28 23:00:00+03:00,7.094,7.139
2025-06-29 01:00:00+03:00,7.138,7.124
2025-06-29 03:00:00+03:00,7.124,6.995
2025-06-29 05:00:00+03:00,6.995,6.979
2025-06-29 07:00:00+03:00,6.979,7.004
2025-06-29 09:00:00+03:00,7.004,7.039
2025-06-29 11:00:00+03:00,7.039,7.219
2025-06-29 13:00:00+03:00,7.219,7.269
2025-06-29 15:00:00+03:00,7.269,7.163
2025-06-29 17:00:00+03:00,7.163,7.13
2025-06-29 19:00:00+03:00,7.13,7.226
2025-06-29 21:00:00+03:00,7.227,7.193
2025-06-29 23:00:00+03:00,7.193,7.221
2025-06-30 01:00:00+03:00,7.221,7.39
2025-06-30 03:00:00+03:00,7.391,7.341
2025-06-30 05:00:00+03:00,7.342,7.311
2025-06-30 07:00:00+03:00,7.311,7.358
2025-06-30 09:00:00+03:00,7.358,7.291
2025-06-30 11:00:00+03:00,7.291,7.149
2025-06-30 13:00:00+03:00,7.148,7.146
2025-06-30 15:00:00+03:00,7.145,7.115
2025-06-30 17:00:00+03:00,7.115,7.196
2025-06-30 19:00:00+03:00,7.197,7.172
2025-06-30 21:00:00+03:00,7.171,7.269
2025-06-30 23:00:00+03:00,7.269,7.151
2025-07-01 01:00:00+03:00,7.152,7.125
2025-07-01 03:00:00+03:00,7.126,7.123
2025-07-01 05:00:00+03:00,7.124,7.089
2025-07-01 07:00:00+03:00,7.089,6.996
2025-07-01 09:00:00+03:00,6.995,7.115
2025-07-01 11:00:00+03:00,7.114,7.035
2025-07-01 13:00:00+03:00,7.036,6.998
2025-07-01 15:00:00+03:00,6.998,6.988
2025-07-01 17:00:00+03:00,6.988,6.933
2025-07-01 19:00:00+03:00,6.934,6.932
2025-07-01 21:00:00+03:00,6.933,6.845
2025-07-01 23:00:00+03:00,6.845,6.888
2025-07-02 01:00:00+03:00,6.888,6.584
2025-07-02 03:00:00+03:00,6.584,6.561
2025-07-02 05:00:00+03:00,6.56,6.545
2025-07-02 07:00:00+03:00,6.544,6.933
2025-07-02 09:00:00+03:00,6.932,7.001
2025-07-02 11:00:00+03:00,7.002,7.04
2025-07-02 13:00:00+03:00,7.041,7.085
2025-07-02 15:00:00+03:00,7.085,7.054
2025-07-02 17:00:00+03:00,7.054,7.303
2025-07-02 19:00:00+03:00,7.303,7.367
2025-07-02 21:00:00+03:00,7.368,7.463
2025-07-02 23:00:00+03:00,7.463,7.546
2025-07-03 01:00:00+03:00,7.547,7.347
2025-07-03 03:00:00+03:00,7.346,7.38
2025-07-03 05:00:00+03:00,7.38,7.305
2025-07-03 07:00:00+03:00,7.305,7.535
2025-07-03 09:00:00+03:00,7.535,7.697
2025-07-03 11:00:00+03:00,7.697,7.696
2025-07-03 13:00:00+03:00,7.697,7.727
2025-07-03 15:00:00+03:00,7.727,7.815
2025-07-03 17:00:00+03:00,7.814,7.595
2025-07-03 19:00:00+03:00,7.594,7.613
2025-07-03 21:00:00+03:00,7.613,7.593
2025-07-03 23:00:00+03:00,7.593,7.617
2025-07-04 01:00:00+03:00,7.617,7.466
2025-07-04 03:00:00+03:00,7.467,7.554
2025-07-04 05:00:00+03:00,7.554,7.431
2025-07-04 07:00:00+03:00,7.431,7.367
2025-07-04 09:00:00+03:00,7.366,7.294
2025-07-04 11:00:00+03:00,7.294,7.391
2025-07-04 13:00:00+03:00,7.39,7.347
2025-07-04 15:00:00+03:00,7.348,7.207
2025-07-04 17:00:00+03:00,7.207,6.899
2025-07-04 19:00:00+03:00,6.898,6.899
2025-07-04 21:00:00+03:00,6.899,6.883
2025-07-04 23:00:00+03:00,6.883,6.904
2025-07-05 01:00:00+03:00,6.903,6.927
2025-07-05 03:00:00+03:00,6.927,6.913
2025-07-05 05:00:00+03:00,6.914,6.927
2025-07-05 07:00:00+03:00,6.928,6.925
2025-07-05 09:00:00+03:00,6.925,7.0
2025-07-05 11:00:00+03:00,7.0,6.97
2025-07-05 13:00:00+03:00,6.97,6.992
2025-07-05 15:00:00+03:00,6.993,6.943
2025-07-05 17:00:00+03:00,6.943,6.907
2025-07-05 19:00:00+03:00,6.907,6.916
2025-07-05 21:00:00+03:00,6.917,6.951
2025-07-05 23:00:00+03:00,6.951,7.022
2025-07-06 01:00:00+03:00,7.021,7.329
2025-07-06 03:00:00+03:00,7.328,7.309
2025-07-06 05:00:00+03:00,7.309,7.289
2025-07-06 07:00:00+03:00,7.29,7.272
2025-07-06 09:00:00+03:00,7.273,7.257
2025-07-06 11:00:00+03:00,7.256,7.245
2025-07-06 13:00:00+03:00,7.246,7.27
2025-07-06 15:00:00+03:00,7.269,7.455
2025-07-06 17:00:00+03:00,7.456,7.39
2025-07-06 19:00:00+03:00,7.39,7.388
2025-07-06 21:00:00+03:00,7.388,7.389
2025-07-06 23:00:00+03:00,7.388,7.501
2025-07-07 01:00:00+03:00,7.502,7.419
2025-07-07 03:00:00+03:00,7.42,7.42
2025-07-07 05:00:00+03:00,7.42,7.459
2025-07-07 07:00:00+03:00,7.46,7.405
2025-07-07 09:00:00+03:00,7.405,7.414
2025-07-07 11:00:00+03:00,7.413,7.381
2025-07-07 13:00:00+03:00,7.382,7.364
2025-07-07 15:00:00+03:00,7.364,7.418
2025-07-07 17:00:00+03:00,7.418,7.336
2025-07-07 19:00:00+03:00,7.336,7.303
2025-07-07 21:00:00+03:00,7.304,7.31
2025-07-07 23:00:00+03:00,7.309,7.303
2025-07-08 01:00:00+03:00,7.303,7.387
2025-07-08 03:00:00+03:00,7.388,7.356
2025-07-08 05:00:00+03:00,7.357,7.373
2025-07-08 07:00:00+03:00,7.374,7.453
2025-07-08 09:00:00+03:00,7.452,7.425
2025-07-08 11:00:00+03:00,7.426,7.407
2025-07-08 13:00:00+03:00,7.406,7.62
2025-07-08 15:00:00+03:00,7.62,7.642
2025-07-08 17:00:00+03:00,7.641,7.576
2025-07-08 19:00:00+03:00,7.578,7.755
2025-07-08 21:00:00+03:00,7.755,7.681
2025-07-08 23:00:00+03:00,7.681,7.622
2025-07-09 01:00:00+03:00,7.623,7.657
2025-07-09 03:00:00+03:00,7.657,7.604
2025-07-09 05:00:00+03:00,7.605,7.551
2025-07-09 07:00:00+03:00,7.552,7.695
2025-07-09 09:00:00+03:00,7.694,7.757
2025-07-09 11:00:00+03:00,7.757,7.799
2025-07-09 13:00:00+03:00,7.799,7.954
2025-07-09 15:00:00+03:00,7.955,8.155
2025-07-09 17:00:00+03:00,8.155,8.152
2025-07-09 19:00:00+03:00,8.153,8.211
2025-07-09 21:00:00+03:00,8.211,8.411
2025-07-09 23:00:00+03:00,8.41,8.365
2025-07-10 01:00:00+03:00,8.364,8.298
2025-07-10 03:00:00+03:00,8.298,8.195
2025-07-10 05:00:00+03:00,8.196,8.178
2025-07-10 07:00:00+03:00,8.179,8.299
2025-07-10 09:00:00+03:00,8.299,8.381
2025-07-10 11:00:00+03:00,8.38,8.303
2025-07-10 13:00:00+03:00,8.303,8.245
2025-07-10 15:00:00+03:00,8.245,8.269
2025-07-10 17:00:00+03:00,8.269,8.057
2025-07-10 19:00:00+03:00,8.056,8.297
2025-07-10 21:00:00+03:00,8.297,8.228
2025-07-10 23:00:00+03:00,8.227,8.528
2025-07-11 01:00:00+03:00,8.528,8.463
2025-07-11 03:00:00+03:00,8.463,8.446
2025-07-11 05:00:00+03:00,8.445,8.42
2025-07-11 07:00:00+03:00,8.421,8.852
2025-07-11 09:00:00+03:00,8.852,8.62
2025-07-11 11:00:00+03:00,8.621,9.011
2025-07-11 13:00:00+03:00,9.011,8.932
2025-07-11 15:00:00+03:00,8.931,8.901
2025-07-11 17:00:00+03:00,8.902,8.74
2025-07-11 19:00:00+03:00,8.739,8.852
2025-07-11 21:00:00+03:00,8.853,8.875
2025-07-11 23:00:00+03:00,8.876,8.733
2025-07-12 01:00:00+03:00,8.733,8.693
2025-07-12 03:00:00+03:00,8.694,8.738
2025-07-12 05:00:00+03:00,8.738,8.764
2025-07-12 07:00:00+03:00,8.764,8.563
2025-07-12 09:00:00+03:00,8.564,8.564
2025-07-12 11:00:00+03:00,8.564,8.527
2025-07-12 13:00:00+03:00,8.526,8.488
2025-07-12 15:00:00+03:00,8.489,8.337
2025-07-12 17:00:00+03:00,8.338,8.231
2025-07-12 19:00:00+03:00,8.231,8.383
2025-07-12 21:00:00+03:00,8.382,8.366
2025-07-12 23:00:00+03:00,8.366,8.377
2025-07-13 01:00:00+03:00,8.376,8.389
2025-07-13 03:00:00+03:00,8.388,8.457
2025-07-13 05:00:00+03:00,8.457,8.479
2025-07-13 07:00:00+03:00,8.48,8.428
2025-07-13 09:00:00+03:00,8.428,8.499
2025-07-13 11:00:00+03:00,8.498,8.405
2025-07-13 13:00:00+03:00,8.406,8.465
2025-07-13 15:00:00+03:00,8.464,8.559
2025-07-13 17:00:00+03:00,8.559,8.586
2025-07-13 19:00:00+03:00,8.587,8.634
2025-07-13 21:00:00+03:00,8.633,8.602
2025-07-13 23:00:00+03:00,8.603,8.482
2025-07-14 01:00:00+03:00,8.482,8.509
2025-07-14 03:00:00+03:00,8.509,8.593
2025-07-14 05:00:00+03:00,8.592,8.826
2025-07-14 07:00:00+03:00,8.827,9.244
2025-07-14 09:00:00+03:00,9.245,9.392
2025-07-14 11:00:00+03:00,9.393,9.309
2025-07-14 13:00:00+03:00,9.309,9.403
2025-07-14 15:00:00+03:00,9.402,9.482
2025-07-14 17:00:00+03:00,9.481,9.279
2025-07-14 19:00:00+03:00,9.277,9.144
2025-07-14 21:00:00+03:00,9.144,9.122
2025-07-14 23:00:00+03:00,9.122,9.151
2025-07-15 01:00:00+03:00,9.151,9.126
2025-07-15 03:00:00+03:00,9.127,8.893
2025-07-15 05:00:00+03:00,8.892,8.781
2025-07-15 07:00:00+03:00,8.781,8.945
2025-07-15 09:00:00+03:00,8.945,9.045
2025-07-15 11:00:00+03:00,9.045,9.01
2025-07-15 13:00:00+03:00,9.009,9.026
2025-07-15 15:00:00+03:00,9.027,9.258
2025-07-15 17:00:00+03:00,9.258,9.134
2025-07-15 19:00:00+03:00,9.135,9.274
2025-07-15 21:00:00+03:00,9.274,8.963
2025-07-15 23:00:00+03:00,8.961,9.148
2025-07-16 01:00:00+03:00,9.149,9.346
2025-07-16 03:00:00+03:00,9.346,9.366
2025-07-16 05:00:00+03:00,9.365,9.162
2025-07-16 07:00:00+03:00,9.162,9.2
2025-07-16 09:00:00+03:00,9.2,9.258
2025-07-16 11:00:00+03:00,9.257,9.156
2025-07-16 13:00:00+03:00,9.156,9.089
2025-07-16 15:00:00+03:00,9.089,9.174
2025-07-16 17:00:00+03:00,9.173,9.015
2025-07-16 19:00:00+03:00,9.014,9.079
2025-07-16 21:00:00+03:00,9.079,9.143
2025-07-16 23:00:00+03:00,9.142,9.177
2025-07-17 01:00:00+03:00,9.178,8.894
2025-07-17 03:00:00+03:00,8.893,8.867
2025-07-17 05:00:00+03:00,8.866,8.726
2025-07-17 07:00:00+03:00,8.726,8.819
2025-07-17 09:00:00+03:00,8.819,8.999
2025-07-17 11:00:00+03:00,8.999,9.127
2025-07-17 13:00:00+03:00,9.128,8.984
2025-07-17 15:00:00+03:00,8.984,8.886
2025-07-17 17:00:00+03:00,8.885,8.883
2025-07-17 19:00:00+03:00,8.881,8.843
2025-07-17 21:00:00+03:00,8.843,8.811
2025-07-17 23:00:00+03:00,8.811,8.825
2025-07-18 01:00:00+03:00,8.826,8.931
2025-07-18 03:00:00+03:00,8.93,9.896
2025-07-18 05:00:00+03:00,9.897,10.04
2025-07-18 07:00:00+03:00,10.04,10.557
2025-07-18 09:00:00+03:00,10.557,10.521
2025-07-18 11:00:00+03:00,10.521,10.822
2025-07-18 13:00:00+03:00,10.822,10.651
2025-07-18 15:00:00+03:00,10.651,10.723
2025-07-18 17:00:00+03:00,10.723,10.293
2025-07-18 19:00:00+03:00,10.293,10.263
2025-07-18 21:00:00+03:00,10.263,10.149
2025-07-18 23:00:00+03:00,10.148,10.159
2025-07-19 01:00:00+03:00,10.158,10.134
2025-07-19 03:00:00+03:00,10.134,9.887
2025-07-19 05:00:00+03:00,9.888,10.229
2025-07-19 07:00:00+03:00,10.23,10.301
2025-07-19 09:00:00+03:00,10.3,10.235
2025-07-19 11:00:00+03:00,10.236,10.18
2025-07-19 13:00:00+03:00,10.18,10.075
2025-07-19 15:00:00+03:00,10.075,10.108
2025-07-19 17:00:00+03:00,10.109,10.088
2025-07-19 19:00:00+03:00,10.087,10.038
2025-07-19 21:00:00+03:00,10.037,10.139
2025-07-19 23:00:00+03:00,10.138,10.071
2025-07-20 01:00:00+03:00,10.072,10.172
2025-07-20 03:00:00+03:00,10.171,10.249
2025-07-20 05:00:00+03:00,10.249,10.417
2025-07-20 07:00:00+03:00,10.416,10.514
2025-07-20 09:00:00+03:00,10.514,10.503
2025-07-20 11:00:00+03:00,10.504,10.621
2025-07-20 13:00:00+03:00,10.62,10.706
2025-07-20 15:00:00+03:00,10.706,10.623
2025-07-20 17:00:00+03:00,10.623,10.79
2025-07-20 19:00:00+03:00,10.791,10.605
2025-07-20 21:00:00+03:00,10.605,10.628
2025-07-20 23:00:00+03:00,10.631,10.71
2025-07-21 01:00:00+03:00,10.709,10.657
2025-07-21 03:00:00+03:00,10.658,10.32
2025-07-21 05:00:00+03:00,10.321,10.549
2025-07-21 07:00:00+03:00,10.549,10.542
2025-07-21 09:00:00+03:00,10.543,10.557
2025-07-21 11:00:00+03:00,10.556,10.421
2025-07-21 13:00:00+03:00,10.42,10.526
2025-07-21 15:00:00+03:00,10.526,11.344
2025-07-21 17:00:00+03:00,11.344,11.105
2025-07-21 19:00:00+03:00,11.105,10.816
2025-07-21 21:00:00+03:00,10.815,10.775
2025-07-21 23:00:00+03:00,10.775,10.764
2025-07-22 01:00:00+03:00,10.764,10.832
2025-07-22 03:00:00+03:00,10.833,11.011
2025-07-22 05:00:00+03:00,11.012,10.611
2025-07-22 07:00:00+03:00,10.61,10.404
2025-07-22 09:00:00+03:00,10.405,10.356
2025-07-22 11:00:00+03:00,10.355,10.367
2025-07-22 13:00:00+03:00,10.366,10.5
2025-07-22 15:00:00+03:00,10.5,10.327
2025-07-22 17:00:00+03:00,10.327,10.536
2025-07-22 19:00:00+03:00,10.535,10.533
2025-07-22 21:00:00+03:00,10.532,10.453
2025-07-22 23:00:00+03:00,10.452,10.677
2025-07-23 01:00:00+03:00,10.677,10.781
2025-07-23 03:00:00+03:00,10.78,10.748
2025-07-23 05:00:00+03:00,10.746,10.673
2025-07-23 07:00:00+03:00,10.674,10.7
2025-07-23 09:00:00+03:00,10.7,10.517
2025-07-23 11:00:00+03:00,10.516,10.388
2025-07-23 13:00:00+03:00,10.389,10.339
2025-07-23 15:00:00+03:00,10.339,9.867
2025-07-23 17:00:00+03:00,9.868,10.169
2025-07-23 19:00:00+03:00,10.168,10.017
2025-07-23 21:00:00+03:00,10.018,10.037
2025-07-23 23:00:00+03:00,10.036,10.057
2025-07-24 01:00:00+03:00,10.055,10.178
2025-07-24 03:00:00+03:00,10.179,10.348
2025-07-24 05:00:00+03:00,10.348,10.27
2025-07-24 07:00:00+03:00,10.269,9.917
2025-07-24 09:00:00+03:00,9.92,9.982
2025-07-24 11:00:00+03:00,9.983,10.09
2025-07-24 13:00:00+03:00,10.09,10.23
2025-07-24 15:00:00+03:00,10.23,10.068
2025-07-24 17:00:00+03:00,10.069,10.36
2025-07-24 19:00:00+03:00,10.361,10.371
2025-07-24 21:00:00+03:00,10.37,10.444
2025-07-24 23:00:00+03:00,10.444,10.278
2025-07-25 01:00:00+03:00,10.278,10.121
2025-07-25 03:00:00+03:00,10.122,10.073
2025-07-25 05:00:00+03:00,10.073,9.856
2025-07-25 07:00:00+03:00,9.856,9.975
2025-07-25 09:00:00+03:00,9.975,9.989
2025-07-25 11:00:00+03:00,9.99,10.522
2025-07-25 13:00:00+03:00,10.522,10.503
2025-07-25 15:00:00+03:00,10.503,10.369
2025-07-25 17:00:00+03:00,10.37,10.086
2025-07-25 19:00:00+03:00,10.086,10.073
2025-07-25 21:00:00+03:00,10.072,10.084
2025-07-25 23:00:00+03:00,10.084,10.395
2025-07-26 01:00:00+03:00,10.396,10.427
2025-07-26 03:00:00+03:00,10.426,10.351
2025-07-26 05:00:00+03:00,10.352,10.538
2025-07-26 07:00:00+03:00,10.537,10.487
2025-07-26 09:00:00+03:00,10.488,10.416
2025-07-26 11:00:00+03:00,10.416,10.543
2025-07-26 13:00:00+03:00,10.542,10.447
2025-07-26 15:00:00+03:00,10.446,10.426
2025-07-26 17:00:00+03:00,10.426,10.45
2025-07-26 19:00:00+03:00,10.45,10.441
2025-07-26 21:00:00+03:00,10.442,10.57
2025-07-26 23:00:00+03:00,10.571,10.592
2025-07-27 01:00:00+03:00,10.592,10.56
2025-07-27 03:00:00+03:00,10.56,10.558
2025-07-27 05:00:00+03:00,10.559,10.584
2025-07-27 07:00:00+03:00,10.583,10.75
2025-07-27 09:00:00+03:00,10.75,10.569
2025-07-27 11:00:00+03:00,10.568,10.473
2025-07-27 13:00:00+03:00,10.472,10.628
2025-07-27 15:00:00+03:00,10.627,10.68
2025-07-27 17:00:00+03:00,10.679,10.747
2025-07-27 19:00:00+03:00,10.749,10.796
2025-07-27 21:00:00+03:00,10.795,10.76
2025-07-27 23:00:00+03:00,10.761,10.877
2025-07-28 01:00:00+03:00,10.878,10.986
2025-07-28 03:00:00+03:00,10.987,10.824
2025-07-28 05:00:00+03:00,10.823,10.947
2025-07-28 07:00:00+03:00,10.948,11.093
2025-07-28 09:00:00+03:00,11.094,11.052
2025-07-28 11:00:00+03:00,11.051,11.011
2025-07-28 13:00:00+03:00,11.012,10.934
2025-07-28 15:00:00+03:00,10.934,10.71
2025-07-28 17:00:00+03:00,10.709,10.579
2025-07-28 19:00:00+03:00,10.579,10.548
2025-07-28 21:00:00+03:00,10.548,10.488
2025-07-28 23:00:00+03:00,10.489,10.468
2025-07-29 01:00:00+03:00,10.467,10.461
2025-07-29 03:00:00+03:00,10.462,10.374
2025-07-29 05:00:00+03:00,10.373,10.409
2025-07-29 07:00:00+03:00,10.41,10.445
2025-07-29 09:00:00+03:00,10.445,10.634
2025-07-29 11:00:00+03:00,10.635,10.51
2025-07-29 13:00:00+03:00,10.509,10.297
2025-07-29 15:00:00+03:00,10.298,10.305
2025-07-29 17:00:00+03:00,10.307,10.152
2025-07-29 19:00:00+03:00,10.152,10.278
2025-07-29 21:00:00+03:00,10.277,10.195
2025-07-29 23:00:00+03:00,10.196,10.29
2025-07-30 01:00:00+03:00,10.291,10.301
2025-07-30 03:00:00+03:00,10.302,10.359
2025-07-30 05:00:00+03:00,10.36,10.367
2025-07-30 07:00:00+03:00,10.368,10.308
2025-07-30 09:00:00+03:00,10.307,10.291
2025-07-30 11:00:00+03:00,10.29,10.176
2025-07-30 13:00:00+03:00,10.177,9.836
2025-07-30 15:00:00+03:00,9.836,9.913
2025-07-30 17:00:00+03:00,9.912,10.056
2025-07-30 19:00:00+03:00,10.057,10.196
2025-07-30 21:00:00+03:00,10.197,9.934
2025-07-30 23:00:00+03:00,9.933,9.855
2025-07-31 01:00:00+03:00,9.854,10.006
2025-07-31 03:00:00+03:00,10.006,10.161
2025-07-31 05:00:00+03:00,10.162,10.156
2025-07-31 07:00:00+03:00,10.156,10.146
2025-07-31 09:00:00+03:00,10.146,10.132
2025-07-31 11:00:00+03:00,10.132,10.201
2025-07-31 13:00:00+03:00,10.2,9.977
2025-07-31 15:00:00+03:00,9.978,9.665
2025-07-31 17:00:00+03:00,9.666,9.657
2025-07-31 19:00:00+03:00,9.658,9.614
2025-07-31 21:00:00+03:00,9.613,9.542
2025-07-31 23:00:00+03:00,9.542,9.467
2025-08-01 01:00:00+03:00,9.468,9.34
2025-08-01 03:00:00+03:00,9.339,9.321
2025-08-01 05:00:00+03:00,9.32,9.375
2025-08-01 07:00:00+03:00,9.374,9.302
2025-08-01 09:00:00+03:00,9.301,9.225
2025-08-01 11:00:00+03:00,9.225,9.086
2025-08-01 13:00:00+03:00,9.086,9.151
2025-08-01 15:00:00+03:00,9.151,8.981
2025-08-01 17:00:00+03:00,8.98,9.063
2025-08-01 19:00:00+03:00,9.063,8.998
2025-08-01 21:00:00+03:00,8.998,9.152
2025-08-01 23:00:00+03:00,9.152,9.142
2025-08-02 01:00:00+03:00,9.143,9.034
2025-08-02 03:00:00+03:00,9.033,9.103
2025-08-02 05:00:00+03:00,9.103,9.156
2025-08-02 07:00:00+03:00,9.156,9.053
2025-08-02 09:00:00+03:00,9.053,9.071
2025-08-02 11:00:00+03:00,9.072,8.966
2025-08-02 13:00:00+03:00,8.967,9.011
2025-08-02 15:00:00+03:00,9.011,9.077
2025-08-02 17:00:00+03:00,9.078,8.931
2025-08-02 19:00:00+03:00,8.932,8.795
2025-08-02 21:00:00+03:00,8.795,8.759
2025-08-02 23:00:00+03:00,8.76,8.821
2025-08-03 01:00:00+03:00,8.822,8.757
2025-08-03 03:00:00+03:00,8.757,8.89
2025-08-03 05:00:00+03:00,8.889,8.96
2025-08-03 07:00:00+03:00,8.959,8.933
2025-08-03 09:00:00+03:00,8.932,8.993
2025-08-03 11:00:00+03:00,8.994,9.059
2025-08-03 13:00:00+03:00,9.059,9.103
2025-08-03 15:00:00+03:00,9.104,9.141
2025-08-03 17:00:00+03:00,9.141,9.137
2025-08-03 19:00:00+03:00,9.136,9.152
2025-08-03 21:00:00+03:00,9.152,9.155
2025-08-03 23:00:00+03:00,9.155,9.173
2025-08-04 01:00:00+03:00,9.173,9.145
2025-08-04 03:00:00+03:00,9.146,9.249
2025-08-04 05:00:00+03:00,9.248,9.346
2025-08-04 07:00:00+03:00,9.346,9.323
2025-08-04 09:00:00+03:00,9.323,9.318
2025-08-04 11:00:00+03:00,9.319,9.296
2025-08-04 13:00:00+03:00,9.296,9.309
2025-08-04 15:00:00+03:00,9.31,9.821
2025-08-04 17:00:00+03:00,9.821,9.984
2025-08-04 19:00:00+03:00,9.985,9.998
2025-08-04 21:00:00+03:00,9.998,9.785
2025-08-04 23:00:00+03:00,9.786,9.933
2025-08-05 01:00:00+03:00,9.933,9.96
2025-08-05 03:00:00+03:00,9.96,9.904
2025-08-05 05:00:00+03:00,9.904,9.796
2025-08-05 07:00:00+03:00,9.795,9.86
2025-08-05 09:00:00+03:00,9.86,9.708
2025-08-05 11:00:00+03:00,9.706,9.834
2025-08-05 13:00:00+03:00,9.833,9.882
2025-08-05 15:00:00+03:00,9.881,9.818
2025-08-05 17:00:00+03:00,9.819,9.49
2025-08-05 19:00:00+03:00,9.49,9.559
2025-08-05 21:00:00+03:00,9.558,9.43
2025-08-05 23:00:00+03:00,9.43,9.449
2025-08-06 01:00:00+03:00,9.449,9.575
2025-08-06 03:00:00+03:00,9.575,9.489
2025-08-06 05:00:00+03:00,9.488,9.418
2025-08-06 07:00:00+03:00,9.419,9.61
2025-08-06 09:00:00+03:00,9.61,9.659
2025-08-06 11:00:00+03:00,9.658,9.537
2025-08-06 13:00:00+03:00,9.536,9.523
2025-08-06 15:00:00+03:00,9.524,9.468
2025-08-06 17:00:00+03:00,9.469,9.718
2025-08-06 19:00:00+03:00,9.718,9.724
2025-08-06 21:00:00+03:00,9.724,9.778
2025-08-06 23:00:00+03:00,9.778,9.695
2025-08-07 01:00:00+03:00,9.696,9.691
2025-08-07 03:00:00+03:00,9.692,9.679
2025-08-07 05:00:00+03:00,9.678,9.664
2025-08-07 07:00:00+03:00,9.663,9.729
2025-08-07 09:00:00+03:00,9.73,9.786
2025-08-07 11:00:00+03:00,9.787,9.84
2025-08-07 13:00:00+03:00,9.84,10.089
2025-08-07 15:00:00+03:00,10.089,10.138
2025-08-07 17:00:00+03:00,10.138,10.104
2025-08-07 19:00:00+03:00,10.104,10.063
2025-08-07 21:00:00+03:00,10.062,10.258
2025-08-07 23:00:00+03:00,10.26,10.332
2025-08-08 01:00:00+03:00,10.333,10.422
2025-08-08 03:00:00+03:00,10.421,10.371
2025-08-08 05:00:00+03:00,10.37,10.536
2025-08-08 07:00:00+03:00,10.537,10.409
2025-08-08 09:00:00+03:00,10.409,10.602
2025-08-08 11:00:00+03:00,10.602,10.621
2025-08-08 13:00:00+03:00,10.622,10.596
2025-08-08 15:00:00+03:00,10.595,10.708
2025-08-08 17:00:00+03:00,10.708,10.607
2025-08-08 19:00:00+03:00,10.608,10.976
2025-08-08 21:00:00+03:00,10.975,11.041
2025-08-08 23:00:00+03:00,11.041,10.888
2025-08-09 01:00:00+03:00,10.888,10.86
2025-08-09 03:00:00+03:00,10.861,10.943
2025-08-09 05:00:00+03:00,10.943,11.036
2025-08-09 07:00:00+03:00,11.036,11.368
2025-08-09 09:00:00+03:00,11.369,11.188
2025-08-09 11:00:00+03:00,11.188,11.244
2025-08-09 13:00:00+03:00,11.244,11.144
2025-08-09 15:00:00+03:00,11.144,10.797
2025-08-09 17:00:00+03:00,10.798,10.864
2025-08-09 19:00:00+03:00,10.864,10.924
2025-08-09 21:00:00+03:00,10.923,10.967
2025-08-09 23:00:00+03:00,10.966,11.031
2025-08-10 01:00:00+03:00,11.03,10.976
2025-08-10 03:00:00+03:00,10.977,11.044
2025-08-10 05:00:00+03:00,11.044,10.981
2025-08-10 07:00:00+03:00,10.982,10.92
2025-08-10 09:00:00+03:00,10.919,10.634
2025-08-10 11:00:00+03:00,10.634,10.682
2025-08-10 13:00:00+03:00,10.681,10.58
2025-08-10 15:00:00+03:00,10.58,10.469
2025-08-10 17:00:00+03:00,10.469,11.066
2025-08-10 19:00:00+03:00,11.064,10.963
2025-08-10 21:00:00+03:00,10.964,10.98
2025-08-10 23:00:00+03:00,10.979,10.882
2025-08-11 01:00:00+03:00,10.883,10.946
2025-08-11 03:00:00+03:00,10.946,11.119
2025-08-11 05:00:00+03:00,11.12,11.224
2025-08-11 07:00:00+03:00,11.224,11.18
2025-08-11 09:00:00+03:00,11.183,11.035
2025-08-11 11:00:00+03:00,11.035,11.05
2025-08-11 13:00:00+03:00,11.051,10.635
2025-08-11 15:00:00+03:00,10.636,10.775
2025-08-11 17:00:00+03:00,10.776,10.907
2025-08-11 19:00:00+03:00,10.907,11.47
2025-08-11 21:00:00+03:00,11.47,11.214
2025-08-11 23:00:00+03:00,11.215,11.072
2025-08-12 01:00:00+03:00,11.073,11.036
2025-08-12 03:00:00+03:00,11.035,11.203
2025-08-12 05:00:00+03:00,11.202,11.32
2025-08-12 07:00:00+03:00,11.321,11.229
2025-08-12 09:00:00+03:00,11.229,11.226
2025-08-12 11:00:00+03:00,11.226,10.966
2025-08-12 13:00:00+03:00,10.967,10.962
2025-08-12 15:00:00+03:00,10.962,11.112
2025-08-12 17:00:00+03:00,11.111,11.354
2025-08-12 19:00:00+03:00,11.354,11.395
2025-08-12 21:00:00+03:00,11.396,11.421
2025-08-12 23:00:00+03:00,11.422,11.464
2025-08-13 01:00:00+03:00,11.465,11.596
2025-08-13 03:00:00+03:00,11.596,11.318
2025-08-13 05:00:00+03:00,11.317,11.459
2025-08-13 07:00:00+03:00,11.457,11.493
2025-08-13 09:00:00+03:00,11.492,11.988
2025-08-13 11:00:00+03:00,11.988,12.105
2025-08-13 13:00:00+03:00,12.106,12.178
2025-08-13 15:00:00+03:00,12.178,12.061
2025-08-13 17:00:00+03:00,12.062,11.991
2025-08-13 19:00:00+03:00,11.992,12.045
2025-08-13 21:00:00+03:00,12.044,12.027
2025-08-13 23:00:00+03:00,12.027,12.084
2025-08-14 01:00:00+03:00,12.085,12.132
2025-08-14 03:00:00+03:00,12.132,12.143
2025-08-14 05:00:00+03:00,12.143,12.142
2025-08-14 07:00:00+03:00,12.141,11.733
2025-08-14 09:00:00+03:00,11.733,11.616
2025-08-14 11:00:00+03:00,11.616,11.574
2025-08-14 13:00:00+03:00,11.573,11.369
2025-08-14 15:00:00+03:00,11.37,11.014
2025-08-14 17:00:00+03:00,11.014,10.991
2025-08-14 19:00:00+03:00,10.991,10.939
2025-08-14 21:00:00+03:00,10.94,10.872
2025-08-14 23:00:00+03:00,10.873,10.807
2025-08-15 01:00:00+03:00,10.806,10.87
2025-08-15 03:00:00+03:00,10.869,11.02
2025-08-15 05:00:00+03:00,11.019,11.077
2025-08-15 07:00:00+03:00,11.078,10.976
2025-08-15 09:00:00+03:00,10.975,11.032
2025-08-15 11:00:00+03:00,11.032,10.989
2025-08-15 13:00:00+03:00,10.988,10.983
2025-08-15 15:00:00+03:00,10.983,10.857
2025-08-15 17:00:00+03:00,10.856,10.558
2025-08-15 19:00:00+03:00,10.558,10.625
2025-08-15 21:00:00+03:00,10.625,10.559
2025-08-15 23:00:00+03:00,10.56,10.65
2025-08-16 01:00:00+03:00,10.65,10.717
2025-08-16 03:00:00+03:00,10.716,10.854
2025-08-16 05:00:00+03:00,10.854,10.74
2025-08-16 07:00:00+03:00,10.74,10.967
2025-08-16 09:00:00+03:00,10.968,10.999
2025-08-16 11:00:00+03:00,10.999,10.84
2025-08-16 13:00:00+03:00,10.84,10.902
2025-08-16 15:00:00+03:00,10.902,10.834
2025-08-16 17:00:00+03:00,10.835,10.887
2025-08-16 19:00:00+03:00,10.887,10.912
2025-08-16 21:00:00+03:00,10.912,10.961
2025-08-16 23:00:00+03:00,10.96,10.962
2025-08-17 01:00:00+03:00,10.962,11.009
2025-08-17 03:00:00+03:00,11.009,10.958
2025-08-17 05:00:00+03:00,10.957,11.086
2025-08-17 07:00:00+03:00,11.087,11.112
2025-08-17 09:00:00+03:00,11.112,11.124
2025-08-17 11:00:00+03:00,11.125,11.183
2025-08-17 13:00:00+03:00,11.183,11.186
2025-08-17 15:00:00+03:00,11.186,11.091
2025-08-17 17:00:00+03:00,11.091,11.349
2025-08-17 19:00:00+03:00,11.35,11.18
2025-08-17 21:00:00+03:00,11.182,11.007
2025-08-17 23:00:00+03:00,11.007,11.04
2025-08-18 01:00:00+03:00,11.039,11.013
2025-08-18 03:00:00+03:00,11.013,10.847
2025-08-18 05:00:00+03:00,10.846,10.629
2025-08-18 07:00:00+03:00,10.629,10.626
2025-08-18 09:00:00+03:00,10.627,10.276
2025-08-18 11:00:00+03:00,10.276,10.346
2025-08-18 13:00:00+03:00,10.346,10.338
2025-08-18 15:00:00+03:00,10.338,10.336
2025-08-18 17:00:00+03:00,10.336,10.475
2025-08-18 19:00:00+03:00,10.474,10.502
2025-08-18 21:00:00+03:00,10.503,10.565
2025-08-18 23:00:00+03:00,10.565,10.594
2025-08-19 01:00:00+03:00,10.595,10.482
2025-08-19 03:00:00+03:00,10.481,10.435
2025-08-19 05:00:00+03:00,10.435,10.252
2025-08-19 07:00:00+03:00,10.251,10.288
2025-08-19 09:00:00+03:00,10.289,10.293
2025-08-19 11:00:00+03:00,10.293,10.428
2025-08-19 13:00:00+03:00,10.428,10.491
2025-08-19 15:00:00+03:00,10.491,10.397
2025-08-19 17:00:00+03:00,10.397,10.222
2025-08-19 19:00:00+03:00,10.222,10.109
2025-08-19 21:00:00+03:00,10.11,10.021
2025-08-19 23:00:00+03:00,10.021,10.101
2025-08-20 01:00:00+03:00,10.101,9.947
2025-08-20 03:00:00+03:00,9.946,10.053
2025-08-20 05:00:00+03:00,10.053,10.11
2025-08-20 07:00:00+03:00,10.11,10.174
2025-08-20 09:00:00+03:00,10.173,10.18
2025-08-20 11:00:00+03:00,10.181,10.262
2025-08-20 13:00:00+03:00,10.261,10.232
2025-08-20 15:00:00+03:00,10.232,10.051
2025-08-20 17:00:00+03:00,10.051,10.334
2025-08-20 19:00:00+03:00,10.334,10.544
2025-08-20 21:00:00+03:00,10.544,10.595
2025-08-20 23:00:00+03:00,10.594,10.597
2025-08-21 01:00:00+03:00,10.597,10.605
2025-08-21 03:00:00+03:00,10.606,10.679
2025-08-21 05:00:00+03:00,10.679,10.522
2025-08-21 07:00:00+03:00,10.521,10.584
2025-08-21 09:00:00+03:00,10.584,10.536
2025-08-21 11:00:00+03:00,10.536,10.41
2025-08-21 13:00:00+03:00,10.411,10.422
2025-08-21 15:00:00+03:00,10.422,10.357
2025-08-21 17:00:00+03:00,10.357,10.257
2025-08-21 19:00:00+03:00,10.257,10.296
2025-08-21 21:00:00+03:00,10.296,10.215
2025-08-21 23:00:00+03:00,10.215,10.28
2025-08-22 01:00:00+03:00,10.28,10.222
2025-08-22 03:00:00+03:00,10.221,10.293
2025-08-22 05:00:00+03:00,10.294,10.281
2025-08-22 07:00:00+03:00,10.281,10.317
2025-08-22 09:00:00+03:00,10.316,10.429
2025-08-22 11:00:00+03:00,10.429,10.435
2025-08-22 13:00:00+03:00,10.435,10.223
2025-08-22 15:00:00+03:00,10.224,10.203
2025-08-22 17:00:00+03:00,10.203,11.008
2025-08-22 19:00:00+03:00,11.008,11.433
2025-08-22 21:00:00+03:00,11.432,11.576
2025-08-22 23:00:00+03:00,11.577,11.494
2025-08-23 01:00:00+03:00,11.493,11.438
2025-08-23 03:00:00+03:00,11.439,11.263
2025-08-23 05:00:00+03:00,11.264,11.071
2025-08-23 07:00:00+03:00,11.072,11.25
2025-08-23 09:00:00+03:00,11.251,11.177
2025-08-23 11:00:00+03:00,11.177,11.288
2025-08-23 13:00:00+03:00,11.288,11.218
2025-08-23 15:00:00+03:00,11.218,11.234
2025-08-23 17:00:00+03:00,11.233,11.258
2025-08-23 19:00:00+03:00,11.259,11.298
2025-08-23 21:00:00+03:00,11.298,11.391
2025-08-23 23:00:00+03:00,11.391,11.3
2025-08-24 01:00:00+03:00,11.301,11.344
2025-08-24 03:00:00+03:00,11.345,11.301
2025-08-24 05:00:00+03:00,11.302,11.239
2025-08-24 07:00:00+03:00,11.24,11.21
2025-08-24 09:00:00+03:00,11.21,11.062
2025-08-24 11:00:00+03:00,11.062,11.062
2025-08-24 13:00:00+03:00,11.061,10.896
2025-08-24 15:00:00+03:00,10.896,10.957
2025-08-24 17:00:00+03:00,10.958,11.039
2025-08-24 19:00:00+03:00,11.039,11.211
2025-08-24 21:00:00+03:00,11.212,11.088
2025-08-24 23:00:00+03:00,11.087,10.986
2025-08-25 01:00:00+03:00,10.987,10.924
2025-08-25 03:00:00+03:00,10.924,10.827
2025-08-25 05:00:00+03:00,10.827,10.825
2025-08-25 07:00:00+03:00,10.825,10.644
2025-08-25 09:00:00+03:00,10.644,10.336
2025-08-25 11:00:00+03:00,10.337,10.289
2025-08-25 13:00:00+03:00,10.289,10.277
2025-08-25 15:00:00+03:00,10.276,10.186
2025-08-25 17:00:00+03:00,10.186,10.104
2025-08-25 19:00:00+03:00,10.106,10.006
2025-08-25 21:00:00+03:00,10.007,9.753
2025-08-25 23:00:00+03:00,9.754,9.588
2025-08-26 01:00:00+03:00,9.588,9.698
2025-08-26 03:00:00+03:00,9.698,9.764
2025-08-26 05:00:00+03:00,9.765,9.77
2025-08-26 07:00:00+03:00,9.77,9.777
2025-08-26 09:00:00+03:00,9.777,9.744
2025-08-26 11:00:00+03:00,9.745,9.714
2025-08-26 13:00:00+03:00,9.715,9.686
2025-08-26 15:00:00+03:00,9.687,9.723
2025-08-26 17:00:00+03:00,9.724,9.703
2025-08-26 19:00:00+03:00,9.704,9.764
2025-08-26 21:00:00+03:00,9.764,9.928
2025-08-26 23:00:00+03:00,9.927,9.963
2025-08-27 01:00:00+03:00,9.963,9.947
2025-08-27 03:00:00+03:00,9.947,9.887
2025-08-27 05:00:00+03:00,9.887,9.97
2025-08-27 07:00:00+03:00,9.97,9.976
2025-08-27 09:00:00+03:00,9.976,9.905
2025-08-27 11:00:00+03:00,9.906,9.913
2025-08-27 13:00:00+03:00,9.914,9.946
2025-08-27 15:00:00+03:00,9.945,9.923
2025-08-27 17:00:00+03:00,9.923,10.102
2025-08-27 19:00:00+03:00,10.102,10.079
2025-08-27 21:00:00+03:00,10.078,9.932
2025-08-27 23:00:00+03:00,9.933,9.904
2025-08-28 01:00:00+03:00,9.904,9.851
2025-08-28 03:00:00+03:00,9.851,9.925
2025-08-28 05:00:00+03:00,9.926,10.063
2025-08-28 07:00:00+03:00,10.062,10.011
2025-08-28 09:00:00+03:00,10.012,10.041
2025-08-28 11:00:00+03:00,10.042,9.994
2025-08-28 13:00:00+03:00,9.994,10.019
2025-08-28 15:00:00+03:00,10.019,9.978
2025-08-28 17:00:00+03:00,9.979,9.87
2025-08-28 19:00:00+03:00,9.871,9.898
2025-08-28 21:00:00+03:00,9.899,9.745
2025-08-28 23:00:00+03:00,9.746,9.946
2025-08-29 01:00:00+03:00,9.946,10.017
2025-08-29 03:00:00+03:00,10.017,9.897
2025-08-29 05:00:00+03:00,9.896,9.987
2025-08-29 07:00:00+03:00,9.988,9.927
2025-08-29 09:00:00+03:00,9.928,9.649
2025-08-29 11:00:00+03:00,9.65,9.575
2025-08-29 13:00:00+03:00,9.574,9.567
2025-08-29 15:00:00+03:00,9.567,9.552
2025-08-29 17:00:00+03:00,9.553,9.542
2025-08-29 19:00:00+03:00,9.542,9.502
2025-08-29 21:00:00+03:00,9.503,9.523
2025-08-29 23:00:00+03:00,9.523,9.617
2025-08-30 01:00:00+03:00,9.618,9.629
2025-08-30 03:00:00+03:00,9.63,9.414
2025-08-30 05:00:00+03:00,9.414,9.634
2025-08-30 07:00:00+03:00,9.634,9.667
2025-08-30 09:00:00+03:00,9.667,9.814
2025-08-30 11:00:00+03:00,9.814,9.712
2025-08-30 13:00:00+03:00,9.713,9.772
2025-08-30 15:00:00+03:00,9.772,9.701
2025-08-30 17:00:00+03:00,9.7,9.751
2025-08-30 19:00:00+03:00,9.75,9.669
2025-08-30 21:00:00+03:00,9.669,9.693
2025-08-30 23:00:00+03:00,9.694,9.652
2025-08-31 01:00:00+03:00,9.652,9.723
2025-08-31 03:00:00+03:00,9.723,9.854
2025-08-31 05:00:00+03:00,9.854,9.908
2025-08-31 07:00:00+03:00,9.908,9.819
2025-08-31 09:00:00+03:00,9.819,9.815
2025-08-31 11:00:00+03:00,9.814,9.847
2025-08-31 13:00:00+03:00,9.847,9.867
2025-08-31 15:00:00+03:00,9.867,9.814
2025-08-31 17:00:00+03:00,9.815,9.8
2025-08-31 19:00:00+03:00,9.8,9.762
2025-08-31 21:00:00+03:00,9.763,9.75
2025-08-31 23:00:00+03:00,9.75,9.761
2025-09-01 01:00:00+03:00,9.762,9.627
2025-09-01 01:00:00+03:00,9.762,9.622
